run_id,priority_id,global_capture_rank,product_capture_rank,evidence_id,product_id,product_name,vintage_label,source_domain,source_url,source_type,source_title,surface_id,surface_label,ocr_gap_category,ocr_priority,capture_strategy,crop_target,ocr_expected_surface,image_map_keys,local_private_image_path,processed_private_image_path,panel_crop_note,rights_review_status,publication_image_policy,candidate_only,manual_verified
cwa-ingredient-priority-v1,cwa_ingredient_priority_9a5f9dc22b6b,1,1,cwa_surface_bdb8731dc7e98b,butterfinger_bar,Butterfinger Bar,1930s,www.candywrapperarchive.com,https://www.candywrapperarchive.com/candy-collector/1930s-butterfinger-2/,collector_archive_page,1930s Butterfinger - Ingredient panel,ingredient_panel,Ingredient panel,panel_capture_needed,high,private_ingredient_panel_crop,Crop the ingredient statement with enough package context to preserve product/date cues.,ingredient_panel,cwa_surface_bdb8731dc7e98b;butterfinger_bar:cwa_surface_bdb8731dc7e98b;cwa_capture_round_54bf4d9d9b8d:ingredient_panel;https://www.candywrapperarchive.com/candy-collector/1930s-butterfinger-2/#ingredient_panel,,,,rights_review_needed,source_link_only_until_rights_review_clears_reuse,1,0
cwa-ingredient-priority-v1,cwa_ingredient_priority_757729084f6e,2,2,cwa_surface_b363dd0d60335c,butterfinger_bar,Butterfinger Bar,1930s,www.candywrapperarchive.com,https://www.candywrapperarchive.com/candy-collector/1930s-butterfinger-2/,collector_archive_page,1930s Butterfinger - Nutrition panel,nutrition_panel,Nutrition panel,panel_capture_needed,high,private_nutrition_panel_crop,Crop the nutrition panel and serving-size text if visible.,nutrition_panel,cwa_surface_b363dd0d60335c;butterfinger_bar:cwa_surface_b363dd0d60335c;cwa_capture_round_54bf4d9d9b8d:nutrition_panel;https://www.candywrapperarchive.com/candy-collector/1930s-butterfinger-2/#nutrition_panel,,,,rights_review_needed,source_link_only_until_rights_review_clears_reuse,1,0
cwa-ingredient-priority-v1,cwa_ingredient_priority_1a328e91527f,3,3,cwa_surface_84d0eb71616be7,butterfinger_bar,Butterfinger Bar,1930s,www.candywrapperarchive.com,https://www.candywrapperarchive.com/candy-collector/1930s-butterfinger-2/,collector_archive_page,1930s Butterfinger - Wrapper back or side text,wrapper_back_or_side,Wrapper back or side text,readable_panel_photo_needed,medium,private_back_or_side_text_crop,"Crop readable wrapper back/side text, prioritizing ingredients, nutrition, net weight, maker, or date cues.",package_back_side_text,cwa_surface_84d0eb71616be7;butterfinger_bar:cwa_surface_84d0eb71616be7;cwa_capture_round_54bf4d9d9b8d:wrapper_back_or_side;https://www.candywrapperarchive.com/candy-collector/1930s-butterfinger-2/#wrapper_back_or_side,,,,rights_review_needed,source_link_only_until_rights_review_clears_reuse,1,0
cwa-ingredient-priority-v1,cwa_ingredient_priority_8755480641f4,4,4,cwa_surface_a683962b007a91,butterfinger_bar,Butterfinger Bar,1930s,www.candywrapperarchive.com,https://www.candywrapperarchive.com/candy-collector/1930s-butterfinger-2/,collector_archive_page,1930s Butterfinger - Net weight,net_weight,Net weight,readable_panel_photo_needed,medium,private_net_weight_crop,Crop net weight and package-size text.,net_weight,cwa_surface_a683962b007a91;butterfinger_bar:cwa_surface_a683962b007a91;cwa_capture_round_54bf4d9d9b8d:net_weight;https://www.candywrapperarchive.com/candy-collector/1930s-butterfinger-2/#net_weight,,,,rights_review_needed,source_link_only_until_rights_review_clears_reuse,1,0
cwa-ingredient-priority-v1,cwa_ingredient_priority_4d49520551be,5,5,cwa_surface_4ca2fc76512393,butterfinger_bar,Butterfinger Bar,1930s,www.candywrapperarchive.com,https://www.candywrapperarchive.com/candy-collector/1930s-butterfinger-2/,collector_archive_page,1930s Butterfinger - Maker or date cue,maker_or_date,Maker or date cue,readable_panel_photo_needed,medium,private_maker_or_date_crop,"Crop maker/distributor, copyright, lot, or date cue text.",maker_distributor_or_date_cue,cwa_surface_4ca2fc76512393;butterfinger_bar:cwa_surface_4ca2fc76512393;cwa_capture_round_54bf4d9d9b8d:maker_or_date;https://www.candywrapperarchive.com/candy-collector/1930s-butterfinger-2/#maker_or_date,,,,rights_review_needed,source_link_only_until_rights_review_clears_reuse,1,0
cwa-ingredient-priority-v1,cwa_ingredient_priority_3b33b60a80e0,6,6,cwa_surface_20807ca6246abf,butterfinger_bar,Butterfinger Bar,1936,www.candywrapperarchive.com,https://www.candywrapperarchive.com/candy-collector/1936-butterfinger/,collector_archive_page,1936 Butterfinger - Ingredient panel,ingredient_panel,Ingredient panel,panel_capture_needed,high,private_ingredient_panel_crop,Crop the ingredient statement with enough package context to preserve product/date cues.,ingredient_panel,cwa_surface_20807ca6246abf;butterfinger_bar:cwa_surface_20807ca6246abf;cwa_capture_round_7f9a71c59f94:ingredient_panel;https://www.candywrapperarchive.com/candy-collector/1936-butterfinger/#ingredient_panel,,,,rights_review_needed,source_link_only_until_rights_review_clears_reuse,1,0
cwa-ingredient-priority-v1,cwa_ingredient_priority_bce5bbf4215f,7,7,cwa_surface_3e9fb8bd823a85,butterfinger_bar,Butterfinger Bar,1936,www.candywrapperarchive.com,https://www.candywrapperarchive.com/candy-collector/1936-butterfinger/,collector_archive_page,1936 Butterfinger - Nutrition panel,nutrition_panel,Nutrition panel,panel_capture_needed,high,private_nutrition_panel_crop,Crop the nutrition panel and serving-size text if visible.,nutrition_panel,cwa_surface_3e9fb8bd823a85;butterfinger_bar:cwa_surface_3e9fb8bd823a85;cwa_capture_round_7f9a71c59f94:nutrition_panel;https://www.candywrapperarchive.com/candy-collector/1936-butterfinger/#nutrition_panel,,,,rights_review_needed,source_link_only_until_rights_review_clears_reuse,1,0
cwa-ingredient-priority-v1,cwa_ingredient_priority_b135059c20dc,8,8,cwa_surface_b6b7bb8b5a98d5,butterfinger_bar,Butterfinger Bar,1936,www.candywrapperarchive.com,https://www.candywrapperarchive.com/candy-collector/1936-butterfinger/,collector_archive_page,1936 Butterfinger - Wrapper back or side text,wrapper_back_or_side,Wrapper back or side text,readable_panel_photo_needed,medium,private_back_or_side_text_crop,"Crop readable wrapper back/side text, prioritizing ingredients, nutrition, net weight, maker, or date cues.",package_back_side_text,cwa_surface_b6b7bb8b5a98d5;butterfinger_bar:cwa_surface_b6b7bb8b5a98d5;cwa_capture_round_7f9a71c59f94:wrapper_back_or_side;https://www.candywrapperarchive.com/candy-collector/1936-butterfinger/#wrapper_back_or_side,,,,rights_review_needed,source_link_only_until_rights_review_clears_reuse,1,0
cwa-ingredient-priority-v1,cwa_ingredient_priority_4bfe1d28edf0,9,9,cwa_surface_dca02008554124,butterfinger_bar,Butterfinger Bar,1936,www.candywrapperarchive.com,https://www.candywrapperarchive.com/candy-collector/1936-butterfinger/,collector_archive_page,1936 Butterfinger - Net weight,net_weight,Net weight,readable_panel_photo_needed,medium,private_net_weight_crop,Crop net weight and package-size text.,net_weight,cwa_surface_dca02008554124;butterfinger_bar:cwa_surface_dca02008554124;cwa_capture_round_7f9a71c59f94:net_weight;https://www.candywrapperarchive.com/candy-collector/1936-butterfinger/#net_weight,,,,rights_review_needed,source_link_only_until_rights_review_clears_reuse,1,0
cwa-ingredient-priority-v1,cwa_ingredient_priority_1138759d0513,10,10,cwa_surface_c1f792333d347e,butterfinger_bar,Butterfinger Bar,1936,www.candywrapperarchive.com,https://www.candywrapperarchive.com/candy-collector/1936-butterfinger/,collector_archive_page,1936 Butterfinger - Maker or date cue,maker_or_date,Maker or date cue,readable_panel_photo_needed,medium,private_maker_or_date_crop,"Crop maker/distributor, copyright, lot, or date cue text.",maker_distributor_or_date_cue,cwa_surface_c1f792333d347e;butterfinger_bar:cwa_surface_c1f792333d347e;cwa_capture_round_7f9a71c59f94:maker_or_date;https://www.candywrapperarchive.com/candy-collector/1936-butterfinger/#maker_or_date,,,,rights_review_needed,source_link_only_until_rights_review_clears_reuse,1,0
cwa-ingredient-priority-v1,cwa_ingredient_priority_84b368310dbd,11,11,cwa_surface_14e84cbbae8fe9,butterfinger_bar,Butterfinger Bar,1950,www.candywrapperarchive.com,https://www.candywrapperarchive.com/candy-collector/1950-butterfinger-2/,collector_archive_page,1950 Butterfinger - Ingredient panel,ingredient_panel,Ingredient panel,panel_capture_needed,high,private_ingredient_panel_crop,Crop the ingredient statement with enough package context to preserve product/date cues.,ingredient_panel,cwa_surface_14e84cbbae8fe9;butterfinger_bar:cwa_surface_14e84cbbae8fe9;cwa_capture_round_4a02e8a42692:ingredient_panel;https://www.candywrapperarchive.com/candy-collector/1950-butterfinger-2/#ingredient_panel,,,,rights_review_needed,source_link_only_until_rights_review_clears_reuse,1,0
cwa-ingredient-priority-v1,cwa_ingredient_priority_88350f85e5a3,12,12,cwa_surface_c7d30fed1ab8bd,butterfinger_bar,Butterfinger Bar,1950,www.candywrapperarchive.com,https://www.candywrapperarchive.com/candy-collector/1950-butterfinger-2/,collector_archive_page,1950 Butterfinger - Nutrition panel,nutrition_panel,Nutrition panel,panel_capture_needed,high,private_nutrition_panel_crop,Crop the nutrition panel and serving-size text if visible.,nutrition_panel,cwa_surface_c7d30fed1ab8bd;butterfinger_bar:cwa_surface_c7d30fed1ab8bd;cwa_capture_round_4a02e8a42692:nutrition_panel;https://www.candywrapperarchive.com/candy-collector/1950-butterfinger-2/#nutrition_panel,,,,rights_review_needed,source_link_only_until_rights_review_clears_reuse,1,0
cwa-ingredient-priority-v1,cwa_ingredient_priority_14cdad8f42a4,13,13,cwa_surface_1bc8565238b2b9,butterfinger_bar,Butterfinger Bar,1950,www.candywrapperarchive.com,https://www.candywrapperarchive.com/candy-collector/1950-butterfinger-2/,collector_archive_page,1950 Butterfinger - Wrapper back or side text,wrapper_back_or_side,Wrapper back or side text,readable_panel_photo_needed,medium,private_back_or_side_text_crop,"Crop readable wrapper back/side text, prioritizing ingredients, nutrition, net weight, maker, or date cues.",package_back_side_text,cwa_surface_1bc8565238b2b9;butterfinger_bar:cwa_surface_1bc8565238b2b9;cwa_capture_round_4a02e8a42692:wrapper_back_or_side;https://www.candywrapperarchive.com/candy-collector/1950-butterfinger-2/#wrapper_back_or_side,,,,rights_review_needed,source_link_only_until_rights_review_clears_reuse,1,0
cwa-ingredient-priority-v1,cwa_ingredient_priority_23e8cbeb36ba,14,14,cwa_surface_2bd09cde3db0fa,butterfinger_bar,Butterfinger Bar,1950,www.candywrapperarchive.com,https://www.candywrapperarchive.com/candy-collector/1950-butterfinger-2/,collector_archive_page,1950 Butterfinger - Net weight,net_weight,Net weight,readable_panel_photo_needed,medium,private_net_weight_crop,Crop net weight and package-size text.,net_weight,cwa_surface_2bd09cde3db0fa;butterfinger_bar:cwa_surface_2bd09cde3db0fa;cwa_capture_round_4a02e8a42692:net_weight;https://www.candywrapperarchive.com/candy-collector/1950-butterfinger-2/#net_weight,,,,rights_review_needed,source_link_only_until_rights_review_clears_reuse,1,0
cwa-ingredient-priority-v1,cwa_ingredient_priority_a2e1da47ead4,15,15,cwa_surface_57d3a86bc82d4e,butterfinger_bar,Butterfinger Bar,1950,www.candywrapperarchive.com,https://www.candywrapperarchive.com/candy-collector/1950-butterfinger-2/,collector_archive_page,1950 Butterfinger - Maker or date cue,maker_or_date,Maker or date cue,readable_panel_photo_needed,medium,private_maker_or_date_crop,"Crop maker/distributor, copyright, lot, or date cue text.",maker_distributor_or_date_cue,cwa_surface_57d3a86bc82d4e;butterfinger_bar:cwa_surface_57d3a86bc82d4e;cwa_capture_round_4a02e8a42692:maker_or_date;https://www.candywrapperarchive.com/candy-collector/1950-butterfinger-2/#maker_or_date,,,,rights_review_needed,source_link_only_until_rights_review_clears_reuse,1,0
cwa-ingredient-priority-v1,cwa_ingredient_priority_7d84b5f7672b,16,16,cwa_surface_99e8305790e753,butterfinger_bar,Butterfinger Bar,1964,www.candywrapperarchive.com,https://www.candywrapperarchive.com/candy-collector/1964-butterfinger/,collector_archive_page,1964 Butterfinger - Ingredient panel,ingredient_panel,Ingredient panel,panel_capture_needed,high,private_ingredient_panel_crop,Crop the ingredient statement with enough package context to preserve product/date cues.,ingredient_panel,cwa_surface_99e8305790e753;butterfinger_bar:cwa_surface_99e8305790e753;cwa_capture_round_af76a4c6c608:ingredient_panel;https://www.candywrapperarchive.com/candy-collector/1964-butterfinger/#ingredient_panel,,,,rights_review_needed,source_link_only_until_rights_review_clears_reuse,1,0
cwa-ingredient-priority-v1,cwa_ingredient_priority_978610cf5c6d,17,17,cwa_surface_2bf81d0b93b9ab,butterfinger_bar,Butterfinger Bar,1964,www.candywrapperarchive.com,https://www.candywrapperarchive.com/candy-collector/1964-butterfinger/,collector_archive_page,1964 Butterfinger - Nutrition panel,nutrition_panel,Nutrition panel,panel_capture_needed,high,private_nutrition_panel_crop,Crop the nutrition panel and serving-size text if visible.,nutrition_panel,cwa_surface_2bf81d0b93b9ab;butterfinger_bar:cwa_surface_2bf81d0b93b9ab;cwa_capture_round_af76a4c6c608:nutrition_panel;https://www.candywrapperarchive.com/candy-collector/1964-butterfinger/#nutrition_panel,,,,rights_review_needed,source_link_only_until_rights_review_clears_reuse,1,0
cwa-ingredient-priority-v1,cwa_ingredient_priority_ae6b5f437c49,18,18,cwa_surface_01491cd500dd8f,butterfinger_bar,Butterfinger Bar,1964,www.candywrapperarchive.com,https://www.candywrapperarchive.com/candy-collector/1964-butterfinger/,collector_archive_page,1964 Butterfinger - Wrapper back or side text,wrapper_back_or_side,Wrapper back or side text,readable_panel_photo_needed,medium,private_back_or_side_text_crop,"Crop readable wrapper back/side text, prioritizing ingredients, nutrition, net weight, maker, or date cues.",package_back_side_text,cwa_surface_01491cd500dd8f;butterfinger_bar:cwa_surface_01491cd500dd8f;cwa_capture_round_af76a4c6c608:wrapper_back_or_side;https://www.candywrapperarchive.com/candy-collector/1964-butterfinger/#wrapper_back_or_side,,,,rights_review_needed,source_link_only_until_rights_review_clears_reuse,1,0
cwa-ingredient-priority-v1,cwa_ingredient_priority_7074a808c02d,19,19,cwa_surface_78b2aead6a3559,butterfinger_bar,Butterfinger Bar,1964,www.candywrapperarchive.com,https://www.candywrapperarchive.com/candy-collector/1964-butterfinger/,collector_archive_page,1964 Butterfinger - Net weight,net_weight,Net weight,readable_panel_photo_needed,medium,private_net_weight_crop,Crop net weight and package-size text.,net_weight,cwa_surface_78b2aead6a3559;butterfinger_bar:cwa_surface_78b2aead6a3559;cwa_capture_round_af76a4c6c608:net_weight;https://www.candywrapperarchive.com/candy-collector/1964-butterfinger/#net_weight,,,,rights_review_needed,source_link_only_until_rights_review_clears_reuse,1,0
cwa-ingredient-priority-v1,cwa_ingredient_priority_26567628422b,20,20,cwa_surface_6844f3e0c4b28c,butterfinger_bar,Butterfinger Bar,1964,www.candywrapperarchive.com,https://www.candywrapperarchive.com/candy-collector/1964-butterfinger/,collector_archive_page,1964 Butterfinger - Maker or date cue,maker_or_date,Maker or date cue,readable_panel_photo_needed,medium,private_maker_or_date_crop,"Crop maker/distributor, copyright, lot, or date cue text.",maker_distributor_or_date_cue,cwa_surface_6844f3e0c4b28c;butterfinger_bar:cwa_surface_6844f3e0c4b28c;cwa_capture_round_af76a4c6c608:maker_or_date;https://www.candywrapperarchive.com/candy-collector/1964-butterfinger/#maker_or_date,,,,rights_review_needed,source_link_only_until_rights_review_clears_reuse,1,0
cwa-ingredient-priority-v1,cwa_ingredient_priority_09081050f347,21,21,cwa_surface_2f942468ca250f,butterfinger_bar,Butterfinger Bar,1975,www.candywrapperarchive.com,https://www.candywrapperarchive.com/candy-collector/1975-butterfinger/,collector_archive_page,1975 Butterfinger - Ingredient panel,ingredient_panel,Ingredient panel,panel_capture_needed,high,private_ingredient_panel_crop,Crop the ingredient statement with enough package context to preserve product/date cues.,ingredient_panel,cwa_surface_2f942468ca250f;butterfinger_bar:cwa_surface_2f942468ca250f;cwa_capture_round_9a000e6d1375:ingredient_panel;https://www.candywrapperarchive.com/candy-collector/1975-butterfinger/#ingredient_panel,,,,rights_review_needed,source_link_only_until_rights_review_clears_reuse,1,0
cwa-ingredient-priority-v1,cwa_ingredient_priority_47d5e1a2ee86,22,22,cwa_surface_6c45d30611861d,butterfinger_bar,Butterfinger Bar,1975,www.candywrapperarchive.com,https://www.candywrapperarchive.com/candy-collector/1975-butterfinger/,collector_archive_page,1975 Butterfinger - Nutrition panel,nutrition_panel,Nutrition panel,panel_capture_needed,high,private_nutrition_panel_crop,Crop the nutrition panel and serving-size text if visible.,nutrition_panel,cwa_surface_6c45d30611861d;butterfinger_bar:cwa_surface_6c45d30611861d;cwa_capture_round_9a000e6d1375:nutrition_panel;https://www.candywrapperarchive.com/candy-collector/1975-butterfinger/#nutrition_panel,,,,rights_review_needed,source_link_only_until_rights_review_clears_reuse,1,0
cwa-ingredient-priority-v1,cwa_ingredient_priority_f7559918271a,23,23,cwa_surface_4ed27f62edf38f,butterfinger_bar,Butterfinger Bar,1975,www.candywrapperarchive.com,https://www.candywrapperarchive.com/candy-collector/1975-butterfinger/,collector_archive_page,1975 Butterfinger - Wrapper back or side text,wrapper_back_or_side,Wrapper back or side text,readable_panel_photo_needed,medium,private_back_or_side_text_crop,"Crop readable wrapper back/side text, prioritizing ingredients, nutrition, net weight, maker, or date cues.",package_back_side_text,cwa_surface_4ed27f62edf38f;butterfinger_bar:cwa_surface_4ed27f62edf38f;cwa_capture_round_9a000e6d1375:wrapper_back_or_side;https://www.candywrapperarchive.com/candy-collector/1975-butterfinger/#wrapper_back_or_side,,,,rights_review_needed,source_link_only_until_rights_review_clears_reuse,1,0
cwa-ingredient-priority-v1,cwa_ingredient_priority_3a6580049c89,24,24,cwa_surface_2b65b5afb00c00,butterfinger_bar,Butterfinger Bar,1975,www.candywrapperarchive.com,https://www.candywrapperarchive.com/candy-collector/1975-butterfinger/,collector_archive_page,1975 Butterfinger - Net weight,net_weight,Net weight,readable_panel_photo_needed,medium,private_net_weight_crop,Crop net weight and package-size text.,net_weight,cwa_surface_2b65b5afb00c00;butterfinger_bar:cwa_surface_2b65b5afb00c00;cwa_capture_round_9a000e6d1375:net_weight;https://www.candywrapperarchive.com/candy-collector/1975-butterfinger/#net_weight,,,,rights_review_needed,source_link_only_until_rights_review_clears_reuse,1,0
cwa-ingredient-priority-v1,cwa_ingredient_priority_4f40c221bad8,25,25,cwa_surface_7a9aac8ec16501,butterfinger_bar,Butterfinger Bar,1975,www.candywrapperarchive.com,https://www.candywrapperarchive.com/candy-collector/1975-butterfinger/,collector_archive_page,1975 Butterfinger - Maker or date cue,maker_or_date,Maker or date cue,readable_panel_photo_needed,medium,private_maker_or_date_crop,"Crop maker/distributor, copyright, lot, or date cue text.",maker_distributor_or_date_cue,cwa_surface_7a9aac8ec16501;butterfinger_bar:cwa_surface_7a9aac8ec16501;cwa_capture_round_9a000e6d1375:maker_or_date;https://www.candywrapperarchive.com/candy-collector/1975-butterfinger/#maker_or_date,,,,rights_review_needed,source_link_only_until_rights_review_clears_reuse,1,0
cwa-ingredient-priority-v1,cwa_ingredient_priority_969bb1f83c78,26,26,cwa_surface_11352cd6262a16,butterfinger_bar,Butterfinger Bar,1980s,www.candywrapperarchive.com,https://www.candywrapperarchive.com/candy-collector/1980s-butterfinger/,collector_archive_page,1980s Butterfinger - Ingredient panel,ingredient_panel,Ingredient panel,panel_capture_needed,high,private_ingredient_panel_crop,Crop the ingredient statement with enough package context to preserve product/date cues.,ingredient_panel,cwa_surface_11352cd6262a16;butterfinger_bar:cwa_surface_11352cd6262a16;cwa_capture_round_add5694f379c:ingredient_panel;https://www.candywrapperarchive.com/candy-collector/1980s-butterfinger/#ingredient_panel,,,,rights_review_needed,source_link_only_until_rights_review_clears_reuse,1,0
cwa-ingredient-priority-v1,cwa_ingredient_priority_b363ef327e7e,27,27,cwa_surface_f44d9b4ffe1d8a,butterfinger_bar,Butterfinger Bar,1980s,www.candywrapperarchive.com,https://www.candywrapperarchive.com/candy-collector/1980s-butterfinger/,collector_archive_page,1980s Butterfinger - Nutrition panel,nutrition_panel,Nutrition panel,panel_capture_needed,high,private_nutrition_panel_crop,Crop the nutrition panel and serving-size text if visible.,nutrition_panel,cwa_surface_f44d9b4ffe1d8a;butterfinger_bar:cwa_surface_f44d9b4ffe1d8a;cwa_capture_round_add5694f379c:nutrition_panel;https://www.candywrapperarchive.com/candy-collector/1980s-butterfinger/#nutrition_panel,,,,rights_review_needed,source_link_only_until_rights_review_clears_reuse,1,0
cwa-ingredient-priority-v1,cwa_ingredient_priority_6816dc0e60ae,28,28,cwa_surface_adf11598c9d764,butterfinger_bar,Butterfinger Bar,1980s,www.candywrapperarchive.com,https://www.candywrapperarchive.com/candy-collector/1980s-butterfinger/,collector_archive_page,1980s Butterfinger - Wrapper back or side text,wrapper_back_or_side,Wrapper back or side text,readable_panel_photo_needed,medium,private_back_or_side_text_crop,"Crop readable wrapper back/side text, prioritizing ingredients, nutrition, net weight, maker, or date cues.",package_back_side_text,cwa_surface_adf11598c9d764;butterfinger_bar:cwa_surface_adf11598c9d764;cwa_capture_round_add5694f379c:wrapper_back_or_side;https://www.candywrapperarchive.com/candy-collector/1980s-butterfinger/#wrapper_back_or_side,,,,rights_review_needed,source_link_only_until_rights_review_clears_reuse,1,0
cwa-ingredient-priority-v1,cwa_ingredient_priority_165c51bb1d0f,29,29,cwa_surface_7da3def94ba7a6,butterfinger_bar,Butterfinger Bar,1980s,www.candywrapperarchive.com,https://www.candywrapperarchive.com/candy-collector/1980s-butterfinger/,collector_archive_page,1980s Butterfinger - Net weight,net_weight,Net weight,readable_panel_photo_needed,medium,private_net_weight_crop,Crop net weight and package-size text.,net_weight,cwa_surface_7da3def94ba7a6;butterfinger_bar:cwa_surface_7da3def94ba7a6;cwa_capture_round_add5694f379c:net_weight;https://www.candywrapperarchive.com/candy-collector/1980s-butterfinger/#net_weight,,,,rights_review_needed,source_link_only_until_rights_review_clears_reuse,1,0
cwa-ingredient-priority-v1,cwa_ingredient_priority_913134d3b057,30,30,cwa_surface_e16699894b4ae0,butterfinger_bar,Butterfinger Bar,1980s,www.candywrapperarchive.com,https://www.candywrapperarchive.com/candy-collector/1980s-butterfinger/,collector_archive_page,1980s Butterfinger - Maker or date cue,maker_or_date,Maker or date cue,readable_panel_photo_needed,medium,private_maker_or_date_crop,"Crop maker/distributor, copyright, lot, or date cue text.",maker_distributor_or_date_cue,cwa_surface_e16699894b4ae0;butterfinger_bar:cwa_surface_e16699894b4ae0;cwa_capture_round_add5694f379c:maker_or_date;https://www.candywrapperarchive.com/candy-collector/1980s-butterfinger/#maker_or_date,,,,rights_review_needed,source_link_only_until_rights_review_clears_reuse,1,0
cwa-ingredient-priority-v1,cwa_ingredient_priority_e75fdc007b40,31,31,cwa_surface_60231b54b36cda,butterfinger_bar,Butterfinger Bar,2002,www.candywrapperarchive.com,https://www.candywrapperarchive.com/candy-collector/2002-butterfinger/,collector_archive_page,2002 Butterfinger - Ingredient panel,ingredient_panel,Ingredient panel,panel_capture_needed,high,private_ingredient_panel_crop,Crop the ingredient statement with enough package context to preserve product/date cues.,ingredient_panel,cwa_surface_60231b54b36cda;butterfinger_bar:cwa_surface_60231b54b36cda;cwa_capture_round_a497fbb8b330:ingredient_panel;https://www.candywrapperarchive.com/candy-collector/2002-butterfinger/#ingredient_panel,,,,rights_review_needed,source_link_only_until_rights_review_clears_reuse,1,0
cwa-ingredient-priority-v1,cwa_ingredient_priority_66180f659bae,32,32,cwa_surface_0a1eeb650363ed,butterfinger_bar,Butterfinger Bar,2002,www.candywrapperarchive.com,https://www.candywrapperarchive.com/candy-collector/2002-butterfinger/,collector_archive_page,2002 Butterfinger - Nutrition panel,nutrition_panel,Nutrition panel,panel_capture_needed,high,private_nutrition_panel_crop,Crop the nutrition panel and serving-size text if visible.,nutrition_panel,cwa_surface_0a1eeb650363ed;butterfinger_bar:cwa_surface_0a1eeb650363ed;cwa_capture_round_a497fbb8b330:nutrition_panel;https://www.candywrapperarchive.com/candy-collector/2002-butterfinger/#nutrition_panel,,,,rights_review_needed,source_link_only_until_rights_review_clears_reuse,1,0
cwa-ingredient-priority-v1,cwa_ingredient_priority_46e038be86ff,33,33,cwa_surface_6b70fedb8fe3a7,butterfinger_bar,Butterfinger Bar,2002,www.candywrapperarchive.com,https://www.candywrapperarchive.com/candy-collector/2002-butterfinger/,collector_archive_page,2002 Butterfinger - Wrapper back or side text,wrapper_back_or_side,Wrapper back or side text,readable_panel_photo_needed,medium,private_back_or_side_text_crop,"Crop readable wrapper back/side text, prioritizing ingredients, nutrition, net weight, maker, or date cues.",package_back_side_text,cwa_surface_6b70fedb8fe3a7;butterfinger_bar:cwa_surface_6b70fedb8fe3a7;cwa_capture_round_a497fbb8b330:wrapper_back_or_side;https://www.candywrapperarchive.com/candy-collector/2002-butterfinger/#wrapper_back_or_side,,,,rights_review_needed,source_link_only_until_rights_review_clears_reuse,1,0
cwa-ingredient-priority-v1,cwa_ingredient_priority_74a214d2cab7,34,34,cwa_surface_be810e91c5b248,butterfinger_bar,Butterfinger Bar,2002,www.candywrapperarchive.com,https://www.candywrapperarchive.com/candy-collector/2002-butterfinger/,collector_archive_page,2002 Butterfinger - Net weight,net_weight,Net weight,readable_panel_photo_needed,medium,private_net_weight_crop,Crop net weight and package-size text.,net_weight,cwa_surface_be810e91c5b248;butterfinger_bar:cwa_surface_be810e91c5b248;cwa_capture_round_a497fbb8b330:net_weight;https://www.candywrapperarchive.com/candy-collector/2002-butterfinger/#net_weight,,,,rights_review_needed,source_link_only_until_rights_review_clears_reuse,1,0
cwa-ingredient-priority-v1,cwa_ingredient_priority_2cb51c5d46b9,35,35,cwa_surface_4c89b0af362deb,butterfinger_bar,Butterfinger Bar,2002,www.candywrapperarchive.com,https://www.candywrapperarchive.com/candy-collector/2002-butterfinger/,collector_archive_page,2002 Butterfinger - Maker or date cue,maker_or_date,Maker or date cue,readable_panel_photo_needed,medium,private_maker_or_date_crop,"Crop maker/distributor, copyright, lot, or date cue text.",maker_distributor_or_date_cue,cwa_surface_4c89b0af362deb;butterfinger_bar:cwa_surface_4c89b0af362deb;cwa_capture_round_a497fbb8b330:maker_or_date;https://www.candywrapperarchive.com/candy-collector/2002-butterfinger/#maker_or_date,,,,rights_review_needed,source_link_only_until_rights_review_clears_reuse,1,0
cwa-ingredient-priority-v1,cwa_ingredient_priority_9bcea002e08b,36,36,cwa_surface_29f395474ef684,butterfinger_bar,Butterfinger Bar,2009,www.candywrapperarchive.com,https://www.candywrapperarchive.com/candy-collector/2009-butterfinger/,collector_archive_page,2009 Butterfinger - Ingredient panel,ingredient_panel,Ingredient panel,panel_capture_needed,high,private_ingredient_panel_crop,Crop the ingredient statement with enough package context to preserve product/date cues.,ingredient_panel,cwa_surface_29f395474ef684;butterfinger_bar:cwa_surface_29f395474ef684;cwa_capture_round_46b6a1edde5b:ingredient_panel;https://www.candywrapperarchive.com/candy-collector/2009-butterfinger/#ingredient_panel,,,,rights_review_needed,source_link_only_until_rights_review_clears_reuse,1,0
cwa-ingredient-priority-v1,cwa_ingredient_priority_b0fb4fd9cdd4,37,37,cwa_surface_06fb011e088d40,butterfinger_bar,Butterfinger Bar,2009,www.candywrapperarchive.com,https://www.candywrapperarchive.com/candy-collector/2009-butterfinger/,collector_archive_page,2009 Butterfinger - Nutrition panel,nutrition_panel,Nutrition panel,panel_capture_needed,high,private_nutrition_panel_crop,Crop the nutrition panel and serving-size text if visible.,nutrition_panel,cwa_surface_06fb011e088d40;butterfinger_bar:cwa_surface_06fb011e088d40;cwa_capture_round_46b6a1edde5b:nutrition_panel;https://www.candywrapperarchive.com/candy-collector/2009-butterfinger/#nutrition_panel,,,,rights_review_needed,source_link_only_until_rights_review_clears_reuse,1,0
cwa-ingredient-priority-v1,cwa_ingredient_priority_482e3a0c1db6,38,38,cwa_surface_879660c2ce85f5,butterfinger_bar,Butterfinger Bar,2009,www.candywrapperarchive.com,https://www.candywrapperarchive.com/candy-collector/2009-butterfinger/,collector_archive_page,2009 Butterfinger - Wrapper back or side text,wrapper_back_or_side,Wrapper back or side text,readable_panel_photo_needed,medium,private_back_or_side_text_crop,"Crop readable wrapper back/side text, prioritizing ingredients, nutrition, net weight, maker, or date cues.",package_back_side_text,cwa_surface_879660c2ce85f5;butterfinger_bar:cwa_surface_879660c2ce85f5;cwa_capture_round_46b6a1edde5b:wrapper_back_or_side;https://www.candywrapperarchive.com/candy-collector/2009-butterfinger/#wrapper_back_or_side,,,,rights_review_needed,source_link_only_until_rights_review_clears_reuse,1,0
cwa-ingredient-priority-v1,cwa_ingredient_priority_7bb84dab4dce,39,39,cwa_surface_188f9409aaabdd,butterfinger_bar,Butterfinger Bar,2009,www.candywrapperarchive.com,https://www.candywrapperarchive.com/candy-collector/2009-butterfinger/,collector_archive_page,2009 Butterfinger - Net weight,net_weight,Net weight,readable_panel_photo_needed,medium,private_net_weight_crop,Crop net weight and package-size text.,net_weight,cwa_surface_188f9409aaabdd;butterfinger_bar:cwa_surface_188f9409aaabdd;cwa_capture_round_46b6a1edde5b:net_weight;https://www.candywrapperarchive.com/candy-collector/2009-butterfinger/#net_weight,,,,rights_review_needed,source_link_only_until_rights_review_clears_reuse,1,0
cwa-ingredient-priority-v1,cwa_ingredient_priority_1d63c8f9da97,40,40,cwa_surface_cb25b81e075544,butterfinger_bar,Butterfinger Bar,2009,www.candywrapperarchive.com,https://www.candywrapperarchive.com/candy-collector/2009-butterfinger/,collector_archive_page,2009 Butterfinger - Maker or date cue,maker_or_date,Maker or date cue,readable_panel_photo_needed,medium,private_maker_or_date_crop,"Crop maker/distributor, copyright, lot, or date cue text.",maker_distributor_or_date_cue,cwa_surface_cb25b81e075544;butterfinger_bar:cwa_surface_cb25b81e075544;cwa_capture_round_46b6a1edde5b:maker_or_date;https://www.candywrapperarchive.com/candy-collector/2009-butterfinger/#maker_or_date,,,,rights_review_needed,source_link_only_until_rights_review_clears_reuse,1,0
cwa-ingredient-priority-v1,cwa_ingredient_priority_e24f4b6919ec,41,1,cwa_surface_0dca79d6d2105f,reeses_peanut_butter_cups,Reese's Peanut Butter Cups,1940s,www.candywrapperarchive.com,https://www.candywrapperarchive.com/candy-collector/1940s-reeses-bag/,collector_archive_page,1940s Reeses Bag - Ingredient panel,ingredient_panel,Ingredient panel,panel_capture_needed,high,private_ingredient_panel_crop,Crop the ingredient statement with enough package context to preserve product/date cues.,ingredient_panel,cwa_surface_0dca79d6d2105f;reeses_peanut_butter_cups:cwa_surface_0dca79d6d2105f;cwa_capture_round_d5aa38435ce0:ingredient_panel;https://www.candywrapperarchive.com/candy-collector/1940s-reeses-bag/#ingredient_panel,,,,rights_review_needed,source_link_only_until_rights_review_clears_reuse,1,0
cwa-ingredient-priority-v1,cwa_ingredient_priority_8ec8106b0fe9,42,2,cwa_surface_f097f2901f1c97,reeses_peanut_butter_cups,Reese's Peanut Butter Cups,1940s,www.candywrapperarchive.com,https://www.candywrapperarchive.com/candy-collector/1940s-reeses-bag/,collector_archive_page,1940s Reeses Bag - Nutrition panel,nutrition_panel,Nutrition panel,panel_capture_needed,high,private_nutrition_panel_crop,Crop the nutrition panel and serving-size text if visible.,nutrition_panel,cwa_surface_f097f2901f1c97;reeses_peanut_butter_cups:cwa_surface_f097f2901f1c97;cwa_capture_round_d5aa38435ce0:nutrition_panel;https://www.candywrapperarchive.com/candy-collector/1940s-reeses-bag/#nutrition_panel,,,,rights_review_needed,source_link_only_until_rights_review_clears_reuse,1,0
cwa-ingredient-priority-v1,cwa_ingredient_priority_2980d70f69f9,43,3,cwa_surface_f105a3ba86e9b5,reeses_peanut_butter_cups,Reese's Peanut Butter Cups,1940s,www.candywrapperarchive.com,https://www.candywrapperarchive.com/candy-collector/1940s-reeses-bag/,collector_archive_page,1940s Reeses Bag - Wrapper back or side text,wrapper_back_or_side,Wrapper back or side text,readable_panel_photo_needed,medium,private_back_or_side_text_crop,"Crop readable wrapper back/side text, prioritizing ingredients, nutrition, net weight, maker, or date cues.",package_back_side_text,cwa_surface_f105a3ba86e9b5;reeses_peanut_butter_cups:cwa_surface_f105a3ba86e9b5;cwa_capture_round_d5aa38435ce0:wrapper_back_or_side;https://www.candywrapperarchive.com/candy-collector/1940s-reeses-bag/#wrapper_back_or_side,,,,rights_review_needed,source_link_only_until_rights_review_clears_reuse,1,0
cwa-ingredient-priority-v1,cwa_ingredient_priority_e113622d54f8,44,4,cwa_surface_d43a2ef5594515,reeses_peanut_butter_cups,Reese's Peanut Butter Cups,1940s,www.candywrapperarchive.com,https://www.candywrapperarchive.com/candy-collector/1940s-reeses-bag/,collector_archive_page,1940s Reeses Bag - Net weight,net_weight,Net weight,readable_panel_photo_needed,medium,private_net_weight_crop,Crop net weight and package-size text.,net_weight,cwa_surface_d43a2ef5594515;reeses_peanut_butter_cups:cwa_surface_d43a2ef5594515;cwa_capture_round_d5aa38435ce0:net_weight;https://www.candywrapperarchive.com/candy-collector/1940s-reeses-bag/#net_weight,,,,rights_review_needed,source_link_only_until_rights_review_clears_reuse,1,0
cwa-ingredient-priority-v1,cwa_ingredient_priority_5d29664c6147,45,5,cwa_surface_a7654aef885218,reeses_peanut_butter_cups,Reese's Peanut Butter Cups,1940s,www.candywrapperarchive.com,https://www.candywrapperarchive.com/candy-collector/1940s-reeses-bag/,collector_archive_page,1940s Reeses Bag - Maker or date cue,maker_or_date,Maker or date cue,readable_panel_photo_needed,medium,private_maker_or_date_crop,"Crop maker/distributor, copyright, lot, or date cue text.",maker_distributor_or_date_cue,cwa_surface_a7654aef885218;reeses_peanut_butter_cups:cwa_surface_a7654aef885218;cwa_capture_round_d5aa38435ce0:maker_or_date;https://www.candywrapperarchive.com/candy-collector/1940s-reeses-bag/#maker_or_date,,,,rights_review_needed,source_link_only_until_rights_review_clears_reuse,1,0
cwa-ingredient-priority-v1,cwa_ingredient_priority_cf3021ca7a26,46,6,cwa_surface_0a70aab6cdf208,reeses_peanut_butter_cups,Reese's Peanut Butter Cups,1970s,www.candywrapperarchive.com,https://www.candywrapperarchive.com/candy-collector/1970s-reeses/,collector_archive_page,1970s Reeses - Ingredient panel,ingredient_panel,Ingredient panel,panel_capture_needed,high,private_ingredient_panel_crop,Crop the ingredient statement with enough package context to preserve product/date cues.,ingredient_panel,cwa_surface_0a70aab6cdf208;reeses_peanut_butter_cups:cwa_surface_0a70aab6cdf208;cwa_capture_round_cc2395496fc1:ingredient_panel;https://www.candywrapperarchive.com/candy-collector/1970s-reeses/#ingredient_panel,,,,rights_review_needed,source_link_only_until_rights_review_clears_reuse,1,0
cwa-ingredient-priority-v1,cwa_ingredient_priority_26a84b06148d,47,7,cwa_surface_7ed70d0cb54be5,reeses_peanut_butter_cups,Reese's Peanut Butter Cups,1970s,www.candywrapperarchive.com,https://www.candywrapperarchive.com/candy-collector/1970s-reeses/,collector_archive_page,1970s Reeses - Nutrition panel,nutrition_panel,Nutrition panel,panel_capture_needed,high,private_nutrition_panel_crop,Crop the nutrition panel and serving-size text if visible.,nutrition_panel,cwa_surface_7ed70d0cb54be5;reeses_peanut_butter_cups:cwa_surface_7ed70d0cb54be5;cwa_capture_round_cc2395496fc1:nutrition_panel;https://www.candywrapperarchive.com/candy-collector/1970s-reeses/#nutrition_panel,,,,rights_review_needed,source_link_only_until_rights_review_clears_reuse,1,0
cwa-ingredient-priority-v1,cwa_ingredient_priority_a6e393c95bfa,48,8,cwa_surface_59460eca45fc53,reeses_peanut_butter_cups,Reese's Peanut Butter Cups,1970s,www.candywrapperarchive.com,https://www.candywrapperarchive.com/candy-collector/1970s-reeses/,collector_archive_page,1970s Reeses - Wrapper back or side text,wrapper_back_or_side,Wrapper back or side text,readable_panel_photo_needed,medium,private_back_or_side_text_crop,"Crop readable wrapper back/side text, prioritizing ingredients, nutrition, net weight, maker, or date cues.",package_back_side_text,cwa_surface_59460eca45fc53;reeses_peanut_butter_cups:cwa_surface_59460eca45fc53;cwa_capture_round_cc2395496fc1:wrapper_back_or_side;https://www.candywrapperarchive.com/candy-collector/1970s-reeses/#wrapper_back_or_side,,,,rights_review_needed,source_link_only_until_rights_review_clears_reuse,1,0
cwa-ingredient-priority-v1,cwa_ingredient_priority_887288fcaf1e,49,9,cwa_surface_b1c5e8c31b8ead,reeses_peanut_butter_cups,Reese's Peanut Butter Cups,1970s,www.candywrapperarchive.com,https://www.candywrapperarchive.com/candy-collector/1970s-reeses/,collector_archive_page,1970s Reeses - Net weight,net_weight,Net weight,readable_panel_photo_needed,medium,private_net_weight_crop,Crop net weight and package-size text.,net_weight,cwa_surface_b1c5e8c31b8ead;reeses_peanut_butter_cups:cwa_surface_b1c5e8c31b8ead;cwa_capture_round_cc2395496fc1:net_weight;https://www.candywrapperarchive.com/candy-collector/1970s-reeses/#net_weight,,,,rights_review_needed,source_link_only_until_rights_review_clears_reuse,1,0
cwa-ingredient-priority-v1,cwa_ingredient_priority_d4fbe188ea7c,50,10,cwa_surface_980baa0d7e9734,reeses_peanut_butter_cups,Reese's Peanut Butter Cups,1970s,www.candywrapperarchive.com,https://www.candywrapperarchive.com/candy-collector/1970s-reeses/,collector_archive_page,1970s Reeses - Maker or date cue,maker_or_date,Maker or date cue,readable_panel_photo_needed,medium,private_maker_or_date_crop,"Crop maker/distributor, copyright, lot, or date cue text.",maker_distributor_or_date_cue,cwa_surface_980baa0d7e9734;reeses_peanut_butter_cups:cwa_surface_980baa0d7e9734;cwa_capture_round_cc2395496fc1:maker_or_date;https://www.candywrapperarchive.com/candy-collector/1970s-reeses/#maker_or_date,,,,rights_review_needed,source_link_only_until_rights_review_clears_reuse,1,0
cwa-ingredient-priority-v1,cwa_ingredient_priority_d75217dcadd5,51,11,cwa_surface_bcf31ae6fd5bd4,reeses_peanut_butter_cups,Reese's Peanut Butter Cups,1980s,www.candywrapperarchive.com,https://www.candywrapperarchive.com/candy-collector/1980s-reeses/,collector_archive_page,1980s Reeses - Ingredient panel,ingredient_panel,Ingredient panel,panel_capture_needed,high,private_ingredient_panel_crop,Crop the ingredient statement with enough package context to preserve product/date cues.,ingredient_panel,cwa_surface_bcf31ae6fd5bd4;reeses_peanut_butter_cups:cwa_surface_bcf31ae6fd5bd4;cwa_capture_round_9247ec43d032:ingredient_panel;https://www.candywrapperarchive.com/candy-collector/1980s-reeses/#ingredient_panel,,,,rights_review_needed,source_link_only_until_rights_review_clears_reuse,1,0
cwa-ingredient-priority-v1,cwa_ingredient_priority_f8870637dce9,52,12,cwa_surface_8168d58033c4df,reeses_peanut_butter_cups,Reese's Peanut Butter Cups,1980s,www.candywrapperarchive.com,https://www.candywrapperarchive.com/candy-collector/1980s-reeses/,collector_archive_page,1980s Reeses - Nutrition panel,nutrition_panel,Nutrition panel,panel_capture_needed,high,private_nutrition_panel_crop,Crop the nutrition panel and serving-size text if visible.,nutrition_panel,cwa_surface_8168d58033c4df;reeses_peanut_butter_cups:cwa_surface_8168d58033c4df;cwa_capture_round_9247ec43d032:nutrition_panel;https://www.candywrapperarchive.com/candy-collector/1980s-reeses/#nutrition_panel,,,,rights_review_needed,source_link_only_until_rights_review_clears_reuse,1,0
cwa-ingredient-priority-v1,cwa_ingredient_priority_07a1280708c8,53,13,cwa_surface_0faa72164afe8f,reeses_peanut_butter_cups,Reese's Peanut Butter Cups,1980s,www.candywrapperarchive.com,https://www.candywrapperarchive.com/candy-collector/1980s-reeses/,collector_archive_page,1980s Reeses - Wrapper back or side text,wrapper_back_or_side,Wrapper back or side text,readable_panel_photo_needed,medium,private_back_or_side_text_crop,"Crop readable wrapper back/side text, prioritizing ingredients, nutrition, net weight, maker, or date cues.",package_back_side_text,cwa_surface_0faa72164afe8f;reeses_peanut_butter_cups:cwa_surface_0faa72164afe8f;cwa_capture_round_9247ec43d032:wrapper_back_or_side;https://www.candywrapperarchive.com/candy-collector/1980s-reeses/#wrapper_back_or_side,,,,rights_review_needed,source_link_only_until_rights_review_clears_reuse,1,0
cwa-ingredient-priority-v1,cwa_ingredient_priority_54bb9b9e0274,54,14,cwa_surface_dd28ff8505e422,reeses_peanut_butter_cups,Reese's Peanut Butter Cups,1980s,www.candywrapperarchive.com,https://www.candywrapperarchive.com/candy-collector/1980s-reeses/,collector_archive_page,1980s Reeses - Net weight,net_weight,Net weight,readable_panel_photo_needed,medium,private_net_weight_crop,Crop net weight and package-size text.,net_weight,cwa_surface_dd28ff8505e422;reeses_peanut_butter_cups:cwa_surface_dd28ff8505e422;cwa_capture_round_9247ec43d032:net_weight;https://www.candywrapperarchive.com/candy-collector/1980s-reeses/#net_weight,,,,rights_review_needed,source_link_only_until_rights_review_clears_reuse,1,0
cwa-ingredient-priority-v1,cwa_ingredient_priority_2580fb74e1cc,55,15,cwa_surface_f599b5fa2eb95f,reeses_peanut_butter_cups,Reese's Peanut Butter Cups,1980s,www.candywrapperarchive.com,https://www.candywrapperarchive.com/candy-collector/1980s-reeses/,collector_archive_page,1980s Reeses - Maker or date cue,maker_or_date,Maker or date cue,readable_panel_photo_needed,medium,private_maker_or_date_crop,"Crop maker/distributor, copyright, lot, or date cue text.",maker_distributor_or_date_cue,cwa_surface_f599b5fa2eb95f;reeses_peanut_butter_cups:cwa_surface_f599b5fa2eb95f;cwa_capture_round_9247ec43d032:maker_or_date;https://www.candywrapperarchive.com/candy-collector/1980s-reeses/#maker_or_date,,,,rights_review_needed,source_link_only_until_rights_review_clears_reuse,1,0
cwa-ingredient-priority-v1,cwa_ingredient_priority_3b69cf4221b6,56,16,cwa_surface_39cf422a847979,reeses_peanut_butter_cups,Reese's Peanut Butter Cups,1991,www.candywrapperarchive.com,https://www.candywrapperarchive.com/candy-collector/1991-reeses/,collector_archive_page,1991 Reeses - Ingredient panel,ingredient_panel,Ingredient panel,panel_capture_needed,high,private_ingredient_panel_crop,Crop the ingredient statement with enough package context to preserve product/date cues.,ingredient_panel,cwa_surface_39cf422a847979;reeses_peanut_butter_cups:cwa_surface_39cf422a847979;cwa_capture_round_6df649a46222:ingredient_panel;https://www.candywrapperarchive.com/candy-collector/1991-reeses/#ingredient_panel,,,,rights_review_needed,source_link_only_until_rights_review_clears_reuse,1,0
cwa-ingredient-priority-v1,cwa_ingredient_priority_04bdf3e543fd,57,17,cwa_surface_df5993989a6e4b,reeses_peanut_butter_cups,Reese's Peanut Butter Cups,1991,www.candywrapperarchive.com,https://www.candywrapperarchive.com/candy-collector/1991-reeses/,collector_archive_page,1991 Reeses - Nutrition panel,nutrition_panel,Nutrition panel,panel_capture_needed,high,private_nutrition_panel_crop,Crop the nutrition panel and serving-size text if visible.,nutrition_panel,cwa_surface_df5993989a6e4b;reeses_peanut_butter_cups:cwa_surface_df5993989a6e4b;cwa_capture_round_6df649a46222:nutrition_panel;https://www.candywrapperarchive.com/candy-collector/1991-reeses/#nutrition_panel,,,,rights_review_needed,source_link_only_until_rights_review_clears_reuse,1,0
cwa-ingredient-priority-v1,cwa_ingredient_priority_3324df18fa14,58,18,cwa_surface_1b1f2781df71d6,reeses_peanut_butter_cups,Reese's Peanut Butter Cups,1991,www.candywrapperarchive.com,https://www.candywrapperarchive.com/candy-collector/1991-reeses/,collector_archive_page,1991 Reeses - Wrapper back or side text,wrapper_back_or_side,Wrapper back or side text,readable_panel_photo_needed,medium,private_back_or_side_text_crop,"Crop readable wrapper back/side text, prioritizing ingredients, nutrition, net weight, maker, or date cues.",package_back_side_text,cwa_surface_1b1f2781df71d6;reeses_peanut_butter_cups:cwa_surface_1b1f2781df71d6;cwa_capture_round_6df649a46222:wrapper_back_or_side;https://www.candywrapperarchive.com/candy-collector/1991-reeses/#wrapper_back_or_side,,,,rights_review_needed,source_link_only_until_rights_review_clears_reuse,1,0
cwa-ingredient-priority-v1,cwa_ingredient_priority_78fefe8ce045,59,19,cwa_surface_ba7793d992ecaa,reeses_peanut_butter_cups,Reese's Peanut Butter Cups,1991,www.candywrapperarchive.com,https://www.candywrapperarchive.com/candy-collector/1991-reeses/,collector_archive_page,1991 Reeses - Net weight,net_weight,Net weight,readable_panel_photo_needed,medium,private_net_weight_crop,Crop net weight and package-size text.,net_weight,cwa_surface_ba7793d992ecaa;reeses_peanut_butter_cups:cwa_surface_ba7793d992ecaa;cwa_capture_round_6df649a46222:net_weight;https://www.candywrapperarchive.com/candy-collector/1991-reeses/#net_weight,,,,rights_review_needed,source_link_only_until_rights_review_clears_reuse,1,0
cwa-ingredient-priority-v1,cwa_ingredient_priority_0448b9287d4b,60,20,cwa_surface_4aafb6748ecde9,reeses_peanut_butter_cups,Reese's Peanut Butter Cups,1991,www.candywrapperarchive.com,https://www.candywrapperarchive.com/candy-collector/1991-reeses/,collector_archive_page,1991 Reeses - Maker or date cue,maker_or_date,Maker or date cue,readable_panel_photo_needed,medium,private_maker_or_date_crop,"Crop maker/distributor, copyright, lot, or date cue text.",maker_distributor_or_date_cue,cwa_surface_4aafb6748ecde9;reeses_peanut_butter_cups:cwa_surface_4aafb6748ecde9;cwa_capture_round_6df649a46222:maker_or_date;https://www.candywrapperarchive.com/candy-collector/1991-reeses/#maker_or_date,,,,rights_review_needed,source_link_only_until_rights_review_clears_reuse,1,0
cwa-ingredient-priority-v1,cwa_ingredient_priority_d54648cac102,61,21,cwa_surface_031d83c3dbd59e,reeses_peanut_butter_cups,Reese's Peanut Butter Cups,2002,www.candywrapperarchive.com,https://www.candywrapperarchive.com/candy-collector/2002-reeses/,collector_archive_page,2002 Reeses - Ingredient panel,ingredient_panel,Ingredient panel,panel_capture_needed,high,private_ingredient_panel_crop,Crop the ingredient statement with enough package context to preserve product/date cues.,ingredient_panel,cwa_surface_031d83c3dbd59e;reeses_peanut_butter_cups:cwa_surface_031d83c3dbd59e;cwa_capture_round_f6826951082d:ingredient_panel;https://www.candywrapperarchive.com/candy-collector/2002-reeses/#ingredient_panel,,,,rights_review_needed,source_link_only_until_rights_review_clears_reuse,1,0
cwa-ingredient-priority-v1,cwa_ingredient_priority_716a006cdadd,62,22,cwa_surface_375e91cfe4931b,reeses_peanut_butter_cups,Reese's Peanut Butter Cups,2002,www.candywrapperarchive.com,https://www.candywrapperarchive.com/candy-collector/2002-reeses/,collector_archive_page,2002 Reeses - Nutrition panel,nutrition_panel,Nutrition panel,panel_capture_needed,high,private_nutrition_panel_crop,Crop the nutrition panel and serving-size text if visible.,nutrition_panel,cwa_surface_375e91cfe4931b;reeses_peanut_butter_cups:cwa_surface_375e91cfe4931b;cwa_capture_round_f6826951082d:nutrition_panel;https://www.candywrapperarchive.com/candy-collector/2002-reeses/#nutrition_panel,,,,rights_review_needed,source_link_only_until_rights_review_clears_reuse,1,0
cwa-ingredient-priority-v1,cwa_ingredient_priority_25957f64e55c,63,23,cwa_surface_87e7930fc9ae95,reeses_peanut_butter_cups,Reese's Peanut Butter Cups,2002,www.candywrapperarchive.com,https://www.candywrapperarchive.com/candy-collector/2002-reeses/,collector_archive_page,2002 Reeses - Wrapper back or side text,wrapper_back_or_side,Wrapper back or side text,readable_panel_photo_needed,medium,private_back_or_side_text_crop,"Crop readable wrapper back/side text, prioritizing ingredients, nutrition, net weight, maker, or date cues.",package_back_side_text,cwa_surface_87e7930fc9ae95;reeses_peanut_butter_cups:cwa_surface_87e7930fc9ae95;cwa_capture_round_f6826951082d:wrapper_back_or_side;https://www.candywrapperarchive.com/candy-collector/2002-reeses/#wrapper_back_or_side,,,,rights_review_needed,source_link_only_until_rights_review_clears_reuse,1,0
cwa-ingredient-priority-v1,cwa_ingredient_priority_7dd26019743e,64,24,cwa_surface_4f8c020926ee6e,reeses_peanut_butter_cups,Reese's Peanut Butter Cups,2002,www.candywrapperarchive.com,https://www.candywrapperarchive.com/candy-collector/2002-reeses/,collector_archive_page,2002 Reeses - Net weight,net_weight,Net weight,readable_panel_photo_needed,medium,private_net_weight_crop,Crop net weight and package-size text.,net_weight,cwa_surface_4f8c020926ee6e;reeses_peanut_butter_cups:cwa_surface_4f8c020926ee6e;cwa_capture_round_f6826951082d:net_weight;https://www.candywrapperarchive.com/candy-collector/2002-reeses/#net_weight,,,,rights_review_needed,source_link_only_until_rights_review_clears_reuse,1,0
cwa-ingredient-priority-v1,cwa_ingredient_priority_3e22fd749a36,65,25,cwa_surface_494bf2ec912f83,reeses_peanut_butter_cups,Reese's Peanut Butter Cups,2002,www.candywrapperarchive.com,https://www.candywrapperarchive.com/candy-collector/2002-reeses/,collector_archive_page,2002 Reeses - Maker or date cue,maker_or_date,Maker or date cue,readable_panel_photo_needed,medium,private_maker_or_date_crop,"Crop maker/distributor, copyright, lot, or date cue text.",maker_distributor_or_date_cue,cwa_surface_494bf2ec912f83;reeses_peanut_butter_cups:cwa_surface_494bf2ec912f83;cwa_capture_round_f6826951082d:maker_or_date;https://www.candywrapperarchive.com/candy-collector/2002-reeses/#maker_or_date,,,,rights_review_needed,source_link_only_until_rights_review_clears_reuse,1,0
cwa-ingredient-priority-v1,cwa_ingredient_priority_3582756d4a10,66,26,cwa_surface_cd18a160cd966e,reeses_peanut_butter_cups,Reese's Peanut Butter Cups,2003,www.candywrapperarchive.com,https://www.candywrapperarchive.com/candy-collector/2003-reeses/,collector_archive_page,2003 Reeses - Ingredient panel,ingredient_panel,Ingredient panel,panel_capture_needed,high,private_ingredient_panel_crop,Crop the ingredient statement with enough package context to preserve product/date cues.,ingredient_panel,cwa_surface_cd18a160cd966e;reeses_peanut_butter_cups:cwa_surface_cd18a160cd966e;cwa_capture_round_449a4deb637a:ingredient_panel;https://www.candywrapperarchive.com/candy-collector/2003-reeses/#ingredient_panel,,,,rights_review_needed,source_link_only_until_rights_review_clears_reuse,1,0
cwa-ingredient-priority-v1,cwa_ingredient_priority_401b27eed7e9,67,27,cwa_surface_0f7bbe724b67ba,reeses_peanut_butter_cups,Reese's Peanut Butter Cups,2003,www.candywrapperarchive.com,https://www.candywrapperarchive.com/candy-collector/2003-reeses/,collector_archive_page,2003 Reeses - Nutrition panel,nutrition_panel,Nutrition panel,panel_capture_needed,high,private_nutrition_panel_crop,Crop the nutrition panel and serving-size text if visible.,nutrition_panel,cwa_surface_0f7bbe724b67ba;reeses_peanut_butter_cups:cwa_surface_0f7bbe724b67ba;cwa_capture_round_449a4deb637a:nutrition_panel;https://www.candywrapperarchive.com/candy-collector/2003-reeses/#nutrition_panel,,,,rights_review_needed,source_link_only_until_rights_review_clears_reuse,1,0
cwa-ingredient-priority-v1,cwa_ingredient_priority_b782aebad0dd,68,28,cwa_surface_bf02be703135ca,reeses_peanut_butter_cups,Reese's Peanut Butter Cups,2003,www.candywrapperarchive.com,https://www.candywrapperarchive.com/candy-collector/2003-reeses/,collector_archive_page,2003 Reeses - Wrapper back or side text,wrapper_back_or_side,Wrapper back or side text,readable_panel_photo_needed,medium,private_back_or_side_text_crop,"Crop readable wrapper back/side text, prioritizing ingredients, nutrition, net weight, maker, or date cues.",package_back_side_text,cwa_surface_bf02be703135ca;reeses_peanut_butter_cups:cwa_surface_bf02be703135ca;cwa_capture_round_449a4deb637a:wrapper_back_or_side;https://www.candywrapperarchive.com/candy-collector/2003-reeses/#wrapper_back_or_side,,,,rights_review_needed,source_link_only_until_rights_review_clears_reuse,1,0
cwa-ingredient-priority-v1,cwa_ingredient_priority_5ca60c035d85,69,29,cwa_surface_7cff970e120afc,reeses_peanut_butter_cups,Reese's Peanut Butter Cups,2003,www.candywrapperarchive.com,https://www.candywrapperarchive.com/candy-collector/2003-reeses/,collector_archive_page,2003 Reeses - Net weight,net_weight,Net weight,readable_panel_photo_needed,medium,private_net_weight_crop,Crop net weight and package-size text.,net_weight,cwa_surface_7cff970e120afc;reeses_peanut_butter_cups:cwa_surface_7cff970e120afc;cwa_capture_round_449a4deb637a:net_weight;https://www.candywrapperarchive.com/candy-collector/2003-reeses/#net_weight,,,,rights_review_needed,source_link_only_until_rights_review_clears_reuse,1,0
cwa-ingredient-priority-v1,cwa_ingredient_priority_e2680b0d5e78,70,30,cwa_surface_7f76dde4acc4d2,reeses_peanut_butter_cups,Reese's Peanut Butter Cups,2003,www.candywrapperarchive.com,https://www.candywrapperarchive.com/candy-collector/2003-reeses/,collector_archive_page,2003 Reeses - Maker or date cue,maker_or_date,Maker or date cue,readable_panel_photo_needed,medium,private_maker_or_date_crop,"Crop maker/distributor, copyright, lot, or date cue text.",maker_distributor_or_date_cue,cwa_surface_7f76dde4acc4d2;reeses_peanut_butter_cups:cwa_surface_7f76dde4acc4d2;cwa_capture_round_449a4deb637a:maker_or_date;https://www.candywrapperarchive.com/candy-collector/2003-reeses/#maker_or_date,,,,rights_review_needed,source_link_only_until_rights_review_clears_reuse,1,0
cwa-ingredient-priority-v1,cwa_ingredient_priority_25c767e0e389,71,31,cwa_surface_a1d39772267f32,reeses_peanut_butter_cups,Reese's Peanut Butter Cups,2005,www.candywrapperarchive.com,https://www.candywrapperarchive.com/candy-collector/2005-reeses/,collector_archive_page,2005 Reeses - Ingredient panel,ingredient_panel,Ingredient panel,panel_capture_needed,high,private_ingredient_panel_crop,Crop the ingredient statement with enough package context to preserve product/date cues.,ingredient_panel,cwa_surface_a1d39772267f32;reeses_peanut_butter_cups:cwa_surface_a1d39772267f32;cwa_capture_round_997c1a4e1949:ingredient_panel;https://www.candywrapperarchive.com/candy-collector/2005-reeses/#ingredient_panel,,,,rights_review_needed,source_link_only_until_rights_review_clears_reuse,1,0
cwa-ingredient-priority-v1,cwa_ingredient_priority_65022514fccd,72,32,cwa_surface_80dc199d739cc1,reeses_peanut_butter_cups,Reese's Peanut Butter Cups,2005,www.candywrapperarchive.com,https://www.candywrapperarchive.com/candy-collector/2005-reeses/,collector_archive_page,2005 Reeses - Nutrition panel,nutrition_panel,Nutrition panel,panel_capture_needed,high,private_nutrition_panel_crop,Crop the nutrition panel and serving-size text if visible.,nutrition_panel,cwa_surface_80dc199d739cc1;reeses_peanut_butter_cups:cwa_surface_80dc199d739cc1;cwa_capture_round_997c1a4e1949:nutrition_panel;https://www.candywrapperarchive.com/candy-collector/2005-reeses/#nutrition_panel,,,,rights_review_needed,source_link_only_until_rights_review_clears_reuse,1,0
cwa-ingredient-priority-v1,cwa_ingredient_priority_baf65a739b6e,73,33,cwa_surface_e7bf662c6b72b1,reeses_peanut_butter_cups,Reese's Peanut Butter Cups,2005,www.candywrapperarchive.com,https://www.candywrapperarchive.com/candy-collector/2005-reeses/,collector_archive_page,2005 Reeses - Wrapper back or side text,wrapper_back_or_side,Wrapper back or side text,readable_panel_photo_needed,medium,private_back_or_side_text_crop,"Crop readable wrapper back/side text, prioritizing ingredients, nutrition, net weight, maker, or date cues.",package_back_side_text,cwa_surface_e7bf662c6b72b1;reeses_peanut_butter_cups:cwa_surface_e7bf662c6b72b1;cwa_capture_round_997c1a4e1949:wrapper_back_or_side;https://www.candywrapperarchive.com/candy-collector/2005-reeses/#wrapper_back_or_side,,,,rights_review_needed,source_link_only_until_rights_review_clears_reuse,1,0
cwa-ingredient-priority-v1,cwa_ingredient_priority_88904df76300,74,34,cwa_surface_ac0e8b821632f3,reeses_peanut_butter_cups,Reese's Peanut Butter Cups,2005,www.candywrapperarchive.com,https://www.candywrapperarchive.com/candy-collector/2005-reeses/,collector_archive_page,2005 Reeses - Net weight,net_weight,Net weight,readable_panel_photo_needed,medium,private_net_weight_crop,Crop net weight and package-size text.,net_weight,cwa_surface_ac0e8b821632f3;reeses_peanut_butter_cups:cwa_surface_ac0e8b821632f3;cwa_capture_round_997c1a4e1949:net_weight;https://www.candywrapperarchive.com/candy-collector/2005-reeses/#net_weight,,,,rights_review_needed,source_link_only_until_rights_review_clears_reuse,1,0
cwa-ingredient-priority-v1,cwa_ingredient_priority_f855446c985a,75,35,cwa_surface_90f44ca6589e55,reeses_peanut_butter_cups,Reese's Peanut Butter Cups,2005,www.candywrapperarchive.com,https://www.candywrapperarchive.com/candy-collector/2005-reeses/,collector_archive_page,2005 Reeses - Maker or date cue,maker_or_date,Maker or date cue,readable_panel_photo_needed,medium,private_maker_or_date_crop,"Crop maker/distributor, copyright, lot, or date cue text.",maker_distributor_or_date_cue,cwa_surface_90f44ca6589e55;reeses_peanut_butter_cups:cwa_surface_90f44ca6589e55;cwa_capture_round_997c1a4e1949:maker_or_date;https://www.candywrapperarchive.com/candy-collector/2005-reeses/#maker_or_date,,,,rights_review_needed,source_link_only_until_rights_review_clears_reuse,1,0
cwa-ingredient-priority-v1,cwa_ingredient_priority_f92b0be200f4,76,1,cwa_surface_0a9fae33f7f4ee,hersheys_milk_chocolate_bar,Hershey's Milk Chocolate Bar,1908,www.candywrapperarchive.com,https://www.candywrapperarchive.com/candy-collector/1908-hershey-wrapper/,collector_archive_page,1908 Hershey - Ingredient panel,ingredient_panel,Ingredient panel,panel_capture_needed,high,private_ingredient_panel_crop,Crop the ingredient statement with enough package context to preserve product/date cues.,ingredient_panel,cwa_surface_0a9fae33f7f4ee;hersheys_milk_chocolate_bar:cwa_surface_0a9fae33f7f4ee;cwa_capture_round_0116a57afe0f:ingredient_panel;https://www.candywrapperarchive.com/candy-collector/1908-hershey-wrapper/#ingredient_panel,,,,rights_review_needed,source_link_only_until_rights_review_clears_reuse,1,0
cwa-ingredient-priority-v1,cwa_ingredient_priority_3cf9e63e5f9e,77,2,cwa_surface_6e41e940f11522,hersheys_milk_chocolate_bar,Hershey's Milk Chocolate Bar,1908,www.candywrapperarchive.com,https://www.candywrapperarchive.com/candy-collector/1908-hershey-wrapper/,collector_archive_page,1908 Hershey - Nutrition panel,nutrition_panel,Nutrition panel,panel_capture_needed,high,private_nutrition_panel_crop,Crop the nutrition panel and serving-size text if visible.,nutrition_panel,cwa_surface_6e41e940f11522;hersheys_milk_chocolate_bar:cwa_surface_6e41e940f11522;cwa_capture_round_0116a57afe0f:nutrition_panel;https://www.candywrapperarchive.com/candy-collector/1908-hershey-wrapper/#nutrition_panel,,,,rights_review_needed,source_link_only_until_rights_review_clears_reuse,1,0
cwa-ingredient-priority-v1,cwa_ingredient_priority_591bf809720d,78,3,cwa_surface_ca319afc82ff5b,hersheys_milk_chocolate_bar,Hershey's Milk Chocolate Bar,1908,www.candywrapperarchive.com,https://www.candywrapperarchive.com/candy-collector/1908-hershey-wrapper/,collector_archive_page,1908 Hershey - Wrapper back or side text,wrapper_back_or_side,Wrapper back or side text,readable_panel_photo_needed,medium,private_back_or_side_text_crop,"Crop readable wrapper back/side text, prioritizing ingredients, nutrition, net weight, maker, or date cues.",package_back_side_text,cwa_surface_ca319afc82ff5b;hersheys_milk_chocolate_bar:cwa_surface_ca319afc82ff5b;cwa_capture_round_0116a57afe0f:wrapper_back_or_side;https://www.candywrapperarchive.com/candy-collector/1908-hershey-wrapper/#wrapper_back_or_side,,,,rights_review_needed,source_link_only_until_rights_review_clears_reuse,1,0
cwa-ingredient-priority-v1,cwa_ingredient_priority_ce8f42a8d066,79,4,cwa_surface_2e4f0b3263bad6,hersheys_milk_chocolate_bar,Hershey's Milk Chocolate Bar,1908,www.candywrapperarchive.com,https://www.candywrapperarchive.com/candy-collector/1908-hershey-wrapper/,collector_archive_page,1908 Hershey - Net weight,net_weight,Net weight,readable_panel_photo_needed,medium,private_net_weight_crop,Crop net weight and package-size text.,net_weight,cwa_surface_2e4f0b3263bad6;hersheys_milk_chocolate_bar:cwa_surface_2e4f0b3263bad6;cwa_capture_round_0116a57afe0f:net_weight;https://www.candywrapperarchive.com/candy-collector/1908-hershey-wrapper/#net_weight,,,,rights_review_needed,source_link_only_until_rights_review_clears_reuse,1,0
cwa-ingredient-priority-v1,cwa_ingredient_priority_2c61e25f6aff,80,5,cwa_surface_0a4987468d2c81,hersheys_milk_chocolate_bar,Hershey's Milk Chocolate Bar,1908,www.candywrapperarchive.com,https://www.candywrapperarchive.com/candy-collector/1908-hershey-wrapper/,collector_archive_page,1908 Hershey - Maker or date cue,maker_or_date,Maker or date cue,readable_panel_photo_needed,medium,private_maker_or_date_crop,"Crop maker/distributor, copyright, lot, or date cue text.",maker_distributor_or_date_cue,cwa_surface_0a4987468d2c81;hersheys_milk_chocolate_bar:cwa_surface_0a4987468d2c81;cwa_capture_round_0116a57afe0f:maker_or_date;https://www.candywrapperarchive.com/candy-collector/1908-hershey-wrapper/#maker_or_date,,,,rights_review_needed,source_link_only_until_rights_review_clears_reuse,1,0
cwa-ingredient-priority-v1,cwa_ingredient_priority_2a594866629a,81,6,cwa_surface_99c927d1601798,hersheys_milk_chocolate_bar,Hershey's Milk Chocolate Bar,1910,www.candywrapperarchive.com,https://www.candywrapperarchive.com/candy-collector/1910-hershey/,collector_archive_page,1910 Hershey - Ingredient panel,ingredient_panel,Ingredient panel,panel_capture_needed,high,private_ingredient_panel_crop,Crop the ingredient statement with enough package context to preserve product/date cues.,ingredient_panel,cwa_surface_99c927d1601798;hersheys_milk_chocolate_bar:cwa_surface_99c927d1601798;cwa_capture_round_cd0e7345f0d1:ingredient_panel;https://www.candywrapperarchive.com/candy-collector/1910-hershey/#ingredient_panel,,,,rights_review_needed,source_link_only_until_rights_review_clears_reuse,1,0
cwa-ingredient-priority-v1,cwa_ingredient_priority_63164765c6fe,82,7,cwa_surface_680242000dbc33,hersheys_milk_chocolate_bar,Hershey's Milk Chocolate Bar,1910,www.candywrapperarchive.com,https://www.candywrapperarchive.com/candy-collector/1910-hershey/,collector_archive_page,1910 Hershey - Nutrition panel,nutrition_panel,Nutrition panel,panel_capture_needed,high,private_nutrition_panel_crop,Crop the nutrition panel and serving-size text if visible.,nutrition_panel,cwa_surface_680242000dbc33;hersheys_milk_chocolate_bar:cwa_surface_680242000dbc33;cwa_capture_round_cd0e7345f0d1:nutrition_panel;https://www.candywrapperarchive.com/candy-collector/1910-hershey/#nutrition_panel,,,,rights_review_needed,source_link_only_until_rights_review_clears_reuse,1,0
cwa-ingredient-priority-v1,cwa_ingredient_priority_fb4b019c14e9,83,8,cwa_surface_e9070e339b1e53,hersheys_milk_chocolate_bar,Hershey's Milk Chocolate Bar,1910,www.candywrapperarchive.com,https://www.candywrapperarchive.com/candy-collector/1910-hershey/,collector_archive_page,1910 Hershey - Wrapper back or side text,wrapper_back_or_side,Wrapper back or side text,readable_panel_photo_needed,medium,private_back_or_side_text_crop,"Crop readable wrapper back/side text, prioritizing ingredients, nutrition, net weight, maker, or date cues.",package_back_side_text,cwa_surface_e9070e339b1e53;hersheys_milk_chocolate_bar:cwa_surface_e9070e339b1e53;cwa_capture_round_cd0e7345f0d1:wrapper_back_or_side;https://www.candywrapperarchive.com/candy-collector/1910-hershey/#wrapper_back_or_side,,,,rights_review_needed,source_link_only_until_rights_review_clears_reuse,1,0
cwa-ingredient-priority-v1,cwa_ingredient_priority_b3901f53e00c,84,9,cwa_surface_9c9ba58a51132f,hersheys_milk_chocolate_bar,Hershey's Milk Chocolate Bar,1910,www.candywrapperarchive.com,https://www.candywrapperarchive.com/candy-collector/1910-hershey/,collector_archive_page,1910 Hershey - Net weight,net_weight,Net weight,readable_panel_photo_needed,medium,private_net_weight_crop,Crop net weight and package-size text.,net_weight,cwa_surface_9c9ba58a51132f;hersheys_milk_chocolate_bar:cwa_surface_9c9ba58a51132f;cwa_capture_round_cd0e7345f0d1:net_weight;https://www.candywrapperarchive.com/candy-collector/1910-hershey/#net_weight,,,,rights_review_needed,source_link_only_until_rights_review_clears_reuse,1,0
cwa-ingredient-priority-v1,cwa_ingredient_priority_50cc7989b8e6,85,10,cwa_surface_45c3bc01f82e71,hersheys_milk_chocolate_bar,Hershey's Milk Chocolate Bar,1910,www.candywrapperarchive.com,https://www.candywrapperarchive.com/candy-collector/1910-hershey/,collector_archive_page,1910 Hershey - Maker or date cue,maker_or_date,Maker or date cue,readable_panel_photo_needed,medium,private_maker_or_date_crop,"Crop maker/distributor, copyright, lot, or date cue text.",maker_distributor_or_date_cue,cwa_surface_45c3bc01f82e71;hersheys_milk_chocolate_bar:cwa_surface_45c3bc01f82e71;cwa_capture_round_cd0e7345f0d1:maker_or_date;https://www.candywrapperarchive.com/candy-collector/1910-hershey/#maker_or_date,,,,rights_review_needed,source_link_only_until_rights_review_clears_reuse,1,0
cwa-ingredient-priority-v1,cwa_ingredient_priority_a44eec6616f9,86,11,cwa_surface_210c770b7ee45d,hersheys_milk_chocolate_bar,Hershey's Milk Chocolate Bar,1930s,www.candywrapperarchive.com,https://www.candywrapperarchive.com/candy-collector/1930s-hershey/,collector_archive_page,1930s Hershey - Ingredient panel,ingredient_panel,Ingredient panel,panel_capture_needed,high,private_ingredient_panel_crop,Crop the ingredient statement with enough package context to preserve product/date cues.,ingredient_panel,cwa_surface_210c770b7ee45d;hersheys_milk_chocolate_bar:cwa_surface_210c770b7ee45d;cwa_capture_round_bde01a796e80:ingredient_panel;https://www.candywrapperarchive.com/candy-collector/1930s-hershey/#ingredient_panel,,,,rights_review_needed,source_link_only_until_rights_review_clears_reuse,1,0
cwa-ingredient-priority-v1,cwa_ingredient_priority_4bacbdf4a4e4,87,12,cwa_surface_f1e48b1f07fe1e,hersheys_milk_chocolate_bar,Hershey's Milk Chocolate Bar,1930s,www.candywrapperarchive.com,https://www.candywrapperarchive.com/candy-collector/1930s-hershey/,collector_archive_page,1930s Hershey - Nutrition panel,nutrition_panel,Nutrition panel,panel_capture_needed,high,private_nutrition_panel_crop,Crop the nutrition panel and serving-size text if visible.,nutrition_panel,cwa_surface_f1e48b1f07fe1e;hersheys_milk_chocolate_bar:cwa_surface_f1e48b1f07fe1e;cwa_capture_round_bde01a796e80:nutrition_panel;https://www.candywrapperarchive.com/candy-collector/1930s-hershey/#nutrition_panel,,,,rights_review_needed,source_link_only_until_rights_review_clears_reuse,1,0
cwa-ingredient-priority-v1,cwa_ingredient_priority_0cd8a750de17,88,13,cwa_surface_b9e9911e8765ec,hersheys_milk_chocolate_bar,Hershey's Milk Chocolate Bar,1930s,www.candywrapperarchive.com,https://www.candywrapperarchive.com/candy-collector/1930s-hershey/,collector_archive_page,1930s Hershey - Wrapper back or side text,wrapper_back_or_side,Wrapper back or side text,readable_panel_photo_needed,medium,private_back_or_side_text_crop,"Crop readable wrapper back/side text, prioritizing ingredients, nutrition, net weight, maker, or date cues.",package_back_side_text,cwa_surface_b9e9911e8765ec;hersheys_milk_chocolate_bar:cwa_surface_b9e9911e8765ec;cwa_capture_round_bde01a796e80:wrapper_back_or_side;https://www.candywrapperarchive.com/candy-collector/1930s-hershey/#wrapper_back_or_side,,,,rights_review_needed,source_link_only_until_rights_review_clears_reuse,1,0
cwa-ingredient-priority-v1,cwa_ingredient_priority_d404b370cebb,89,14,cwa_surface_981b876fdd7906,hersheys_milk_chocolate_bar,Hershey's Milk Chocolate Bar,1930s,www.candywrapperarchive.com,https://www.candywrapperarchive.com/candy-collector/1930s-hershey/,collector_archive_page,1930s Hershey - Net weight,net_weight,Net weight,readable_panel_photo_needed,medium,private_net_weight_crop,Crop net weight and package-size text.,net_weight,cwa_surface_981b876fdd7906;hersheys_milk_chocolate_bar:cwa_surface_981b876fdd7906;cwa_capture_round_bde01a796e80:net_weight;https://www.candywrapperarchive.com/candy-collector/1930s-hershey/#net_weight,,,,rights_review_needed,source_link_only_until_rights_review_clears_reuse,1,0
cwa-ingredient-priority-v1,cwa_ingredient_priority_6e0f2160eb2f,90,15,cwa_surface_1f0a1ee5090953,hersheys_milk_chocolate_bar,Hershey's Milk Chocolate Bar,1930s,www.candywrapperarchive.com,https://www.candywrapperarchive.com/candy-collector/1930s-hershey/,collector_archive_page,1930s Hershey - Maker or date cue,maker_or_date,Maker or date cue,readable_panel_photo_needed,medium,private_maker_or_date_crop,"Crop maker/distributor, copyright, lot, or date cue text.",maker_distributor_or_date_cue,cwa_surface_1f0a1ee5090953;hersheys_milk_chocolate_bar:cwa_surface_1f0a1ee5090953;cwa_capture_round_bde01a796e80:maker_or_date;https://www.candywrapperarchive.com/candy-collector/1930s-hershey/#maker_or_date,,,,rights_review_needed,source_link_only_until_rights_review_clears_reuse,1,0
cwa-ingredient-priority-v1,cwa_ingredient_priority_21d832d06644,91,16,cwa_surface_836474c5ecb3ab,hersheys_milk_chocolate_bar,Hershey's Milk Chocolate Bar,1940,www.candywrapperarchive.com,https://www.candywrapperarchive.com/candy-collector/1940-hershey/,collector_archive_page,1940 Hershey - Ingredient panel,ingredient_panel,Ingredient panel,panel_capture_needed,high,private_ingredient_panel_crop,Crop the ingredient statement with enough package context to preserve product/date cues.,ingredient_panel,cwa_surface_836474c5ecb3ab;hersheys_milk_chocolate_bar:cwa_surface_836474c5ecb3ab;cwa_capture_round_b60d1747ad76:ingredient_panel;https://www.candywrapperarchive.com/candy-collector/1940-hershey/#ingredient_panel,,,,rights_review_needed,source_link_only_until_rights_review_clears_reuse,1,0
cwa-ingredient-priority-v1,cwa_ingredient_priority_a7bfd59dc3e4,92,17,cwa_surface_6d6f67594ba20b,hersheys_milk_chocolate_bar,Hershey's Milk Chocolate Bar,1940,www.candywrapperarchive.com,https://www.candywrapperarchive.com/candy-collector/1940-hershey/,collector_archive_page,1940 Hershey - Nutrition panel,nutrition_panel,Nutrition panel,panel_capture_needed,high,private_nutrition_panel_crop,Crop the nutrition panel and serving-size text if visible.,nutrition_panel,cwa_surface_6d6f67594ba20b;hersheys_milk_chocolate_bar:cwa_surface_6d6f67594ba20b;cwa_capture_round_b60d1747ad76:nutrition_panel;https://www.candywrapperarchive.com/candy-collector/1940-hershey/#nutrition_panel,,,,rights_review_needed,source_link_only_until_rights_review_clears_reuse,1,0
cwa-ingredient-priority-v1,cwa_ingredient_priority_27ccaff10579,93,18,cwa_surface_71d56ea4fc13b9,hersheys_milk_chocolate_bar,Hershey's Milk Chocolate Bar,1940,www.candywrapperarchive.com,https://www.candywrapperarchive.com/candy-collector/1940-hershey/,collector_archive_page,1940 Hershey - Wrapper back or side text,wrapper_back_or_side,Wrapper back or side text,readable_panel_photo_needed,medium,private_back_or_side_text_crop,"Crop readable wrapper back/side text, prioritizing ingredients, nutrition, net weight, maker, or date cues.",package_back_side_text,cwa_surface_71d56ea4fc13b9;hersheys_milk_chocolate_bar:cwa_surface_71d56ea4fc13b9;cwa_capture_round_b60d1747ad76:wrapper_back_or_side;https://www.candywrapperarchive.com/candy-collector/1940-hershey/#wrapper_back_or_side,,,,rights_review_needed,source_link_only_until_rights_review_clears_reuse,1,0
cwa-ingredient-priority-v1,cwa_ingredient_priority_ad40fd7a6a91,94,19,cwa_surface_845395b10c3226,hersheys_milk_chocolate_bar,Hershey's Milk Chocolate Bar,1940,www.candywrapperarchive.com,https://www.candywrapperarchive.com/candy-collector/1940-hershey/,collector_archive_page,1940 Hershey - Net weight,net_weight,Net weight,readable_panel_photo_needed,medium,private_net_weight_crop,Crop net weight and package-size text.,net_weight,cwa_surface_845395b10c3226;hersheys_milk_chocolate_bar:cwa_surface_845395b10c3226;cwa_capture_round_b60d1747ad76:net_weight;https://www.candywrapperarchive.com/candy-collector/1940-hershey/#net_weight,,,,rights_review_needed,source_link_only_until_rights_review_clears_reuse,1,0
cwa-ingredient-priority-v1,cwa_ingredient_priority_f7b7bf6abd5f,95,20,cwa_surface_197daaa73c5731,hersheys_milk_chocolate_bar,Hershey's Milk Chocolate Bar,1940,www.candywrapperarchive.com,https://www.candywrapperarchive.com/candy-collector/1940-hershey/,collector_archive_page,1940 Hershey - Maker or date cue,maker_or_date,Maker or date cue,readable_panel_photo_needed,medium,private_maker_or_date_crop,"Crop maker/distributor, copyright, lot, or date cue text.",maker_distributor_or_date_cue,cwa_surface_197daaa73c5731;hersheys_milk_chocolate_bar:cwa_surface_197daaa73c5731;cwa_capture_round_b60d1747ad76:maker_or_date;https://www.candywrapperarchive.com/candy-collector/1940-hershey/#maker_or_date,,,,rights_review_needed,source_link_only_until_rights_review_clears_reuse,1,0
cwa-ingredient-priority-v1,cwa_ingredient_priority_8ecf863df2c5,96,21,cwa_surface_2b941770eb841c,hersheys_milk_chocolate_bar,Hershey's Milk Chocolate Bar,1950s,www.candywrapperarchive.com,https://www.candywrapperarchive.com/candy-collector/1950s-hershey/,collector_archive_page,1950s Hershey - Ingredient panel,ingredient_panel,Ingredient panel,panel_capture_needed,high,private_ingredient_panel_crop,Crop the ingredient statement with enough package context to preserve product/date cues.,ingredient_panel,cwa_surface_2b941770eb841c;hersheys_milk_chocolate_bar:cwa_surface_2b941770eb841c;cwa_capture_round_9e76a7bca726:ingredient_panel;https://www.candywrapperarchive.com/candy-collector/1950s-hershey/#ingredient_panel,,,,rights_review_needed,source_link_only_until_rights_review_clears_reuse,1,0
cwa-ingredient-priority-v1,cwa_ingredient_priority_67d4b510b045,97,22,cwa_surface_17b90b0b42f85c,hersheys_milk_chocolate_bar,Hershey's Milk Chocolate Bar,1950s,www.candywrapperarchive.com,https://www.candywrapperarchive.com/candy-collector/1950s-hershey/,collector_archive_page,1950s Hershey - Nutrition panel,nutrition_panel,Nutrition panel,panel_capture_needed,high,private_nutrition_panel_crop,Crop the nutrition panel and serving-size text if visible.,nutrition_panel,cwa_surface_17b90b0b42f85c;hersheys_milk_chocolate_bar:cwa_surface_17b90b0b42f85c;cwa_capture_round_9e76a7bca726:nutrition_panel;https://www.candywrapperarchive.com/candy-collector/1950s-hershey/#nutrition_panel,,,,rights_review_needed,source_link_only_until_rights_review_clears_reuse,1,0
cwa-ingredient-priority-v1,cwa_ingredient_priority_9e9df04a84ea,98,23,cwa_surface_05fee2dd539f80,hersheys_milk_chocolate_bar,Hershey's Milk Chocolate Bar,1950s,www.candywrapperarchive.com,https://www.candywrapperarchive.com/candy-collector/1950s-hershey/,collector_archive_page,1950s Hershey - Wrapper back or side text,wrapper_back_or_side,Wrapper back or side text,readable_panel_photo_needed,medium,private_back_or_side_text_crop,"Crop readable wrapper back/side text, prioritizing ingredients, nutrition, net weight, maker, or date cues.",package_back_side_text,cwa_surface_05fee2dd539f80;hersheys_milk_chocolate_bar:cwa_surface_05fee2dd539f80;cwa_capture_round_9e76a7bca726:wrapper_back_or_side;https://www.candywrapperarchive.com/candy-collector/1950s-hershey/#wrapper_back_or_side,,,,rights_review_needed,source_link_only_until_rights_review_clears_reuse,1,0
cwa-ingredient-priority-v1,cwa_ingredient_priority_7ad099cce49d,99,24,cwa_surface_628c60635abbdc,hersheys_milk_chocolate_bar,Hershey's Milk Chocolate Bar,1950s,www.candywrapperarchive.com,https://www.candywrapperarchive.com/candy-collector/1950s-hershey/,collector_archive_page,1950s Hershey - Net weight,net_weight,Net weight,readable_panel_photo_needed,medium,private_net_weight_crop,Crop net weight and package-size text.,net_weight,cwa_surface_628c60635abbdc;hersheys_milk_chocolate_bar:cwa_surface_628c60635abbdc;cwa_capture_round_9e76a7bca726:net_weight;https://www.candywrapperarchive.com/candy-collector/1950s-hershey/#net_weight,,,,rights_review_needed,source_link_only_until_rights_review_clears_reuse,1,0
cwa-ingredient-priority-v1,cwa_ingredient_priority_1e27668cbdce,100,25,cwa_surface_f7423190199f8f,hersheys_milk_chocolate_bar,Hershey's Milk Chocolate Bar,1950s,www.candywrapperarchive.com,https://www.candywrapperarchive.com/candy-collector/1950s-hershey/,collector_archive_page,1950s Hershey - Maker or date cue,maker_or_date,Maker or date cue,readable_panel_photo_needed,medium,private_maker_or_date_crop,"Crop maker/distributor, copyright, lot, or date cue text.",maker_distributor_or_date_cue,cwa_surface_f7423190199f8f;hersheys_milk_chocolate_bar:cwa_surface_f7423190199f8f;cwa_capture_round_9e76a7bca726:maker_or_date;https://www.candywrapperarchive.com/candy-collector/1950s-hershey/#maker_or_date,,,,rights_review_needed,source_link_only_until_rights_review_clears_reuse,1,0
cwa-ingredient-priority-v1,cwa_ingredient_priority_2edf9a3a1226,101,26,cwa_surface_bc6e78979f4624,hersheys_milk_chocolate_bar,Hershey's Milk Chocolate Bar,1960s,www.candywrapperarchive.com,https://www.candywrapperarchive.com/candy-collector/1960s-hershey/,collector_archive_page,1960s Hershey - Ingredient panel,ingredient_panel,Ingredient panel,panel_capture_needed,high,private_ingredient_panel_crop,Crop the ingredient statement with enough package context to preserve product/date cues.,ingredient_panel,cwa_surface_bc6e78979f4624;hersheys_milk_chocolate_bar:cwa_surface_bc6e78979f4624;cwa_capture_round_a44e3ee9ad86:ingredient_panel;https://www.candywrapperarchive.com/candy-collector/1960s-hershey/#ingredient_panel,,,,rights_review_needed,source_link_only_until_rights_review_clears_reuse,1,0
cwa-ingredient-priority-v1,cwa_ingredient_priority_cc2ec5cdc054,102,27,cwa_surface_8b0ef422af9a79,hersheys_milk_chocolate_bar,Hershey's Milk Chocolate Bar,1960s,www.candywrapperarchive.com,https://www.candywrapperarchive.com/candy-collector/1960s-hershey/,collector_archive_page,1960s Hershey - Nutrition panel,nutrition_panel,Nutrition panel,panel_capture_needed,high,private_nutrition_panel_crop,Crop the nutrition panel and serving-size text if visible.,nutrition_panel,cwa_surface_8b0ef422af9a79;hersheys_milk_chocolate_bar:cwa_surface_8b0ef422af9a79;cwa_capture_round_a44e3ee9ad86:nutrition_panel;https://www.candywrapperarchive.com/candy-collector/1960s-hershey/#nutrition_panel,,,,rights_review_needed,source_link_only_until_rights_review_clears_reuse,1,0
cwa-ingredient-priority-v1,cwa_ingredient_priority_c55c84b24e16,103,28,cwa_surface_d80e2952290e5e,hersheys_milk_chocolate_bar,Hershey's Milk Chocolate Bar,1960s,www.candywrapperarchive.com,https://www.candywrapperarchive.com/candy-collector/1960s-hershey/,collector_archive_page,1960s Hershey - Wrapper back or side text,wrapper_back_or_side,Wrapper back or side text,readable_panel_photo_needed,medium,private_back_or_side_text_crop,"Crop readable wrapper back/side text, prioritizing ingredients, nutrition, net weight, maker, or date cues.",package_back_side_text,cwa_surface_d80e2952290e5e;hersheys_milk_chocolate_bar:cwa_surface_d80e2952290e5e;cwa_capture_round_a44e3ee9ad86:wrapper_back_or_side;https://www.candywrapperarchive.com/candy-collector/1960s-hershey/#wrapper_back_or_side,,,,rights_review_needed,source_link_only_until_rights_review_clears_reuse,1,0
cwa-ingredient-priority-v1,cwa_ingredient_priority_c22045610b53,104,29,cwa_surface_618d424651d432,hersheys_milk_chocolate_bar,Hershey's Milk Chocolate Bar,1960s,www.candywrapperarchive.com,https://www.candywrapperarchive.com/candy-collector/1960s-hershey/,collector_archive_page,1960s Hershey - Net weight,net_weight,Net weight,readable_panel_photo_needed,medium,private_net_weight_crop,Crop net weight and package-size text.,net_weight,cwa_surface_618d424651d432;hersheys_milk_chocolate_bar:cwa_surface_618d424651d432;cwa_capture_round_a44e3ee9ad86:net_weight;https://www.candywrapperarchive.com/candy-collector/1960s-hershey/#net_weight,,,,rights_review_needed,source_link_only_until_rights_review_clears_reuse,1,0
cwa-ingredient-priority-v1,cwa_ingredient_priority_f152b416bb01,105,30,cwa_surface_3dd00fbad58ec6,hersheys_milk_chocolate_bar,Hershey's Milk Chocolate Bar,1960s,www.candywrapperarchive.com,https://www.candywrapperarchive.com/candy-collector/1960s-hershey/,collector_archive_page,1960s Hershey - Maker or date cue,maker_or_date,Maker or date cue,readable_panel_photo_needed,medium,private_maker_or_date_crop,"Crop maker/distributor, copyright, lot, or date cue text.",maker_distributor_or_date_cue,cwa_surface_3dd00fbad58ec6;hersheys_milk_chocolate_bar:cwa_surface_3dd00fbad58ec6;cwa_capture_round_a44e3ee9ad86:maker_or_date;https://www.candywrapperarchive.com/candy-collector/1960s-hershey/#maker_or_date,,,,rights_review_needed,source_link_only_until_rights_review_clears_reuse,1,0
cwa-ingredient-priority-v1,cwa_ingredient_priority_48c6f0192699,106,1,cwa_surface_d95b57ecc9cc56,kit_kat_bar,Kit Kat Bar,1960s,www.candywrapperarchive.com,https://www.candywrapperarchive.com/candy-collector/1960s-kit-kat/,collector_archive_page,1960s Kit Kat - Ingredient panel,ingredient_panel,Ingredient panel,panel_capture_needed,high,private_ingredient_panel_crop,Crop the ingredient statement with enough package context to preserve product/date cues.,ingredient_panel,cwa_surface_d95b57ecc9cc56;kit_kat_bar:cwa_surface_d95b57ecc9cc56;cwa_capture_round_c8e3e7ac0913:ingredient_panel;https://www.candywrapperarchive.com/candy-collector/1960s-kit-kat/#ingredient_panel,,,,rights_review_needed,source_link_only_until_rights_review_clears_reuse,1,0
cwa-ingredient-priority-v1,cwa_ingredient_priority_d8c496a4f677,107,2,cwa_surface_7cb3c3011e50b5,kit_kat_bar,Kit Kat Bar,1960s,www.candywrapperarchive.com,https://www.candywrapperarchive.com/candy-collector/1960s-kit-kat/,collector_archive_page,1960s Kit Kat - Nutrition panel,nutrition_panel,Nutrition panel,panel_capture_needed,high,private_nutrition_panel_crop,Crop the nutrition panel and serving-size text if visible.,nutrition_panel,cwa_surface_7cb3c3011e50b5;kit_kat_bar:cwa_surface_7cb3c3011e50b5;cwa_capture_round_c8e3e7ac0913:nutrition_panel;https://www.candywrapperarchive.com/candy-collector/1960s-kit-kat/#nutrition_panel,,,,rights_review_needed,source_link_only_until_rights_review_clears_reuse,1,0
cwa-ingredient-priority-v1,cwa_ingredient_priority_4277598b8cd6,108,3,cwa_surface_96ac86bb78e511,kit_kat_bar,Kit Kat Bar,1960s,www.candywrapperarchive.com,https://www.candywrapperarchive.com/candy-collector/1960s-kit-kat/,collector_archive_page,1960s Kit Kat - Wrapper back or side text,wrapper_back_or_side,Wrapper back or side text,readable_panel_photo_needed,medium,private_back_or_side_text_crop,"Crop readable wrapper back/side text, prioritizing ingredients, nutrition, net weight, maker, or date cues.",package_back_side_text,cwa_surface_96ac86bb78e511;kit_kat_bar:cwa_surface_96ac86bb78e511;cwa_capture_round_c8e3e7ac0913:wrapper_back_or_side;https://www.candywrapperarchive.com/candy-collector/1960s-kit-kat/#wrapper_back_or_side,,,,rights_review_needed,source_link_only_until_rights_review_clears_reuse,1,0
cwa-ingredient-priority-v1,cwa_ingredient_priority_bb9b5a252e33,109,4,cwa_surface_e7ad84c88ca058,kit_kat_bar,Kit Kat Bar,1960s,www.candywrapperarchive.com,https://www.candywrapperarchive.com/candy-collector/1960s-kit-kat/,collector_archive_page,1960s Kit Kat - Net weight,net_weight,Net weight,readable_panel_photo_needed,medium,private_net_weight_crop,Crop net weight and package-size text.,net_weight,cwa_surface_e7ad84c88ca058;kit_kat_bar:cwa_surface_e7ad84c88ca058;cwa_capture_round_c8e3e7ac0913:net_weight;https://www.candywrapperarchive.com/candy-collector/1960s-kit-kat/#net_weight,,,,rights_review_needed,source_link_only_until_rights_review_clears_reuse,1,0
cwa-ingredient-priority-v1,cwa_ingredient_priority_5861aaad90ff,110,5,cwa_surface_47f3f199d7df53,kit_kat_bar,Kit Kat Bar,1960s,www.candywrapperarchive.com,https://www.candywrapperarchive.com/candy-collector/1960s-kit-kat/,collector_archive_page,1960s Kit Kat - Maker or date cue,maker_or_date,Maker or date cue,readable_panel_photo_needed,medium,private_maker_or_date_crop,"Crop maker/distributor, copyright, lot, or date cue text.",maker_distributor_or_date_cue,cwa_surface_47f3f199d7df53;kit_kat_bar:cwa_surface_47f3f199d7df53;cwa_capture_round_c8e3e7ac0913:maker_or_date;https://www.candywrapperarchive.com/candy-collector/1960s-kit-kat/#maker_or_date,,,,rights_review_needed,source_link_only_until_rights_review_clears_reuse,1,0
cwa-ingredient-priority-v1,cwa_ingredient_priority_9611fe0a1460,111,6,cwa_surface_1a7f0aaf8af064,kit_kat_bar,Kit Kat Bar,1970s,www.candywrapperarchive.com,https://www.candywrapperarchive.com/candy-collector/1970s-kit-kat/,collector_archive_page,1970s Kit Kat - Ingredient panel,ingredient_panel,Ingredient panel,panel_capture_needed,high,private_ingredient_panel_crop,Crop the ingredient statement with enough package context to preserve product/date cues.,ingredient_panel,cwa_surface_1a7f0aaf8af064;kit_kat_bar:cwa_surface_1a7f0aaf8af064;cwa_capture_round_66d33df4c45c:ingredient_panel;https://www.candywrapperarchive.com/candy-collector/1970s-kit-kat/#ingredient_panel,,,,rights_review_needed,source_link_only_until_rights_review_clears_reuse,1,0
cwa-ingredient-priority-v1,cwa_ingredient_priority_163c7fc65a68,112,7,cwa_surface_8385705f7055c8,kit_kat_bar,Kit Kat Bar,1970s,www.candywrapperarchive.com,https://www.candywrapperarchive.com/candy-collector/1970s-kit-kat/,collector_archive_page,1970s Kit Kat - Nutrition panel,nutrition_panel,Nutrition panel,panel_capture_needed,high,private_nutrition_panel_crop,Crop the nutrition panel and serving-size text if visible.,nutrition_panel,cwa_surface_8385705f7055c8;kit_kat_bar:cwa_surface_8385705f7055c8;cwa_capture_round_66d33df4c45c:nutrition_panel;https://www.candywrapperarchive.com/candy-collector/1970s-kit-kat/#nutrition_panel,,,,rights_review_needed,source_link_only_until_rights_review_clears_reuse,1,0
cwa-ingredient-priority-v1,cwa_ingredient_priority_136b29fbed99,113,8,cwa_surface_61dff2b370e9f7,kit_kat_bar,Kit Kat Bar,1970s,www.candywrapperarchive.com,https://www.candywrapperarchive.com/candy-collector/1970s-kit-kat/,collector_archive_page,1970s Kit Kat - Wrapper back or side text,wrapper_back_or_side,Wrapper back or side text,readable_panel_photo_needed,medium,private_back_or_side_text_crop,"Crop readable wrapper back/side text, prioritizing ingredients, nutrition, net weight, maker, or date cues.",package_back_side_text,cwa_surface_61dff2b370e9f7;kit_kat_bar:cwa_surface_61dff2b370e9f7;cwa_capture_round_66d33df4c45c:wrapper_back_or_side;https://www.candywrapperarchive.com/candy-collector/1970s-kit-kat/#wrapper_back_or_side,,,,rights_review_needed,source_link_only_until_rights_review_clears_reuse,1,0
cwa-ingredient-priority-v1,cwa_ingredient_priority_4b74495286a4,114,9,cwa_surface_5700420d1993ad,kit_kat_bar,Kit Kat Bar,1970s,www.candywrapperarchive.com,https://www.candywrapperarchive.com/candy-collector/1970s-kit-kat/,collector_archive_page,1970s Kit Kat - Net weight,net_weight,Net weight,readable_panel_photo_needed,medium,private_net_weight_crop,Crop net weight and package-size text.,net_weight,cwa_surface_5700420d1993ad;kit_kat_bar:cwa_surface_5700420d1993ad;cwa_capture_round_66d33df4c45c:net_weight;https://www.candywrapperarchive.com/candy-collector/1970s-kit-kat/#net_weight,,,,rights_review_needed,source_link_only_until_rights_review_clears_reuse,1,0
cwa-ingredient-priority-v1,cwa_ingredient_priority_0397ab778fd3,115,10,cwa_surface_1620c3a5bb78ab,kit_kat_bar,Kit Kat Bar,1970s,www.candywrapperarchive.com,https://www.candywrapperarchive.com/candy-collector/1970s-kit-kat/,collector_archive_page,1970s Kit Kat - Maker or date cue,maker_or_date,Maker or date cue,readable_panel_photo_needed,medium,private_maker_or_date_crop,"Crop maker/distributor, copyright, lot, or date cue text.",maker_distributor_or_date_cue,cwa_surface_1620c3a5bb78ab;kit_kat_bar:cwa_surface_1620c3a5bb78ab;cwa_capture_round_66d33df4c45c:maker_or_date;https://www.candywrapperarchive.com/candy-collector/1970s-kit-kat/#maker_or_date,,,,rights_review_needed,source_link_only_until_rights_review_clears_reuse,1,0
cwa-ingredient-priority-v1,cwa_ingredient_priority_f8e4165fa9f2,116,11,cwa_surface_af47e1cbe41d42,kit_kat_bar,Kit Kat Bar,2000,www.candywrapperarchive.com,https://www.candywrapperarchive.com/candy-collector/2000-kit-kat/,collector_archive_page,2000 Kit Kat - Ingredient panel,ingredient_panel,Ingredient panel,panel_capture_needed,high,private_ingredient_panel_crop,Crop the ingredient statement with enough package context to preserve product/date cues.,ingredient_panel,cwa_surface_af47e1cbe41d42;kit_kat_bar:cwa_surface_af47e1cbe41d42;cwa_capture_round_ad589fa515c8:ingredient_panel;https://www.candywrapperarchive.com/candy-collector/2000-kit-kat/#ingredient_panel,,,,rights_review_needed,source_link_only_until_rights_review_clears_reuse,1,0
cwa-ingredient-priority-v1,cwa_ingredient_priority_76a9c8febe76,117,12,cwa_surface_f00a169092ba2c,kit_kat_bar,Kit Kat Bar,2000,www.candywrapperarchive.com,https://www.candywrapperarchive.com/candy-collector/2000-kit-kat/,collector_archive_page,2000 Kit Kat - Nutrition panel,nutrition_panel,Nutrition panel,panel_capture_needed,high,private_nutrition_panel_crop,Crop the nutrition panel and serving-size text if visible.,nutrition_panel,cwa_surface_f00a169092ba2c;kit_kat_bar:cwa_surface_f00a169092ba2c;cwa_capture_round_ad589fa515c8:nutrition_panel;https://www.candywrapperarchive.com/candy-collector/2000-kit-kat/#nutrition_panel,,,,rights_review_needed,source_link_only_until_rights_review_clears_reuse,1,0
cwa-ingredient-priority-v1,cwa_ingredient_priority_643dc1e8502e,118,13,cwa_surface_5de55960a0cbda,kit_kat_bar,Kit Kat Bar,2000,www.candywrapperarchive.com,https://www.candywrapperarchive.com/candy-collector/2000-kit-kat/,collector_archive_page,2000 Kit Kat - Wrapper back or side text,wrapper_back_or_side,Wrapper back or side text,readable_panel_photo_needed,medium,private_back_or_side_text_crop,"Crop readable wrapper back/side text, prioritizing ingredients, nutrition, net weight, maker, or date cues.",package_back_side_text,cwa_surface_5de55960a0cbda;kit_kat_bar:cwa_surface_5de55960a0cbda;cwa_capture_round_ad589fa515c8:wrapper_back_or_side;https://www.candywrapperarchive.com/candy-collector/2000-kit-kat/#wrapper_back_or_side,,,,rights_review_needed,source_link_only_until_rights_review_clears_reuse,1,0
cwa-ingredient-priority-v1,cwa_ingredient_priority_f7e8335b38eb,119,14,cwa_surface_889b5f4055565c,kit_kat_bar,Kit Kat Bar,2000,www.candywrapperarchive.com,https://www.candywrapperarchive.com/candy-collector/2000-kit-kat/,collector_archive_page,2000 Kit Kat - Net weight,net_weight,Net weight,readable_panel_photo_needed,medium,private_net_weight_crop,Crop net weight and package-size text.,net_weight,cwa_surface_889b5f4055565c;kit_kat_bar:cwa_surface_889b5f4055565c;cwa_capture_round_ad589fa515c8:net_weight;https://www.candywrapperarchive.com/candy-collector/2000-kit-kat/#net_weight,,,,rights_review_needed,source_link_only_until_rights_review_clears_reuse,1,0
cwa-ingredient-priority-v1,cwa_ingredient_priority_e37f6c522ba9,120,15,cwa_surface_d4cc5dbc27066b,kit_kat_bar,Kit Kat Bar,2000,www.candywrapperarchive.com,https://www.candywrapperarchive.com/candy-collector/2000-kit-kat/,collector_archive_page,2000 Kit Kat - Maker or date cue,maker_or_date,Maker or date cue,readable_panel_photo_needed,medium,private_maker_or_date_crop,"Crop maker/distributor, copyright, lot, or date cue text.",maker_distributor_or_date_cue,cwa_surface_d4cc5dbc27066b;kit_kat_bar:cwa_surface_d4cc5dbc27066b;cwa_capture_round_ad589fa515c8:maker_or_date;https://www.candywrapperarchive.com/candy-collector/2000-kit-kat/#maker_or_date,,,,rights_review_needed,source_link_only_until_rights_review_clears_reuse,1,0
cwa-ingredient-priority-v1,cwa_ingredient_priority_cbb37afa4fec,121,16,cwa_surface_5df9cded5cf949,kit_kat_bar,Kit Kat Bar,2002,www.candywrapperarchive.com,https://www.candywrapperarchive.com/candy-collector/2002-kit-kat/,collector_archive_page,2002 Kit Kat - Ingredient panel,ingredient_panel,Ingredient panel,panel_capture_needed,high,private_ingredient_panel_crop,Crop the ingredient statement with enough package context to preserve product/date cues.,ingredient_panel,cwa_surface_5df9cded5cf949;kit_kat_bar:cwa_surface_5df9cded5cf949;cwa_capture_round_1a504b43c6d5:ingredient_panel;https://www.candywrapperarchive.com/candy-collector/2002-kit-kat/#ingredient_panel,,,,rights_review_needed,source_link_only_until_rights_review_clears_reuse,1,0
cwa-ingredient-priority-v1,cwa_ingredient_priority_0cdb29f83997,122,17,cwa_surface_4ec6857838d4e6,kit_kat_bar,Kit Kat Bar,2002,www.candywrapperarchive.com,https://www.candywrapperarchive.com/candy-collector/2002-kit-kat/,collector_archive_page,2002 Kit Kat - Nutrition panel,nutrition_panel,Nutrition panel,panel_capture_needed,high,private_nutrition_panel_crop,Crop the nutrition panel and serving-size text if visible.,nutrition_panel,cwa_surface_4ec6857838d4e6;kit_kat_bar:cwa_surface_4ec6857838d4e6;cwa_capture_round_1a504b43c6d5:nutrition_panel;https://www.candywrapperarchive.com/candy-collector/2002-kit-kat/#nutrition_panel,,,,rights_review_needed,source_link_only_until_rights_review_clears_reuse,1,0
cwa-ingredient-priority-v1,cwa_ingredient_priority_5a3486286b47,123,18,cwa_surface_7c9e678b08f9d4,kit_kat_bar,Kit Kat Bar,2002,www.candywrapperarchive.com,https://www.candywrapperarchive.com/candy-collector/2002-kit-kat/,collector_archive_page,2002 Kit Kat - Wrapper back or side text,wrapper_back_or_side,Wrapper back or side text,readable_panel_photo_needed,medium,private_back_or_side_text_crop,"Crop readable wrapper back/side text, prioritizing ingredients, nutrition, net weight, maker, or date cues.",package_back_side_text,cwa_surface_7c9e678b08f9d4;kit_kat_bar:cwa_surface_7c9e678b08f9d4;cwa_capture_round_1a504b43c6d5:wrapper_back_or_side;https://www.candywrapperarchive.com/candy-collector/2002-kit-kat/#wrapper_back_or_side,,,,rights_review_needed,source_link_only_until_rights_review_clears_reuse,1,0
cwa-ingredient-priority-v1,cwa_ingredient_priority_35c5d7cb981a,124,19,cwa_surface_73348d446a03d3,kit_kat_bar,Kit Kat Bar,2002,www.candywrapperarchive.com,https://www.candywrapperarchive.com/candy-collector/2002-kit-kat/,collector_archive_page,2002 Kit Kat - Net weight,net_weight,Net weight,readable_panel_photo_needed,medium,private_net_weight_crop,Crop net weight and package-size text.,net_weight,cwa_surface_73348d446a03d3;kit_kat_bar:cwa_surface_73348d446a03d3;cwa_capture_round_1a504b43c6d5:net_weight;https://www.candywrapperarchive.com/candy-collector/2002-kit-kat/#net_weight,,,,rights_review_needed,source_link_only_until_rights_review_clears_reuse,1,0
cwa-ingredient-priority-v1,cwa_ingredient_priority_b7490f60145f,125,20,cwa_surface_9418ddbc8297b0,kit_kat_bar,Kit Kat Bar,2002,www.candywrapperarchive.com,https://www.candywrapperarchive.com/candy-collector/2002-kit-kat/,collector_archive_page,2002 Kit Kat - Maker or date cue,maker_or_date,Maker or date cue,readable_panel_photo_needed,medium,private_maker_or_date_crop,"Crop maker/distributor, copyright, lot, or date cue text.",maker_distributor_or_date_cue,cwa_surface_9418ddbc8297b0;kit_kat_bar:cwa_surface_9418ddbc8297b0;cwa_capture_round_1a504b43c6d5:maker_or_date;https://www.candywrapperarchive.com/candy-collector/2002-kit-kat/#maker_or_date,,,,rights_review_needed,source_link_only_until_rights_review_clears_reuse,1,0
cwa-ingredient-priority-v1,cwa_ingredient_priority_dded5fe28551,126,21,cwa_surface_0f4fb4cf3d456c,kit_kat_bar,Kit Kat Bar,2006,www.candywrapperarchive.com,https://www.candywrapperarchive.com/candy-collector/2006-kit-kat/,collector_archive_page,2006 Kit Kat - Ingredient panel,ingredient_panel,Ingredient panel,panel_capture_needed,high,private_ingredient_panel_crop,Crop the ingredient statement with enough package context to preserve product/date cues.,ingredient_panel,cwa_surface_0f4fb4cf3d456c;kit_kat_bar:cwa_surface_0f4fb4cf3d456c;cwa_capture_round_3134983b023d:ingredient_panel;https://www.candywrapperarchive.com/candy-collector/2006-kit-kat/#ingredient_panel,,,,rights_review_needed,source_link_only_until_rights_review_clears_reuse,1,0
cwa-ingredient-priority-v1,cwa_ingredient_priority_eea8af585464,127,22,cwa_surface_6b65bdd91e9611,kit_kat_bar,Kit Kat Bar,2006,www.candywrapperarchive.com,https://www.candywrapperarchive.com/candy-collector/2006-kit-kat/,collector_archive_page,2006 Kit Kat - Nutrition panel,nutrition_panel,Nutrition panel,panel_capture_needed,high,private_nutrition_panel_crop,Crop the nutrition panel and serving-size text if visible.,nutrition_panel,cwa_surface_6b65bdd91e9611;kit_kat_bar:cwa_surface_6b65bdd91e9611;cwa_capture_round_3134983b023d:nutrition_panel;https://www.candywrapperarchive.com/candy-collector/2006-kit-kat/#nutrition_panel,,,,rights_review_needed,source_link_only_until_rights_review_clears_reuse,1,0
cwa-ingredient-priority-v1,cwa_ingredient_priority_e5cca3394a35,128,23,cwa_surface_9c5c75da0da24a,kit_kat_bar,Kit Kat Bar,2006,www.candywrapperarchive.com,https://www.candywrapperarchive.com/candy-collector/2006-kit-kat/,collector_archive_page,2006 Kit Kat - Wrapper back or side text,wrapper_back_or_side,Wrapper back or side text,readable_panel_photo_needed,medium,private_back_or_side_text_crop,"Crop readable wrapper back/side text, prioritizing ingredients, nutrition, net weight, maker, or date cues.",package_back_side_text,cwa_surface_9c5c75da0da24a;kit_kat_bar:cwa_surface_9c5c75da0da24a;cwa_capture_round_3134983b023d:wrapper_back_or_side;https://www.candywrapperarchive.com/candy-collector/2006-kit-kat/#wrapper_back_or_side,,,,rights_review_needed,source_link_only_until_rights_review_clears_reuse,1,0
cwa-ingredient-priority-v1,cwa_ingredient_priority_7a20c5908f9d,129,24,cwa_surface_7e925ed008e4f8,kit_kat_bar,Kit Kat Bar,2006,www.candywrapperarchive.com,https://www.candywrapperarchive.com/candy-collector/2006-kit-kat/,collector_archive_page,2006 Kit Kat - Net weight,net_weight,Net weight,readable_panel_photo_needed,medium,private_net_weight_crop,Crop net weight and package-size text.,net_weight,cwa_surface_7e925ed008e4f8;kit_kat_bar:cwa_surface_7e925ed008e4f8;cwa_capture_round_3134983b023d:net_weight;https://www.candywrapperarchive.com/candy-collector/2006-kit-kat/#net_weight,,,,rights_review_needed,source_link_only_until_rights_review_clears_reuse,1,0
cwa-ingredient-priority-v1,cwa_ingredient_priority_28f89796131a,130,25,cwa_surface_baafc157bad9d7,kit_kat_bar,Kit Kat Bar,2006,www.candywrapperarchive.com,https://www.candywrapperarchive.com/candy-collector/2006-kit-kat/,collector_archive_page,2006 Kit Kat - Maker or date cue,maker_or_date,Maker or date cue,readable_panel_photo_needed,medium,private_maker_or_date_crop,"Crop maker/distributor, copyright, lot, or date cue text.",maker_distributor_or_date_cue,cwa_surface_baafc157bad9d7;kit_kat_bar:cwa_surface_baafc157bad9d7;cwa_capture_round_3134983b023d:maker_or_date;https://www.candywrapperarchive.com/candy-collector/2006-kit-kat/#maker_or_date,,,,rights_review_needed,source_link_only_until_rights_review_clears_reuse,1,0
cwa-ingredient-priority-v1,cwa_ingredient_priority_963af3f02902,131,26,cwa_surface_7bc042dee88127,kit_kat_bar,Kit Kat Bar,2007,www.candywrapperarchive.com,https://www.candywrapperarchive.com/candy-collector/2007-kit-kat/,collector_archive_page,2007 Kit Kat - Ingredient panel,ingredient_panel,Ingredient panel,panel_capture_needed,high,private_ingredient_panel_crop,Crop the ingredient statement with enough package context to preserve product/date cues.,ingredient_panel,cwa_surface_7bc042dee88127;kit_kat_bar:cwa_surface_7bc042dee88127;cwa_capture_round_7ea03b5bae43:ingredient_panel;https://www.candywrapperarchive.com/candy-collector/2007-kit-kat/#ingredient_panel,,,,rights_review_needed,source_link_only_until_rights_review_clears_reuse,1,0
cwa-ingredient-priority-v1,cwa_ingredient_priority_e56a322c322c,132,27,cwa_surface_1671da08f64fcc,kit_kat_bar,Kit Kat Bar,2007,www.candywrapperarchive.com,https://www.candywrapperarchive.com/candy-collector/2007-kit-kat/,collector_archive_page,2007 Kit Kat - Nutrition panel,nutrition_panel,Nutrition panel,panel_capture_needed,high,private_nutrition_panel_crop,Crop the nutrition panel and serving-size text if visible.,nutrition_panel,cwa_surface_1671da08f64fcc;kit_kat_bar:cwa_surface_1671da08f64fcc;cwa_capture_round_7ea03b5bae43:nutrition_panel;https://www.candywrapperarchive.com/candy-collector/2007-kit-kat/#nutrition_panel,,,,rights_review_needed,source_link_only_until_rights_review_clears_reuse,1,0
cwa-ingredient-priority-v1,cwa_ingredient_priority_3a29cb9cde46,133,28,cwa_surface_931fb577211f8b,kit_kat_bar,Kit Kat Bar,2007,www.candywrapperarchive.com,https://www.candywrapperarchive.com/candy-collector/2007-kit-kat/,collector_archive_page,2007 Kit Kat - Wrapper back or side text,wrapper_back_or_side,Wrapper back or side text,readable_panel_photo_needed,medium,private_back_or_side_text_crop,"Crop readable wrapper back/side text, prioritizing ingredients, nutrition, net weight, maker, or date cues.",package_back_side_text,cwa_surface_931fb577211f8b;kit_kat_bar:cwa_surface_931fb577211f8b;cwa_capture_round_7ea03b5bae43:wrapper_back_or_side;https://www.candywrapperarchive.com/candy-collector/2007-kit-kat/#wrapper_back_or_side,,,,rights_review_needed,source_link_only_until_rights_review_clears_reuse,1,0
cwa-ingredient-priority-v1,cwa_ingredient_priority_e994c328ac2f,134,29,cwa_surface_0dd4d0c790f90e,kit_kat_bar,Kit Kat Bar,2007,www.candywrapperarchive.com,https://www.candywrapperarchive.com/candy-collector/2007-kit-kat/,collector_archive_page,2007 Kit Kat - Net weight,net_weight,Net weight,readable_panel_photo_needed,medium,private_net_weight_crop,Crop net weight and package-size text.,net_weight,cwa_surface_0dd4d0c790f90e;kit_kat_bar:cwa_surface_0dd4d0c790f90e;cwa_capture_round_7ea03b5bae43:net_weight;https://www.candywrapperarchive.com/candy-collector/2007-kit-kat/#net_weight,,,,rights_review_needed,source_link_only_until_rights_review_clears_reuse,1,0
cwa-ingredient-priority-v1,cwa_ingredient_priority_c1104515002e,135,30,cwa_surface_e9300d179fbb88,kit_kat_bar,Kit Kat Bar,2007,www.candywrapperarchive.com,https://www.candywrapperarchive.com/candy-collector/2007-kit-kat/,collector_archive_page,2007 Kit Kat - Maker or date cue,maker_or_date,Maker or date cue,readable_panel_photo_needed,medium,private_maker_or_date_crop,"Crop maker/distributor, copyright, lot, or date cue text.",maker_distributor_or_date_cue,cwa_surface_e9300d179fbb88;kit_kat_bar:cwa_surface_e9300d179fbb88;cwa_capture_round_7ea03b5bae43:maker_or_date;https://www.candywrapperarchive.com/candy-collector/2007-kit-kat/#maker_or_date,,,,rights_review_needed,source_link_only_until_rights_review_clears_reuse,1,0
cwa-ingredient-priority-v1,cwa_ingredient_priority_de3e86bb89f9,136,1,cwa_surface_8c9ebea2dd9b0c,snickers_bar,Snickers Bar,1939,www.candywrapperarchive.com,https://www.candywrapperarchive.com/candy-collector/1940s-snickers/,collector_archive_page,1939 Snickers - Ingredient panel,ingredient_panel,Ingredient panel,panel_capture_needed,high,private_ingredient_panel_crop,Crop the ingredient statement with enough package context to preserve product/date cues.,ingredient_panel,cwa_surface_8c9ebea2dd9b0c;snickers_bar:cwa_surface_8c9ebea2dd9b0c;cwa_capture_round_692553a418d6:ingredient_panel;https://www.candywrapperarchive.com/candy-collector/1940s-snickers/#ingredient_panel,,,,rights_review_needed,source_link_only_until_rights_review_clears_reuse,1,0
cwa-ingredient-priority-v1,cwa_ingredient_priority_ee52909736a5,137,2,cwa_surface_a24cdd1836466e,snickers_bar,Snickers Bar,1939,www.candywrapperarchive.com,https://www.candywrapperarchive.com/candy-collector/1940s-snickers/,collector_archive_page,1939 Snickers - Nutrition panel,nutrition_panel,Nutrition panel,panel_capture_needed,high,private_nutrition_panel_crop,Crop the nutrition panel and serving-size text if visible.,nutrition_panel,cwa_surface_a24cdd1836466e;snickers_bar:cwa_surface_a24cdd1836466e;cwa_capture_round_692553a418d6:nutrition_panel;https://www.candywrapperarchive.com/candy-collector/1940s-snickers/#nutrition_panel,,,,rights_review_needed,source_link_only_until_rights_review_clears_reuse,1,0
cwa-ingredient-priority-v1,cwa_ingredient_priority_548537867d83,138,3,cwa_surface_12092af18d1df5,snickers_bar,Snickers Bar,1939,www.candywrapperarchive.com,https://www.candywrapperarchive.com/candy-collector/1940s-snickers/,collector_archive_page,1939 Snickers - Wrapper back or side text,wrapper_back_or_side,Wrapper back or side text,readable_panel_photo_needed,medium,private_back_or_side_text_crop,"Crop readable wrapper back/side text, prioritizing ingredients, nutrition, net weight, maker, or date cues.",package_back_side_text,cwa_surface_12092af18d1df5;snickers_bar:cwa_surface_12092af18d1df5;cwa_capture_round_692553a418d6:wrapper_back_or_side;https://www.candywrapperarchive.com/candy-collector/1940s-snickers/#wrapper_back_or_side,,,,rights_review_needed,source_link_only_until_rights_review_clears_reuse,1,0
cwa-ingredient-priority-v1,cwa_ingredient_priority_2e36f20f72ec,139,4,cwa_surface_86e451113e2d67,snickers_bar,Snickers Bar,1939,www.candywrapperarchive.com,https://www.candywrapperarchive.com/candy-collector/1940s-snickers/,collector_archive_page,1939 Snickers - Net weight,net_weight,Net weight,readable_panel_photo_needed,medium,private_net_weight_crop,Crop net weight and package-size text.,net_weight,cwa_surface_86e451113e2d67;snickers_bar:cwa_surface_86e451113e2d67;cwa_capture_round_692553a418d6:net_weight;https://www.candywrapperarchive.com/candy-collector/1940s-snickers/#net_weight,,,,rights_review_needed,source_link_only_until_rights_review_clears_reuse,1,0
cwa-ingredient-priority-v1,cwa_ingredient_priority_6bec0c546315,140,5,cwa_surface_2260397e1bd33f,snickers_bar,Snickers Bar,1939,www.candywrapperarchive.com,https://www.candywrapperarchive.com/candy-collector/1940s-snickers/,collector_archive_page,1939 Snickers - Maker or date cue,maker_or_date,Maker or date cue,readable_panel_photo_needed,medium,private_maker_or_date_crop,"Crop maker/distributor, copyright, lot, or date cue text.",maker_distributor_or_date_cue,cwa_surface_2260397e1bd33f;snickers_bar:cwa_surface_2260397e1bd33f;cwa_capture_round_692553a418d6:maker_or_date;https://www.candywrapperarchive.com/candy-collector/1940s-snickers/#maker_or_date,,,,rights_review_needed,source_link_only_until_rights_review_clears_reuse,1,0
cwa-ingredient-priority-v1,cwa_ingredient_priority_93706b73b4c4,141,6,cwa_surface_f31376dcb1d0eb,snickers_bar,Snickers Bar,1940s,www.candywrapperarchive.com,https://www.candywrapperarchive.com/candy-collector/1940s-snickers-2/,collector_archive_page,1940s Snickers - Ingredient panel,ingredient_panel,Ingredient panel,panel_capture_needed,high,private_ingredient_panel_crop,Crop the ingredient statement with enough package context to preserve product/date cues.,ingredient_panel,cwa_surface_f31376dcb1d0eb;snickers_bar:cwa_surface_f31376dcb1d0eb;cwa_capture_round_318e9a774c5e:ingredient_panel;https://www.candywrapperarchive.com/candy-collector/1940s-snickers-2/#ingredient_panel,,,,rights_review_needed,source_link_only_until_rights_review_clears_reuse,1,0
cwa-ingredient-priority-v1,cwa_ingredient_priority_db97d48057a2,142,7,cwa_surface_02cdfa8d00292d,snickers_bar,Snickers Bar,1940s,www.candywrapperarchive.com,https://www.candywrapperarchive.com/candy-collector/1940s-snickers-2/,collector_archive_page,1940s Snickers - Nutrition panel,nutrition_panel,Nutrition panel,panel_capture_needed,high,private_nutrition_panel_crop,Crop the nutrition panel and serving-size text if visible.,nutrition_panel,cwa_surface_02cdfa8d00292d;snickers_bar:cwa_surface_02cdfa8d00292d;cwa_capture_round_318e9a774c5e:nutrition_panel;https://www.candywrapperarchive.com/candy-collector/1940s-snickers-2/#nutrition_panel,,,,rights_review_needed,source_link_only_until_rights_review_clears_reuse,1,0
cwa-ingredient-priority-v1,cwa_ingredient_priority_eb6846e296e1,143,8,cwa_surface_05240ddd2e52a2,snickers_bar,Snickers Bar,1940s,www.candywrapperarchive.com,https://www.candywrapperarchive.com/candy-collector/1940s-snickers-2/,collector_archive_page,1940s Snickers - Wrapper back or side text,wrapper_back_or_side,Wrapper back or side text,readable_panel_photo_needed,medium,private_back_or_side_text_crop,"Crop readable wrapper back/side text, prioritizing ingredients, nutrition, net weight, maker, or date cues.",package_back_side_text,cwa_surface_05240ddd2e52a2;snickers_bar:cwa_surface_05240ddd2e52a2;cwa_capture_round_318e9a774c5e:wrapper_back_or_side;https://www.candywrapperarchive.com/candy-collector/1940s-snickers-2/#wrapper_back_or_side,,,,rights_review_needed,source_link_only_until_rights_review_clears_reuse,1,0
cwa-ingredient-priority-v1,cwa_ingredient_priority_6c55b939a75a,144,9,cwa_surface_c8bedab03b3d8c,snickers_bar,Snickers Bar,1940s,www.candywrapperarchive.com,https://www.candywrapperarchive.com/candy-collector/1940s-snickers-2/,collector_archive_page,1940s Snickers - Net weight,net_weight,Net weight,readable_panel_photo_needed,medium,private_net_weight_crop,Crop net weight and package-size text.,net_weight,cwa_surface_c8bedab03b3d8c;snickers_bar:cwa_surface_c8bedab03b3d8c;cwa_capture_round_318e9a774c5e:net_weight;https://www.candywrapperarchive.com/candy-collector/1940s-snickers-2/#net_weight,,,,rights_review_needed,source_link_only_until_rights_review_clears_reuse,1,0
cwa-ingredient-priority-v1,cwa_ingredient_priority_72e6a28db510,145,10,cwa_surface_cf03a048305b61,snickers_bar,Snickers Bar,1940s,www.candywrapperarchive.com,https://www.candywrapperarchive.com/candy-collector/1940s-snickers-2/,collector_archive_page,1940s Snickers - Maker or date cue,maker_or_date,Maker or date cue,readable_panel_photo_needed,medium,private_maker_or_date_crop,"Crop maker/distributor, copyright, lot, or date cue text.",maker_distributor_or_date_cue,cwa_surface_cf03a048305b61;snickers_bar:cwa_surface_cf03a048305b61;cwa_capture_round_318e9a774c5e:maker_or_date;https://www.candywrapperarchive.com/candy-collector/1940s-snickers-2/#maker_or_date,,,,rights_review_needed,source_link_only_until_rights_review_clears_reuse,1,0
cwa-ingredient-priority-v1,cwa_ingredient_priority_077f61c0ae6b,146,11,cwa_surface_576bbad46b6867,snickers_bar,Snickers Bar,1950s,www.candywrapperarchive.com,https://www.candywrapperarchive.com/candy-collector/1950s-snickers/,collector_archive_page,1950s Snickers - Ingredient panel,ingredient_panel,Ingredient panel,panel_capture_needed,high,private_ingredient_panel_crop,Crop the ingredient statement with enough package context to preserve product/date cues.,ingredient_panel,cwa_surface_576bbad46b6867;snickers_bar:cwa_surface_576bbad46b6867;cwa_capture_round_202d511b3960:ingredient_panel;https://www.candywrapperarchive.com/candy-collector/1950s-snickers/#ingredient_panel,,,,rights_review_needed,source_link_only_until_rights_review_clears_reuse,1,0
cwa-ingredient-priority-v1,cwa_ingredient_priority_baacfb716d3f,147,12,cwa_surface_edbf7b798f577e,snickers_bar,Snickers Bar,1950s,www.candywrapperarchive.com,https://www.candywrapperarchive.com/candy-collector/1950s-snickers/,collector_archive_page,1950s Snickers - Nutrition panel,nutrition_panel,Nutrition panel,panel_capture_needed,high,private_nutrition_panel_crop,Crop the nutrition panel and serving-size text if visible.,nutrition_panel,cwa_surface_edbf7b798f577e;snickers_bar:cwa_surface_edbf7b798f577e;cwa_capture_round_202d511b3960:nutrition_panel;https://www.candywrapperarchive.com/candy-collector/1950s-snickers/#nutrition_panel,,,,rights_review_needed,source_link_only_until_rights_review_clears_reuse,1,0
cwa-ingredient-priority-v1,cwa_ingredient_priority_4391a5681c1e,148,13,cwa_surface_13619e5a623184,snickers_bar,Snickers Bar,1950s,www.candywrapperarchive.com,https://www.candywrapperarchive.com/candy-collector/1950s-snickers/,collector_archive_page,1950s Snickers - Wrapper back or side text,wrapper_back_or_side,Wrapper back or side text,readable_panel_photo_needed,medium,private_back_or_side_text_crop,"Crop readable wrapper back/side text, prioritizing ingredients, nutrition, net weight, maker, or date cues.",package_back_side_text,cwa_surface_13619e5a623184;snickers_bar:cwa_surface_13619e5a623184;cwa_capture_round_202d511b3960:wrapper_back_or_side;https://www.candywrapperarchive.com/candy-collector/1950s-snickers/#wrapper_back_or_side,,,,rights_review_needed,source_link_only_until_rights_review_clears_reuse,1,0
cwa-ingredient-priority-v1,cwa_ingredient_priority_de9b75c17ce0,149,14,cwa_surface_1337764f361ee7,snickers_bar,Snickers Bar,1950s,www.candywrapperarchive.com,https://www.candywrapperarchive.com/candy-collector/1950s-snickers/,collector_archive_page,1950s Snickers - Net weight,net_weight,Net weight,readable_panel_photo_needed,medium,private_net_weight_crop,Crop net weight and package-size text.,net_weight,cwa_surface_1337764f361ee7;snickers_bar:cwa_surface_1337764f361ee7;cwa_capture_round_202d511b3960:net_weight;https://www.candywrapperarchive.com/candy-collector/1950s-snickers/#net_weight,,,,rights_review_needed,source_link_only_until_rights_review_clears_reuse,1,0
cwa-ingredient-priority-v1,cwa_ingredient_priority_dd0dd39cdfc2,150,15,cwa_surface_370be1b4dd989a,snickers_bar,Snickers Bar,1950s,www.candywrapperarchive.com,https://www.candywrapperarchive.com/candy-collector/1950s-snickers/,collector_archive_page,1950s Snickers - Maker or date cue,maker_or_date,Maker or date cue,readable_panel_photo_needed,medium,private_maker_or_date_crop,"Crop maker/distributor, copyright, lot, or date cue text.",maker_distributor_or_date_cue,cwa_surface_370be1b4dd989a;snickers_bar:cwa_surface_370be1b4dd989a;cwa_capture_round_202d511b3960:maker_or_date;https://www.candywrapperarchive.com/candy-collector/1950s-snickers/#maker_or_date,,,,rights_review_needed,source_link_only_until_rights_review_clears_reuse,1,0
cwa-ingredient-priority-v1,cwa_ingredient_priority_a035923069d3,151,16,cwa_surface_0f1a55799ad399,snickers_bar,Snickers Bar,1983,www.candywrapperarchive.com,https://www.candywrapperarchive.com/candy-collector/1983-snickers/,collector_archive_page,1983 Snickers - Ingredient panel,ingredient_panel,Ingredient panel,panel_capture_needed,high,private_ingredient_panel_crop,Crop the ingredient statement with enough package context to preserve product/date cues.,ingredient_panel,cwa_surface_0f1a55799ad399;snickers_bar:cwa_surface_0f1a55799ad399;cwa_capture_round_74301d6fffd3:ingredient_panel;https://www.candywrapperarchive.com/candy-collector/1983-snickers/#ingredient_panel,,,,rights_review_needed,source_link_only_until_rights_review_clears_reuse,1,0
cwa-ingredient-priority-v1,cwa_ingredient_priority_934711f41af3,152,17,cwa_surface_d8dd442b893e8c,snickers_bar,Snickers Bar,1983,www.candywrapperarchive.com,https://www.candywrapperarchive.com/candy-collector/1983-snickers/,collector_archive_page,1983 Snickers - Nutrition panel,nutrition_panel,Nutrition panel,panel_capture_needed,high,private_nutrition_panel_crop,Crop the nutrition panel and serving-size text if visible.,nutrition_panel,cwa_surface_d8dd442b893e8c;snickers_bar:cwa_surface_d8dd442b893e8c;cwa_capture_round_74301d6fffd3:nutrition_panel;https://www.candywrapperarchive.com/candy-collector/1983-snickers/#nutrition_panel,,,,rights_review_needed,source_link_only_until_rights_review_clears_reuse,1,0
cwa-ingredient-priority-v1,cwa_ingredient_priority_adc0c36657f1,153,18,cwa_surface_7ea2b8f8a9a0e9,snickers_bar,Snickers Bar,1983,www.candywrapperarchive.com,https://www.candywrapperarchive.com/candy-collector/1983-snickers/,collector_archive_page,1983 Snickers - Wrapper back or side text,wrapper_back_or_side,Wrapper back or side text,readable_panel_photo_needed,medium,private_back_or_side_text_crop,"Crop readable wrapper back/side text, prioritizing ingredients, nutrition, net weight, maker, or date cues.",package_back_side_text,cwa_surface_7ea2b8f8a9a0e9;snickers_bar:cwa_surface_7ea2b8f8a9a0e9;cwa_capture_round_74301d6fffd3:wrapper_back_or_side;https://www.candywrapperarchive.com/candy-collector/1983-snickers/#wrapper_back_or_side,,,,rights_review_needed,source_link_only_until_rights_review_clears_reuse,1,0
cwa-ingredient-priority-v1,cwa_ingredient_priority_7008eba1dc16,154,19,cwa_surface_0e06d52a93acee,snickers_bar,Snickers Bar,1983,www.candywrapperarchive.com,https://www.candywrapperarchive.com/candy-collector/1983-snickers/,collector_archive_page,1983 Snickers - Net weight,net_weight,Net weight,readable_panel_photo_needed,medium,private_net_weight_crop,Crop net weight and package-size text.,net_weight,cwa_surface_0e06d52a93acee;snickers_bar:cwa_surface_0e06d52a93acee;cwa_capture_round_74301d6fffd3:net_weight;https://www.candywrapperarchive.com/candy-collector/1983-snickers/#net_weight,,,,rights_review_needed,source_link_only_until_rights_review_clears_reuse,1,0
cwa-ingredient-priority-v1,cwa_ingredient_priority_6bfc0dfc59a6,155,20,cwa_surface_2b2a669e5aa8f4,snickers_bar,Snickers Bar,1983,www.candywrapperarchive.com,https://www.candywrapperarchive.com/candy-collector/1983-snickers/,collector_archive_page,1983 Snickers - Maker or date cue,maker_or_date,Maker or date cue,readable_panel_photo_needed,medium,private_maker_or_date_crop,"Crop maker/distributor, copyright, lot, or date cue text.",maker_distributor_or_date_cue,cwa_surface_2b2a669e5aa8f4;snickers_bar:cwa_surface_2b2a669e5aa8f4;cwa_capture_round_74301d6fffd3:maker_or_date;https://www.candywrapperarchive.com/candy-collector/1983-snickers/#maker_or_date,,,,rights_review_needed,source_link_only_until_rights_review_clears_reuse,1,0
cwa-ingredient-priority-v1,cwa_ingredient_priority_548c9b17ee58,156,21,cwa_surface_a6477149445aae,snickers_bar,Snickers Bar,1990,www.candywrapperarchive.com,https://www.candywrapperarchive.com/candy-collector/1990-snickers/,collector_archive_page,1990 Snickers - Ingredient panel,ingredient_panel,Ingredient panel,panel_capture_needed,high,private_ingredient_panel_crop,Crop the ingredient statement with enough package context to preserve product/date cues.,ingredient_panel,cwa_surface_a6477149445aae;snickers_bar:cwa_surface_a6477149445aae;cwa_capture_round_02a80815c583:ingredient_panel;https://www.candywrapperarchive.com/candy-collector/1990-snickers/#ingredient_panel,,,,rights_review_needed,source_link_only_until_rights_review_clears_reuse,1,0
cwa-ingredient-priority-v1,cwa_ingredient_priority_9bfb3434bf28,157,22,cwa_surface_e3714d96bab61d,snickers_bar,Snickers Bar,1990,www.candywrapperarchive.com,https://www.candywrapperarchive.com/candy-collector/1990-snickers/,collector_archive_page,1990 Snickers - Nutrition panel,nutrition_panel,Nutrition panel,panel_capture_needed,high,private_nutrition_panel_crop,Crop the nutrition panel and serving-size text if visible.,nutrition_panel,cwa_surface_e3714d96bab61d;snickers_bar:cwa_surface_e3714d96bab61d;cwa_capture_round_02a80815c583:nutrition_panel;https://www.candywrapperarchive.com/candy-collector/1990-snickers/#nutrition_panel,,,,rights_review_needed,source_link_only_until_rights_review_clears_reuse,1,0
cwa-ingredient-priority-v1,cwa_ingredient_priority_5f4e209a454a,158,23,cwa_surface_ead351a7a4d78f,snickers_bar,Snickers Bar,1990,www.candywrapperarchive.com,https://www.candywrapperarchive.com/candy-collector/1990-snickers/,collector_archive_page,1990 Snickers - Wrapper back or side text,wrapper_back_or_side,Wrapper back or side text,readable_panel_photo_needed,medium,private_back_or_side_text_crop,"Crop readable wrapper back/side text, prioritizing ingredients, nutrition, net weight, maker, or date cues.",package_back_side_text,cwa_surface_ead351a7a4d78f;snickers_bar:cwa_surface_ead351a7a4d78f;cwa_capture_round_02a80815c583:wrapper_back_or_side;https://www.candywrapperarchive.com/candy-collector/1990-snickers/#wrapper_back_or_side,,,,rights_review_needed,source_link_only_until_rights_review_clears_reuse,1,0
cwa-ingredient-priority-v1,cwa_ingredient_priority_d6d5e81bbbb5,159,24,cwa_surface_4775897b347a03,snickers_bar,Snickers Bar,1990,www.candywrapperarchive.com,https://www.candywrapperarchive.com/candy-collector/1990-snickers/,collector_archive_page,1990 Snickers - Net weight,net_weight,Net weight,readable_panel_photo_needed,medium,private_net_weight_crop,Crop net weight and package-size text.,net_weight,cwa_surface_4775897b347a03;snickers_bar:cwa_surface_4775897b347a03;cwa_capture_round_02a80815c583:net_weight;https://www.candywrapperarchive.com/candy-collector/1990-snickers/#net_weight,,,,rights_review_needed,source_link_only_until_rights_review_clears_reuse,1,0
cwa-ingredient-priority-v1,cwa_ingredient_priority_38df597cd6b4,160,25,cwa_surface_465c368200d499,snickers_bar,Snickers Bar,1990,www.candywrapperarchive.com,https://www.candywrapperarchive.com/candy-collector/1990-snickers/,collector_archive_page,1990 Snickers - Maker or date cue,maker_or_date,Maker or date cue,readable_panel_photo_needed,medium,private_maker_or_date_crop,"Crop maker/distributor, copyright, lot, or date cue text.",maker_distributor_or_date_cue,cwa_surface_465c368200d499;snickers_bar:cwa_surface_465c368200d499;cwa_capture_round_02a80815c583:maker_or_date;https://www.candywrapperarchive.com/candy-collector/1990-snickers/#maker_or_date,,,,rights_review_needed,source_link_only_until_rights_review_clears_reuse,1,0
cwa-ingredient-priority-v1,cwa_ingredient_priority_69f44ad278cf,161,26,cwa_surface_2dbeb6865b0619,snickers_bar,Snickers Bar,2002,www.candywrapperarchive.com,https://www.candywrapperarchive.com/candy-collector/2002-snickers/,collector_archive_page,2002 Snickers - Ingredient panel,ingredient_panel,Ingredient panel,panel_capture_needed,high,private_ingredient_panel_crop,Crop the ingredient statement with enough package context to preserve product/date cues.,ingredient_panel,cwa_surface_2dbeb6865b0619;snickers_bar:cwa_surface_2dbeb6865b0619;cwa_capture_round_285ef8c63644:ingredient_panel;https://www.candywrapperarchive.com/candy-collector/2002-snickers/#ingredient_panel,,,,rights_review_needed,source_link_only_until_rights_review_clears_reuse,1,0
cwa-ingredient-priority-v1,cwa_ingredient_priority_ea7855a23d27,162,27,cwa_surface_613bc14d10a5a3,snickers_bar,Snickers Bar,2002,www.candywrapperarchive.com,https://www.candywrapperarchive.com/candy-collector/2002-snickers/,collector_archive_page,2002 Snickers - Nutrition panel,nutrition_panel,Nutrition panel,panel_capture_needed,high,private_nutrition_panel_crop,Crop the nutrition panel and serving-size text if visible.,nutrition_panel,cwa_surface_613bc14d10a5a3;snickers_bar:cwa_surface_613bc14d10a5a3;cwa_capture_round_285ef8c63644:nutrition_panel;https://www.candywrapperarchive.com/candy-collector/2002-snickers/#nutrition_panel,,,,rights_review_needed,source_link_only_until_rights_review_clears_reuse,1,0
cwa-ingredient-priority-v1,cwa_ingredient_priority_e8c2cefb0163,163,28,cwa_surface_0e9c22e3513a65,snickers_bar,Snickers Bar,2002,www.candywrapperarchive.com,https://www.candywrapperarchive.com/candy-collector/2002-snickers/,collector_archive_page,2002 Snickers - Wrapper back or side text,wrapper_back_or_side,Wrapper back or side text,readable_panel_photo_needed,medium,private_back_or_side_text_crop,"Crop readable wrapper back/side text, prioritizing ingredients, nutrition, net weight, maker, or date cues.",package_back_side_text,cwa_surface_0e9c22e3513a65;snickers_bar:cwa_surface_0e9c22e3513a65;cwa_capture_round_285ef8c63644:wrapper_back_or_side;https://www.candywrapperarchive.com/candy-collector/2002-snickers/#wrapper_back_or_side,,,,rights_review_needed,source_link_only_until_rights_review_clears_reuse,1,0
cwa-ingredient-priority-v1,cwa_ingredient_priority_5c46c3bd077d,164,29,cwa_surface_b40cbee5e72ca6,snickers_bar,Snickers Bar,2002,www.candywrapperarchive.com,https://www.candywrapperarchive.com/candy-collector/2002-snickers/,collector_archive_page,2002 Snickers - Net weight,net_weight,Net weight,readable_panel_photo_needed,medium,private_net_weight_crop,Crop net weight and package-size text.,net_weight,cwa_surface_b40cbee5e72ca6;snickers_bar:cwa_surface_b40cbee5e72ca6;cwa_capture_round_285ef8c63644:net_weight;https://www.candywrapperarchive.com/candy-collector/2002-snickers/#net_weight,,,,rights_review_needed,source_link_only_until_rights_review_clears_reuse,1,0
cwa-ingredient-priority-v1,cwa_ingredient_priority_5cd53ef4a8c0,165,30,cwa_surface_933811479ce0cf,snickers_bar,Snickers Bar,2002,www.candywrapperarchive.com,https://www.candywrapperarchive.com/candy-collector/2002-snickers/,collector_archive_page,2002 Snickers - Maker or date cue,maker_or_date,Maker or date cue,readable_panel_photo_needed,medium,private_maker_or_date_crop,"Crop maker/distributor, copyright, lot, or date cue text.",maker_distributor_or_date_cue,cwa_surface_933811479ce0cf;snickers_bar:cwa_surface_933811479ce0cf;cwa_capture_round_285ef8c63644:maker_or_date;https://www.candywrapperarchive.com/candy-collector/2002-snickers/#maker_or_date,,,,rights_review_needed,source_link_only_until_rights_review_clears_reuse,1,0
cwa-ingredient-priority-v1,cwa_ingredient_priority_8c5613b99563,166,1,cwa_surface_8dc0fb5d539b02,mms_milk_chocolate,M&M's Milk Chocolate Candies,1970s,www.candywrapperarchive.com,https://www.candywrapperarchive.com/candy-collector/1970s-mms/,collector_archive_page,1970s M&Ms - Ingredient panel,ingredient_panel,Ingredient panel,panel_capture_needed,high,private_ingredient_panel_crop,Crop the ingredient statement with enough package context to preserve product/date cues.,ingredient_panel,cwa_surface_8dc0fb5d539b02;mms_milk_chocolate:cwa_surface_8dc0fb5d539b02;cwa_capture_round_aa2b495293ec:ingredient_panel;https://www.candywrapperarchive.com/candy-collector/1970s-mms/#ingredient_panel,,,,rights_review_needed,source_link_only_until_rights_review_clears_reuse,1,0
cwa-ingredient-priority-v1,cwa_ingredient_priority_d5fbdae81fc4,167,2,cwa_surface_62bfa9b9b015d9,mms_milk_chocolate,M&M's Milk Chocolate Candies,1970s,www.candywrapperarchive.com,https://www.candywrapperarchive.com/candy-collector/1970s-mms/,collector_archive_page,1970s M&Ms - Nutrition panel,nutrition_panel,Nutrition panel,panel_capture_needed,high,private_nutrition_panel_crop,Crop the nutrition panel and serving-size text if visible.,nutrition_panel,cwa_surface_62bfa9b9b015d9;mms_milk_chocolate:cwa_surface_62bfa9b9b015d9;cwa_capture_round_aa2b495293ec:nutrition_panel;https://www.candywrapperarchive.com/candy-collector/1970s-mms/#nutrition_panel,,,,rights_review_needed,source_link_only_until_rights_review_clears_reuse,1,0
cwa-ingredient-priority-v1,cwa_ingredient_priority_d5c14607deb2,168,3,cwa_surface_a1b2a3e2c92e42,mms_milk_chocolate,M&M's Milk Chocolate Candies,1970s,www.candywrapperarchive.com,https://www.candywrapperarchive.com/candy-collector/1970s-mms/,collector_archive_page,1970s M&Ms - Wrapper back or side text,wrapper_back_or_side,Wrapper back or side text,readable_panel_photo_needed,medium,private_back_or_side_text_crop,"Crop readable wrapper back/side text, prioritizing ingredients, nutrition, net weight, maker, or date cues.",package_back_side_text,cwa_surface_a1b2a3e2c92e42;mms_milk_chocolate:cwa_surface_a1b2a3e2c92e42;cwa_capture_round_aa2b495293ec:wrapper_back_or_side;https://www.candywrapperarchive.com/candy-collector/1970s-mms/#wrapper_back_or_side,,,,rights_review_needed,source_link_only_until_rights_review_clears_reuse,1,0
cwa-ingredient-priority-v1,cwa_ingredient_priority_4f50f10f2b5e,169,4,cwa_surface_f4f7f01caffd86,mms_milk_chocolate,M&M's Milk Chocolate Candies,1970s,www.candywrapperarchive.com,https://www.candywrapperarchive.com/candy-collector/1970s-mms/,collector_archive_page,1970s M&Ms - Net weight,net_weight,Net weight,readable_panel_photo_needed,medium,private_net_weight_crop,Crop net weight and package-size text.,net_weight,cwa_surface_f4f7f01caffd86;mms_milk_chocolate:cwa_surface_f4f7f01caffd86;cwa_capture_round_aa2b495293ec:net_weight;https://www.candywrapperarchive.com/candy-collector/1970s-mms/#net_weight,,,,rights_review_needed,source_link_only_until_rights_review_clears_reuse,1,0
cwa-ingredient-priority-v1,cwa_ingredient_priority_7621de30deff,170,5,cwa_surface_c55224eaf3dffe,mms_milk_chocolate,M&M's Milk Chocolate Candies,1970s,www.candywrapperarchive.com,https://www.candywrapperarchive.com/candy-collector/1970s-mms/,collector_archive_page,1970s M&Ms - Maker or date cue,maker_or_date,Maker or date cue,readable_panel_photo_needed,medium,private_maker_or_date_crop,"Crop maker/distributor, copyright, lot, or date cue text.",maker_distributor_or_date_cue,cwa_surface_c55224eaf3dffe;mms_milk_chocolate:cwa_surface_c55224eaf3dffe;cwa_capture_round_aa2b495293ec:maker_or_date;https://www.candywrapperarchive.com/candy-collector/1970s-mms/#maker_or_date,,,,rights_review_needed,source_link_only_until_rights_review_clears_reuse,1,0
cwa-ingredient-priority-v1,cwa_ingredient_priority_737a6f6d1d20,171,6,cwa_surface_99c51d14dc8f89,mms_milk_chocolate,M&M's Milk Chocolate Candies,1997,www.candywrapperarchive.com,https://www.candywrapperarchive.com/candy-collector/1997-mm/,collector_archive_page,1997 M&M - Ingredient panel,ingredient_panel,Ingredient panel,panel_capture_needed,high,private_ingredient_panel_crop,Crop the ingredient statement with enough package context to preserve product/date cues.,ingredient_panel,cwa_surface_99c51d14dc8f89;mms_milk_chocolate:cwa_surface_99c51d14dc8f89;cwa_capture_round_348bdfa9cb4c:ingredient_panel;https://www.candywrapperarchive.com/candy-collector/1997-mm/#ingredient_panel,,,,rights_review_needed,source_link_only_until_rights_review_clears_reuse,1,0
cwa-ingredient-priority-v1,cwa_ingredient_priority_60fe432db418,172,7,cwa_surface_b85fe5b69365d6,mms_milk_chocolate,M&M's Milk Chocolate Candies,1997,www.candywrapperarchive.com,https://www.candywrapperarchive.com/candy-collector/1997-mm/,collector_archive_page,1997 M&M - Nutrition panel,nutrition_panel,Nutrition panel,panel_capture_needed,high,private_nutrition_panel_crop,Crop the nutrition panel and serving-size text if visible.,nutrition_panel,cwa_surface_b85fe5b69365d6;mms_milk_chocolate:cwa_surface_b85fe5b69365d6;cwa_capture_round_348bdfa9cb4c:nutrition_panel;https://www.candywrapperarchive.com/candy-collector/1997-mm/#nutrition_panel,,,,rights_review_needed,source_link_only_until_rights_review_clears_reuse,1,0
cwa-ingredient-priority-v1,cwa_ingredient_priority_6db15ab1b72c,173,8,cwa_surface_26b9ad647ef323,mms_milk_chocolate,M&M's Milk Chocolate Candies,1997,www.candywrapperarchive.com,https://www.candywrapperarchive.com/candy-collector/1997-mm/,collector_archive_page,1997 M&M - Wrapper back or side text,wrapper_back_or_side,Wrapper back or side text,readable_panel_photo_needed,medium,private_back_or_side_text_crop,"Crop readable wrapper back/side text, prioritizing ingredients, nutrition, net weight, maker, or date cues.",package_back_side_text,cwa_surface_26b9ad647ef323;mms_milk_chocolate:cwa_surface_26b9ad647ef323;cwa_capture_round_348bdfa9cb4c:wrapper_back_or_side;https://www.candywrapperarchive.com/candy-collector/1997-mm/#wrapper_back_or_side,,,,rights_review_needed,source_link_only_until_rights_review_clears_reuse,1,0
cwa-ingredient-priority-v1,cwa_ingredient_priority_ef1333596c5b,174,9,cwa_surface_a8ebd760ac4a2f,mms_milk_chocolate,M&M's Milk Chocolate Candies,1997,www.candywrapperarchive.com,https://www.candywrapperarchive.com/candy-collector/1997-mm/,collector_archive_page,1997 M&M - Net weight,net_weight,Net weight,readable_panel_photo_needed,medium,private_net_weight_crop,Crop net weight and package-size text.,net_weight,cwa_surface_a8ebd760ac4a2f;mms_milk_chocolate:cwa_surface_a8ebd760ac4a2f;cwa_capture_round_348bdfa9cb4c:net_weight;https://www.candywrapperarchive.com/candy-collector/1997-mm/#net_weight,,,,rights_review_needed,source_link_only_until_rights_review_clears_reuse,1,0
cwa-ingredient-priority-v1,cwa_ingredient_priority_e5bd18ef8e53,175,10,cwa_surface_2c179e3fec3e7a,mms_milk_chocolate,M&M's Milk Chocolate Candies,1997,www.candywrapperarchive.com,https://www.candywrapperarchive.com/candy-collector/1997-mm/,collector_archive_page,1997 M&M - Maker or date cue,maker_or_date,Maker or date cue,readable_panel_photo_needed,medium,private_maker_or_date_crop,"Crop maker/distributor, copyright, lot, or date cue text.",maker_distributor_or_date_cue,cwa_surface_2c179e3fec3e7a;mms_milk_chocolate:cwa_surface_2c179e3fec3e7a;cwa_capture_round_348bdfa9cb4c:maker_or_date;https://www.candywrapperarchive.com/candy-collector/1997-mm/#maker_or_date,,,,rights_review_needed,source_link_only_until_rights_review_clears_reuse,1,0
cwa-ingredient-priority-v1,cwa_ingredient_priority_501c636cbeea,176,11,cwa_surface_95418c2d5cbfcb,mms_milk_chocolate,M&M's Milk Chocolate Candies,1997,www.candywrapperarchive.com,https://www.candywrapperarchive.com/candy-collector/1997-mm-2/,collector_archive_page,1997 M&M - Ingredient panel,ingredient_panel,Ingredient panel,panel_capture_needed,high,private_ingredient_panel_crop,Crop the ingredient statement with enough package context to preserve product/date cues.,ingredient_panel,cwa_surface_95418c2d5cbfcb;mms_milk_chocolate:cwa_surface_95418c2d5cbfcb;cwa_capture_round_fe755a01a3e0:ingredient_panel;https://www.candywrapperarchive.com/candy-collector/1997-mm-2/#ingredient_panel,,,,rights_review_needed,source_link_only_until_rights_review_clears_reuse,1,0
cwa-ingredient-priority-v1,cwa_ingredient_priority_6db55ca7095b,177,12,cwa_surface_c879eeaf5fa25b,mms_milk_chocolate,M&M's Milk Chocolate Candies,1997,www.candywrapperarchive.com,https://www.candywrapperarchive.com/candy-collector/1997-mm-2/,collector_archive_page,1997 M&M - Nutrition panel,nutrition_panel,Nutrition panel,panel_capture_needed,high,private_nutrition_panel_crop,Crop the nutrition panel and serving-size text if visible.,nutrition_panel,cwa_surface_c879eeaf5fa25b;mms_milk_chocolate:cwa_surface_c879eeaf5fa25b;cwa_capture_round_fe755a01a3e0:nutrition_panel;https://www.candywrapperarchive.com/candy-collector/1997-mm-2/#nutrition_panel,,,,rights_review_needed,source_link_only_until_rights_review_clears_reuse,1,0
cwa-ingredient-priority-v1,cwa_ingredient_priority_a203fd441fd5,178,13,cwa_surface_930f70821f7eea,mms_milk_chocolate,M&M's Milk Chocolate Candies,1997,www.candywrapperarchive.com,https://www.candywrapperarchive.com/candy-collector/1997-mm-2/,collector_archive_page,1997 M&M - Wrapper back or side text,wrapper_back_or_side,Wrapper back or side text,readable_panel_photo_needed,medium,private_back_or_side_text_crop,"Crop readable wrapper back/side text, prioritizing ingredients, nutrition, net weight, maker, or date cues.",package_back_side_text,cwa_surface_930f70821f7eea;mms_milk_chocolate:cwa_surface_930f70821f7eea;cwa_capture_round_fe755a01a3e0:wrapper_back_or_side;https://www.candywrapperarchive.com/candy-collector/1997-mm-2/#wrapper_back_or_side,,,,rights_review_needed,source_link_only_until_rights_review_clears_reuse,1,0
cwa-ingredient-priority-v1,cwa_ingredient_priority_8bf39f8e2b64,179,14,cwa_surface_e62dc30c513726,mms_milk_chocolate,M&M's Milk Chocolate Candies,1997,www.candywrapperarchive.com,https://www.candywrapperarchive.com/candy-collector/1997-mm-2/,collector_archive_page,1997 M&M - Net weight,net_weight,Net weight,readable_panel_photo_needed,medium,private_net_weight_crop,Crop net weight and package-size text.,net_weight,cwa_surface_e62dc30c513726;mms_milk_chocolate:cwa_surface_e62dc30c513726;cwa_capture_round_fe755a01a3e0:net_weight;https://www.candywrapperarchive.com/candy-collector/1997-mm-2/#net_weight,,,,rights_review_needed,source_link_only_until_rights_review_clears_reuse,1,0
cwa-ingredient-priority-v1,cwa_ingredient_priority_f97a8d067e50,180,15,cwa_surface_c6724e841ef848,mms_milk_chocolate,M&M's Milk Chocolate Candies,1997,www.candywrapperarchive.com,https://www.candywrapperarchive.com/candy-collector/1997-mm-2/,collector_archive_page,1997 M&M - Maker or date cue,maker_or_date,Maker or date cue,readable_panel_photo_needed,medium,private_maker_or_date_crop,"Crop maker/distributor, copyright, lot, or date cue text.",maker_distributor_or_date_cue,cwa_surface_c6724e841ef848;mms_milk_chocolate:cwa_surface_c6724e841ef848;cwa_capture_round_fe755a01a3e0:maker_or_date;https://www.candywrapperarchive.com/candy-collector/1997-mm-2/#maker_or_date,,,,rights_review_needed,source_link_only_until_rights_review_clears_reuse,1,0
cwa-ingredient-priority-v1,cwa_ingredient_priority_be3d5b433cf5,181,16,cwa_surface_568648b4da5d7c,mms_milk_chocolate,M&M's Milk Chocolate Candies,1998,www.candywrapperarchive.com,https://www.candywrapperarchive.com/candy-collector/1998-mm-2/,collector_archive_page,1998 M&M - Ingredient panel,ingredient_panel,Ingredient panel,panel_capture_needed,high,private_ingredient_panel_crop,Crop the ingredient statement with enough package context to preserve product/date cues.,ingredient_panel,cwa_surface_568648b4da5d7c;mms_milk_chocolate:cwa_surface_568648b4da5d7c;cwa_capture_round_340f34a25f9d:ingredient_panel;https://www.candywrapperarchive.com/candy-collector/1998-mm-2/#ingredient_panel,,,,rights_review_needed,source_link_only_until_rights_review_clears_reuse,1,0
cwa-ingredient-priority-v1,cwa_ingredient_priority_7cfcae6f1aa3,182,17,cwa_surface_6c578dd8b244f1,mms_milk_chocolate,M&M's Milk Chocolate Candies,1998,www.candywrapperarchive.com,https://www.candywrapperarchive.com/candy-collector/1998-mm-2/,collector_archive_page,1998 M&M - Nutrition panel,nutrition_panel,Nutrition panel,panel_capture_needed,high,private_nutrition_panel_crop,Crop the nutrition panel and serving-size text if visible.,nutrition_panel,cwa_surface_6c578dd8b244f1;mms_milk_chocolate:cwa_surface_6c578dd8b244f1;cwa_capture_round_340f34a25f9d:nutrition_panel;https://www.candywrapperarchive.com/candy-collector/1998-mm-2/#nutrition_panel,,,,rights_review_needed,source_link_only_until_rights_review_clears_reuse,1,0
cwa-ingredient-priority-v1,cwa_ingredient_priority_f86fd54ee3b7,183,18,cwa_surface_fa28792de5e367,mms_milk_chocolate,M&M's Milk Chocolate Candies,1998,www.candywrapperarchive.com,https://www.candywrapperarchive.com/candy-collector/1998-mm-2/,collector_archive_page,1998 M&M - Wrapper back or side text,wrapper_back_or_side,Wrapper back or side text,readable_panel_photo_needed,medium,private_back_or_side_text_crop,"Crop readable wrapper back/side text, prioritizing ingredients, nutrition, net weight, maker, or date cues.",package_back_side_text,cwa_surface_fa28792de5e367;mms_milk_chocolate:cwa_surface_fa28792de5e367;cwa_capture_round_340f34a25f9d:wrapper_back_or_side;https://www.candywrapperarchive.com/candy-collector/1998-mm-2/#wrapper_back_or_side,,,,rights_review_needed,source_link_only_until_rights_review_clears_reuse,1,0
cwa-ingredient-priority-v1,cwa_ingredient_priority_4b94cef6ddab,184,19,cwa_surface_f66edea2ad6a49,mms_milk_chocolate,M&M's Milk Chocolate Candies,1998,www.candywrapperarchive.com,https://www.candywrapperarchive.com/candy-collector/1998-mm-2/,collector_archive_page,1998 M&M - Net weight,net_weight,Net weight,readable_panel_photo_needed,medium,private_net_weight_crop,Crop net weight and package-size text.,net_weight,cwa_surface_f66edea2ad6a49;mms_milk_chocolate:cwa_surface_f66edea2ad6a49;cwa_capture_round_340f34a25f9d:net_weight;https://www.candywrapperarchive.com/candy-collector/1998-mm-2/#net_weight,,,,rights_review_needed,source_link_only_until_rights_review_clears_reuse,1,0
cwa-ingredient-priority-v1,cwa_ingredient_priority_ce32b73263a8,185,20,cwa_surface_698b688b1d43a8,mms_milk_chocolate,M&M's Milk Chocolate Candies,1998,www.candywrapperarchive.com,https://www.candywrapperarchive.com/candy-collector/1998-mm-2/,collector_archive_page,1998 M&M - Maker or date cue,maker_or_date,Maker or date cue,readable_panel_photo_needed,medium,private_maker_or_date_crop,"Crop maker/distributor, copyright, lot, or date cue text.",maker_distributor_or_date_cue,cwa_surface_698b688b1d43a8;mms_milk_chocolate:cwa_surface_698b688b1d43a8;cwa_capture_round_340f34a25f9d:maker_or_date;https://www.candywrapperarchive.com/candy-collector/1998-mm-2/#maker_or_date,,,,rights_review_needed,source_link_only_until_rights_review_clears_reuse,1,0
cwa-ingredient-priority-v1,cwa_ingredient_priority_3aafa14068ec,186,21,cwa_surface_d5471e5d5c6dad,mms_milk_chocolate,M&M's Milk Chocolate Candies,1998,www.candywrapperarchive.com,https://www.candywrapperarchive.com/candy-collector/1998-mm/,collector_archive_page,1998 M&M - Ingredient panel,ingredient_panel,Ingredient panel,panel_capture_needed,high,private_ingredient_panel_crop,Crop the ingredient statement with enough package context to preserve product/date cues.,ingredient_panel,cwa_surface_d5471e5d5c6dad;mms_milk_chocolate:cwa_surface_d5471e5d5c6dad;cwa_capture_round_f95397fbf1e3:ingredient_panel;https://www.candywrapperarchive.com/candy-collector/1998-mm/#ingredient_panel,,,,rights_review_needed,source_link_only_until_rights_review_clears_reuse,1,0
cwa-ingredient-priority-v1,cwa_ingredient_priority_25e7e2bb4d46,187,22,cwa_surface_7db09efff9edaa,mms_milk_chocolate,M&M's Milk Chocolate Candies,1998,www.candywrapperarchive.com,https://www.candywrapperarchive.com/candy-collector/1998-mm/,collector_archive_page,1998 M&M - Nutrition panel,nutrition_panel,Nutrition panel,panel_capture_needed,high,private_nutrition_panel_crop,Crop the nutrition panel and serving-size text if visible.,nutrition_panel,cwa_surface_7db09efff9edaa;mms_milk_chocolate:cwa_surface_7db09efff9edaa;cwa_capture_round_f95397fbf1e3:nutrition_panel;https://www.candywrapperarchive.com/candy-collector/1998-mm/#nutrition_panel,,,,rights_review_needed,source_link_only_until_rights_review_clears_reuse,1,0
cwa-ingredient-priority-v1,cwa_ingredient_priority_a265910ff54f,188,23,cwa_surface_5058b493b5c41e,mms_milk_chocolate,M&M's Milk Chocolate Candies,1998,www.candywrapperarchive.com,https://www.candywrapperarchive.com/candy-collector/1998-mm/,collector_archive_page,1998 M&M - Wrapper back or side text,wrapper_back_or_side,Wrapper back or side text,readable_panel_photo_needed,medium,private_back_or_side_text_crop,"Crop readable wrapper back/side text, prioritizing ingredients, nutrition, net weight, maker, or date cues.",package_back_side_text,cwa_surface_5058b493b5c41e;mms_milk_chocolate:cwa_surface_5058b493b5c41e;cwa_capture_round_f95397fbf1e3:wrapper_back_or_side;https://www.candywrapperarchive.com/candy-collector/1998-mm/#wrapper_back_or_side,,,,rights_review_needed,source_link_only_until_rights_review_clears_reuse,1,0
cwa-ingredient-priority-v1,cwa_ingredient_priority_d6577518b913,189,24,cwa_surface_99ba5d8cc4996e,mms_milk_chocolate,M&M's Milk Chocolate Candies,1998,www.candywrapperarchive.com,https://www.candywrapperarchive.com/candy-collector/1998-mm/,collector_archive_page,1998 M&M - Net weight,net_weight,Net weight,readable_panel_photo_needed,medium,private_net_weight_crop,Crop net weight and package-size text.,net_weight,cwa_surface_99ba5d8cc4996e;mms_milk_chocolate:cwa_surface_99ba5d8cc4996e;cwa_capture_round_f95397fbf1e3:net_weight;https://www.candywrapperarchive.com/candy-collector/1998-mm/#net_weight,,,,rights_review_needed,source_link_only_until_rights_review_clears_reuse,1,0
cwa-ingredient-priority-v1,cwa_ingredient_priority_1fcea7bede7a,190,25,cwa_surface_795133b9e322a3,mms_milk_chocolate,M&M's Milk Chocolate Candies,1998,www.candywrapperarchive.com,https://www.candywrapperarchive.com/candy-collector/1998-mm/,collector_archive_page,1998 M&M - Maker or date cue,maker_or_date,Maker or date cue,readable_panel_photo_needed,medium,private_maker_or_date_crop,"Crop maker/distributor, copyright, lot, or date cue text.",maker_distributor_or_date_cue,cwa_surface_795133b9e322a3;mms_milk_chocolate:cwa_surface_795133b9e322a3;cwa_capture_round_f95397fbf1e3:maker_or_date;https://www.candywrapperarchive.com/candy-collector/1998-mm/#maker_or_date,,,,rights_review_needed,source_link_only_until_rights_review_clears_reuse,1,0
cwa-ingredient-priority-v1,cwa_ingredient_priority_6af3102e020d,191,1,cwa_surface_b6e5c38cc2e1bf,twix_bar,Twix Bar,2002,www.candywrapperarchive.com,https://www.candywrapperarchive.com/candy-collector/2002-twix/,collector_archive_page,2002 Twix - Ingredient panel,ingredient_panel,Ingredient panel,panel_capture_needed,high,private_ingredient_panel_crop,Crop the ingredient statement with enough package context to preserve product/date cues.,ingredient_panel,cwa_surface_b6e5c38cc2e1bf;twix_bar:cwa_surface_b6e5c38cc2e1bf;cwa_capture_round_69620a04a690:ingredient_panel;https://www.candywrapperarchive.com/candy-collector/2002-twix/#ingredient_panel,,,,rights_review_needed,source_link_only_until_rights_review_clears_reuse,1,0
cwa-ingredient-priority-v1,cwa_ingredient_priority_64c2dc132b32,192,2,cwa_surface_f324b07b327ad4,twix_bar,Twix Bar,2002,www.candywrapperarchive.com,https://www.candywrapperarchive.com/candy-collector/2002-twix/,collector_archive_page,2002 Twix - Nutrition panel,nutrition_panel,Nutrition panel,panel_capture_needed,high,private_nutrition_panel_crop,Crop the nutrition panel and serving-size text if visible.,nutrition_panel,cwa_surface_f324b07b327ad4;twix_bar:cwa_surface_f324b07b327ad4;cwa_capture_round_69620a04a690:nutrition_panel;https://www.candywrapperarchive.com/candy-collector/2002-twix/#nutrition_panel,,,,rights_review_needed,source_link_only_until_rights_review_clears_reuse,1,0
cwa-ingredient-priority-v1,cwa_ingredient_priority_a4a0654283b9,193,3,cwa_surface_faa5426400cac4,twix_bar,Twix Bar,2002,www.candywrapperarchive.com,https://www.candywrapperarchive.com/candy-collector/2002-twix/,collector_archive_page,2002 Twix - Wrapper back or side text,wrapper_back_or_side,Wrapper back or side text,readable_panel_photo_needed,medium,private_back_or_side_text_crop,"Crop readable wrapper back/side text, prioritizing ingredients, nutrition, net weight, maker, or date cues.",package_back_side_text,cwa_surface_faa5426400cac4;twix_bar:cwa_surface_faa5426400cac4;cwa_capture_round_69620a04a690:wrapper_back_or_side;https://www.candywrapperarchive.com/candy-collector/2002-twix/#wrapper_back_or_side,,,,rights_review_needed,source_link_only_until_rights_review_clears_reuse,1,0
cwa-ingredient-priority-v1,cwa_ingredient_priority_37153af1e2f0,194,4,cwa_surface_71951761ca84db,twix_bar,Twix Bar,2002,www.candywrapperarchive.com,https://www.candywrapperarchive.com/candy-collector/2002-twix/,collector_archive_page,2002 Twix - Net weight,net_weight,Net weight,readable_panel_photo_needed,medium,private_net_weight_crop,Crop net weight and package-size text.,net_weight,cwa_surface_71951761ca84db;twix_bar:cwa_surface_71951761ca84db;cwa_capture_round_69620a04a690:net_weight;https://www.candywrapperarchive.com/candy-collector/2002-twix/#net_weight,,,,rights_review_needed,source_link_only_until_rights_review_clears_reuse,1,0
cwa-ingredient-priority-v1,cwa_ingredient_priority_7366ccbaba42,195,5,cwa_surface_4cba60f56e6055,twix_bar,Twix Bar,2002,www.candywrapperarchive.com,https://www.candywrapperarchive.com/candy-collector/2002-twix/,collector_archive_page,2002 Twix - Maker or date cue,maker_or_date,Maker or date cue,readable_panel_photo_needed,medium,private_maker_or_date_crop,"Crop maker/distributor, copyright, lot, or date cue text.",maker_distributor_or_date_cue,cwa_surface_4cba60f56e6055;twix_bar:cwa_surface_4cba60f56e6055;cwa_capture_round_69620a04a690:maker_or_date;https://www.candywrapperarchive.com/candy-collector/2002-twix/#maker_or_date,,,,rights_review_needed,source_link_only_until_rights_review_clears_reuse,1,0
cwa-ingredient-priority-v1,cwa_ingredient_priority_97b5790f22a4,196,6,cwa_surface_02060dc6674c5b,twix_bar,Twix Bar,2003,www.candywrapperarchive.com,https://www.candywrapperarchive.com/candy-collector/2003-twix/,collector_archive_page,2003 Twix - Ingredient panel,ingredient_panel,Ingredient panel,panel_capture_needed,high,private_ingredient_panel_crop,Crop the ingredient statement with enough package context to preserve product/date cues.,ingredient_panel,cwa_surface_02060dc6674c5b;twix_bar:cwa_surface_02060dc6674c5b;cwa_capture_round_a6483cf04976:ingredient_panel;https://www.candywrapperarchive.com/candy-collector/2003-twix/#ingredient_panel,,,,rights_review_needed,source_link_only_until_rights_review_clears_reuse,1,0
cwa-ingredient-priority-v1,cwa_ingredient_priority_47220e453fa9,197,7,cwa_surface_67c99e96069204,twix_bar,Twix Bar,2003,www.candywrapperarchive.com,https://www.candywrapperarchive.com/candy-collector/2003-twix/,collector_archive_page,2003 Twix - Nutrition panel,nutrition_panel,Nutrition panel,panel_capture_needed,high,private_nutrition_panel_crop,Crop the nutrition panel and serving-size text if visible.,nutrition_panel,cwa_surface_67c99e96069204;twix_bar:cwa_surface_67c99e96069204;cwa_capture_round_a6483cf04976:nutrition_panel;https://www.candywrapperarchive.com/candy-collector/2003-twix/#nutrition_panel,,,,rights_review_needed,source_link_only_until_rights_review_clears_reuse,1,0
cwa-ingredient-priority-v1,cwa_ingredient_priority_45ca19ce0317,198,8,cwa_surface_15a2bb8f567166,twix_bar,Twix Bar,2003,www.candywrapperarchive.com,https://www.candywrapperarchive.com/candy-collector/2003-twix/,collector_archive_page,2003 Twix - Wrapper back or side text,wrapper_back_or_side,Wrapper back or side text,readable_panel_photo_needed,medium,private_back_or_side_text_crop,"Crop readable wrapper back/side text, prioritizing ingredients, nutrition, net weight, maker, or date cues.",package_back_side_text,cwa_surface_15a2bb8f567166;twix_bar:cwa_surface_15a2bb8f567166;cwa_capture_round_a6483cf04976:wrapper_back_or_side;https://www.candywrapperarchive.com/candy-collector/2003-twix/#wrapper_back_or_side,,,,rights_review_needed,source_link_only_until_rights_review_clears_reuse,1,0
cwa-ingredient-priority-v1,cwa_ingredient_priority_1184bad3287c,199,9,cwa_surface_1e344b8f5f6efa,twix_bar,Twix Bar,2003,www.candywrapperarchive.com,https://www.candywrapperarchive.com/candy-collector/2003-twix/,collector_archive_page,2003 Twix - Net weight,net_weight,Net weight,readable_panel_photo_needed,medium,private_net_weight_crop,Crop net weight and package-size text.,net_weight,cwa_surface_1e344b8f5f6efa;twix_bar:cwa_surface_1e344b8f5f6efa;cwa_capture_round_a6483cf04976:net_weight;https://www.candywrapperarchive.com/candy-collector/2003-twix/#net_weight,,,,rights_review_needed,source_link_only_until_rights_review_clears_reuse,1,0
cwa-ingredient-priority-v1,cwa_ingredient_priority_f9b56e883099,200,10,cwa_surface_87f2c572a6157e,twix_bar,Twix Bar,2003,www.candywrapperarchive.com,https://www.candywrapperarchive.com/candy-collector/2003-twix/,collector_archive_page,2003 Twix - Maker or date cue,maker_or_date,Maker or date cue,readable_panel_photo_needed,medium,private_maker_or_date_crop,"Crop maker/distributor, copyright, lot, or date cue text.",maker_distributor_or_date_cue,cwa_surface_87f2c572a6157e;twix_bar:cwa_surface_87f2c572a6157e;cwa_capture_round_a6483cf04976:maker_or_date;https://www.candywrapperarchive.com/candy-collector/2003-twix/#maker_or_date,,,,rights_review_needed,source_link_only_until_rights_review_clears_reuse,1,0
cwa-ingredient-priority-v1,cwa_ingredient_priority_3be2eac6ff59,201,11,cwa_surface_8f518af067429f,twix_bar,Twix Bar,2004,www.candywrapperarchive.com,https://www.candywrapperarchive.com/candy-collector/2004-twix/,collector_archive_page,2004 Twix - Ingredient panel,ingredient_panel,Ingredient panel,panel_capture_needed,high,private_ingredient_panel_crop,Crop the ingredient statement with enough package context to preserve product/date cues.,ingredient_panel,cwa_surface_8f518af067429f;twix_bar:cwa_surface_8f518af067429f;cwa_capture_round_ad0bd9112f5e:ingredient_panel;https://www.candywrapperarchive.com/candy-collector/2004-twix/#ingredient_panel,,,,rights_review_needed,source_link_only_until_rights_review_clears_reuse,1,0
cwa-ingredient-priority-v1,cwa_ingredient_priority_31061937ab3d,202,12,cwa_surface_9b33382958d1ea,twix_bar,Twix Bar,2004,www.candywrapperarchive.com,https://www.candywrapperarchive.com/candy-collector/2004-twix/,collector_archive_page,2004 Twix - Nutrition panel,nutrition_panel,Nutrition panel,panel_capture_needed,high,private_nutrition_panel_crop,Crop the nutrition panel and serving-size text if visible.,nutrition_panel,cwa_surface_9b33382958d1ea;twix_bar:cwa_surface_9b33382958d1ea;cwa_capture_round_ad0bd9112f5e:nutrition_panel;https://www.candywrapperarchive.com/candy-collector/2004-twix/#nutrition_panel,,,,rights_review_needed,source_link_only_until_rights_review_clears_reuse,1,0
cwa-ingredient-priority-v1,cwa_ingredient_priority_dffb5d3afc09,203,13,cwa_surface_a9707d2f2ca1fa,twix_bar,Twix Bar,2004,www.candywrapperarchive.com,https://www.candywrapperarchive.com/candy-collector/2004-twix/,collector_archive_page,2004 Twix - Wrapper back or side text,wrapper_back_or_side,Wrapper back or side text,readable_panel_photo_needed,medium,private_back_or_side_text_crop,"Crop readable wrapper back/side text, prioritizing ingredients, nutrition, net weight, maker, or date cues.",package_back_side_text,cwa_surface_a9707d2f2ca1fa;twix_bar:cwa_surface_a9707d2f2ca1fa;cwa_capture_round_ad0bd9112f5e:wrapper_back_or_side;https://www.candywrapperarchive.com/candy-collector/2004-twix/#wrapper_back_or_side,,,,rights_review_needed,source_link_only_until_rights_review_clears_reuse,1,0
cwa-ingredient-priority-v1,cwa_ingredient_priority_fddc3d2c7532,204,14,cwa_surface_dce1b79fb2af05,twix_bar,Twix Bar,2004,www.candywrapperarchive.com,https://www.candywrapperarchive.com/candy-collector/2004-twix/,collector_archive_page,2004 Twix - Net weight,net_weight,Net weight,readable_panel_photo_needed,medium,private_net_weight_crop,Crop net weight and package-size text.,net_weight,cwa_surface_dce1b79fb2af05;twix_bar:cwa_surface_dce1b79fb2af05;cwa_capture_round_ad0bd9112f5e:net_weight;https://www.candywrapperarchive.com/candy-collector/2004-twix/#net_weight,,,,rights_review_needed,source_link_only_until_rights_review_clears_reuse,1,0
cwa-ingredient-priority-v1,cwa_ingredient_priority_201341d4bb0d,205,15,cwa_surface_b798d10d327293,twix_bar,Twix Bar,2004,www.candywrapperarchive.com,https://www.candywrapperarchive.com/candy-collector/2004-twix/,collector_archive_page,2004 Twix - Maker or date cue,maker_or_date,Maker or date cue,readable_panel_photo_needed,medium,private_maker_or_date_crop,"Crop maker/distributor, copyright, lot, or date cue text.",maker_distributor_or_date_cue,cwa_surface_b798d10d327293;twix_bar:cwa_surface_b798d10d327293;cwa_capture_round_ad0bd9112f5e:maker_or_date;https://www.candywrapperarchive.com/candy-collector/2004-twix/#maker_or_date,,,,rights_review_needed,source_link_only_until_rights_review_clears_reuse,1,0
cwa-ingredient-priority-v1,cwa_ingredient_priority_abe8d68f72ae,206,16,cwa_surface_81023ee04705fc,twix_bar,Twix Bar,2006,www.candywrapperarchive.com,https://www.candywrapperarchive.com/candy-collector/2006-twix/,collector_archive_page,2006 Twix - Ingredient panel,ingredient_panel,Ingredient panel,panel_capture_needed,high,private_ingredient_panel_crop,Crop the ingredient statement with enough package context to preserve product/date cues.,ingredient_panel,cwa_surface_81023ee04705fc;twix_bar:cwa_surface_81023ee04705fc;cwa_capture_round_1ae89ad91df6:ingredient_panel;https://www.candywrapperarchive.com/candy-collector/2006-twix/#ingredient_panel,,,,rights_review_needed,source_link_only_until_rights_review_clears_reuse,1,0
cwa-ingredient-priority-v1,cwa_ingredient_priority_a43c2059b92d,207,17,cwa_surface_93bed4d1ea3a35,twix_bar,Twix Bar,2006,www.candywrapperarchive.com,https://www.candywrapperarchive.com/candy-collector/2006-twix/,collector_archive_page,2006 Twix - Nutrition panel,nutrition_panel,Nutrition panel,panel_capture_needed,high,private_nutrition_panel_crop,Crop the nutrition panel and serving-size text if visible.,nutrition_panel,cwa_surface_93bed4d1ea3a35;twix_bar:cwa_surface_93bed4d1ea3a35;cwa_capture_round_1ae89ad91df6:nutrition_panel;https://www.candywrapperarchive.com/candy-collector/2006-twix/#nutrition_panel,,,,rights_review_needed,source_link_only_until_rights_review_clears_reuse,1,0
cwa-ingredient-priority-v1,cwa_ingredient_priority_34bd6091f254,208,18,cwa_surface_d8faa2b4f2e4b1,twix_bar,Twix Bar,2006,www.candywrapperarchive.com,https://www.candywrapperarchive.com/candy-collector/2006-twix/,collector_archive_page,2006 Twix - Wrapper back or side text,wrapper_back_or_side,Wrapper back or side text,readable_panel_photo_needed,medium,private_back_or_side_text_crop,"Crop readable wrapper back/side text, prioritizing ingredients, nutrition, net weight, maker, or date cues.",package_back_side_text,cwa_surface_d8faa2b4f2e4b1;twix_bar:cwa_surface_d8faa2b4f2e4b1;cwa_capture_round_1ae89ad91df6:wrapper_back_or_side;https://www.candywrapperarchive.com/candy-collector/2006-twix/#wrapper_back_or_side,,,,rights_review_needed,source_link_only_until_rights_review_clears_reuse,1,0
cwa-ingredient-priority-v1,cwa_ingredient_priority_f571c6b926c2,209,19,cwa_surface_f69bd222a3cf18,twix_bar,Twix Bar,2006,www.candywrapperarchive.com,https://www.candywrapperarchive.com/candy-collector/2006-twix/,collector_archive_page,2006 Twix - Net weight,net_weight,Net weight,readable_panel_photo_needed,medium,private_net_weight_crop,Crop net weight and package-size text.,net_weight,cwa_surface_f69bd222a3cf18;twix_bar:cwa_surface_f69bd222a3cf18;cwa_capture_round_1ae89ad91df6:net_weight;https://www.candywrapperarchive.com/candy-collector/2006-twix/#net_weight,,,,rights_review_needed,source_link_only_until_rights_review_clears_reuse,1,0
cwa-ingredient-priority-v1,cwa_ingredient_priority_37d8ba8f499c,210,20,cwa_surface_9f41dd9f1d02a6,twix_bar,Twix Bar,2006,www.candywrapperarchive.com,https://www.candywrapperarchive.com/candy-collector/2006-twix/,collector_archive_page,2006 Twix - Maker or date cue,maker_or_date,Maker or date cue,readable_panel_photo_needed,medium,private_maker_or_date_crop,"Crop maker/distributor, copyright, lot, or date cue text.",maker_distributor_or_date_cue,cwa_surface_9f41dd9f1d02a6;twix_bar:cwa_surface_9f41dd9f1d02a6;cwa_capture_round_1ae89ad91df6:maker_or_date;https://www.candywrapperarchive.com/candy-collector/2006-twix/#maker_or_date,,,,rights_review_needed,source_link_only_until_rights_review_clears_reuse,1,0
cwa-ingredient-priority-v1,cwa_ingredient_priority_591e5e74bca4,211,21,cwa_surface_0585d4e30f6f50,twix_bar,Twix Bar,2009,www.candywrapperarchive.com,https://www.candywrapperarchive.com/candy-collector/2009-twix/,collector_archive_page,2009 Twix - Ingredient panel,ingredient_panel,Ingredient panel,panel_capture_needed,high,private_ingredient_panel_crop,Crop the ingredient statement with enough package context to preserve product/date cues.,ingredient_panel,cwa_surface_0585d4e30f6f50;twix_bar:cwa_surface_0585d4e30f6f50;cwa_capture_round_da74e4fe16fb:ingredient_panel;https://www.candywrapperarchive.com/candy-collector/2009-twix/#ingredient_panel,,,,rights_review_needed,source_link_only_until_rights_review_clears_reuse,1,0
cwa-ingredient-priority-v1,cwa_ingredient_priority_ee0bd98be852,212,22,cwa_surface_0210700701d6c4,twix_bar,Twix Bar,2009,www.candywrapperarchive.com,https://www.candywrapperarchive.com/candy-collector/2009-twix/,collector_archive_page,2009 Twix - Nutrition panel,nutrition_panel,Nutrition panel,panel_capture_needed,high,private_nutrition_panel_crop,Crop the nutrition panel and serving-size text if visible.,nutrition_panel,cwa_surface_0210700701d6c4;twix_bar:cwa_surface_0210700701d6c4;cwa_capture_round_da74e4fe16fb:nutrition_panel;https://www.candywrapperarchive.com/candy-collector/2009-twix/#nutrition_panel,,,,rights_review_needed,source_link_only_until_rights_review_clears_reuse,1,0
cwa-ingredient-priority-v1,cwa_ingredient_priority_e02fa56a5972,213,23,cwa_surface_291dce842d172f,twix_bar,Twix Bar,2009,www.candywrapperarchive.com,https://www.candywrapperarchive.com/candy-collector/2009-twix/,collector_archive_page,2009 Twix - Wrapper back or side text,wrapper_back_or_side,Wrapper back or side text,readable_panel_photo_needed,medium,private_back_or_side_text_crop,"Crop readable wrapper back/side text, prioritizing ingredients, nutrition, net weight, maker, or date cues.",package_back_side_text,cwa_surface_291dce842d172f;twix_bar:cwa_surface_291dce842d172f;cwa_capture_round_da74e4fe16fb:wrapper_back_or_side;https://www.candywrapperarchive.com/candy-collector/2009-twix/#wrapper_back_or_side,,,,rights_review_needed,source_link_only_until_rights_review_clears_reuse,1,0
cwa-ingredient-priority-v1,cwa_ingredient_priority_2ac8ad474df9,214,24,cwa_surface_8f9a9fc3a1b6c6,twix_bar,Twix Bar,2009,www.candywrapperarchive.com,https://www.candywrapperarchive.com/candy-collector/2009-twix/,collector_archive_page,2009 Twix - Net weight,net_weight,Net weight,readable_panel_photo_needed,medium,private_net_weight_crop,Crop net weight and package-size text.,net_weight,cwa_surface_8f9a9fc3a1b6c6;twix_bar:cwa_surface_8f9a9fc3a1b6c6;cwa_capture_round_da74e4fe16fb:net_weight;https://www.candywrapperarchive.com/candy-collector/2009-twix/#net_weight,,,,rights_review_needed,source_link_only_until_rights_review_clears_reuse,1,0
cwa-ingredient-priority-v1,cwa_ingredient_priority_42dc6d0a4ab9,215,25,cwa_surface_3cc708340b75de,twix_bar,Twix Bar,2009,www.candywrapperarchive.com,https://www.candywrapperarchive.com/candy-collector/2009-twix/,collector_archive_page,2009 Twix - Maker or date cue,maker_or_date,Maker or date cue,readable_panel_photo_needed,medium,private_maker_or_date_crop,"Crop maker/distributor, copyright, lot, or date cue text.",maker_distributor_or_date_cue,cwa_surface_3cc708340b75de;twix_bar:cwa_surface_3cc708340b75de;cwa_capture_round_da74e4fe16fb:maker_or_date;https://www.candywrapperarchive.com/candy-collector/2009-twix/#maker_or_date,,,,rights_review_needed,source_link_only_until_rights_review_clears_reuse,1,0
cwa-ingredient-priority-v1,cwa_ingredient_priority_5b381ada3dc7,216,1,cwa_surface_5a48f033a35336,milky_way_bar,Milky Way Bar,1939,www.candywrapperarchive.com,https://www.candywrapperarchive.com/candy-collector/1939-milky-way/,collector_archive_page,1939 Milky Way - Ingredient panel,ingredient_panel,Ingredient panel,panel_capture_needed,high,private_ingredient_panel_crop,Crop the ingredient statement with enough package context to preserve product/date cues.,ingredient_panel,cwa_surface_5a48f033a35336;milky_way_bar:cwa_surface_5a48f033a35336;cwa_capture_round_47744bc31a5f:ingredient_panel;https://www.candywrapperarchive.com/candy-collector/1939-milky-way/#ingredient_panel,,,,rights_review_needed,source_link_only_until_rights_review_clears_reuse,1,0
cwa-ingredient-priority-v1,cwa_ingredient_priority_c5652c5d5e95,217,2,cwa_surface_e0689e7367773f,milky_way_bar,Milky Way Bar,1939,www.candywrapperarchive.com,https://www.candywrapperarchive.com/candy-collector/1939-milky-way/,collector_archive_page,1939 Milky Way - Nutrition panel,nutrition_panel,Nutrition panel,panel_capture_needed,high,private_nutrition_panel_crop,Crop the nutrition panel and serving-size text if visible.,nutrition_panel,cwa_surface_e0689e7367773f;milky_way_bar:cwa_surface_e0689e7367773f;cwa_capture_round_47744bc31a5f:nutrition_panel;https://www.candywrapperarchive.com/candy-collector/1939-milky-way/#nutrition_panel,,,,rights_review_needed,source_link_only_until_rights_review_clears_reuse,1,0
cwa-ingredient-priority-v1,cwa_ingredient_priority_b29c882f499b,218,3,cwa_surface_c36c11d70f27e4,milky_way_bar,Milky Way Bar,1939,www.candywrapperarchive.com,https://www.candywrapperarchive.com/candy-collector/1939-milky-way/,collector_archive_page,1939 Milky Way - Wrapper back or side text,wrapper_back_or_side,Wrapper back or side text,readable_panel_photo_needed,medium,private_back_or_side_text_crop,"Crop readable wrapper back/side text, prioritizing ingredients, nutrition, net weight, maker, or date cues.",package_back_side_text,cwa_surface_c36c11d70f27e4;milky_way_bar:cwa_surface_c36c11d70f27e4;cwa_capture_round_47744bc31a5f:wrapper_back_or_side;https://www.candywrapperarchive.com/candy-collector/1939-milky-way/#wrapper_back_or_side,,,,rights_review_needed,source_link_only_until_rights_review_clears_reuse,1,0
cwa-ingredient-priority-v1,cwa_ingredient_priority_060f016fe119,219,4,cwa_surface_f55c36335f9fe6,milky_way_bar,Milky Way Bar,1939,www.candywrapperarchive.com,https://www.candywrapperarchive.com/candy-collector/1939-milky-way/,collector_archive_page,1939 Milky Way - Net weight,net_weight,Net weight,readable_panel_photo_needed,medium,private_net_weight_crop,Crop net weight and package-size text.,net_weight,cwa_surface_f55c36335f9fe6;milky_way_bar:cwa_surface_f55c36335f9fe6;cwa_capture_round_47744bc31a5f:net_weight;https://www.candywrapperarchive.com/candy-collector/1939-milky-way/#net_weight,,,,rights_review_needed,source_link_only_until_rights_review_clears_reuse,1,0
cwa-ingredient-priority-v1,cwa_ingredient_priority_486772435128,220,5,cwa_surface_d4661fffdb23d8,milky_way_bar,Milky Way Bar,1939,www.candywrapperarchive.com,https://www.candywrapperarchive.com/candy-collector/1939-milky-way/,collector_archive_page,1939 Milky Way - Maker or date cue,maker_or_date,Maker or date cue,readable_panel_photo_needed,medium,private_maker_or_date_crop,"Crop maker/distributor, copyright, lot, or date cue text.",maker_distributor_or_date_cue,cwa_surface_d4661fffdb23d8;milky_way_bar:cwa_surface_d4661fffdb23d8;cwa_capture_round_47744bc31a5f:maker_or_date;https://www.candywrapperarchive.com/candy-collector/1939-milky-way/#maker_or_date,,,,rights_review_needed,source_link_only_until_rights_review_clears_reuse,1,0
cwa-ingredient-priority-v1,cwa_ingredient_priority_fff118da4272,221,6,cwa_surface_2b0aae0585a04d,milky_way_bar,Milky Way Bar,1940s,www.candywrapperarchive.com,https://www.candywrapperarchive.com/candy-collector/1940s-milky-way/,collector_archive_page,1940s Milky Way - Ingredient panel,ingredient_panel,Ingredient panel,panel_capture_needed,high,private_ingredient_panel_crop,Crop the ingredient statement with enough package context to preserve product/date cues.,ingredient_panel,cwa_surface_2b0aae0585a04d;milky_way_bar:cwa_surface_2b0aae0585a04d;cwa_capture_round_769541b1c79e:ingredient_panel;https://www.candywrapperarchive.com/candy-collector/1940s-milky-way/#ingredient_panel,,,,rights_review_needed,source_link_only_until_rights_review_clears_reuse,1,0
cwa-ingredient-priority-v1,cwa_ingredient_priority_9ed0c09305be,222,7,cwa_surface_a3e0ab382b961f,milky_way_bar,Milky Way Bar,1940s,www.candywrapperarchive.com,https://www.candywrapperarchive.com/candy-collector/1940s-milky-way/,collector_archive_page,1940s Milky Way - Nutrition panel,nutrition_panel,Nutrition panel,panel_capture_needed,high,private_nutrition_panel_crop,Crop the nutrition panel and serving-size text if visible.,nutrition_panel,cwa_surface_a3e0ab382b961f;milky_way_bar:cwa_surface_a3e0ab382b961f;cwa_capture_round_769541b1c79e:nutrition_panel;https://www.candywrapperarchive.com/candy-collector/1940s-milky-way/#nutrition_panel,,,,rights_review_needed,source_link_only_until_rights_review_clears_reuse,1,0
cwa-ingredient-priority-v1,cwa_ingredient_priority_4e5e59f0ce80,223,8,cwa_surface_a4a787a1e450d2,milky_way_bar,Milky Way Bar,1940s,www.candywrapperarchive.com,https://www.candywrapperarchive.com/candy-collector/1940s-milky-way/,collector_archive_page,1940s Milky Way - Wrapper back or side text,wrapper_back_or_side,Wrapper back or side text,readable_panel_photo_needed,medium,private_back_or_side_text_crop,"Crop readable wrapper back/side text, prioritizing ingredients, nutrition, net weight, maker, or date cues.",package_back_side_text,cwa_surface_a4a787a1e450d2;milky_way_bar:cwa_surface_a4a787a1e450d2;cwa_capture_round_769541b1c79e:wrapper_back_or_side;https://www.candywrapperarchive.com/candy-collector/1940s-milky-way/#wrapper_back_or_side,,,,rights_review_needed,source_link_only_until_rights_review_clears_reuse,1,0
cwa-ingredient-priority-v1,cwa_ingredient_priority_1af21cc400f8,224,9,cwa_surface_a725c05e9f4def,milky_way_bar,Milky Way Bar,1940s,www.candywrapperarchive.com,https://www.candywrapperarchive.com/candy-collector/1940s-milky-way/,collector_archive_page,1940s Milky Way - Net weight,net_weight,Net weight,readable_panel_photo_needed,medium,private_net_weight_crop,Crop net weight and package-size text.,net_weight,cwa_surface_a725c05e9f4def;milky_way_bar:cwa_surface_a725c05e9f4def;cwa_capture_round_769541b1c79e:net_weight;https://www.candywrapperarchive.com/candy-collector/1940s-milky-way/#net_weight,,,,rights_review_needed,source_link_only_until_rights_review_clears_reuse,1,0
cwa-ingredient-priority-v1,cwa_ingredient_priority_dfd75e5f2155,225,10,cwa_surface_8e56fc4e289f5e,milky_way_bar,Milky Way Bar,1940s,www.candywrapperarchive.com,https://www.candywrapperarchive.com/candy-collector/1940s-milky-way/,collector_archive_page,1940s Milky Way - Maker or date cue,maker_or_date,Maker or date cue,readable_panel_photo_needed,medium,private_maker_or_date_crop,"Crop maker/distributor, copyright, lot, or date cue text.",maker_distributor_or_date_cue,cwa_surface_8e56fc4e289f5e;milky_way_bar:cwa_surface_8e56fc4e289f5e;cwa_capture_round_769541b1c79e:maker_or_date;https://www.candywrapperarchive.com/candy-collector/1940s-milky-way/#maker_or_date,,,,rights_review_needed,source_link_only_until_rights_review_clears_reuse,1,0
cwa-ingredient-priority-v1,cwa_ingredient_priority_a29e3531273a,226,11,cwa_surface_f023592a204d58,milky_way_bar,Milky Way Bar,1950s,www.candywrapperarchive.com,https://www.candywrapperarchive.com/candy-collector/1950s-milky-way-2/,collector_archive_page,1950s Milky Way - Ingredient panel,ingredient_panel,Ingredient panel,panel_capture_needed,high,private_ingredient_panel_crop,Crop the ingredient statement with enough package context to preserve product/date cues.,ingredient_panel,cwa_surface_f023592a204d58;milky_way_bar:cwa_surface_f023592a204d58;cwa_capture_round_c651fff27a75:ingredient_panel;https://www.candywrapperarchive.com/candy-collector/1950s-milky-way-2/#ingredient_panel,,,,rights_review_needed,source_link_only_until_rights_review_clears_reuse,1,0
cwa-ingredient-priority-v1,cwa_ingredient_priority_9dc11a3e11a7,227,12,cwa_surface_4efead8bf070d8,milky_way_bar,Milky Way Bar,1950s,www.candywrapperarchive.com,https://www.candywrapperarchive.com/candy-collector/1950s-milky-way-2/,collector_archive_page,1950s Milky Way - Nutrition panel,nutrition_panel,Nutrition panel,panel_capture_needed,high,private_nutrition_panel_crop,Crop the nutrition panel and serving-size text if visible.,nutrition_panel,cwa_surface_4efead8bf070d8;milky_way_bar:cwa_surface_4efead8bf070d8;cwa_capture_round_c651fff27a75:nutrition_panel;https://www.candywrapperarchive.com/candy-collector/1950s-milky-way-2/#nutrition_panel,,,,rights_review_needed,source_link_only_until_rights_review_clears_reuse,1,0
cwa-ingredient-priority-v1,cwa_ingredient_priority_02bddb50715f,228,13,cwa_surface_d39d479b3a31c4,milky_way_bar,Milky Way Bar,1950s,www.candywrapperarchive.com,https://www.candywrapperarchive.com/candy-collector/1950s-milky-way-2/,collector_archive_page,1950s Milky Way - Wrapper back or side text,wrapper_back_or_side,Wrapper back or side text,readable_panel_photo_needed,medium,private_back_or_side_text_crop,"Crop readable wrapper back/side text, prioritizing ingredients, nutrition, net weight, maker, or date cues.",package_back_side_text,cwa_surface_d39d479b3a31c4;milky_way_bar:cwa_surface_d39d479b3a31c4;cwa_capture_round_c651fff27a75:wrapper_back_or_side;https://www.candywrapperarchive.com/candy-collector/1950s-milky-way-2/#wrapper_back_or_side,,,,rights_review_needed,source_link_only_until_rights_review_clears_reuse,1,0
cwa-ingredient-priority-v1,cwa_ingredient_priority_7263500321b1,229,14,cwa_surface_96e6b8aab86d7f,milky_way_bar,Milky Way Bar,1950s,www.candywrapperarchive.com,https://www.candywrapperarchive.com/candy-collector/1950s-milky-way-2/,collector_archive_page,1950s Milky Way - Net weight,net_weight,Net weight,readable_panel_photo_needed,medium,private_net_weight_crop,Crop net weight and package-size text.,net_weight,cwa_surface_96e6b8aab86d7f;milky_way_bar:cwa_surface_96e6b8aab86d7f;cwa_capture_round_c651fff27a75:net_weight;https://www.candywrapperarchive.com/candy-collector/1950s-milky-way-2/#net_weight,,,,rights_review_needed,source_link_only_until_rights_review_clears_reuse,1,0
cwa-ingredient-priority-v1,cwa_ingredient_priority_552fa71bbad3,230,15,cwa_surface_f0eaac8891e425,milky_way_bar,Milky Way Bar,1950s,www.candywrapperarchive.com,https://www.candywrapperarchive.com/candy-collector/1950s-milky-way-2/,collector_archive_page,1950s Milky Way - Maker or date cue,maker_or_date,Maker or date cue,readable_panel_photo_needed,medium,private_maker_or_date_crop,"Crop maker/distributor, copyright, lot, or date cue text.",maker_distributor_or_date_cue,cwa_surface_f0eaac8891e425;milky_way_bar:cwa_surface_f0eaac8891e425;cwa_capture_round_c651fff27a75:maker_or_date;https://www.candywrapperarchive.com/candy-collector/1950s-milky-way-2/#maker_or_date,,,,rights_review_needed,source_link_only_until_rights_review_clears_reuse,1,0
cwa-ingredient-priority-v1,cwa_ingredient_priority_6da1a5bc9d5d,231,16,cwa_surface_0ab1fa13406e1c,milky_way_bar,Milky Way Bar,1958,www.candywrapperarchive.com,https://www.candywrapperarchive.com/candy-collector/1958-milky-way/,collector_archive_page,1958 Milky Way - Ingredient panel,ingredient_panel,Ingredient panel,panel_capture_needed,high,private_ingredient_panel_crop,Crop the ingredient statement with enough package context to preserve product/date cues.,ingredient_panel,cwa_surface_0ab1fa13406e1c;milky_way_bar:cwa_surface_0ab1fa13406e1c;cwa_capture_round_e4cc1da5f5f2:ingredient_panel;https://www.candywrapperarchive.com/candy-collector/1958-milky-way/#ingredient_panel,,,,rights_review_needed,source_link_only_until_rights_review_clears_reuse,1,0
cwa-ingredient-priority-v1,cwa_ingredient_priority_3c1c01cd5801,232,17,cwa_surface_807938cb91b298,milky_way_bar,Milky Way Bar,1958,www.candywrapperarchive.com,https://www.candywrapperarchive.com/candy-collector/1958-milky-way/,collector_archive_page,1958 Milky Way - Nutrition panel,nutrition_panel,Nutrition panel,panel_capture_needed,high,private_nutrition_panel_crop,Crop the nutrition panel and serving-size text if visible.,nutrition_panel,cwa_surface_807938cb91b298;milky_way_bar:cwa_surface_807938cb91b298;cwa_capture_round_e4cc1da5f5f2:nutrition_panel;https://www.candywrapperarchive.com/candy-collector/1958-milky-way/#nutrition_panel,,,,rights_review_needed,source_link_only_until_rights_review_clears_reuse,1,0
cwa-ingredient-priority-v1,cwa_ingredient_priority_4060de92106b,233,18,cwa_surface_b2c7150f78c65a,milky_way_bar,Milky Way Bar,1958,www.candywrapperarchive.com,https://www.candywrapperarchive.com/candy-collector/1958-milky-way/,collector_archive_page,1958 Milky Way - Wrapper back or side text,wrapper_back_or_side,Wrapper back or side text,readable_panel_photo_needed,medium,private_back_or_side_text_crop,"Crop readable wrapper back/side text, prioritizing ingredients, nutrition, net weight, maker, or date cues.",package_back_side_text,cwa_surface_b2c7150f78c65a;milky_way_bar:cwa_surface_b2c7150f78c65a;cwa_capture_round_e4cc1da5f5f2:wrapper_back_or_side;https://www.candywrapperarchive.com/candy-collector/1958-milky-way/#wrapper_back_or_side,,,,rights_review_needed,source_link_only_until_rights_review_clears_reuse,1,0
cwa-ingredient-priority-v1,cwa_ingredient_priority_a579f7e6dc61,234,19,cwa_surface_4db8632b35baec,milky_way_bar,Milky Way Bar,1958,www.candywrapperarchive.com,https://www.candywrapperarchive.com/candy-collector/1958-milky-way/,collector_archive_page,1958 Milky Way - Net weight,net_weight,Net weight,readable_panel_photo_needed,medium,private_net_weight_crop,Crop net weight and package-size text.,net_weight,cwa_surface_4db8632b35baec;milky_way_bar:cwa_surface_4db8632b35baec;cwa_capture_round_e4cc1da5f5f2:net_weight;https://www.candywrapperarchive.com/candy-collector/1958-milky-way/#net_weight,,,,rights_review_needed,source_link_only_until_rights_review_clears_reuse,1,0
cwa-ingredient-priority-v1,cwa_ingredient_priority_fa12ab81ce5c,235,20,cwa_surface_e954f7f9a6fa9b,milky_way_bar,Milky Way Bar,1958,www.candywrapperarchive.com,https://www.candywrapperarchive.com/candy-collector/1958-milky-way/,collector_archive_page,1958 Milky Way - Maker or date cue,maker_or_date,Maker or date cue,readable_panel_photo_needed,medium,private_maker_or_date_crop,"Crop maker/distributor, copyright, lot, or date cue text.",maker_distributor_or_date_cue,cwa_surface_e954f7f9a6fa9b;milky_way_bar:cwa_surface_e954f7f9a6fa9b;cwa_capture_round_e4cc1da5f5f2:maker_or_date;https://www.candywrapperarchive.com/candy-collector/1958-milky-way/#maker_or_date,,,,rights_review_needed,source_link_only_until_rights_review_clears_reuse,1,0
cwa-ingredient-priority-v1,cwa_ingredient_priority_f8f52599a78b,236,1,cwa_surface_57f51deff42155,tootsie_roll,Tootsie Roll,1940s,www.candywrapperarchive.com,https://www.candywrapperarchive.com/candy-collector/1940s-tootsie-roll/,collector_archive_page,1940s Tootsie Roll - Ingredient panel,ingredient_panel,Ingredient panel,panel_capture_needed,high,private_ingredient_panel_crop,Crop the ingredient statement with enough package context to preserve product/date cues.,ingredient_panel,cwa_surface_57f51deff42155;tootsie_roll:cwa_surface_57f51deff42155;cwa_capture_round_08d575d24077:ingredient_panel;https://www.candywrapperarchive.com/candy-collector/1940s-tootsie-roll/#ingredient_panel,,,,rights_review_needed,source_link_only_until_rights_review_clears_reuse,1,0
cwa-ingredient-priority-v1,cwa_ingredient_priority_0abfe6fecedf,237,2,cwa_surface_11819d5ae00d9a,tootsie_roll,Tootsie Roll,1940s,www.candywrapperarchive.com,https://www.candywrapperarchive.com/candy-collector/1940s-tootsie-roll/,collector_archive_page,1940s Tootsie Roll - Nutrition panel,nutrition_panel,Nutrition panel,panel_capture_needed,high,private_nutrition_panel_crop,Crop the nutrition panel and serving-size text if visible.,nutrition_panel,cwa_surface_11819d5ae00d9a;tootsie_roll:cwa_surface_11819d5ae00d9a;cwa_capture_round_08d575d24077:nutrition_panel;https://www.candywrapperarchive.com/candy-collector/1940s-tootsie-roll/#nutrition_panel,,,,rights_review_needed,source_link_only_until_rights_review_clears_reuse,1,0
cwa-ingredient-priority-v1,cwa_ingredient_priority_dcdfe9131aae,238,3,cwa_surface_0983b1dc6c200b,tootsie_roll,Tootsie Roll,1940s,www.candywrapperarchive.com,https://www.candywrapperarchive.com/candy-collector/1940s-tootsie-roll/,collector_archive_page,1940s Tootsie Roll - Wrapper back or side text,wrapper_back_or_side,Wrapper back or side text,readable_panel_photo_needed,medium,private_back_or_side_text_crop,"Crop readable wrapper back/side text, prioritizing ingredients, nutrition, net weight, maker, or date cues.",package_back_side_text,cwa_surface_0983b1dc6c200b;tootsie_roll:cwa_surface_0983b1dc6c200b;cwa_capture_round_08d575d24077:wrapper_back_or_side;https://www.candywrapperarchive.com/candy-collector/1940s-tootsie-roll/#wrapper_back_or_side,,,,rights_review_needed,source_link_only_until_rights_review_clears_reuse,1,0
cwa-ingredient-priority-v1,cwa_ingredient_priority_817964cb4644,239,4,cwa_surface_18ca5e35923239,tootsie_roll,Tootsie Roll,1940s,www.candywrapperarchive.com,https://www.candywrapperarchive.com/candy-collector/1940s-tootsie-roll/,collector_archive_page,1940s Tootsie Roll - Net weight,net_weight,Net weight,readable_panel_photo_needed,medium,private_net_weight_crop,Crop net weight and package-size text.,net_weight,cwa_surface_18ca5e35923239;tootsie_roll:cwa_surface_18ca5e35923239;cwa_capture_round_08d575d24077:net_weight;https://www.candywrapperarchive.com/candy-collector/1940s-tootsie-roll/#net_weight,,,,rights_review_needed,source_link_only_until_rights_review_clears_reuse,1,0
cwa-ingredient-priority-v1,cwa_ingredient_priority_afc0e3cc812d,240,5,cwa_surface_93ddb7db9330d3,tootsie_roll,Tootsie Roll,1940s,www.candywrapperarchive.com,https://www.candywrapperarchive.com/candy-collector/1940s-tootsie-roll/,collector_archive_page,1940s Tootsie Roll - Maker or date cue,maker_or_date,Maker or date cue,readable_panel_photo_needed,medium,private_maker_or_date_crop,"Crop maker/distributor, copyright, lot, or date cue text.",maker_distributor_or_date_cue,cwa_surface_93ddb7db9330d3;tootsie_roll:cwa_surface_93ddb7db9330d3;cwa_capture_round_08d575d24077:maker_or_date;https://www.candywrapperarchive.com/candy-collector/1940s-tootsie-roll/#maker_or_date,,,,rights_review_needed,source_link_only_until_rights_review_clears_reuse,1,0
cwa-ingredient-priority-v1,cwa_ingredient_priority_e070f99f2b4d,241,6,cwa_surface_4e5de5a4d0e4a5,tootsie_roll,Tootsie Roll,1960s,www.candywrapperarchive.com,https://www.candywrapperarchive.com/candy-collector/1960s-tootsie-roll-2/,collector_archive_page,1960s Tootsie Roll - Ingredient panel,ingredient_panel,Ingredient panel,panel_capture_needed,high,private_ingredient_panel_crop,Crop the ingredient statement with enough package context to preserve product/date cues.,ingredient_panel,cwa_surface_4e5de5a4d0e4a5;tootsie_roll:cwa_surface_4e5de5a4d0e4a5;cwa_capture_round_c5c40cd1a490:ingredient_panel;https://www.candywrapperarchive.com/candy-collector/1960s-tootsie-roll-2/#ingredient_panel,,,,rights_review_needed,source_link_only_until_rights_review_clears_reuse,1,0
cwa-ingredient-priority-v1,cwa_ingredient_priority_76388f54f6d4,242,7,cwa_surface_922af5c7f3fe46,tootsie_roll,Tootsie Roll,1960s,www.candywrapperarchive.com,https://www.candywrapperarchive.com/candy-collector/1960s-tootsie-roll-2/,collector_archive_page,1960s Tootsie Roll - Nutrition panel,nutrition_panel,Nutrition panel,panel_capture_needed,high,private_nutrition_panel_crop,Crop the nutrition panel and serving-size text if visible.,nutrition_panel,cwa_surface_922af5c7f3fe46;tootsie_roll:cwa_surface_922af5c7f3fe46;cwa_capture_round_c5c40cd1a490:nutrition_panel;https://www.candywrapperarchive.com/candy-collector/1960s-tootsie-roll-2/#nutrition_panel,,,,rights_review_needed,source_link_only_until_rights_review_clears_reuse,1,0
cwa-ingredient-priority-v1,cwa_ingredient_priority_f7a000865ed5,243,8,cwa_surface_7a826dce263078,tootsie_roll,Tootsie Roll,1960s,www.candywrapperarchive.com,https://www.candywrapperarchive.com/candy-collector/1960s-tootsie-roll-2/,collector_archive_page,1960s Tootsie Roll - Wrapper back or side text,wrapper_back_or_side,Wrapper back or side text,readable_panel_photo_needed,medium,private_back_or_side_text_crop,"Crop readable wrapper back/side text, prioritizing ingredients, nutrition, net weight, maker, or date cues.",package_back_side_text,cwa_surface_7a826dce263078;tootsie_roll:cwa_surface_7a826dce263078;cwa_capture_round_c5c40cd1a490:wrapper_back_or_side;https://www.candywrapperarchive.com/candy-collector/1960s-tootsie-roll-2/#wrapper_back_or_side,,,,rights_review_needed,source_link_only_until_rights_review_clears_reuse,1,0
cwa-ingredient-priority-v1,cwa_ingredient_priority_bed02bda3c2c,244,9,cwa_surface_47f124230e743a,tootsie_roll,Tootsie Roll,1960s,www.candywrapperarchive.com,https://www.candywrapperarchive.com/candy-collector/1960s-tootsie-roll-2/,collector_archive_page,1960s Tootsie Roll - Net weight,net_weight,Net weight,readable_panel_photo_needed,medium,private_net_weight_crop,Crop net weight and package-size text.,net_weight,cwa_surface_47f124230e743a;tootsie_roll:cwa_surface_47f124230e743a;cwa_capture_round_c5c40cd1a490:net_weight;https://www.candywrapperarchive.com/candy-collector/1960s-tootsie-roll-2/#net_weight,,,,rights_review_needed,source_link_only_until_rights_review_clears_reuse,1,0
cwa-ingredient-priority-v1,cwa_ingredient_priority_0bca9763115e,245,10,cwa_surface_2ad0cdabf951b2,tootsie_roll,Tootsie Roll,1960s,www.candywrapperarchive.com,https://www.candywrapperarchive.com/candy-collector/1960s-tootsie-roll-2/,collector_archive_page,1960s Tootsie Roll - Maker or date cue,maker_or_date,Maker or date cue,readable_panel_photo_needed,medium,private_maker_or_date_crop,"Crop maker/distributor, copyright, lot, or date cue text.",maker_distributor_or_date_cue,cwa_surface_2ad0cdabf951b2;tootsie_roll:cwa_surface_2ad0cdabf951b2;cwa_capture_round_c5c40cd1a490:maker_or_date;https://www.candywrapperarchive.com/candy-collector/1960s-tootsie-roll-2/#maker_or_date,,,,rights_review_needed,source_link_only_until_rights_review_clears_reuse,1,0
