run_id,evidence_id,product_id,product_name,vintage_label,source_domain,source_url,source_type,ocr_gap_category,ocr_priority,capture_strategy,key_count,private_path_supplied,private_path_exists,extension_ok,audit_status,recommended_next_action,candidate_only,manual_verified
cwa-ingredient-priority-v1,cwa_surface_bdb8731dc7e98b,butterfinger_bar,Butterfinger Bar,1930s,www.candywrapperarchive.com,https://www.candywrapperarchive.com/candy-collector/1930s-butterfinger-2/,collector_archive_page,panel_capture_needed,high,private_ingredient_panel_crop,4,0,0,0,no_private_path_supplied,"Capture or crop the source privately, then fill local_private_image_path or processed_private_image_path.",1,0
cwa-ingredient-priority-v1,cwa_surface_b363dd0d60335c,butterfinger_bar,Butterfinger Bar,1930s,www.candywrapperarchive.com,https://www.candywrapperarchive.com/candy-collector/1930s-butterfinger-2/,collector_archive_page,panel_capture_needed,high,private_nutrition_panel_crop,4,0,0,0,no_private_path_supplied,"Capture or crop the source privately, then fill local_private_image_path or processed_private_image_path.",1,0
cwa-ingredient-priority-v1,cwa_surface_84d0eb71616be7,butterfinger_bar,Butterfinger Bar,1930s,www.candywrapperarchive.com,https://www.candywrapperarchive.com/candy-collector/1930s-butterfinger-2/,collector_archive_page,readable_panel_photo_needed,medium,private_back_or_side_text_crop,4,0,0,0,no_private_path_supplied,"Capture or crop the source privately, then fill local_private_image_path or processed_private_image_path.",1,0
cwa-ingredient-priority-v1,cwa_surface_a683962b007a91,butterfinger_bar,Butterfinger Bar,1930s,www.candywrapperarchive.com,https://www.candywrapperarchive.com/candy-collector/1930s-butterfinger-2/,collector_archive_page,readable_panel_photo_needed,medium,private_net_weight_crop,4,0,0,0,no_private_path_supplied,"Capture or crop the source privately, then fill local_private_image_path or processed_private_image_path.",1,0
cwa-ingredient-priority-v1,cwa_surface_4ca2fc76512393,butterfinger_bar,Butterfinger Bar,1930s,www.candywrapperarchive.com,https://www.candywrapperarchive.com/candy-collector/1930s-butterfinger-2/,collector_archive_page,readable_panel_photo_needed,medium,private_maker_or_date_crop,4,0,0,0,no_private_path_supplied,"Capture or crop the source privately, then fill local_private_image_path or processed_private_image_path.",1,0
cwa-ingredient-priority-v1,cwa_surface_20807ca6246abf,butterfinger_bar,Butterfinger Bar,1936,www.candywrapperarchive.com,https://www.candywrapperarchive.com/candy-collector/1936-butterfinger/,collector_archive_page,panel_capture_needed,high,private_ingredient_panel_crop,4,0,0,0,no_private_path_supplied,"Capture or crop the source privately, then fill local_private_image_path or processed_private_image_path.",1,0
cwa-ingredient-priority-v1,cwa_surface_3e9fb8bd823a85,butterfinger_bar,Butterfinger Bar,1936,www.candywrapperarchive.com,https://www.candywrapperarchive.com/candy-collector/1936-butterfinger/,collector_archive_page,panel_capture_needed,high,private_nutrition_panel_crop,4,0,0,0,no_private_path_supplied,"Capture or crop the source privately, then fill local_private_image_path or processed_private_image_path.",1,0
cwa-ingredient-priority-v1,cwa_surface_b6b7bb8b5a98d5,butterfinger_bar,Butterfinger Bar,1936,www.candywrapperarchive.com,https://www.candywrapperarchive.com/candy-collector/1936-butterfinger/,collector_archive_page,readable_panel_photo_needed,medium,private_back_or_side_text_crop,4,0,0,0,no_private_path_supplied,"Capture or crop the source privately, then fill local_private_image_path or processed_private_image_path.",1,0
cwa-ingredient-priority-v1,cwa_surface_dca02008554124,butterfinger_bar,Butterfinger Bar,1936,www.candywrapperarchive.com,https://www.candywrapperarchive.com/candy-collector/1936-butterfinger/,collector_archive_page,readable_panel_photo_needed,medium,private_net_weight_crop,4,0,0,0,no_private_path_supplied,"Capture or crop the source privately, then fill local_private_image_path or processed_private_image_path.",1,0
cwa-ingredient-priority-v1,cwa_surface_c1f792333d347e,butterfinger_bar,Butterfinger Bar,1936,www.candywrapperarchive.com,https://www.candywrapperarchive.com/candy-collector/1936-butterfinger/,collector_archive_page,readable_panel_photo_needed,medium,private_maker_or_date_crop,4,0,0,0,no_private_path_supplied,"Capture or crop the source privately, then fill local_private_image_path or processed_private_image_path.",1,0
cwa-ingredient-priority-v1,cwa_surface_14e84cbbae8fe9,butterfinger_bar,Butterfinger Bar,1950,www.candywrapperarchive.com,https://www.candywrapperarchive.com/candy-collector/1950-butterfinger-2/,collector_archive_page,panel_capture_needed,high,private_ingredient_panel_crop,4,0,0,0,no_private_path_supplied,"Capture or crop the source privately, then fill local_private_image_path or processed_private_image_path.",1,0
cwa-ingredient-priority-v1,cwa_surface_c7d30fed1ab8bd,butterfinger_bar,Butterfinger Bar,1950,www.candywrapperarchive.com,https://www.candywrapperarchive.com/candy-collector/1950-butterfinger-2/,collector_archive_page,panel_capture_needed,high,private_nutrition_panel_crop,4,0,0,0,no_private_path_supplied,"Capture or crop the source privately, then fill local_private_image_path or processed_private_image_path.",1,0
cwa-ingredient-priority-v1,cwa_surface_1bc8565238b2b9,butterfinger_bar,Butterfinger Bar,1950,www.candywrapperarchive.com,https://www.candywrapperarchive.com/candy-collector/1950-butterfinger-2/,collector_archive_page,readable_panel_photo_needed,medium,private_back_or_side_text_crop,4,0,0,0,no_private_path_supplied,"Capture or crop the source privately, then fill local_private_image_path or processed_private_image_path.",1,0
cwa-ingredient-priority-v1,cwa_surface_2bd09cde3db0fa,butterfinger_bar,Butterfinger Bar,1950,www.candywrapperarchive.com,https://www.candywrapperarchive.com/candy-collector/1950-butterfinger-2/,collector_archive_page,readable_panel_photo_needed,medium,private_net_weight_crop,4,0,0,0,no_private_path_supplied,"Capture or crop the source privately, then fill local_private_image_path or processed_private_image_path.",1,0
cwa-ingredient-priority-v1,cwa_surface_57d3a86bc82d4e,butterfinger_bar,Butterfinger Bar,1950,www.candywrapperarchive.com,https://www.candywrapperarchive.com/candy-collector/1950-butterfinger-2/,collector_archive_page,readable_panel_photo_needed,medium,private_maker_or_date_crop,4,0,0,0,no_private_path_supplied,"Capture or crop the source privately, then fill local_private_image_path or processed_private_image_path.",1,0
cwa-ingredient-priority-v1,cwa_surface_99e8305790e753,butterfinger_bar,Butterfinger Bar,1964,www.candywrapperarchive.com,https://www.candywrapperarchive.com/candy-collector/1964-butterfinger/,collector_archive_page,panel_capture_needed,high,private_ingredient_panel_crop,4,0,0,0,no_private_path_supplied,"Capture or crop the source privately, then fill local_private_image_path or processed_private_image_path.",1,0
cwa-ingredient-priority-v1,cwa_surface_2bf81d0b93b9ab,butterfinger_bar,Butterfinger Bar,1964,www.candywrapperarchive.com,https://www.candywrapperarchive.com/candy-collector/1964-butterfinger/,collector_archive_page,panel_capture_needed,high,private_nutrition_panel_crop,4,0,0,0,no_private_path_supplied,"Capture or crop the source privately, then fill local_private_image_path or processed_private_image_path.",1,0
cwa-ingredient-priority-v1,cwa_surface_01491cd500dd8f,butterfinger_bar,Butterfinger Bar,1964,www.candywrapperarchive.com,https://www.candywrapperarchive.com/candy-collector/1964-butterfinger/,collector_archive_page,readable_panel_photo_needed,medium,private_back_or_side_text_crop,4,0,0,0,no_private_path_supplied,"Capture or crop the source privately, then fill local_private_image_path or processed_private_image_path.",1,0
cwa-ingredient-priority-v1,cwa_surface_78b2aead6a3559,butterfinger_bar,Butterfinger Bar,1964,www.candywrapperarchive.com,https://www.candywrapperarchive.com/candy-collector/1964-butterfinger/,collector_archive_page,readable_panel_photo_needed,medium,private_net_weight_crop,4,0,0,0,no_private_path_supplied,"Capture or crop the source privately, then fill local_private_image_path or processed_private_image_path.",1,0
cwa-ingredient-priority-v1,cwa_surface_6844f3e0c4b28c,butterfinger_bar,Butterfinger Bar,1964,www.candywrapperarchive.com,https://www.candywrapperarchive.com/candy-collector/1964-butterfinger/,collector_archive_page,readable_panel_photo_needed,medium,private_maker_or_date_crop,4,0,0,0,no_private_path_supplied,"Capture or crop the source privately, then fill local_private_image_path or processed_private_image_path.",1,0
cwa-ingredient-priority-v1,cwa_surface_2f942468ca250f,butterfinger_bar,Butterfinger Bar,1975,www.candywrapperarchive.com,https://www.candywrapperarchive.com/candy-collector/1975-butterfinger/,collector_archive_page,panel_capture_needed,high,private_ingredient_panel_crop,4,0,0,0,no_private_path_supplied,"Capture or crop the source privately, then fill local_private_image_path or processed_private_image_path.",1,0
cwa-ingredient-priority-v1,cwa_surface_6c45d30611861d,butterfinger_bar,Butterfinger Bar,1975,www.candywrapperarchive.com,https://www.candywrapperarchive.com/candy-collector/1975-butterfinger/,collector_archive_page,panel_capture_needed,high,private_nutrition_panel_crop,4,0,0,0,no_private_path_supplied,"Capture or crop the source privately, then fill local_private_image_path or processed_private_image_path.",1,0
cwa-ingredient-priority-v1,cwa_surface_4ed27f62edf38f,butterfinger_bar,Butterfinger Bar,1975,www.candywrapperarchive.com,https://www.candywrapperarchive.com/candy-collector/1975-butterfinger/,collector_archive_page,readable_panel_photo_needed,medium,private_back_or_side_text_crop,4,0,0,0,no_private_path_supplied,"Capture or crop the source privately, then fill local_private_image_path or processed_private_image_path.",1,0
cwa-ingredient-priority-v1,cwa_surface_2b65b5afb00c00,butterfinger_bar,Butterfinger Bar,1975,www.candywrapperarchive.com,https://www.candywrapperarchive.com/candy-collector/1975-butterfinger/,collector_archive_page,readable_panel_photo_needed,medium,private_net_weight_crop,4,0,0,0,no_private_path_supplied,"Capture or crop the source privately, then fill local_private_image_path or processed_private_image_path.",1,0
cwa-ingredient-priority-v1,cwa_surface_7a9aac8ec16501,butterfinger_bar,Butterfinger Bar,1975,www.candywrapperarchive.com,https://www.candywrapperarchive.com/candy-collector/1975-butterfinger/,collector_archive_page,readable_panel_photo_needed,medium,private_maker_or_date_crop,4,0,0,0,no_private_path_supplied,"Capture or crop the source privately, then fill local_private_image_path or processed_private_image_path.",1,0
cwa-ingredient-priority-v1,cwa_surface_11352cd6262a16,butterfinger_bar,Butterfinger Bar,1980s,www.candywrapperarchive.com,https://www.candywrapperarchive.com/candy-collector/1980s-butterfinger/,collector_archive_page,panel_capture_needed,high,private_ingredient_panel_crop,4,0,0,0,no_private_path_supplied,"Capture or crop the source privately, then fill local_private_image_path or processed_private_image_path.",1,0
cwa-ingredient-priority-v1,cwa_surface_f44d9b4ffe1d8a,butterfinger_bar,Butterfinger Bar,1980s,www.candywrapperarchive.com,https://www.candywrapperarchive.com/candy-collector/1980s-butterfinger/,collector_archive_page,panel_capture_needed,high,private_nutrition_panel_crop,4,0,0,0,no_private_path_supplied,"Capture or crop the source privately, then fill local_private_image_path or processed_private_image_path.",1,0
cwa-ingredient-priority-v1,cwa_surface_adf11598c9d764,butterfinger_bar,Butterfinger Bar,1980s,www.candywrapperarchive.com,https://www.candywrapperarchive.com/candy-collector/1980s-butterfinger/,collector_archive_page,readable_panel_photo_needed,medium,private_back_or_side_text_crop,4,0,0,0,no_private_path_supplied,"Capture or crop the source privately, then fill local_private_image_path or processed_private_image_path.",1,0
cwa-ingredient-priority-v1,cwa_surface_7da3def94ba7a6,butterfinger_bar,Butterfinger Bar,1980s,www.candywrapperarchive.com,https://www.candywrapperarchive.com/candy-collector/1980s-butterfinger/,collector_archive_page,readable_panel_photo_needed,medium,private_net_weight_crop,4,0,0,0,no_private_path_supplied,"Capture or crop the source privately, then fill local_private_image_path or processed_private_image_path.",1,0
cwa-ingredient-priority-v1,cwa_surface_e16699894b4ae0,butterfinger_bar,Butterfinger Bar,1980s,www.candywrapperarchive.com,https://www.candywrapperarchive.com/candy-collector/1980s-butterfinger/,collector_archive_page,readable_panel_photo_needed,medium,private_maker_or_date_crop,4,0,0,0,no_private_path_supplied,"Capture or crop the source privately, then fill local_private_image_path or processed_private_image_path.",1,0
cwa-ingredient-priority-v1,cwa_surface_60231b54b36cda,butterfinger_bar,Butterfinger Bar,2002,www.candywrapperarchive.com,https://www.candywrapperarchive.com/candy-collector/2002-butterfinger/,collector_archive_page,panel_capture_needed,high,private_ingredient_panel_crop,4,0,0,0,no_private_path_supplied,"Capture or crop the source privately, then fill local_private_image_path or processed_private_image_path.",1,0
cwa-ingredient-priority-v1,cwa_surface_0a1eeb650363ed,butterfinger_bar,Butterfinger Bar,2002,www.candywrapperarchive.com,https://www.candywrapperarchive.com/candy-collector/2002-butterfinger/,collector_archive_page,panel_capture_needed,high,private_nutrition_panel_crop,4,0,0,0,no_private_path_supplied,"Capture or crop the source privately, then fill local_private_image_path or processed_private_image_path.",1,0
cwa-ingredient-priority-v1,cwa_surface_6b70fedb8fe3a7,butterfinger_bar,Butterfinger Bar,2002,www.candywrapperarchive.com,https://www.candywrapperarchive.com/candy-collector/2002-butterfinger/,collector_archive_page,readable_panel_photo_needed,medium,private_back_or_side_text_crop,4,0,0,0,no_private_path_supplied,"Capture or crop the source privately, then fill local_private_image_path or processed_private_image_path.",1,0
cwa-ingredient-priority-v1,cwa_surface_be810e91c5b248,butterfinger_bar,Butterfinger Bar,2002,www.candywrapperarchive.com,https://www.candywrapperarchive.com/candy-collector/2002-butterfinger/,collector_archive_page,readable_panel_photo_needed,medium,private_net_weight_crop,4,0,0,0,no_private_path_supplied,"Capture or crop the source privately, then fill local_private_image_path or processed_private_image_path.",1,0
cwa-ingredient-priority-v1,cwa_surface_4c89b0af362deb,butterfinger_bar,Butterfinger Bar,2002,www.candywrapperarchive.com,https://www.candywrapperarchive.com/candy-collector/2002-butterfinger/,collector_archive_page,readable_panel_photo_needed,medium,private_maker_or_date_crop,4,0,0,0,no_private_path_supplied,"Capture or crop the source privately, then fill local_private_image_path or processed_private_image_path.",1,0
cwa-ingredient-priority-v1,cwa_surface_29f395474ef684,butterfinger_bar,Butterfinger Bar,2009,www.candywrapperarchive.com,https://www.candywrapperarchive.com/candy-collector/2009-butterfinger/,collector_archive_page,panel_capture_needed,high,private_ingredient_panel_crop,4,0,0,0,no_private_path_supplied,"Capture or crop the source privately, then fill local_private_image_path or processed_private_image_path.",1,0
cwa-ingredient-priority-v1,cwa_surface_06fb011e088d40,butterfinger_bar,Butterfinger Bar,2009,www.candywrapperarchive.com,https://www.candywrapperarchive.com/candy-collector/2009-butterfinger/,collector_archive_page,panel_capture_needed,high,private_nutrition_panel_crop,4,0,0,0,no_private_path_supplied,"Capture or crop the source privately, then fill local_private_image_path or processed_private_image_path.",1,0
cwa-ingredient-priority-v1,cwa_surface_879660c2ce85f5,butterfinger_bar,Butterfinger Bar,2009,www.candywrapperarchive.com,https://www.candywrapperarchive.com/candy-collector/2009-butterfinger/,collector_archive_page,readable_panel_photo_needed,medium,private_back_or_side_text_crop,4,0,0,0,no_private_path_supplied,"Capture or crop the source privately, then fill local_private_image_path or processed_private_image_path.",1,0
cwa-ingredient-priority-v1,cwa_surface_188f9409aaabdd,butterfinger_bar,Butterfinger Bar,2009,www.candywrapperarchive.com,https://www.candywrapperarchive.com/candy-collector/2009-butterfinger/,collector_archive_page,readable_panel_photo_needed,medium,private_net_weight_crop,4,0,0,0,no_private_path_supplied,"Capture or crop the source privately, then fill local_private_image_path or processed_private_image_path.",1,0
cwa-ingredient-priority-v1,cwa_surface_cb25b81e075544,butterfinger_bar,Butterfinger Bar,2009,www.candywrapperarchive.com,https://www.candywrapperarchive.com/candy-collector/2009-butterfinger/,collector_archive_page,readable_panel_photo_needed,medium,private_maker_or_date_crop,4,0,0,0,no_private_path_supplied,"Capture or crop the source privately, then fill local_private_image_path or processed_private_image_path.",1,0
cwa-ingredient-priority-v1,cwa_surface_0dca79d6d2105f,reeses_peanut_butter_cups,Reese's Peanut Butter Cups,1940s,www.candywrapperarchive.com,https://www.candywrapperarchive.com/candy-collector/1940s-reeses-bag/,collector_archive_page,panel_capture_needed,high,private_ingredient_panel_crop,4,0,0,0,no_private_path_supplied,"Capture or crop the source privately, then fill local_private_image_path or processed_private_image_path.",1,0
cwa-ingredient-priority-v1,cwa_surface_f097f2901f1c97,reeses_peanut_butter_cups,Reese's Peanut Butter Cups,1940s,www.candywrapperarchive.com,https://www.candywrapperarchive.com/candy-collector/1940s-reeses-bag/,collector_archive_page,panel_capture_needed,high,private_nutrition_panel_crop,4,0,0,0,no_private_path_supplied,"Capture or crop the source privately, then fill local_private_image_path or processed_private_image_path.",1,0
cwa-ingredient-priority-v1,cwa_surface_f105a3ba86e9b5,reeses_peanut_butter_cups,Reese's Peanut Butter Cups,1940s,www.candywrapperarchive.com,https://www.candywrapperarchive.com/candy-collector/1940s-reeses-bag/,collector_archive_page,readable_panel_photo_needed,medium,private_back_or_side_text_crop,4,0,0,0,no_private_path_supplied,"Capture or crop the source privately, then fill local_private_image_path or processed_private_image_path.",1,0
cwa-ingredient-priority-v1,cwa_surface_d43a2ef5594515,reeses_peanut_butter_cups,Reese's Peanut Butter Cups,1940s,www.candywrapperarchive.com,https://www.candywrapperarchive.com/candy-collector/1940s-reeses-bag/,collector_archive_page,readable_panel_photo_needed,medium,private_net_weight_crop,4,0,0,0,no_private_path_supplied,"Capture or crop the source privately, then fill local_private_image_path or processed_private_image_path.",1,0
cwa-ingredient-priority-v1,cwa_surface_a7654aef885218,reeses_peanut_butter_cups,Reese's Peanut Butter Cups,1940s,www.candywrapperarchive.com,https://www.candywrapperarchive.com/candy-collector/1940s-reeses-bag/,collector_archive_page,readable_panel_photo_needed,medium,private_maker_or_date_crop,4,0,0,0,no_private_path_supplied,"Capture or crop the source privately, then fill local_private_image_path or processed_private_image_path.",1,0
cwa-ingredient-priority-v1,cwa_surface_0a70aab6cdf208,reeses_peanut_butter_cups,Reese's Peanut Butter Cups,1970s,www.candywrapperarchive.com,https://www.candywrapperarchive.com/candy-collector/1970s-reeses/,collector_archive_page,panel_capture_needed,high,private_ingredient_panel_crop,4,0,0,0,no_private_path_supplied,"Capture or crop the source privately, then fill local_private_image_path or processed_private_image_path.",1,0
cwa-ingredient-priority-v1,cwa_surface_7ed70d0cb54be5,reeses_peanut_butter_cups,Reese's Peanut Butter Cups,1970s,www.candywrapperarchive.com,https://www.candywrapperarchive.com/candy-collector/1970s-reeses/,collector_archive_page,panel_capture_needed,high,private_nutrition_panel_crop,4,0,0,0,no_private_path_supplied,"Capture or crop the source privately, then fill local_private_image_path or processed_private_image_path.",1,0
cwa-ingredient-priority-v1,cwa_surface_59460eca45fc53,reeses_peanut_butter_cups,Reese's Peanut Butter Cups,1970s,www.candywrapperarchive.com,https://www.candywrapperarchive.com/candy-collector/1970s-reeses/,collector_archive_page,readable_panel_photo_needed,medium,private_back_or_side_text_crop,4,0,0,0,no_private_path_supplied,"Capture or crop the source privately, then fill local_private_image_path or processed_private_image_path.",1,0
cwa-ingredient-priority-v1,cwa_surface_b1c5e8c31b8ead,reeses_peanut_butter_cups,Reese's Peanut Butter Cups,1970s,www.candywrapperarchive.com,https://www.candywrapperarchive.com/candy-collector/1970s-reeses/,collector_archive_page,readable_panel_photo_needed,medium,private_net_weight_crop,4,0,0,0,no_private_path_supplied,"Capture or crop the source privately, then fill local_private_image_path or processed_private_image_path.",1,0
cwa-ingredient-priority-v1,cwa_surface_980baa0d7e9734,reeses_peanut_butter_cups,Reese's Peanut Butter Cups,1970s,www.candywrapperarchive.com,https://www.candywrapperarchive.com/candy-collector/1970s-reeses/,collector_archive_page,readable_panel_photo_needed,medium,private_maker_or_date_crop,4,0,0,0,no_private_path_supplied,"Capture or crop the source privately, then fill local_private_image_path or processed_private_image_path.",1,0
cwa-ingredient-priority-v1,cwa_surface_bcf31ae6fd5bd4,reeses_peanut_butter_cups,Reese's Peanut Butter Cups,1980s,www.candywrapperarchive.com,https://www.candywrapperarchive.com/candy-collector/1980s-reeses/,collector_archive_page,panel_capture_needed,high,private_ingredient_panel_crop,4,0,0,0,no_private_path_supplied,"Capture or crop the source privately, then fill local_private_image_path or processed_private_image_path.",1,0
cwa-ingredient-priority-v1,cwa_surface_8168d58033c4df,reeses_peanut_butter_cups,Reese's Peanut Butter Cups,1980s,www.candywrapperarchive.com,https://www.candywrapperarchive.com/candy-collector/1980s-reeses/,collector_archive_page,panel_capture_needed,high,private_nutrition_panel_crop,4,0,0,0,no_private_path_supplied,"Capture or crop the source privately, then fill local_private_image_path or processed_private_image_path.",1,0
cwa-ingredient-priority-v1,cwa_surface_0faa72164afe8f,reeses_peanut_butter_cups,Reese's Peanut Butter Cups,1980s,www.candywrapperarchive.com,https://www.candywrapperarchive.com/candy-collector/1980s-reeses/,collector_archive_page,readable_panel_photo_needed,medium,private_back_or_side_text_crop,4,0,0,0,no_private_path_supplied,"Capture or crop the source privately, then fill local_private_image_path or processed_private_image_path.",1,0
cwa-ingredient-priority-v1,cwa_surface_dd28ff8505e422,reeses_peanut_butter_cups,Reese's Peanut Butter Cups,1980s,www.candywrapperarchive.com,https://www.candywrapperarchive.com/candy-collector/1980s-reeses/,collector_archive_page,readable_panel_photo_needed,medium,private_net_weight_crop,4,0,0,0,no_private_path_supplied,"Capture or crop the source privately, then fill local_private_image_path or processed_private_image_path.",1,0
cwa-ingredient-priority-v1,cwa_surface_f599b5fa2eb95f,reeses_peanut_butter_cups,Reese's Peanut Butter Cups,1980s,www.candywrapperarchive.com,https://www.candywrapperarchive.com/candy-collector/1980s-reeses/,collector_archive_page,readable_panel_photo_needed,medium,private_maker_or_date_crop,4,0,0,0,no_private_path_supplied,"Capture or crop the source privately, then fill local_private_image_path or processed_private_image_path.",1,0
cwa-ingredient-priority-v1,cwa_surface_39cf422a847979,reeses_peanut_butter_cups,Reese's Peanut Butter Cups,1991,www.candywrapperarchive.com,https://www.candywrapperarchive.com/candy-collector/1991-reeses/,collector_archive_page,panel_capture_needed,high,private_ingredient_panel_crop,4,0,0,0,no_private_path_supplied,"Capture or crop the source privately, then fill local_private_image_path or processed_private_image_path.",1,0
cwa-ingredient-priority-v1,cwa_surface_df5993989a6e4b,reeses_peanut_butter_cups,Reese's Peanut Butter Cups,1991,www.candywrapperarchive.com,https://www.candywrapperarchive.com/candy-collector/1991-reeses/,collector_archive_page,panel_capture_needed,high,private_nutrition_panel_crop,4,0,0,0,no_private_path_supplied,"Capture or crop the source privately, then fill local_private_image_path or processed_private_image_path.",1,0
cwa-ingredient-priority-v1,cwa_surface_1b1f2781df71d6,reeses_peanut_butter_cups,Reese's Peanut Butter Cups,1991,www.candywrapperarchive.com,https://www.candywrapperarchive.com/candy-collector/1991-reeses/,collector_archive_page,readable_panel_photo_needed,medium,private_back_or_side_text_crop,4,0,0,0,no_private_path_supplied,"Capture or crop the source privately, then fill local_private_image_path or processed_private_image_path.",1,0
cwa-ingredient-priority-v1,cwa_surface_ba7793d992ecaa,reeses_peanut_butter_cups,Reese's Peanut Butter Cups,1991,www.candywrapperarchive.com,https://www.candywrapperarchive.com/candy-collector/1991-reeses/,collector_archive_page,readable_panel_photo_needed,medium,private_net_weight_crop,4,0,0,0,no_private_path_supplied,"Capture or crop the source privately, then fill local_private_image_path or processed_private_image_path.",1,0
cwa-ingredient-priority-v1,cwa_surface_4aafb6748ecde9,reeses_peanut_butter_cups,Reese's Peanut Butter Cups,1991,www.candywrapperarchive.com,https://www.candywrapperarchive.com/candy-collector/1991-reeses/,collector_archive_page,readable_panel_photo_needed,medium,private_maker_or_date_crop,4,0,0,0,no_private_path_supplied,"Capture or crop the source privately, then fill local_private_image_path or processed_private_image_path.",1,0
cwa-ingredient-priority-v1,cwa_surface_031d83c3dbd59e,reeses_peanut_butter_cups,Reese's Peanut Butter Cups,2002,www.candywrapperarchive.com,https://www.candywrapperarchive.com/candy-collector/2002-reeses/,collector_archive_page,panel_capture_needed,high,private_ingredient_panel_crop,4,0,0,0,no_private_path_supplied,"Capture or crop the source privately, then fill local_private_image_path or processed_private_image_path.",1,0
cwa-ingredient-priority-v1,cwa_surface_375e91cfe4931b,reeses_peanut_butter_cups,Reese's Peanut Butter Cups,2002,www.candywrapperarchive.com,https://www.candywrapperarchive.com/candy-collector/2002-reeses/,collector_archive_page,panel_capture_needed,high,private_nutrition_panel_crop,4,0,0,0,no_private_path_supplied,"Capture or crop the source privately, then fill local_private_image_path or processed_private_image_path.",1,0
cwa-ingredient-priority-v1,cwa_surface_87e7930fc9ae95,reeses_peanut_butter_cups,Reese's Peanut Butter Cups,2002,www.candywrapperarchive.com,https://www.candywrapperarchive.com/candy-collector/2002-reeses/,collector_archive_page,readable_panel_photo_needed,medium,private_back_or_side_text_crop,4,0,0,0,no_private_path_supplied,"Capture or crop the source privately, then fill local_private_image_path or processed_private_image_path.",1,0
cwa-ingredient-priority-v1,cwa_surface_4f8c020926ee6e,reeses_peanut_butter_cups,Reese's Peanut Butter Cups,2002,www.candywrapperarchive.com,https://www.candywrapperarchive.com/candy-collector/2002-reeses/,collector_archive_page,readable_panel_photo_needed,medium,private_net_weight_crop,4,0,0,0,no_private_path_supplied,"Capture or crop the source privately, then fill local_private_image_path or processed_private_image_path.",1,0
cwa-ingredient-priority-v1,cwa_surface_494bf2ec912f83,reeses_peanut_butter_cups,Reese's Peanut Butter Cups,2002,www.candywrapperarchive.com,https://www.candywrapperarchive.com/candy-collector/2002-reeses/,collector_archive_page,readable_panel_photo_needed,medium,private_maker_or_date_crop,4,0,0,0,no_private_path_supplied,"Capture or crop the source privately, then fill local_private_image_path or processed_private_image_path.",1,0
cwa-ingredient-priority-v1,cwa_surface_cd18a160cd966e,reeses_peanut_butter_cups,Reese's Peanut Butter Cups,2003,www.candywrapperarchive.com,https://www.candywrapperarchive.com/candy-collector/2003-reeses/,collector_archive_page,panel_capture_needed,high,private_ingredient_panel_crop,4,0,0,0,no_private_path_supplied,"Capture or crop the source privately, then fill local_private_image_path or processed_private_image_path.",1,0
cwa-ingredient-priority-v1,cwa_surface_0f7bbe724b67ba,reeses_peanut_butter_cups,Reese's Peanut Butter Cups,2003,www.candywrapperarchive.com,https://www.candywrapperarchive.com/candy-collector/2003-reeses/,collector_archive_page,panel_capture_needed,high,private_nutrition_panel_crop,4,0,0,0,no_private_path_supplied,"Capture or crop the source privately, then fill local_private_image_path or processed_private_image_path.",1,0
cwa-ingredient-priority-v1,cwa_surface_bf02be703135ca,reeses_peanut_butter_cups,Reese's Peanut Butter Cups,2003,www.candywrapperarchive.com,https://www.candywrapperarchive.com/candy-collector/2003-reeses/,collector_archive_page,readable_panel_photo_needed,medium,private_back_or_side_text_crop,4,0,0,0,no_private_path_supplied,"Capture or crop the source privately, then fill local_private_image_path or processed_private_image_path.",1,0
cwa-ingredient-priority-v1,cwa_surface_7cff970e120afc,reeses_peanut_butter_cups,Reese's Peanut Butter Cups,2003,www.candywrapperarchive.com,https://www.candywrapperarchive.com/candy-collector/2003-reeses/,collector_archive_page,readable_panel_photo_needed,medium,private_net_weight_crop,4,0,0,0,no_private_path_supplied,"Capture or crop the source privately, then fill local_private_image_path or processed_private_image_path.",1,0
cwa-ingredient-priority-v1,cwa_surface_7f76dde4acc4d2,reeses_peanut_butter_cups,Reese's Peanut Butter Cups,2003,www.candywrapperarchive.com,https://www.candywrapperarchive.com/candy-collector/2003-reeses/,collector_archive_page,readable_panel_photo_needed,medium,private_maker_or_date_crop,4,0,0,0,no_private_path_supplied,"Capture or crop the source privately, then fill local_private_image_path or processed_private_image_path.",1,0
cwa-ingredient-priority-v1,cwa_surface_a1d39772267f32,reeses_peanut_butter_cups,Reese's Peanut Butter Cups,2005,www.candywrapperarchive.com,https://www.candywrapperarchive.com/candy-collector/2005-reeses/,collector_archive_page,panel_capture_needed,high,private_ingredient_panel_crop,4,0,0,0,no_private_path_supplied,"Capture or crop the source privately, then fill local_private_image_path or processed_private_image_path.",1,0
cwa-ingredient-priority-v1,cwa_surface_80dc199d739cc1,reeses_peanut_butter_cups,Reese's Peanut Butter Cups,2005,www.candywrapperarchive.com,https://www.candywrapperarchive.com/candy-collector/2005-reeses/,collector_archive_page,panel_capture_needed,high,private_nutrition_panel_crop,4,0,0,0,no_private_path_supplied,"Capture or crop the source privately, then fill local_private_image_path or processed_private_image_path.",1,0
cwa-ingredient-priority-v1,cwa_surface_e7bf662c6b72b1,reeses_peanut_butter_cups,Reese's Peanut Butter Cups,2005,www.candywrapperarchive.com,https://www.candywrapperarchive.com/candy-collector/2005-reeses/,collector_archive_page,readable_panel_photo_needed,medium,private_back_or_side_text_crop,4,0,0,0,no_private_path_supplied,"Capture or crop the source privately, then fill local_private_image_path or processed_private_image_path.",1,0
cwa-ingredient-priority-v1,cwa_surface_ac0e8b821632f3,reeses_peanut_butter_cups,Reese's Peanut Butter Cups,2005,www.candywrapperarchive.com,https://www.candywrapperarchive.com/candy-collector/2005-reeses/,collector_archive_page,readable_panel_photo_needed,medium,private_net_weight_crop,4,0,0,0,no_private_path_supplied,"Capture or crop the source privately, then fill local_private_image_path or processed_private_image_path.",1,0
cwa-ingredient-priority-v1,cwa_surface_90f44ca6589e55,reeses_peanut_butter_cups,Reese's Peanut Butter Cups,2005,www.candywrapperarchive.com,https://www.candywrapperarchive.com/candy-collector/2005-reeses/,collector_archive_page,readable_panel_photo_needed,medium,private_maker_or_date_crop,4,0,0,0,no_private_path_supplied,"Capture or crop the source privately, then fill local_private_image_path or processed_private_image_path.",1,0
cwa-ingredient-priority-v1,cwa_surface_0a9fae33f7f4ee,hersheys_milk_chocolate_bar,Hershey's Milk Chocolate Bar,1908,www.candywrapperarchive.com,https://www.candywrapperarchive.com/candy-collector/1908-hershey-wrapper/,collector_archive_page,panel_capture_needed,high,private_ingredient_panel_crop,4,0,0,0,no_private_path_supplied,"Capture or crop the source privately, then fill local_private_image_path or processed_private_image_path.",1,0
cwa-ingredient-priority-v1,cwa_surface_6e41e940f11522,hersheys_milk_chocolate_bar,Hershey's Milk Chocolate Bar,1908,www.candywrapperarchive.com,https://www.candywrapperarchive.com/candy-collector/1908-hershey-wrapper/,collector_archive_page,panel_capture_needed,high,private_nutrition_panel_crop,4,0,0,0,no_private_path_supplied,"Capture or crop the source privately, then fill local_private_image_path or processed_private_image_path.",1,0
cwa-ingredient-priority-v1,cwa_surface_ca319afc82ff5b,hersheys_milk_chocolate_bar,Hershey's Milk Chocolate Bar,1908,www.candywrapperarchive.com,https://www.candywrapperarchive.com/candy-collector/1908-hershey-wrapper/,collector_archive_page,readable_panel_photo_needed,medium,private_back_or_side_text_crop,4,0,0,0,no_private_path_supplied,"Capture or crop the source privately, then fill local_private_image_path or processed_private_image_path.",1,0
cwa-ingredient-priority-v1,cwa_surface_2e4f0b3263bad6,hersheys_milk_chocolate_bar,Hershey's Milk Chocolate Bar,1908,www.candywrapperarchive.com,https://www.candywrapperarchive.com/candy-collector/1908-hershey-wrapper/,collector_archive_page,readable_panel_photo_needed,medium,private_net_weight_crop,4,0,0,0,no_private_path_supplied,"Capture or crop the source privately, then fill local_private_image_path or processed_private_image_path.",1,0
cwa-ingredient-priority-v1,cwa_surface_0a4987468d2c81,hersheys_milk_chocolate_bar,Hershey's Milk Chocolate Bar,1908,www.candywrapperarchive.com,https://www.candywrapperarchive.com/candy-collector/1908-hershey-wrapper/,collector_archive_page,readable_panel_photo_needed,medium,private_maker_or_date_crop,4,0,0,0,no_private_path_supplied,"Capture or crop the source privately, then fill local_private_image_path or processed_private_image_path.",1,0
cwa-ingredient-priority-v1,cwa_surface_99c927d1601798,hersheys_milk_chocolate_bar,Hershey's Milk Chocolate Bar,1910,www.candywrapperarchive.com,https://www.candywrapperarchive.com/candy-collector/1910-hershey/,collector_archive_page,panel_capture_needed,high,private_ingredient_panel_crop,4,0,0,0,no_private_path_supplied,"Capture or crop the source privately, then fill local_private_image_path or processed_private_image_path.",1,0
cwa-ingredient-priority-v1,cwa_surface_680242000dbc33,hersheys_milk_chocolate_bar,Hershey's Milk Chocolate Bar,1910,www.candywrapperarchive.com,https://www.candywrapperarchive.com/candy-collector/1910-hershey/,collector_archive_page,panel_capture_needed,high,private_nutrition_panel_crop,4,0,0,0,no_private_path_supplied,"Capture or crop the source privately, then fill local_private_image_path or processed_private_image_path.",1,0
cwa-ingredient-priority-v1,cwa_surface_e9070e339b1e53,hersheys_milk_chocolate_bar,Hershey's Milk Chocolate Bar,1910,www.candywrapperarchive.com,https://www.candywrapperarchive.com/candy-collector/1910-hershey/,collector_archive_page,readable_panel_photo_needed,medium,private_back_or_side_text_crop,4,0,0,0,no_private_path_supplied,"Capture or crop the source privately, then fill local_private_image_path or processed_private_image_path.",1,0
cwa-ingredient-priority-v1,cwa_surface_9c9ba58a51132f,hersheys_milk_chocolate_bar,Hershey's Milk Chocolate Bar,1910,www.candywrapperarchive.com,https://www.candywrapperarchive.com/candy-collector/1910-hershey/,collector_archive_page,readable_panel_photo_needed,medium,private_net_weight_crop,4,0,0,0,no_private_path_supplied,"Capture or crop the source privately, then fill local_private_image_path or processed_private_image_path.",1,0
cwa-ingredient-priority-v1,cwa_surface_45c3bc01f82e71,hersheys_milk_chocolate_bar,Hershey's Milk Chocolate Bar,1910,www.candywrapperarchive.com,https://www.candywrapperarchive.com/candy-collector/1910-hershey/,collector_archive_page,readable_panel_photo_needed,medium,private_maker_or_date_crop,4,0,0,0,no_private_path_supplied,"Capture or crop the source privately, then fill local_private_image_path or processed_private_image_path.",1,0
cwa-ingredient-priority-v1,cwa_surface_210c770b7ee45d,hersheys_milk_chocolate_bar,Hershey's Milk Chocolate Bar,1930s,www.candywrapperarchive.com,https://www.candywrapperarchive.com/candy-collector/1930s-hershey/,collector_archive_page,panel_capture_needed,high,private_ingredient_panel_crop,4,0,0,0,no_private_path_supplied,"Capture or crop the source privately, then fill local_private_image_path or processed_private_image_path.",1,0
cwa-ingredient-priority-v1,cwa_surface_f1e48b1f07fe1e,hersheys_milk_chocolate_bar,Hershey's Milk Chocolate Bar,1930s,www.candywrapperarchive.com,https://www.candywrapperarchive.com/candy-collector/1930s-hershey/,collector_archive_page,panel_capture_needed,high,private_nutrition_panel_crop,4,0,0,0,no_private_path_supplied,"Capture or crop the source privately, then fill local_private_image_path or processed_private_image_path.",1,0
cwa-ingredient-priority-v1,cwa_surface_b9e9911e8765ec,hersheys_milk_chocolate_bar,Hershey's Milk Chocolate Bar,1930s,www.candywrapperarchive.com,https://www.candywrapperarchive.com/candy-collector/1930s-hershey/,collector_archive_page,readable_panel_photo_needed,medium,private_back_or_side_text_crop,4,0,0,0,no_private_path_supplied,"Capture or crop the source privately, then fill local_private_image_path or processed_private_image_path.",1,0
cwa-ingredient-priority-v1,cwa_surface_981b876fdd7906,hersheys_milk_chocolate_bar,Hershey's Milk Chocolate Bar,1930s,www.candywrapperarchive.com,https://www.candywrapperarchive.com/candy-collector/1930s-hershey/,collector_archive_page,readable_panel_photo_needed,medium,private_net_weight_crop,4,0,0,0,no_private_path_supplied,"Capture or crop the source privately, then fill local_private_image_path or processed_private_image_path.",1,0
cwa-ingredient-priority-v1,cwa_surface_1f0a1ee5090953,hersheys_milk_chocolate_bar,Hershey's Milk Chocolate Bar,1930s,www.candywrapperarchive.com,https://www.candywrapperarchive.com/candy-collector/1930s-hershey/,collector_archive_page,readable_panel_photo_needed,medium,private_maker_or_date_crop,4,0,0,0,no_private_path_supplied,"Capture or crop the source privately, then fill local_private_image_path or processed_private_image_path.",1,0
cwa-ingredient-priority-v1,cwa_surface_836474c5ecb3ab,hersheys_milk_chocolate_bar,Hershey's Milk Chocolate Bar,1940,www.candywrapperarchive.com,https://www.candywrapperarchive.com/candy-collector/1940-hershey/,collector_archive_page,panel_capture_needed,high,private_ingredient_panel_crop,4,0,0,0,no_private_path_supplied,"Capture or crop the source privately, then fill local_private_image_path or processed_private_image_path.",1,0
cwa-ingredient-priority-v1,cwa_surface_6d6f67594ba20b,hersheys_milk_chocolate_bar,Hershey's Milk Chocolate Bar,1940,www.candywrapperarchive.com,https://www.candywrapperarchive.com/candy-collector/1940-hershey/,collector_archive_page,panel_capture_needed,high,private_nutrition_panel_crop,4,0,0,0,no_private_path_supplied,"Capture or crop the source privately, then fill local_private_image_path or processed_private_image_path.",1,0
cwa-ingredient-priority-v1,cwa_surface_71d56ea4fc13b9,hersheys_milk_chocolate_bar,Hershey's Milk Chocolate Bar,1940,www.candywrapperarchive.com,https://www.candywrapperarchive.com/candy-collector/1940-hershey/,collector_archive_page,readable_panel_photo_needed,medium,private_back_or_side_text_crop,4,0,0,0,no_private_path_supplied,"Capture or crop the source privately, then fill local_private_image_path or processed_private_image_path.",1,0
cwa-ingredient-priority-v1,cwa_surface_845395b10c3226,hersheys_milk_chocolate_bar,Hershey's Milk Chocolate Bar,1940,www.candywrapperarchive.com,https://www.candywrapperarchive.com/candy-collector/1940-hershey/,collector_archive_page,readable_panel_photo_needed,medium,private_net_weight_crop,4,0,0,0,no_private_path_supplied,"Capture or crop the source privately, then fill local_private_image_path or processed_private_image_path.",1,0
cwa-ingredient-priority-v1,cwa_surface_197daaa73c5731,hersheys_milk_chocolate_bar,Hershey's Milk Chocolate Bar,1940,www.candywrapperarchive.com,https://www.candywrapperarchive.com/candy-collector/1940-hershey/,collector_archive_page,readable_panel_photo_needed,medium,private_maker_or_date_crop,4,0,0,0,no_private_path_supplied,"Capture or crop the source privately, then fill local_private_image_path or processed_private_image_path.",1,0
cwa-ingredient-priority-v1,cwa_surface_2b941770eb841c,hersheys_milk_chocolate_bar,Hershey's Milk Chocolate Bar,1950s,www.candywrapperarchive.com,https://www.candywrapperarchive.com/candy-collector/1950s-hershey/,collector_archive_page,panel_capture_needed,high,private_ingredient_panel_crop,4,0,0,0,no_private_path_supplied,"Capture or crop the source privately, then fill local_private_image_path or processed_private_image_path.",1,0
cwa-ingredient-priority-v1,cwa_surface_17b90b0b42f85c,hersheys_milk_chocolate_bar,Hershey's Milk Chocolate Bar,1950s,www.candywrapperarchive.com,https://www.candywrapperarchive.com/candy-collector/1950s-hershey/,collector_archive_page,panel_capture_needed,high,private_nutrition_panel_crop,4,0,0,0,no_private_path_supplied,"Capture or crop the source privately, then fill local_private_image_path or processed_private_image_path.",1,0
cwa-ingredient-priority-v1,cwa_surface_05fee2dd539f80,hersheys_milk_chocolate_bar,Hershey's Milk Chocolate Bar,1950s,www.candywrapperarchive.com,https://www.candywrapperarchive.com/candy-collector/1950s-hershey/,collector_archive_page,readable_panel_photo_needed,medium,private_back_or_side_text_crop,4,0,0,0,no_private_path_supplied,"Capture or crop the source privately, then fill local_private_image_path or processed_private_image_path.",1,0
cwa-ingredient-priority-v1,cwa_surface_628c60635abbdc,hersheys_milk_chocolate_bar,Hershey's Milk Chocolate Bar,1950s,www.candywrapperarchive.com,https://www.candywrapperarchive.com/candy-collector/1950s-hershey/,collector_archive_page,readable_panel_photo_needed,medium,private_net_weight_crop,4,0,0,0,no_private_path_supplied,"Capture or crop the source privately, then fill local_private_image_path or processed_private_image_path.",1,0
cwa-ingredient-priority-v1,cwa_surface_f7423190199f8f,hersheys_milk_chocolate_bar,Hershey's Milk Chocolate Bar,1950s,www.candywrapperarchive.com,https://www.candywrapperarchive.com/candy-collector/1950s-hershey/,collector_archive_page,readable_panel_photo_needed,medium,private_maker_or_date_crop,4,0,0,0,no_private_path_supplied,"Capture or crop the source privately, then fill local_private_image_path or processed_private_image_path.",1,0
cwa-ingredient-priority-v1,cwa_surface_bc6e78979f4624,hersheys_milk_chocolate_bar,Hershey's Milk Chocolate Bar,1960s,www.candywrapperarchive.com,https://www.candywrapperarchive.com/candy-collector/1960s-hershey/,collector_archive_page,panel_capture_needed,high,private_ingredient_panel_crop,4,0,0,0,no_private_path_supplied,"Capture or crop the source privately, then fill local_private_image_path or processed_private_image_path.",1,0
cwa-ingredient-priority-v1,cwa_surface_8b0ef422af9a79,hersheys_milk_chocolate_bar,Hershey's Milk Chocolate Bar,1960s,www.candywrapperarchive.com,https://www.candywrapperarchive.com/candy-collector/1960s-hershey/,collector_archive_page,panel_capture_needed,high,private_nutrition_panel_crop,4,0,0,0,no_private_path_supplied,"Capture or crop the source privately, then fill local_private_image_path or processed_private_image_path.",1,0
cwa-ingredient-priority-v1,cwa_surface_d80e2952290e5e,hersheys_milk_chocolate_bar,Hershey's Milk Chocolate Bar,1960s,www.candywrapperarchive.com,https://www.candywrapperarchive.com/candy-collector/1960s-hershey/,collector_archive_page,readable_panel_photo_needed,medium,private_back_or_side_text_crop,4,0,0,0,no_private_path_supplied,"Capture or crop the source privately, then fill local_private_image_path or processed_private_image_path.",1,0
cwa-ingredient-priority-v1,cwa_surface_618d424651d432,hersheys_milk_chocolate_bar,Hershey's Milk Chocolate Bar,1960s,www.candywrapperarchive.com,https://www.candywrapperarchive.com/candy-collector/1960s-hershey/,collector_archive_page,readable_panel_photo_needed,medium,private_net_weight_crop,4,0,0,0,no_private_path_supplied,"Capture or crop the source privately, then fill local_private_image_path or processed_private_image_path.",1,0
cwa-ingredient-priority-v1,cwa_surface_3dd00fbad58ec6,hersheys_milk_chocolate_bar,Hershey's Milk Chocolate Bar,1960s,www.candywrapperarchive.com,https://www.candywrapperarchive.com/candy-collector/1960s-hershey/,collector_archive_page,readable_panel_photo_needed,medium,private_maker_or_date_crop,4,0,0,0,no_private_path_supplied,"Capture or crop the source privately, then fill local_private_image_path or processed_private_image_path.",1,0
cwa-ingredient-priority-v1,cwa_surface_d95b57ecc9cc56,kit_kat_bar,Kit Kat Bar,1960s,www.candywrapperarchive.com,https://www.candywrapperarchive.com/candy-collector/1960s-kit-kat/,collector_archive_page,panel_capture_needed,high,private_ingredient_panel_crop,4,0,0,0,no_private_path_supplied,"Capture or crop the source privately, then fill local_private_image_path or processed_private_image_path.",1,0
cwa-ingredient-priority-v1,cwa_surface_7cb3c3011e50b5,kit_kat_bar,Kit Kat Bar,1960s,www.candywrapperarchive.com,https://www.candywrapperarchive.com/candy-collector/1960s-kit-kat/,collector_archive_page,panel_capture_needed,high,private_nutrition_panel_crop,4,0,0,0,no_private_path_supplied,"Capture or crop the source privately, then fill local_private_image_path or processed_private_image_path.",1,0
cwa-ingredient-priority-v1,cwa_surface_96ac86bb78e511,kit_kat_bar,Kit Kat Bar,1960s,www.candywrapperarchive.com,https://www.candywrapperarchive.com/candy-collector/1960s-kit-kat/,collector_archive_page,readable_panel_photo_needed,medium,private_back_or_side_text_crop,4,0,0,0,no_private_path_supplied,"Capture or crop the source privately, then fill local_private_image_path or processed_private_image_path.",1,0
cwa-ingredient-priority-v1,cwa_surface_e7ad84c88ca058,kit_kat_bar,Kit Kat Bar,1960s,www.candywrapperarchive.com,https://www.candywrapperarchive.com/candy-collector/1960s-kit-kat/,collector_archive_page,readable_panel_photo_needed,medium,private_net_weight_crop,4,0,0,0,no_private_path_supplied,"Capture or crop the source privately, then fill local_private_image_path or processed_private_image_path.",1,0
cwa-ingredient-priority-v1,cwa_surface_47f3f199d7df53,kit_kat_bar,Kit Kat Bar,1960s,www.candywrapperarchive.com,https://www.candywrapperarchive.com/candy-collector/1960s-kit-kat/,collector_archive_page,readable_panel_photo_needed,medium,private_maker_or_date_crop,4,0,0,0,no_private_path_supplied,"Capture or crop the source privately, then fill local_private_image_path or processed_private_image_path.",1,0
cwa-ingredient-priority-v1,cwa_surface_1a7f0aaf8af064,kit_kat_bar,Kit Kat Bar,1970s,www.candywrapperarchive.com,https://www.candywrapperarchive.com/candy-collector/1970s-kit-kat/,collector_archive_page,panel_capture_needed,high,private_ingredient_panel_crop,4,0,0,0,no_private_path_supplied,"Capture or crop the source privately, then fill local_private_image_path or processed_private_image_path.",1,0
cwa-ingredient-priority-v1,cwa_surface_8385705f7055c8,kit_kat_bar,Kit Kat Bar,1970s,www.candywrapperarchive.com,https://www.candywrapperarchive.com/candy-collector/1970s-kit-kat/,collector_archive_page,panel_capture_needed,high,private_nutrition_panel_crop,4,0,0,0,no_private_path_supplied,"Capture or crop the source privately, then fill local_private_image_path or processed_private_image_path.",1,0
cwa-ingredient-priority-v1,cwa_surface_61dff2b370e9f7,kit_kat_bar,Kit Kat Bar,1970s,www.candywrapperarchive.com,https://www.candywrapperarchive.com/candy-collector/1970s-kit-kat/,collector_archive_page,readable_panel_photo_needed,medium,private_back_or_side_text_crop,4,0,0,0,no_private_path_supplied,"Capture or crop the source privately, then fill local_private_image_path or processed_private_image_path.",1,0
cwa-ingredient-priority-v1,cwa_surface_5700420d1993ad,kit_kat_bar,Kit Kat Bar,1970s,www.candywrapperarchive.com,https://www.candywrapperarchive.com/candy-collector/1970s-kit-kat/,collector_archive_page,readable_panel_photo_needed,medium,private_net_weight_crop,4,0,0,0,no_private_path_supplied,"Capture or crop the source privately, then fill local_private_image_path or processed_private_image_path.",1,0
cwa-ingredient-priority-v1,cwa_surface_1620c3a5bb78ab,kit_kat_bar,Kit Kat Bar,1970s,www.candywrapperarchive.com,https://www.candywrapperarchive.com/candy-collector/1970s-kit-kat/,collector_archive_page,readable_panel_photo_needed,medium,private_maker_or_date_crop,4,0,0,0,no_private_path_supplied,"Capture or crop the source privately, then fill local_private_image_path or processed_private_image_path.",1,0
cwa-ingredient-priority-v1,cwa_surface_af47e1cbe41d42,kit_kat_bar,Kit Kat Bar,2000,www.candywrapperarchive.com,https://www.candywrapperarchive.com/candy-collector/2000-kit-kat/,collector_archive_page,panel_capture_needed,high,private_ingredient_panel_crop,4,0,0,0,no_private_path_supplied,"Capture or crop the source privately, then fill local_private_image_path or processed_private_image_path.",1,0
cwa-ingredient-priority-v1,cwa_surface_f00a169092ba2c,kit_kat_bar,Kit Kat Bar,2000,www.candywrapperarchive.com,https://www.candywrapperarchive.com/candy-collector/2000-kit-kat/,collector_archive_page,panel_capture_needed,high,private_nutrition_panel_crop,4,0,0,0,no_private_path_supplied,"Capture or crop the source privately, then fill local_private_image_path or processed_private_image_path.",1,0
cwa-ingredient-priority-v1,cwa_surface_5de55960a0cbda,kit_kat_bar,Kit Kat Bar,2000,www.candywrapperarchive.com,https://www.candywrapperarchive.com/candy-collector/2000-kit-kat/,collector_archive_page,readable_panel_photo_needed,medium,private_back_or_side_text_crop,4,0,0,0,no_private_path_supplied,"Capture or crop the source privately, then fill local_private_image_path or processed_private_image_path.",1,0
cwa-ingredient-priority-v1,cwa_surface_889b5f4055565c,kit_kat_bar,Kit Kat Bar,2000,www.candywrapperarchive.com,https://www.candywrapperarchive.com/candy-collector/2000-kit-kat/,collector_archive_page,readable_panel_photo_needed,medium,private_net_weight_crop,4,0,0,0,no_private_path_supplied,"Capture or crop the source privately, then fill local_private_image_path or processed_private_image_path.",1,0
cwa-ingredient-priority-v1,cwa_surface_d4cc5dbc27066b,kit_kat_bar,Kit Kat Bar,2000,www.candywrapperarchive.com,https://www.candywrapperarchive.com/candy-collector/2000-kit-kat/,collector_archive_page,readable_panel_photo_needed,medium,private_maker_or_date_crop,4,0,0,0,no_private_path_supplied,"Capture or crop the source privately, then fill local_private_image_path or processed_private_image_path.",1,0
cwa-ingredient-priority-v1,cwa_surface_5df9cded5cf949,kit_kat_bar,Kit Kat Bar,2002,www.candywrapperarchive.com,https://www.candywrapperarchive.com/candy-collector/2002-kit-kat/,collector_archive_page,panel_capture_needed,high,private_ingredient_panel_crop,4,0,0,0,no_private_path_supplied,"Capture or crop the source privately, then fill local_private_image_path or processed_private_image_path.",1,0
cwa-ingredient-priority-v1,cwa_surface_4ec6857838d4e6,kit_kat_bar,Kit Kat Bar,2002,www.candywrapperarchive.com,https://www.candywrapperarchive.com/candy-collector/2002-kit-kat/,collector_archive_page,panel_capture_needed,high,private_nutrition_panel_crop,4,0,0,0,no_private_path_supplied,"Capture or crop the source privately, then fill local_private_image_path or processed_private_image_path.",1,0
cwa-ingredient-priority-v1,cwa_surface_7c9e678b08f9d4,kit_kat_bar,Kit Kat Bar,2002,www.candywrapperarchive.com,https://www.candywrapperarchive.com/candy-collector/2002-kit-kat/,collector_archive_page,readable_panel_photo_needed,medium,private_back_or_side_text_crop,4,0,0,0,no_private_path_supplied,"Capture or crop the source privately, then fill local_private_image_path or processed_private_image_path.",1,0
cwa-ingredient-priority-v1,cwa_surface_73348d446a03d3,kit_kat_bar,Kit Kat Bar,2002,www.candywrapperarchive.com,https://www.candywrapperarchive.com/candy-collector/2002-kit-kat/,collector_archive_page,readable_panel_photo_needed,medium,private_net_weight_crop,4,0,0,0,no_private_path_supplied,"Capture or crop the source privately, then fill local_private_image_path or processed_private_image_path.",1,0
cwa-ingredient-priority-v1,cwa_surface_9418ddbc8297b0,kit_kat_bar,Kit Kat Bar,2002,www.candywrapperarchive.com,https://www.candywrapperarchive.com/candy-collector/2002-kit-kat/,collector_archive_page,readable_panel_photo_needed,medium,private_maker_or_date_crop,4,0,0,0,no_private_path_supplied,"Capture or crop the source privately, then fill local_private_image_path or processed_private_image_path.",1,0
cwa-ingredient-priority-v1,cwa_surface_0f4fb4cf3d456c,kit_kat_bar,Kit Kat Bar,2006,www.candywrapperarchive.com,https://www.candywrapperarchive.com/candy-collector/2006-kit-kat/,collector_archive_page,panel_capture_needed,high,private_ingredient_panel_crop,4,0,0,0,no_private_path_supplied,"Capture or crop the source privately, then fill local_private_image_path or processed_private_image_path.",1,0
cwa-ingredient-priority-v1,cwa_surface_6b65bdd91e9611,kit_kat_bar,Kit Kat Bar,2006,www.candywrapperarchive.com,https://www.candywrapperarchive.com/candy-collector/2006-kit-kat/,collector_archive_page,panel_capture_needed,high,private_nutrition_panel_crop,4,0,0,0,no_private_path_supplied,"Capture or crop the source privately, then fill local_private_image_path or processed_private_image_path.",1,0
cwa-ingredient-priority-v1,cwa_surface_9c5c75da0da24a,kit_kat_bar,Kit Kat Bar,2006,www.candywrapperarchive.com,https://www.candywrapperarchive.com/candy-collector/2006-kit-kat/,collector_archive_page,readable_panel_photo_needed,medium,private_back_or_side_text_crop,4,0,0,0,no_private_path_supplied,"Capture or crop the source privately, then fill local_private_image_path or processed_private_image_path.",1,0
cwa-ingredient-priority-v1,cwa_surface_7e925ed008e4f8,kit_kat_bar,Kit Kat Bar,2006,www.candywrapperarchive.com,https://www.candywrapperarchive.com/candy-collector/2006-kit-kat/,collector_archive_page,readable_panel_photo_needed,medium,private_net_weight_crop,4,0,0,0,no_private_path_supplied,"Capture or crop the source privately, then fill local_private_image_path or processed_private_image_path.",1,0
cwa-ingredient-priority-v1,cwa_surface_baafc157bad9d7,kit_kat_bar,Kit Kat Bar,2006,www.candywrapperarchive.com,https://www.candywrapperarchive.com/candy-collector/2006-kit-kat/,collector_archive_page,readable_panel_photo_needed,medium,private_maker_or_date_crop,4,0,0,0,no_private_path_supplied,"Capture or crop the source privately, then fill local_private_image_path or processed_private_image_path.",1,0
cwa-ingredient-priority-v1,cwa_surface_7bc042dee88127,kit_kat_bar,Kit Kat Bar,2007,www.candywrapperarchive.com,https://www.candywrapperarchive.com/candy-collector/2007-kit-kat/,collector_archive_page,panel_capture_needed,high,private_ingredient_panel_crop,4,0,0,0,no_private_path_supplied,"Capture or crop the source privately, then fill local_private_image_path or processed_private_image_path.",1,0
cwa-ingredient-priority-v1,cwa_surface_1671da08f64fcc,kit_kat_bar,Kit Kat Bar,2007,www.candywrapperarchive.com,https://www.candywrapperarchive.com/candy-collector/2007-kit-kat/,collector_archive_page,panel_capture_needed,high,private_nutrition_panel_crop,4,0,0,0,no_private_path_supplied,"Capture or crop the source privately, then fill local_private_image_path or processed_private_image_path.",1,0
cwa-ingredient-priority-v1,cwa_surface_931fb577211f8b,kit_kat_bar,Kit Kat Bar,2007,www.candywrapperarchive.com,https://www.candywrapperarchive.com/candy-collector/2007-kit-kat/,collector_archive_page,readable_panel_photo_needed,medium,private_back_or_side_text_crop,4,0,0,0,no_private_path_supplied,"Capture or crop the source privately, then fill local_private_image_path or processed_private_image_path.",1,0
cwa-ingredient-priority-v1,cwa_surface_0dd4d0c790f90e,kit_kat_bar,Kit Kat Bar,2007,www.candywrapperarchive.com,https://www.candywrapperarchive.com/candy-collector/2007-kit-kat/,collector_archive_page,readable_panel_photo_needed,medium,private_net_weight_crop,4,0,0,0,no_private_path_supplied,"Capture or crop the source privately, then fill local_private_image_path or processed_private_image_path.",1,0
cwa-ingredient-priority-v1,cwa_surface_e9300d179fbb88,kit_kat_bar,Kit Kat Bar,2007,www.candywrapperarchive.com,https://www.candywrapperarchive.com/candy-collector/2007-kit-kat/,collector_archive_page,readable_panel_photo_needed,medium,private_maker_or_date_crop,4,0,0,0,no_private_path_supplied,"Capture or crop the source privately, then fill local_private_image_path or processed_private_image_path.",1,0
cwa-ingredient-priority-v1,cwa_surface_8c9ebea2dd9b0c,snickers_bar,Snickers Bar,1939,www.candywrapperarchive.com,https://www.candywrapperarchive.com/candy-collector/1940s-snickers/,collector_archive_page,panel_capture_needed,high,private_ingredient_panel_crop,4,0,0,0,no_private_path_supplied,"Capture or crop the source privately, then fill local_private_image_path or processed_private_image_path.",1,0
cwa-ingredient-priority-v1,cwa_surface_a24cdd1836466e,snickers_bar,Snickers Bar,1939,www.candywrapperarchive.com,https://www.candywrapperarchive.com/candy-collector/1940s-snickers/,collector_archive_page,panel_capture_needed,high,private_nutrition_panel_crop,4,0,0,0,no_private_path_supplied,"Capture or crop the source privately, then fill local_private_image_path or processed_private_image_path.",1,0
cwa-ingredient-priority-v1,cwa_surface_12092af18d1df5,snickers_bar,Snickers Bar,1939,www.candywrapperarchive.com,https://www.candywrapperarchive.com/candy-collector/1940s-snickers/,collector_archive_page,readable_panel_photo_needed,medium,private_back_or_side_text_crop,4,0,0,0,no_private_path_supplied,"Capture or crop the source privately, then fill local_private_image_path or processed_private_image_path.",1,0
cwa-ingredient-priority-v1,cwa_surface_86e451113e2d67,snickers_bar,Snickers Bar,1939,www.candywrapperarchive.com,https://www.candywrapperarchive.com/candy-collector/1940s-snickers/,collector_archive_page,readable_panel_photo_needed,medium,private_net_weight_crop,4,0,0,0,no_private_path_supplied,"Capture or crop the source privately, then fill local_private_image_path or processed_private_image_path.",1,0
cwa-ingredient-priority-v1,cwa_surface_2260397e1bd33f,snickers_bar,Snickers Bar,1939,www.candywrapperarchive.com,https://www.candywrapperarchive.com/candy-collector/1940s-snickers/,collector_archive_page,readable_panel_photo_needed,medium,private_maker_or_date_crop,4,0,0,0,no_private_path_supplied,"Capture or crop the source privately, then fill local_private_image_path or processed_private_image_path.",1,0
cwa-ingredient-priority-v1,cwa_surface_f31376dcb1d0eb,snickers_bar,Snickers Bar,1940s,www.candywrapperarchive.com,https://www.candywrapperarchive.com/candy-collector/1940s-snickers-2/,collector_archive_page,panel_capture_needed,high,private_ingredient_panel_crop,4,0,0,0,no_private_path_supplied,"Capture or crop the source privately, then fill local_private_image_path or processed_private_image_path.",1,0
cwa-ingredient-priority-v1,cwa_surface_02cdfa8d00292d,snickers_bar,Snickers Bar,1940s,www.candywrapperarchive.com,https://www.candywrapperarchive.com/candy-collector/1940s-snickers-2/,collector_archive_page,panel_capture_needed,high,private_nutrition_panel_crop,4,0,0,0,no_private_path_supplied,"Capture or crop the source privately, then fill local_private_image_path or processed_private_image_path.",1,0
cwa-ingredient-priority-v1,cwa_surface_05240ddd2e52a2,snickers_bar,Snickers Bar,1940s,www.candywrapperarchive.com,https://www.candywrapperarchive.com/candy-collector/1940s-snickers-2/,collector_archive_page,readable_panel_photo_needed,medium,private_back_or_side_text_crop,4,0,0,0,no_private_path_supplied,"Capture or crop the source privately, then fill local_private_image_path or processed_private_image_path.",1,0
cwa-ingredient-priority-v1,cwa_surface_c8bedab03b3d8c,snickers_bar,Snickers Bar,1940s,www.candywrapperarchive.com,https://www.candywrapperarchive.com/candy-collector/1940s-snickers-2/,collector_archive_page,readable_panel_photo_needed,medium,private_net_weight_crop,4,0,0,0,no_private_path_supplied,"Capture or crop the source privately, then fill local_private_image_path or processed_private_image_path.",1,0
cwa-ingredient-priority-v1,cwa_surface_cf03a048305b61,snickers_bar,Snickers Bar,1940s,www.candywrapperarchive.com,https://www.candywrapperarchive.com/candy-collector/1940s-snickers-2/,collector_archive_page,readable_panel_photo_needed,medium,private_maker_or_date_crop,4,0,0,0,no_private_path_supplied,"Capture or crop the source privately, then fill local_private_image_path or processed_private_image_path.",1,0
cwa-ingredient-priority-v1,cwa_surface_576bbad46b6867,snickers_bar,Snickers Bar,1950s,www.candywrapperarchive.com,https://www.candywrapperarchive.com/candy-collector/1950s-snickers/,collector_archive_page,panel_capture_needed,high,private_ingredient_panel_crop,4,0,0,0,no_private_path_supplied,"Capture or crop the source privately, then fill local_private_image_path or processed_private_image_path.",1,0
cwa-ingredient-priority-v1,cwa_surface_edbf7b798f577e,snickers_bar,Snickers Bar,1950s,www.candywrapperarchive.com,https://www.candywrapperarchive.com/candy-collector/1950s-snickers/,collector_archive_page,panel_capture_needed,high,private_nutrition_panel_crop,4,0,0,0,no_private_path_supplied,"Capture or crop the source privately, then fill local_private_image_path or processed_private_image_path.",1,0
cwa-ingredient-priority-v1,cwa_surface_13619e5a623184,snickers_bar,Snickers Bar,1950s,www.candywrapperarchive.com,https://www.candywrapperarchive.com/candy-collector/1950s-snickers/,collector_archive_page,readable_panel_photo_needed,medium,private_back_or_side_text_crop,4,0,0,0,no_private_path_supplied,"Capture or crop the source privately, then fill local_private_image_path or processed_private_image_path.",1,0
cwa-ingredient-priority-v1,cwa_surface_1337764f361ee7,snickers_bar,Snickers Bar,1950s,www.candywrapperarchive.com,https://www.candywrapperarchive.com/candy-collector/1950s-snickers/,collector_archive_page,readable_panel_photo_needed,medium,private_net_weight_crop,4,0,0,0,no_private_path_supplied,"Capture or crop the source privately, then fill local_private_image_path or processed_private_image_path.",1,0
cwa-ingredient-priority-v1,cwa_surface_370be1b4dd989a,snickers_bar,Snickers Bar,1950s,www.candywrapperarchive.com,https://www.candywrapperarchive.com/candy-collector/1950s-snickers/,collector_archive_page,readable_panel_photo_needed,medium,private_maker_or_date_crop,4,0,0,0,no_private_path_supplied,"Capture or crop the source privately, then fill local_private_image_path or processed_private_image_path.",1,0
cwa-ingredient-priority-v1,cwa_surface_0f1a55799ad399,snickers_bar,Snickers Bar,1983,www.candywrapperarchive.com,https://www.candywrapperarchive.com/candy-collector/1983-snickers/,collector_archive_page,panel_capture_needed,high,private_ingredient_panel_crop,4,0,0,0,no_private_path_supplied,"Capture or crop the source privately, then fill local_private_image_path or processed_private_image_path.",1,0
cwa-ingredient-priority-v1,cwa_surface_d8dd442b893e8c,snickers_bar,Snickers Bar,1983,www.candywrapperarchive.com,https://www.candywrapperarchive.com/candy-collector/1983-snickers/,collector_archive_page,panel_capture_needed,high,private_nutrition_panel_crop,4,0,0,0,no_private_path_supplied,"Capture or crop the source privately, then fill local_private_image_path or processed_private_image_path.",1,0
cwa-ingredient-priority-v1,cwa_surface_7ea2b8f8a9a0e9,snickers_bar,Snickers Bar,1983,www.candywrapperarchive.com,https://www.candywrapperarchive.com/candy-collector/1983-snickers/,collector_archive_page,readable_panel_photo_needed,medium,private_back_or_side_text_crop,4,0,0,0,no_private_path_supplied,"Capture or crop the source privately, then fill local_private_image_path or processed_private_image_path.",1,0
cwa-ingredient-priority-v1,cwa_surface_0e06d52a93acee,snickers_bar,Snickers Bar,1983,www.candywrapperarchive.com,https://www.candywrapperarchive.com/candy-collector/1983-snickers/,collector_archive_page,readable_panel_photo_needed,medium,private_net_weight_crop,4,0,0,0,no_private_path_supplied,"Capture or crop the source privately, then fill local_private_image_path or processed_private_image_path.",1,0
cwa-ingredient-priority-v1,cwa_surface_2b2a669e5aa8f4,snickers_bar,Snickers Bar,1983,www.candywrapperarchive.com,https://www.candywrapperarchive.com/candy-collector/1983-snickers/,collector_archive_page,readable_panel_photo_needed,medium,private_maker_or_date_crop,4,0,0,0,no_private_path_supplied,"Capture or crop the source privately, then fill local_private_image_path or processed_private_image_path.",1,0
cwa-ingredient-priority-v1,cwa_surface_a6477149445aae,snickers_bar,Snickers Bar,1990,www.candywrapperarchive.com,https://www.candywrapperarchive.com/candy-collector/1990-snickers/,collector_archive_page,panel_capture_needed,high,private_ingredient_panel_crop,4,0,0,0,no_private_path_supplied,"Capture or crop the source privately, then fill local_private_image_path or processed_private_image_path.",1,0
cwa-ingredient-priority-v1,cwa_surface_e3714d96bab61d,snickers_bar,Snickers Bar,1990,www.candywrapperarchive.com,https://www.candywrapperarchive.com/candy-collector/1990-snickers/,collector_archive_page,panel_capture_needed,high,private_nutrition_panel_crop,4,0,0,0,no_private_path_supplied,"Capture or crop the source privately, then fill local_private_image_path or processed_private_image_path.",1,0
cwa-ingredient-priority-v1,cwa_surface_ead351a7a4d78f,snickers_bar,Snickers Bar,1990,www.candywrapperarchive.com,https://www.candywrapperarchive.com/candy-collector/1990-snickers/,collector_archive_page,readable_panel_photo_needed,medium,private_back_or_side_text_crop,4,0,0,0,no_private_path_supplied,"Capture or crop the source privately, then fill local_private_image_path or processed_private_image_path.",1,0
cwa-ingredient-priority-v1,cwa_surface_4775897b347a03,snickers_bar,Snickers Bar,1990,www.candywrapperarchive.com,https://www.candywrapperarchive.com/candy-collector/1990-snickers/,collector_archive_page,readable_panel_photo_needed,medium,private_net_weight_crop,4,0,0,0,no_private_path_supplied,"Capture or crop the source privately, then fill local_private_image_path or processed_private_image_path.",1,0
cwa-ingredient-priority-v1,cwa_surface_465c368200d499,snickers_bar,Snickers Bar,1990,www.candywrapperarchive.com,https://www.candywrapperarchive.com/candy-collector/1990-snickers/,collector_archive_page,readable_panel_photo_needed,medium,private_maker_or_date_crop,4,0,0,0,no_private_path_supplied,"Capture or crop the source privately, then fill local_private_image_path or processed_private_image_path.",1,0
cwa-ingredient-priority-v1,cwa_surface_2dbeb6865b0619,snickers_bar,Snickers Bar,2002,www.candywrapperarchive.com,https://www.candywrapperarchive.com/candy-collector/2002-snickers/,collector_archive_page,panel_capture_needed,high,private_ingredient_panel_crop,4,0,0,0,no_private_path_supplied,"Capture or crop the source privately, then fill local_private_image_path or processed_private_image_path.",1,0
cwa-ingredient-priority-v1,cwa_surface_613bc14d10a5a3,snickers_bar,Snickers Bar,2002,www.candywrapperarchive.com,https://www.candywrapperarchive.com/candy-collector/2002-snickers/,collector_archive_page,panel_capture_needed,high,private_nutrition_panel_crop,4,0,0,0,no_private_path_supplied,"Capture or crop the source privately, then fill local_private_image_path or processed_private_image_path.",1,0
cwa-ingredient-priority-v1,cwa_surface_0e9c22e3513a65,snickers_bar,Snickers Bar,2002,www.candywrapperarchive.com,https://www.candywrapperarchive.com/candy-collector/2002-snickers/,collector_archive_page,readable_panel_photo_needed,medium,private_back_or_side_text_crop,4,0,0,0,no_private_path_supplied,"Capture or crop the source privately, then fill local_private_image_path or processed_private_image_path.",1,0
cwa-ingredient-priority-v1,cwa_surface_b40cbee5e72ca6,snickers_bar,Snickers Bar,2002,www.candywrapperarchive.com,https://www.candywrapperarchive.com/candy-collector/2002-snickers/,collector_archive_page,readable_panel_photo_needed,medium,private_net_weight_crop,4,0,0,0,no_private_path_supplied,"Capture or crop the source privately, then fill local_private_image_path or processed_private_image_path.",1,0
cwa-ingredient-priority-v1,cwa_surface_933811479ce0cf,snickers_bar,Snickers Bar,2002,www.candywrapperarchive.com,https://www.candywrapperarchive.com/candy-collector/2002-snickers/,collector_archive_page,readable_panel_photo_needed,medium,private_maker_or_date_crop,4,0,0,0,no_private_path_supplied,"Capture or crop the source privately, then fill local_private_image_path or processed_private_image_path.",1,0
cwa-ingredient-priority-v1,cwa_surface_8dc0fb5d539b02,mms_milk_chocolate,M&M's Milk Chocolate Candies,1970s,www.candywrapperarchive.com,https://www.candywrapperarchive.com/candy-collector/1970s-mms/,collector_archive_page,panel_capture_needed,high,private_ingredient_panel_crop,4,0,0,0,no_private_path_supplied,"Capture or crop the source privately, then fill local_private_image_path or processed_private_image_path.",1,0
cwa-ingredient-priority-v1,cwa_surface_62bfa9b9b015d9,mms_milk_chocolate,M&M's Milk Chocolate Candies,1970s,www.candywrapperarchive.com,https://www.candywrapperarchive.com/candy-collector/1970s-mms/,collector_archive_page,panel_capture_needed,high,private_nutrition_panel_crop,4,0,0,0,no_private_path_supplied,"Capture or crop the source privately, then fill local_private_image_path or processed_private_image_path.",1,0
cwa-ingredient-priority-v1,cwa_surface_a1b2a3e2c92e42,mms_milk_chocolate,M&M's Milk Chocolate Candies,1970s,www.candywrapperarchive.com,https://www.candywrapperarchive.com/candy-collector/1970s-mms/,collector_archive_page,readable_panel_photo_needed,medium,private_back_or_side_text_crop,4,0,0,0,no_private_path_supplied,"Capture or crop the source privately, then fill local_private_image_path or processed_private_image_path.",1,0
cwa-ingredient-priority-v1,cwa_surface_f4f7f01caffd86,mms_milk_chocolate,M&M's Milk Chocolate Candies,1970s,www.candywrapperarchive.com,https://www.candywrapperarchive.com/candy-collector/1970s-mms/,collector_archive_page,readable_panel_photo_needed,medium,private_net_weight_crop,4,0,0,0,no_private_path_supplied,"Capture or crop the source privately, then fill local_private_image_path or processed_private_image_path.",1,0
cwa-ingredient-priority-v1,cwa_surface_c55224eaf3dffe,mms_milk_chocolate,M&M's Milk Chocolate Candies,1970s,www.candywrapperarchive.com,https://www.candywrapperarchive.com/candy-collector/1970s-mms/,collector_archive_page,readable_panel_photo_needed,medium,private_maker_or_date_crop,4,0,0,0,no_private_path_supplied,"Capture or crop the source privately, then fill local_private_image_path or processed_private_image_path.",1,0
cwa-ingredient-priority-v1,cwa_surface_99c51d14dc8f89,mms_milk_chocolate,M&M's Milk Chocolate Candies,1997,www.candywrapperarchive.com,https://www.candywrapperarchive.com/candy-collector/1997-mm/,collector_archive_page,panel_capture_needed,high,private_ingredient_panel_crop,4,0,0,0,no_private_path_supplied,"Capture or crop the source privately, then fill local_private_image_path or processed_private_image_path.",1,0
cwa-ingredient-priority-v1,cwa_surface_b85fe5b69365d6,mms_milk_chocolate,M&M's Milk Chocolate Candies,1997,www.candywrapperarchive.com,https://www.candywrapperarchive.com/candy-collector/1997-mm/,collector_archive_page,panel_capture_needed,high,private_nutrition_panel_crop,4,0,0,0,no_private_path_supplied,"Capture or crop the source privately, then fill local_private_image_path or processed_private_image_path.",1,0
cwa-ingredient-priority-v1,cwa_surface_26b9ad647ef323,mms_milk_chocolate,M&M's Milk Chocolate Candies,1997,www.candywrapperarchive.com,https://www.candywrapperarchive.com/candy-collector/1997-mm/,collector_archive_page,readable_panel_photo_needed,medium,private_back_or_side_text_crop,4,0,0,0,no_private_path_supplied,"Capture or crop the source privately, then fill local_private_image_path or processed_private_image_path.",1,0
cwa-ingredient-priority-v1,cwa_surface_a8ebd760ac4a2f,mms_milk_chocolate,M&M's Milk Chocolate Candies,1997,www.candywrapperarchive.com,https://www.candywrapperarchive.com/candy-collector/1997-mm/,collector_archive_page,readable_panel_photo_needed,medium,private_net_weight_crop,4,0,0,0,no_private_path_supplied,"Capture or crop the source privately, then fill local_private_image_path or processed_private_image_path.",1,0
cwa-ingredient-priority-v1,cwa_surface_2c179e3fec3e7a,mms_milk_chocolate,M&M's Milk Chocolate Candies,1997,www.candywrapperarchive.com,https://www.candywrapperarchive.com/candy-collector/1997-mm/,collector_archive_page,readable_panel_photo_needed,medium,private_maker_or_date_crop,4,0,0,0,no_private_path_supplied,"Capture or crop the source privately, then fill local_private_image_path or processed_private_image_path.",1,0
cwa-ingredient-priority-v1,cwa_surface_95418c2d5cbfcb,mms_milk_chocolate,M&M's Milk Chocolate Candies,1997,www.candywrapperarchive.com,https://www.candywrapperarchive.com/candy-collector/1997-mm-2/,collector_archive_page,panel_capture_needed,high,private_ingredient_panel_crop,4,0,0,0,no_private_path_supplied,"Capture or crop the source privately, then fill local_private_image_path or processed_private_image_path.",1,0
cwa-ingredient-priority-v1,cwa_surface_c879eeaf5fa25b,mms_milk_chocolate,M&M's Milk Chocolate Candies,1997,www.candywrapperarchive.com,https://www.candywrapperarchive.com/candy-collector/1997-mm-2/,collector_archive_page,panel_capture_needed,high,private_nutrition_panel_crop,4,0,0,0,no_private_path_supplied,"Capture or crop the source privately, then fill local_private_image_path or processed_private_image_path.",1,0
cwa-ingredient-priority-v1,cwa_surface_930f70821f7eea,mms_milk_chocolate,M&M's Milk Chocolate Candies,1997,www.candywrapperarchive.com,https://www.candywrapperarchive.com/candy-collector/1997-mm-2/,collector_archive_page,readable_panel_photo_needed,medium,private_back_or_side_text_crop,4,0,0,0,no_private_path_supplied,"Capture or crop the source privately, then fill local_private_image_path or processed_private_image_path.",1,0
cwa-ingredient-priority-v1,cwa_surface_e62dc30c513726,mms_milk_chocolate,M&M's Milk Chocolate Candies,1997,www.candywrapperarchive.com,https://www.candywrapperarchive.com/candy-collector/1997-mm-2/,collector_archive_page,readable_panel_photo_needed,medium,private_net_weight_crop,4,0,0,0,no_private_path_supplied,"Capture or crop the source privately, then fill local_private_image_path or processed_private_image_path.",1,0
cwa-ingredient-priority-v1,cwa_surface_c6724e841ef848,mms_milk_chocolate,M&M's Milk Chocolate Candies,1997,www.candywrapperarchive.com,https://www.candywrapperarchive.com/candy-collector/1997-mm-2/,collector_archive_page,readable_panel_photo_needed,medium,private_maker_or_date_crop,4,0,0,0,no_private_path_supplied,"Capture or crop the source privately, then fill local_private_image_path or processed_private_image_path.",1,0
cwa-ingredient-priority-v1,cwa_surface_568648b4da5d7c,mms_milk_chocolate,M&M's Milk Chocolate Candies,1998,www.candywrapperarchive.com,https://www.candywrapperarchive.com/candy-collector/1998-mm-2/,collector_archive_page,panel_capture_needed,high,private_ingredient_panel_crop,4,0,0,0,no_private_path_supplied,"Capture or crop the source privately, then fill local_private_image_path or processed_private_image_path.",1,0
cwa-ingredient-priority-v1,cwa_surface_6c578dd8b244f1,mms_milk_chocolate,M&M's Milk Chocolate Candies,1998,www.candywrapperarchive.com,https://www.candywrapperarchive.com/candy-collector/1998-mm-2/,collector_archive_page,panel_capture_needed,high,private_nutrition_panel_crop,4,0,0,0,no_private_path_supplied,"Capture or crop the source privately, then fill local_private_image_path or processed_private_image_path.",1,0
cwa-ingredient-priority-v1,cwa_surface_fa28792de5e367,mms_milk_chocolate,M&M's Milk Chocolate Candies,1998,www.candywrapperarchive.com,https://www.candywrapperarchive.com/candy-collector/1998-mm-2/,collector_archive_page,readable_panel_photo_needed,medium,private_back_or_side_text_crop,4,0,0,0,no_private_path_supplied,"Capture or crop the source privately, then fill local_private_image_path or processed_private_image_path.",1,0
cwa-ingredient-priority-v1,cwa_surface_f66edea2ad6a49,mms_milk_chocolate,M&M's Milk Chocolate Candies,1998,www.candywrapperarchive.com,https://www.candywrapperarchive.com/candy-collector/1998-mm-2/,collector_archive_page,readable_panel_photo_needed,medium,private_net_weight_crop,4,0,0,0,no_private_path_supplied,"Capture or crop the source privately, then fill local_private_image_path or processed_private_image_path.",1,0
cwa-ingredient-priority-v1,cwa_surface_698b688b1d43a8,mms_milk_chocolate,M&M's Milk Chocolate Candies,1998,www.candywrapperarchive.com,https://www.candywrapperarchive.com/candy-collector/1998-mm-2/,collector_archive_page,readable_panel_photo_needed,medium,private_maker_or_date_crop,4,0,0,0,no_private_path_supplied,"Capture or crop the source privately, then fill local_private_image_path or processed_private_image_path.",1,0
cwa-ingredient-priority-v1,cwa_surface_d5471e5d5c6dad,mms_milk_chocolate,M&M's Milk Chocolate Candies,1998,www.candywrapperarchive.com,https://www.candywrapperarchive.com/candy-collector/1998-mm/,collector_archive_page,panel_capture_needed,high,private_ingredient_panel_crop,4,0,0,0,no_private_path_supplied,"Capture or crop the source privately, then fill local_private_image_path or processed_private_image_path.",1,0
cwa-ingredient-priority-v1,cwa_surface_7db09efff9edaa,mms_milk_chocolate,M&M's Milk Chocolate Candies,1998,www.candywrapperarchive.com,https://www.candywrapperarchive.com/candy-collector/1998-mm/,collector_archive_page,panel_capture_needed,high,private_nutrition_panel_crop,4,0,0,0,no_private_path_supplied,"Capture or crop the source privately, then fill local_private_image_path or processed_private_image_path.",1,0
cwa-ingredient-priority-v1,cwa_surface_5058b493b5c41e,mms_milk_chocolate,M&M's Milk Chocolate Candies,1998,www.candywrapperarchive.com,https://www.candywrapperarchive.com/candy-collector/1998-mm/,collector_archive_page,readable_panel_photo_needed,medium,private_back_or_side_text_crop,4,0,0,0,no_private_path_supplied,"Capture or crop the source privately, then fill local_private_image_path or processed_private_image_path.",1,0
cwa-ingredient-priority-v1,cwa_surface_99ba5d8cc4996e,mms_milk_chocolate,M&M's Milk Chocolate Candies,1998,www.candywrapperarchive.com,https://www.candywrapperarchive.com/candy-collector/1998-mm/,collector_archive_page,readable_panel_photo_needed,medium,private_net_weight_crop,4,0,0,0,no_private_path_supplied,"Capture or crop the source privately, then fill local_private_image_path or processed_private_image_path.",1,0
cwa-ingredient-priority-v1,cwa_surface_795133b9e322a3,mms_milk_chocolate,M&M's Milk Chocolate Candies,1998,www.candywrapperarchive.com,https://www.candywrapperarchive.com/candy-collector/1998-mm/,collector_archive_page,readable_panel_photo_needed,medium,private_maker_or_date_crop,4,0,0,0,no_private_path_supplied,"Capture or crop the source privately, then fill local_private_image_path or processed_private_image_path.",1,0
cwa-ingredient-priority-v1,cwa_surface_b6e5c38cc2e1bf,twix_bar,Twix Bar,2002,www.candywrapperarchive.com,https://www.candywrapperarchive.com/candy-collector/2002-twix/,collector_archive_page,panel_capture_needed,high,private_ingredient_panel_crop,4,0,0,0,no_private_path_supplied,"Capture or crop the source privately, then fill local_private_image_path or processed_private_image_path.",1,0
cwa-ingredient-priority-v1,cwa_surface_f324b07b327ad4,twix_bar,Twix Bar,2002,www.candywrapperarchive.com,https://www.candywrapperarchive.com/candy-collector/2002-twix/,collector_archive_page,panel_capture_needed,high,private_nutrition_panel_crop,4,0,0,0,no_private_path_supplied,"Capture or crop the source privately, then fill local_private_image_path or processed_private_image_path.",1,0
cwa-ingredient-priority-v1,cwa_surface_faa5426400cac4,twix_bar,Twix Bar,2002,www.candywrapperarchive.com,https://www.candywrapperarchive.com/candy-collector/2002-twix/,collector_archive_page,readable_panel_photo_needed,medium,private_back_or_side_text_crop,4,0,0,0,no_private_path_supplied,"Capture or crop the source privately, then fill local_private_image_path or processed_private_image_path.",1,0
cwa-ingredient-priority-v1,cwa_surface_71951761ca84db,twix_bar,Twix Bar,2002,www.candywrapperarchive.com,https://www.candywrapperarchive.com/candy-collector/2002-twix/,collector_archive_page,readable_panel_photo_needed,medium,private_net_weight_crop,4,0,0,0,no_private_path_supplied,"Capture or crop the source privately, then fill local_private_image_path or processed_private_image_path.",1,0
cwa-ingredient-priority-v1,cwa_surface_4cba60f56e6055,twix_bar,Twix Bar,2002,www.candywrapperarchive.com,https://www.candywrapperarchive.com/candy-collector/2002-twix/,collector_archive_page,readable_panel_photo_needed,medium,private_maker_or_date_crop,4,0,0,0,no_private_path_supplied,"Capture or crop the source privately, then fill local_private_image_path or processed_private_image_path.",1,0
cwa-ingredient-priority-v1,cwa_surface_02060dc6674c5b,twix_bar,Twix Bar,2003,www.candywrapperarchive.com,https://www.candywrapperarchive.com/candy-collector/2003-twix/,collector_archive_page,panel_capture_needed,high,private_ingredient_panel_crop,4,0,0,0,no_private_path_supplied,"Capture or crop the source privately, then fill local_private_image_path or processed_private_image_path.",1,0
cwa-ingredient-priority-v1,cwa_surface_67c99e96069204,twix_bar,Twix Bar,2003,www.candywrapperarchive.com,https://www.candywrapperarchive.com/candy-collector/2003-twix/,collector_archive_page,panel_capture_needed,high,private_nutrition_panel_crop,4,0,0,0,no_private_path_supplied,"Capture or crop the source privately, then fill local_private_image_path or processed_private_image_path.",1,0
cwa-ingredient-priority-v1,cwa_surface_15a2bb8f567166,twix_bar,Twix Bar,2003,www.candywrapperarchive.com,https://www.candywrapperarchive.com/candy-collector/2003-twix/,collector_archive_page,readable_panel_photo_needed,medium,private_back_or_side_text_crop,4,0,0,0,no_private_path_supplied,"Capture or crop the source privately, then fill local_private_image_path or processed_private_image_path.",1,0
cwa-ingredient-priority-v1,cwa_surface_1e344b8f5f6efa,twix_bar,Twix Bar,2003,www.candywrapperarchive.com,https://www.candywrapperarchive.com/candy-collector/2003-twix/,collector_archive_page,readable_panel_photo_needed,medium,private_net_weight_crop,4,0,0,0,no_private_path_supplied,"Capture or crop the source privately, then fill local_private_image_path or processed_private_image_path.",1,0
cwa-ingredient-priority-v1,cwa_surface_87f2c572a6157e,twix_bar,Twix Bar,2003,www.candywrapperarchive.com,https://www.candywrapperarchive.com/candy-collector/2003-twix/,collector_archive_page,readable_panel_photo_needed,medium,private_maker_or_date_crop,4,0,0,0,no_private_path_supplied,"Capture or crop the source privately, then fill local_private_image_path or processed_private_image_path.",1,0
cwa-ingredient-priority-v1,cwa_surface_8f518af067429f,twix_bar,Twix Bar,2004,www.candywrapperarchive.com,https://www.candywrapperarchive.com/candy-collector/2004-twix/,collector_archive_page,panel_capture_needed,high,private_ingredient_panel_crop,4,0,0,0,no_private_path_supplied,"Capture or crop the source privately, then fill local_private_image_path or processed_private_image_path.",1,0
cwa-ingredient-priority-v1,cwa_surface_9b33382958d1ea,twix_bar,Twix Bar,2004,www.candywrapperarchive.com,https://www.candywrapperarchive.com/candy-collector/2004-twix/,collector_archive_page,panel_capture_needed,high,private_nutrition_panel_crop,4,0,0,0,no_private_path_supplied,"Capture or crop the source privately, then fill local_private_image_path or processed_private_image_path.",1,0
cwa-ingredient-priority-v1,cwa_surface_a9707d2f2ca1fa,twix_bar,Twix Bar,2004,www.candywrapperarchive.com,https://www.candywrapperarchive.com/candy-collector/2004-twix/,collector_archive_page,readable_panel_photo_needed,medium,private_back_or_side_text_crop,4,0,0,0,no_private_path_supplied,"Capture or crop the source privately, then fill local_private_image_path or processed_private_image_path.",1,0
cwa-ingredient-priority-v1,cwa_surface_dce1b79fb2af05,twix_bar,Twix Bar,2004,www.candywrapperarchive.com,https://www.candywrapperarchive.com/candy-collector/2004-twix/,collector_archive_page,readable_panel_photo_needed,medium,private_net_weight_crop,4,0,0,0,no_private_path_supplied,"Capture or crop the source privately, then fill local_private_image_path or processed_private_image_path.",1,0
cwa-ingredient-priority-v1,cwa_surface_b798d10d327293,twix_bar,Twix Bar,2004,www.candywrapperarchive.com,https://www.candywrapperarchive.com/candy-collector/2004-twix/,collector_archive_page,readable_panel_photo_needed,medium,private_maker_or_date_crop,4,0,0,0,no_private_path_supplied,"Capture or crop the source privately, then fill local_private_image_path or processed_private_image_path.",1,0
cwa-ingredient-priority-v1,cwa_surface_81023ee04705fc,twix_bar,Twix Bar,2006,www.candywrapperarchive.com,https://www.candywrapperarchive.com/candy-collector/2006-twix/,collector_archive_page,panel_capture_needed,high,private_ingredient_panel_crop,4,0,0,0,no_private_path_supplied,"Capture or crop the source privately, then fill local_private_image_path or processed_private_image_path.",1,0
cwa-ingredient-priority-v1,cwa_surface_93bed4d1ea3a35,twix_bar,Twix Bar,2006,www.candywrapperarchive.com,https://www.candywrapperarchive.com/candy-collector/2006-twix/,collector_archive_page,panel_capture_needed,high,private_nutrition_panel_crop,4,0,0,0,no_private_path_supplied,"Capture or crop the source privately, then fill local_private_image_path or processed_private_image_path.",1,0
cwa-ingredient-priority-v1,cwa_surface_d8faa2b4f2e4b1,twix_bar,Twix Bar,2006,www.candywrapperarchive.com,https://www.candywrapperarchive.com/candy-collector/2006-twix/,collector_archive_page,readable_panel_photo_needed,medium,private_back_or_side_text_crop,4,0,0,0,no_private_path_supplied,"Capture or crop the source privately, then fill local_private_image_path or processed_private_image_path.",1,0
cwa-ingredient-priority-v1,cwa_surface_f69bd222a3cf18,twix_bar,Twix Bar,2006,www.candywrapperarchive.com,https://www.candywrapperarchive.com/candy-collector/2006-twix/,collector_archive_page,readable_panel_photo_needed,medium,private_net_weight_crop,4,0,0,0,no_private_path_supplied,"Capture or crop the source privately, then fill local_private_image_path or processed_private_image_path.",1,0
cwa-ingredient-priority-v1,cwa_surface_9f41dd9f1d02a6,twix_bar,Twix Bar,2006,www.candywrapperarchive.com,https://www.candywrapperarchive.com/candy-collector/2006-twix/,collector_archive_page,readable_panel_photo_needed,medium,private_maker_or_date_crop,4,0,0,0,no_private_path_supplied,"Capture or crop the source privately, then fill local_private_image_path or processed_private_image_path.",1,0
cwa-ingredient-priority-v1,cwa_surface_0585d4e30f6f50,twix_bar,Twix Bar,2009,www.candywrapperarchive.com,https://www.candywrapperarchive.com/candy-collector/2009-twix/,collector_archive_page,panel_capture_needed,high,private_ingredient_panel_crop,4,0,0,0,no_private_path_supplied,"Capture or crop the source privately, then fill local_private_image_path or processed_private_image_path.",1,0
cwa-ingredient-priority-v1,cwa_surface_0210700701d6c4,twix_bar,Twix Bar,2009,www.candywrapperarchive.com,https://www.candywrapperarchive.com/candy-collector/2009-twix/,collector_archive_page,panel_capture_needed,high,private_nutrition_panel_crop,4,0,0,0,no_private_path_supplied,"Capture or crop the source privately, then fill local_private_image_path or processed_private_image_path.",1,0
cwa-ingredient-priority-v1,cwa_surface_291dce842d172f,twix_bar,Twix Bar,2009,www.candywrapperarchive.com,https://www.candywrapperarchive.com/candy-collector/2009-twix/,collector_archive_page,readable_panel_photo_needed,medium,private_back_or_side_text_crop,4,0,0,0,no_private_path_supplied,"Capture or crop the source privately, then fill local_private_image_path or processed_private_image_path.",1,0
cwa-ingredient-priority-v1,cwa_surface_8f9a9fc3a1b6c6,twix_bar,Twix Bar,2009,www.candywrapperarchive.com,https://www.candywrapperarchive.com/candy-collector/2009-twix/,collector_archive_page,readable_panel_photo_needed,medium,private_net_weight_crop,4,0,0,0,no_private_path_supplied,"Capture or crop the source privately, then fill local_private_image_path or processed_private_image_path.",1,0
cwa-ingredient-priority-v1,cwa_surface_3cc708340b75de,twix_bar,Twix Bar,2009,www.candywrapperarchive.com,https://www.candywrapperarchive.com/candy-collector/2009-twix/,collector_archive_page,readable_panel_photo_needed,medium,private_maker_or_date_crop,4,0,0,0,no_private_path_supplied,"Capture or crop the source privately, then fill local_private_image_path or processed_private_image_path.",1,0
cwa-ingredient-priority-v1,cwa_surface_5a48f033a35336,milky_way_bar,Milky Way Bar,1939,www.candywrapperarchive.com,https://www.candywrapperarchive.com/candy-collector/1939-milky-way/,collector_archive_page,panel_capture_needed,high,private_ingredient_panel_crop,4,0,0,0,no_private_path_supplied,"Capture or crop the source privately, then fill local_private_image_path or processed_private_image_path.",1,0
cwa-ingredient-priority-v1,cwa_surface_e0689e7367773f,milky_way_bar,Milky Way Bar,1939,www.candywrapperarchive.com,https://www.candywrapperarchive.com/candy-collector/1939-milky-way/,collector_archive_page,panel_capture_needed,high,private_nutrition_panel_crop,4,0,0,0,no_private_path_supplied,"Capture or crop the source privately, then fill local_private_image_path or processed_private_image_path.",1,0
cwa-ingredient-priority-v1,cwa_surface_c36c11d70f27e4,milky_way_bar,Milky Way Bar,1939,www.candywrapperarchive.com,https://www.candywrapperarchive.com/candy-collector/1939-milky-way/,collector_archive_page,readable_panel_photo_needed,medium,private_back_or_side_text_crop,4,0,0,0,no_private_path_supplied,"Capture or crop the source privately, then fill local_private_image_path or processed_private_image_path.",1,0
cwa-ingredient-priority-v1,cwa_surface_f55c36335f9fe6,milky_way_bar,Milky Way Bar,1939,www.candywrapperarchive.com,https://www.candywrapperarchive.com/candy-collector/1939-milky-way/,collector_archive_page,readable_panel_photo_needed,medium,private_net_weight_crop,4,0,0,0,no_private_path_supplied,"Capture or crop the source privately, then fill local_private_image_path or processed_private_image_path.",1,0
cwa-ingredient-priority-v1,cwa_surface_d4661fffdb23d8,milky_way_bar,Milky Way Bar,1939,www.candywrapperarchive.com,https://www.candywrapperarchive.com/candy-collector/1939-milky-way/,collector_archive_page,readable_panel_photo_needed,medium,private_maker_or_date_crop,4,0,0,0,no_private_path_supplied,"Capture or crop the source privately, then fill local_private_image_path or processed_private_image_path.",1,0
cwa-ingredient-priority-v1,cwa_surface_2b0aae0585a04d,milky_way_bar,Milky Way Bar,1940s,www.candywrapperarchive.com,https://www.candywrapperarchive.com/candy-collector/1940s-milky-way/,collector_archive_page,panel_capture_needed,high,private_ingredient_panel_crop,4,0,0,0,no_private_path_supplied,"Capture or crop the source privately, then fill local_private_image_path or processed_private_image_path.",1,0
cwa-ingredient-priority-v1,cwa_surface_a3e0ab382b961f,milky_way_bar,Milky Way Bar,1940s,www.candywrapperarchive.com,https://www.candywrapperarchive.com/candy-collector/1940s-milky-way/,collector_archive_page,panel_capture_needed,high,private_nutrition_panel_crop,4,0,0,0,no_private_path_supplied,"Capture or crop the source privately, then fill local_private_image_path or processed_private_image_path.",1,0
cwa-ingredient-priority-v1,cwa_surface_a4a787a1e450d2,milky_way_bar,Milky Way Bar,1940s,www.candywrapperarchive.com,https://www.candywrapperarchive.com/candy-collector/1940s-milky-way/,collector_archive_page,readable_panel_photo_needed,medium,private_back_or_side_text_crop,4,0,0,0,no_private_path_supplied,"Capture or crop the source privately, then fill local_private_image_path or processed_private_image_path.",1,0
cwa-ingredient-priority-v1,cwa_surface_a725c05e9f4def,milky_way_bar,Milky Way Bar,1940s,www.candywrapperarchive.com,https://www.candywrapperarchive.com/candy-collector/1940s-milky-way/,collector_archive_page,readable_panel_photo_needed,medium,private_net_weight_crop,4,0,0,0,no_private_path_supplied,"Capture or crop the source privately, then fill local_private_image_path or processed_private_image_path.",1,0
cwa-ingredient-priority-v1,cwa_surface_8e56fc4e289f5e,milky_way_bar,Milky Way Bar,1940s,www.candywrapperarchive.com,https://www.candywrapperarchive.com/candy-collector/1940s-milky-way/,collector_archive_page,readable_panel_photo_needed,medium,private_maker_or_date_crop,4,0,0,0,no_private_path_supplied,"Capture or crop the source privately, then fill local_private_image_path or processed_private_image_path.",1,0
cwa-ingredient-priority-v1,cwa_surface_f023592a204d58,milky_way_bar,Milky Way Bar,1950s,www.candywrapperarchive.com,https://www.candywrapperarchive.com/candy-collector/1950s-milky-way-2/,collector_archive_page,panel_capture_needed,high,private_ingredient_panel_crop,4,0,0,0,no_private_path_supplied,"Capture or crop the source privately, then fill local_private_image_path or processed_private_image_path.",1,0
cwa-ingredient-priority-v1,cwa_surface_4efead8bf070d8,milky_way_bar,Milky Way Bar,1950s,www.candywrapperarchive.com,https://www.candywrapperarchive.com/candy-collector/1950s-milky-way-2/,collector_archive_page,panel_capture_needed,high,private_nutrition_panel_crop,4,0,0,0,no_private_path_supplied,"Capture or crop the source privately, then fill local_private_image_path or processed_private_image_path.",1,0
cwa-ingredient-priority-v1,cwa_surface_d39d479b3a31c4,milky_way_bar,Milky Way Bar,1950s,www.candywrapperarchive.com,https://www.candywrapperarchive.com/candy-collector/1950s-milky-way-2/,collector_archive_page,readable_panel_photo_needed,medium,private_back_or_side_text_crop,4,0,0,0,no_private_path_supplied,"Capture or crop the source privately, then fill local_private_image_path or processed_private_image_path.",1,0
cwa-ingredient-priority-v1,cwa_surface_96e6b8aab86d7f,milky_way_bar,Milky Way Bar,1950s,www.candywrapperarchive.com,https://www.candywrapperarchive.com/candy-collector/1950s-milky-way-2/,collector_archive_page,readable_panel_photo_needed,medium,private_net_weight_crop,4,0,0,0,no_private_path_supplied,"Capture or crop the source privately, then fill local_private_image_path or processed_private_image_path.",1,0
cwa-ingredient-priority-v1,cwa_surface_f0eaac8891e425,milky_way_bar,Milky Way Bar,1950s,www.candywrapperarchive.com,https://www.candywrapperarchive.com/candy-collector/1950s-milky-way-2/,collector_archive_page,readable_panel_photo_needed,medium,private_maker_or_date_crop,4,0,0,0,no_private_path_supplied,"Capture or crop the source privately, then fill local_private_image_path or processed_private_image_path.",1,0
cwa-ingredient-priority-v1,cwa_surface_0ab1fa13406e1c,milky_way_bar,Milky Way Bar,1958,www.candywrapperarchive.com,https://www.candywrapperarchive.com/candy-collector/1958-milky-way/,collector_archive_page,panel_capture_needed,high,private_ingredient_panel_crop,4,0,0,0,no_private_path_supplied,"Capture or crop the source privately, then fill local_private_image_path or processed_private_image_path.",1,0
cwa-ingredient-priority-v1,cwa_surface_807938cb91b298,milky_way_bar,Milky Way Bar,1958,www.candywrapperarchive.com,https://www.candywrapperarchive.com/candy-collector/1958-milky-way/,collector_archive_page,panel_capture_needed,high,private_nutrition_panel_crop,4,0,0,0,no_private_path_supplied,"Capture or crop the source privately, then fill local_private_image_path or processed_private_image_path.",1,0
cwa-ingredient-priority-v1,cwa_surface_b2c7150f78c65a,milky_way_bar,Milky Way Bar,1958,www.candywrapperarchive.com,https://www.candywrapperarchive.com/candy-collector/1958-milky-way/,collector_archive_page,readable_panel_photo_needed,medium,private_back_or_side_text_crop,4,0,0,0,no_private_path_supplied,"Capture or crop the source privately, then fill local_private_image_path or processed_private_image_path.",1,0
cwa-ingredient-priority-v1,cwa_surface_4db8632b35baec,milky_way_bar,Milky Way Bar,1958,www.candywrapperarchive.com,https://www.candywrapperarchive.com/candy-collector/1958-milky-way/,collector_archive_page,readable_panel_photo_needed,medium,private_net_weight_crop,4,0,0,0,no_private_path_supplied,"Capture or crop the source privately, then fill local_private_image_path or processed_private_image_path.",1,0
cwa-ingredient-priority-v1,cwa_surface_e954f7f9a6fa9b,milky_way_bar,Milky Way Bar,1958,www.candywrapperarchive.com,https://www.candywrapperarchive.com/candy-collector/1958-milky-way/,collector_archive_page,readable_panel_photo_needed,medium,private_maker_or_date_crop,4,0,0,0,no_private_path_supplied,"Capture or crop the source privately, then fill local_private_image_path or processed_private_image_path.",1,0
cwa-ingredient-priority-v1,cwa_surface_57f51deff42155,tootsie_roll,Tootsie Roll,1940s,www.candywrapperarchive.com,https://www.candywrapperarchive.com/candy-collector/1940s-tootsie-roll/,collector_archive_page,panel_capture_needed,high,private_ingredient_panel_crop,4,0,0,0,no_private_path_supplied,"Capture or crop the source privately, then fill local_private_image_path or processed_private_image_path.",1,0
cwa-ingredient-priority-v1,cwa_surface_11819d5ae00d9a,tootsie_roll,Tootsie Roll,1940s,www.candywrapperarchive.com,https://www.candywrapperarchive.com/candy-collector/1940s-tootsie-roll/,collector_archive_page,panel_capture_needed,high,private_nutrition_panel_crop,4,0,0,0,no_private_path_supplied,"Capture or crop the source privately, then fill local_private_image_path or processed_private_image_path.",1,0
cwa-ingredient-priority-v1,cwa_surface_0983b1dc6c200b,tootsie_roll,Tootsie Roll,1940s,www.candywrapperarchive.com,https://www.candywrapperarchive.com/candy-collector/1940s-tootsie-roll/,collector_archive_page,readable_panel_photo_needed,medium,private_back_or_side_text_crop,4,0,0,0,no_private_path_supplied,"Capture or crop the source privately, then fill local_private_image_path or processed_private_image_path.",1,0
cwa-ingredient-priority-v1,cwa_surface_18ca5e35923239,tootsie_roll,Tootsie Roll,1940s,www.candywrapperarchive.com,https://www.candywrapperarchive.com/candy-collector/1940s-tootsie-roll/,collector_archive_page,readable_panel_photo_needed,medium,private_net_weight_crop,4,0,0,0,no_private_path_supplied,"Capture or crop the source privately, then fill local_private_image_path or processed_private_image_path.",1,0
cwa-ingredient-priority-v1,cwa_surface_93ddb7db9330d3,tootsie_roll,Tootsie Roll,1940s,www.candywrapperarchive.com,https://www.candywrapperarchive.com/candy-collector/1940s-tootsie-roll/,collector_archive_page,readable_panel_photo_needed,medium,private_maker_or_date_crop,4,0,0,0,no_private_path_supplied,"Capture or crop the source privately, then fill local_private_image_path or processed_private_image_path.",1,0
cwa-ingredient-priority-v1,cwa_surface_4e5de5a4d0e4a5,tootsie_roll,Tootsie Roll,1960s,www.candywrapperarchive.com,https://www.candywrapperarchive.com/candy-collector/1960s-tootsie-roll-2/,collector_archive_page,panel_capture_needed,high,private_ingredient_panel_crop,4,0,0,0,no_private_path_supplied,"Capture or crop the source privately, then fill local_private_image_path or processed_private_image_path.",1,0
cwa-ingredient-priority-v1,cwa_surface_922af5c7f3fe46,tootsie_roll,Tootsie Roll,1960s,www.candywrapperarchive.com,https://www.candywrapperarchive.com/candy-collector/1960s-tootsie-roll-2/,collector_archive_page,panel_capture_needed,high,private_nutrition_panel_crop,4,0,0,0,no_private_path_supplied,"Capture or crop the source privately, then fill local_private_image_path or processed_private_image_path.",1,0
cwa-ingredient-priority-v1,cwa_surface_7a826dce263078,tootsie_roll,Tootsie Roll,1960s,www.candywrapperarchive.com,https://www.candywrapperarchive.com/candy-collector/1960s-tootsie-roll-2/,collector_archive_page,readable_panel_photo_needed,medium,private_back_or_side_text_crop,4,0,0,0,no_private_path_supplied,"Capture or crop the source privately, then fill local_private_image_path or processed_private_image_path.",1,0
cwa-ingredient-priority-v1,cwa_surface_47f124230e743a,tootsie_roll,Tootsie Roll,1960s,www.candywrapperarchive.com,https://www.candywrapperarchive.com/candy-collector/1960s-tootsie-roll-2/,collector_archive_page,readable_panel_photo_needed,medium,private_net_weight_crop,4,0,0,0,no_private_path_supplied,"Capture or crop the source privately, then fill local_private_image_path or processed_private_image_path.",1,0
cwa-ingredient-priority-v1,cwa_surface_2ad0cdabf951b2,tootsie_roll,Tootsie Roll,1960s,www.candywrapperarchive.com,https://www.candywrapperarchive.com/candy-collector/1960s-tootsie-roll-2/,collector_archive_page,readable_panel_photo_needed,medium,private_maker_or_date_crop,4,0,0,0,no_private_path_supplied,"Capture or crop the source privately, then fill local_private_image_path or processed_private_image_path.",1,0
