run_id,evidence_id,product_id,product_name,vintage_label,source_domain,source_url,source_type,source_capture_id,surface_id,surface_label,surface_role,capture_path_field,proof_lane,proof_lane_rank,ocr_gap_category,ocr_priority,capture_strategy,crop_target,ocr_expected_surface,image_map_keys,local_private_image_path,processed_private_image_path,panel_crop_note,ocr_eligible,rights_review_status,publication_image_policy,candidate_only,manual_verified
cwa-private-capture-all-lineage-v1,cwa_surface_bdb8731dc7e98b,butterfinger_bar,Butterfinger Bar,1930s,www.candywrapperarchive.com,https://www.candywrapperarchive.com/candy-collector/1930s-butterfinger-2/,collection_item_candidate,cwa_capture_round_54bf4d9d9b8d,ingredient_panel,Ingredient panel,ocr_text_surface,private_ingredient_panel_crop_path,primary_ingredient_panel,1,panel_capture_needed,high,private_ingredient_panel_crop,Crop the ingredient statement with enough package context to preserve product/date cues.,ingredient_panel,cwa_surface_bdb8731dc7e98b;butterfinger_bar:cwa_surface_bdb8731dc7e98b;cwa_capture_round_54bf4d9d9b8d:ingredient_panel;https://www.candywrapperarchive.com/candy-collector/1930s-butterfinger-2/#ingredient_panel,,,,1,rights_review_needed,source_link_only_no_public_image,1,0
cwa-private-capture-all-lineage-v1,cwa_surface_b363dd0d60335c,butterfinger_bar,Butterfinger Bar,1930s,www.candywrapperarchive.com,https://www.candywrapperarchive.com/candy-collector/1930s-butterfinger-2/,collection_item_candidate,cwa_capture_round_54bf4d9d9b8d,nutrition_panel,Nutrition panel,ocr_text_surface,private_nutrition_panel_crop_path,primary_nutrition_panel,2,panel_capture_needed,high,private_nutrition_panel_crop,Crop the nutrition panel and serving-size text if visible.,nutrition_panel,cwa_surface_b363dd0d60335c;butterfinger_bar:cwa_surface_b363dd0d60335c;cwa_capture_round_54bf4d9d9b8d:nutrition_panel;https://www.candywrapperarchive.com/candy-collector/1930s-butterfinger-2/#nutrition_panel,,,,1,rights_review_needed,source_link_only_no_public_image,1,0
cwa-private-capture-all-lineage-v1,cwa_surface_84d0eb71616be7,butterfinger_bar,Butterfinger Bar,1930s,www.candywrapperarchive.com,https://www.candywrapperarchive.com/candy-collector/1930s-butterfinger-2/,collection_item_candidate,cwa_capture_round_54bf4d9d9b8d,wrapper_back_or_side,Wrapper back or side text,ocr_text_surface,private_wrapper_back_or_side_crop_path,support_package_text,3,readable_panel_photo_needed,medium,private_back_or_side_text_crop,"Crop readable wrapper back/side text, prioritizing ingredients, nutrition, net weight, maker, or date cues.",package_back_side_text,cwa_surface_84d0eb71616be7;butterfinger_bar:cwa_surface_84d0eb71616be7;cwa_capture_round_54bf4d9d9b8d:wrapper_back_or_side;https://www.candywrapperarchive.com/candy-collector/1930s-butterfinger-2/#wrapper_back_or_side,,,,1,rights_review_needed,source_link_only_no_public_image,1,0
cwa-private-capture-all-lineage-v1,cwa_surface_a683962b007a91,butterfinger_bar,Butterfinger Bar,1930s,www.candywrapperarchive.com,https://www.candywrapperarchive.com/candy-collector/1930s-butterfinger-2/,collection_item_candidate,cwa_capture_round_54bf4d9d9b8d,net_weight,Net weight,ocr_text_surface,private_net_weight_crop_path,support_package_text,4,readable_panel_photo_needed,medium,private_net_weight_crop,Crop net weight and package-size text.,net_weight,cwa_surface_a683962b007a91;butterfinger_bar:cwa_surface_a683962b007a91;cwa_capture_round_54bf4d9d9b8d:net_weight;https://www.candywrapperarchive.com/candy-collector/1930s-butterfinger-2/#net_weight,,,,1,rights_review_needed,source_link_only_no_public_image,1,0
cwa-private-capture-all-lineage-v1,cwa_surface_4ca2fc76512393,butterfinger_bar,Butterfinger Bar,1930s,www.candywrapperarchive.com,https://www.candywrapperarchive.com/candy-collector/1930s-butterfinger-2/,collection_item_candidate,cwa_capture_round_54bf4d9d9b8d,maker_or_date,Maker or date cue,ocr_text_surface,private_maker_or_date_crop_path,support_package_text,5,readable_panel_photo_needed,medium,private_maker_or_date_crop,"Crop maker/distributor, copyright, lot, or date cue text.",maker_distributor_or_date_cue,cwa_surface_4ca2fc76512393;butterfinger_bar:cwa_surface_4ca2fc76512393;cwa_capture_round_54bf4d9d9b8d:maker_or_date;https://www.candywrapperarchive.com/candy-collector/1930s-butterfinger-2/#maker_or_date,,,,1,rights_review_needed,source_link_only_no_public_image,1,0
cwa-private-capture-all-lineage-v1,cwa_surface_f028bf20715457,butterfinger_bar,Butterfinger Bar,1930s,www.candywrapperarchive.com,https://www.candywrapperarchive.com/candy-collector/1930s-butterfinger-2/,collection_item_candidate,cwa_capture_round_54bf4d9d9b8d,wrapper_front_context,Wrapper front context,secondary_context_surface,private_wrapper_front_crop_path,secondary_product_context,6,secondary_context_only,low,private_wrapper_front_context_crop,Capture wrapper front only as product/package context after text surfaces are handled.,package_identity_context,cwa_surface_f028bf20715457;butterfinger_bar:cwa_surface_f028bf20715457;cwa_capture_round_54bf4d9d9b8d:wrapper_front_context;https://www.candywrapperarchive.com/candy-collector/1930s-butterfinger-2/#wrapper_front_context,,,,0,rights_review_needed,source_link_only_no_public_image,1,0
cwa-private-capture-all-lineage-v1,cwa_surface_20807ca6246abf,butterfinger_bar,Butterfinger Bar,1936,www.candywrapperarchive.com,https://www.candywrapperarchive.com/candy-collector/1936-butterfinger/,collection_item_candidate,cwa_capture_round_7f9a71c59f94,ingredient_panel,Ingredient panel,ocr_text_surface,private_ingredient_panel_crop_path,primary_ingredient_panel,1,panel_capture_needed,high,private_ingredient_panel_crop,Crop the ingredient statement with enough package context to preserve product/date cues.,ingredient_panel,cwa_surface_20807ca6246abf;butterfinger_bar:cwa_surface_20807ca6246abf;cwa_capture_round_7f9a71c59f94:ingredient_panel;https://www.candywrapperarchive.com/candy-collector/1936-butterfinger/#ingredient_panel,,,,1,rights_review_needed,source_link_only_no_public_image,1,0
cwa-private-capture-all-lineage-v1,cwa_surface_3e9fb8bd823a85,butterfinger_bar,Butterfinger Bar,1936,www.candywrapperarchive.com,https://www.candywrapperarchive.com/candy-collector/1936-butterfinger/,collection_item_candidate,cwa_capture_round_7f9a71c59f94,nutrition_panel,Nutrition panel,ocr_text_surface,private_nutrition_panel_crop_path,primary_nutrition_panel,2,panel_capture_needed,high,private_nutrition_panel_crop,Crop the nutrition panel and serving-size text if visible.,nutrition_panel,cwa_surface_3e9fb8bd823a85;butterfinger_bar:cwa_surface_3e9fb8bd823a85;cwa_capture_round_7f9a71c59f94:nutrition_panel;https://www.candywrapperarchive.com/candy-collector/1936-butterfinger/#nutrition_panel,,,,1,rights_review_needed,source_link_only_no_public_image,1,0
cwa-private-capture-all-lineage-v1,cwa_surface_b6b7bb8b5a98d5,butterfinger_bar,Butterfinger Bar,1936,www.candywrapperarchive.com,https://www.candywrapperarchive.com/candy-collector/1936-butterfinger/,collection_item_candidate,cwa_capture_round_7f9a71c59f94,wrapper_back_or_side,Wrapper back or side text,ocr_text_surface,private_wrapper_back_or_side_crop_path,support_package_text,3,readable_panel_photo_needed,medium,private_back_or_side_text_crop,"Crop readable wrapper back/side text, prioritizing ingredients, nutrition, net weight, maker, or date cues.",package_back_side_text,cwa_surface_b6b7bb8b5a98d5;butterfinger_bar:cwa_surface_b6b7bb8b5a98d5;cwa_capture_round_7f9a71c59f94:wrapper_back_or_side;https://www.candywrapperarchive.com/candy-collector/1936-butterfinger/#wrapper_back_or_side,,,,1,rights_review_needed,source_link_only_no_public_image,1,0
cwa-private-capture-all-lineage-v1,cwa_surface_dca02008554124,butterfinger_bar,Butterfinger Bar,1936,www.candywrapperarchive.com,https://www.candywrapperarchive.com/candy-collector/1936-butterfinger/,collection_item_candidate,cwa_capture_round_7f9a71c59f94,net_weight,Net weight,ocr_text_surface,private_net_weight_crop_path,support_package_text,4,readable_panel_photo_needed,medium,private_net_weight_crop,Crop net weight and package-size text.,net_weight,cwa_surface_dca02008554124;butterfinger_bar:cwa_surface_dca02008554124;cwa_capture_round_7f9a71c59f94:net_weight;https://www.candywrapperarchive.com/candy-collector/1936-butterfinger/#net_weight,,,,1,rights_review_needed,source_link_only_no_public_image,1,0
cwa-private-capture-all-lineage-v1,cwa_surface_c1f792333d347e,butterfinger_bar,Butterfinger Bar,1936,www.candywrapperarchive.com,https://www.candywrapperarchive.com/candy-collector/1936-butterfinger/,collection_item_candidate,cwa_capture_round_7f9a71c59f94,maker_or_date,Maker or date cue,ocr_text_surface,private_maker_or_date_crop_path,support_package_text,5,readable_panel_photo_needed,medium,private_maker_or_date_crop,"Crop maker/distributor, copyright, lot, or date cue text.",maker_distributor_or_date_cue,cwa_surface_c1f792333d347e;butterfinger_bar:cwa_surface_c1f792333d347e;cwa_capture_round_7f9a71c59f94:maker_or_date;https://www.candywrapperarchive.com/candy-collector/1936-butterfinger/#maker_or_date,,,,1,rights_review_needed,source_link_only_no_public_image,1,0
cwa-private-capture-all-lineage-v1,cwa_surface_3e21c8b478b777,butterfinger_bar,Butterfinger Bar,1936,www.candywrapperarchive.com,https://www.candywrapperarchive.com/candy-collector/1936-butterfinger/,collection_item_candidate,cwa_capture_round_7f9a71c59f94,wrapper_front_context,Wrapper front context,secondary_context_surface,private_wrapper_front_crop_path,secondary_product_context,6,secondary_context_only,low,private_wrapper_front_context_crop,Capture wrapper front only as product/package context after text surfaces are handled.,package_identity_context,cwa_surface_3e21c8b478b777;butterfinger_bar:cwa_surface_3e21c8b478b777;cwa_capture_round_7f9a71c59f94:wrapper_front_context;https://www.candywrapperarchive.com/candy-collector/1936-butterfinger/#wrapper_front_context,,,,0,rights_review_needed,source_link_only_no_public_image,1,0
cwa-private-capture-all-lineage-v1,cwa_surface_14e84cbbae8fe9,butterfinger_bar,Butterfinger Bar,1950,www.candywrapperarchive.com,https://www.candywrapperarchive.com/candy-collector/1950-butterfinger-2/,collection_item_candidate,cwa_capture_round_4a02e8a42692,ingredient_panel,Ingredient panel,ocr_text_surface,private_ingredient_panel_crop_path,primary_ingredient_panel,1,panel_capture_needed,high,private_ingredient_panel_crop,Crop the ingredient statement with enough package context to preserve product/date cues.,ingredient_panel,cwa_surface_14e84cbbae8fe9;butterfinger_bar:cwa_surface_14e84cbbae8fe9;cwa_capture_round_4a02e8a42692:ingredient_panel;https://www.candywrapperarchive.com/candy-collector/1950-butterfinger-2/#ingredient_panel,,,,1,rights_review_needed,source_link_only_no_public_image,1,0
cwa-private-capture-all-lineage-v1,cwa_surface_c7d30fed1ab8bd,butterfinger_bar,Butterfinger Bar,1950,www.candywrapperarchive.com,https://www.candywrapperarchive.com/candy-collector/1950-butterfinger-2/,collection_item_candidate,cwa_capture_round_4a02e8a42692,nutrition_panel,Nutrition panel,ocr_text_surface,private_nutrition_panel_crop_path,primary_nutrition_panel,2,panel_capture_needed,high,private_nutrition_panel_crop,Crop the nutrition panel and serving-size text if visible.,nutrition_panel,cwa_surface_c7d30fed1ab8bd;butterfinger_bar:cwa_surface_c7d30fed1ab8bd;cwa_capture_round_4a02e8a42692:nutrition_panel;https://www.candywrapperarchive.com/candy-collector/1950-butterfinger-2/#nutrition_panel,,,,1,rights_review_needed,source_link_only_no_public_image,1,0
cwa-private-capture-all-lineage-v1,cwa_surface_1bc8565238b2b9,butterfinger_bar,Butterfinger Bar,1950,www.candywrapperarchive.com,https://www.candywrapperarchive.com/candy-collector/1950-butterfinger-2/,collection_item_candidate,cwa_capture_round_4a02e8a42692,wrapper_back_or_side,Wrapper back or side text,ocr_text_surface,private_wrapper_back_or_side_crop_path,support_package_text,3,readable_panel_photo_needed,medium,private_back_or_side_text_crop,"Crop readable wrapper back/side text, prioritizing ingredients, nutrition, net weight, maker, or date cues.",package_back_side_text,cwa_surface_1bc8565238b2b9;butterfinger_bar:cwa_surface_1bc8565238b2b9;cwa_capture_round_4a02e8a42692:wrapper_back_or_side;https://www.candywrapperarchive.com/candy-collector/1950-butterfinger-2/#wrapper_back_or_side,,,,1,rights_review_needed,source_link_only_no_public_image,1,0
cwa-private-capture-all-lineage-v1,cwa_surface_2bd09cde3db0fa,butterfinger_bar,Butterfinger Bar,1950,www.candywrapperarchive.com,https://www.candywrapperarchive.com/candy-collector/1950-butterfinger-2/,collection_item_candidate,cwa_capture_round_4a02e8a42692,net_weight,Net weight,ocr_text_surface,private_net_weight_crop_path,support_package_text,4,readable_panel_photo_needed,medium,private_net_weight_crop,Crop net weight and package-size text.,net_weight,cwa_surface_2bd09cde3db0fa;butterfinger_bar:cwa_surface_2bd09cde3db0fa;cwa_capture_round_4a02e8a42692:net_weight;https://www.candywrapperarchive.com/candy-collector/1950-butterfinger-2/#net_weight,,,,1,rights_review_needed,source_link_only_no_public_image,1,0
cwa-private-capture-all-lineage-v1,cwa_surface_57d3a86bc82d4e,butterfinger_bar,Butterfinger Bar,1950,www.candywrapperarchive.com,https://www.candywrapperarchive.com/candy-collector/1950-butterfinger-2/,collection_item_candidate,cwa_capture_round_4a02e8a42692,maker_or_date,Maker or date cue,ocr_text_surface,private_maker_or_date_crop_path,support_package_text,5,readable_panel_photo_needed,medium,private_maker_or_date_crop,"Crop maker/distributor, copyright, lot, or date cue text.",maker_distributor_or_date_cue,cwa_surface_57d3a86bc82d4e;butterfinger_bar:cwa_surface_57d3a86bc82d4e;cwa_capture_round_4a02e8a42692:maker_or_date;https://www.candywrapperarchive.com/candy-collector/1950-butterfinger-2/#maker_or_date,,,,1,rights_review_needed,source_link_only_no_public_image,1,0
cwa-private-capture-all-lineage-v1,cwa_surface_ce4fe6b2f1bbb7,butterfinger_bar,Butterfinger Bar,1950,www.candywrapperarchive.com,https://www.candywrapperarchive.com/candy-collector/1950-butterfinger-2/,collection_item_candidate,cwa_capture_round_4a02e8a42692,wrapper_front_context,Wrapper front context,secondary_context_surface,private_wrapper_front_crop_path,secondary_product_context,6,secondary_context_only,low,private_wrapper_front_context_crop,Capture wrapper front only as product/package context after text surfaces are handled.,package_identity_context,cwa_surface_ce4fe6b2f1bbb7;butterfinger_bar:cwa_surface_ce4fe6b2f1bbb7;cwa_capture_round_4a02e8a42692:wrapper_front_context;https://www.candywrapperarchive.com/candy-collector/1950-butterfinger-2/#wrapper_front_context,,,,0,rights_review_needed,source_link_only_no_public_image,1,0
cwa-private-capture-all-lineage-v1,cwa_surface_99e8305790e753,butterfinger_bar,Butterfinger Bar,1964,www.candywrapperarchive.com,https://www.candywrapperarchive.com/candy-collector/1964-butterfinger/,collection_item_candidate,cwa_capture_round_af76a4c6c608,ingredient_panel,Ingredient panel,ocr_text_surface,private_ingredient_panel_crop_path,primary_ingredient_panel,1,panel_capture_needed,high,private_ingredient_panel_crop,Crop the ingredient statement with enough package context to preserve product/date cues.,ingredient_panel,cwa_surface_99e8305790e753;butterfinger_bar:cwa_surface_99e8305790e753;cwa_capture_round_af76a4c6c608:ingredient_panel;https://www.candywrapperarchive.com/candy-collector/1964-butterfinger/#ingredient_panel,,,,1,rights_review_needed,source_link_only_no_public_image,1,0
cwa-private-capture-all-lineage-v1,cwa_surface_2bf81d0b93b9ab,butterfinger_bar,Butterfinger Bar,1964,www.candywrapperarchive.com,https://www.candywrapperarchive.com/candy-collector/1964-butterfinger/,collection_item_candidate,cwa_capture_round_af76a4c6c608,nutrition_panel,Nutrition panel,ocr_text_surface,private_nutrition_panel_crop_path,primary_nutrition_panel,2,panel_capture_needed,high,private_nutrition_panel_crop,Crop the nutrition panel and serving-size text if visible.,nutrition_panel,cwa_surface_2bf81d0b93b9ab;butterfinger_bar:cwa_surface_2bf81d0b93b9ab;cwa_capture_round_af76a4c6c608:nutrition_panel;https://www.candywrapperarchive.com/candy-collector/1964-butterfinger/#nutrition_panel,,,,1,rights_review_needed,source_link_only_no_public_image,1,0
cwa-private-capture-all-lineage-v1,cwa_surface_01491cd500dd8f,butterfinger_bar,Butterfinger Bar,1964,www.candywrapperarchive.com,https://www.candywrapperarchive.com/candy-collector/1964-butterfinger/,collection_item_candidate,cwa_capture_round_af76a4c6c608,wrapper_back_or_side,Wrapper back or side text,ocr_text_surface,private_wrapper_back_or_side_crop_path,support_package_text,3,readable_panel_photo_needed,medium,private_back_or_side_text_crop,"Crop readable wrapper back/side text, prioritizing ingredients, nutrition, net weight, maker, or date cues.",package_back_side_text,cwa_surface_01491cd500dd8f;butterfinger_bar:cwa_surface_01491cd500dd8f;cwa_capture_round_af76a4c6c608:wrapper_back_or_side;https://www.candywrapperarchive.com/candy-collector/1964-butterfinger/#wrapper_back_or_side,,,,1,rights_review_needed,source_link_only_no_public_image,1,0
cwa-private-capture-all-lineage-v1,cwa_surface_78b2aead6a3559,butterfinger_bar,Butterfinger Bar,1964,www.candywrapperarchive.com,https://www.candywrapperarchive.com/candy-collector/1964-butterfinger/,collection_item_candidate,cwa_capture_round_af76a4c6c608,net_weight,Net weight,ocr_text_surface,private_net_weight_crop_path,support_package_text,4,readable_panel_photo_needed,medium,private_net_weight_crop,Crop net weight and package-size text.,net_weight,cwa_surface_78b2aead6a3559;butterfinger_bar:cwa_surface_78b2aead6a3559;cwa_capture_round_af76a4c6c608:net_weight;https://www.candywrapperarchive.com/candy-collector/1964-butterfinger/#net_weight,,,,1,rights_review_needed,source_link_only_no_public_image,1,0
cwa-private-capture-all-lineage-v1,cwa_surface_6844f3e0c4b28c,butterfinger_bar,Butterfinger Bar,1964,www.candywrapperarchive.com,https://www.candywrapperarchive.com/candy-collector/1964-butterfinger/,collection_item_candidate,cwa_capture_round_af76a4c6c608,maker_or_date,Maker or date cue,ocr_text_surface,private_maker_or_date_crop_path,support_package_text,5,readable_panel_photo_needed,medium,private_maker_or_date_crop,"Crop maker/distributor, copyright, lot, or date cue text.",maker_distributor_or_date_cue,cwa_surface_6844f3e0c4b28c;butterfinger_bar:cwa_surface_6844f3e0c4b28c;cwa_capture_round_af76a4c6c608:maker_or_date;https://www.candywrapperarchive.com/candy-collector/1964-butterfinger/#maker_or_date,,,,1,rights_review_needed,source_link_only_no_public_image,1,0
cwa-private-capture-all-lineage-v1,cwa_surface_4d1f14e80686d2,butterfinger_bar,Butterfinger Bar,1964,www.candywrapperarchive.com,https://www.candywrapperarchive.com/candy-collector/1964-butterfinger/,collection_item_candidate,cwa_capture_round_af76a4c6c608,wrapper_front_context,Wrapper front context,secondary_context_surface,private_wrapper_front_crop_path,secondary_product_context,6,secondary_context_only,low,private_wrapper_front_context_crop,Capture wrapper front only as product/package context after text surfaces are handled.,package_identity_context,cwa_surface_4d1f14e80686d2;butterfinger_bar:cwa_surface_4d1f14e80686d2;cwa_capture_round_af76a4c6c608:wrapper_front_context;https://www.candywrapperarchive.com/candy-collector/1964-butterfinger/#wrapper_front_context,,,,0,rights_review_needed,source_link_only_no_public_image,1,0
cwa-private-capture-all-lineage-v1,cwa_surface_2f942468ca250f,butterfinger_bar,Butterfinger Bar,1975,www.candywrapperarchive.com,https://www.candywrapperarchive.com/candy-collector/1975-butterfinger/,collection_item_candidate,cwa_capture_round_9a000e6d1375,ingredient_panel,Ingredient panel,ocr_text_surface,private_ingredient_panel_crop_path,primary_ingredient_panel,1,panel_capture_needed,high,private_ingredient_panel_crop,Crop the ingredient statement with enough package context to preserve product/date cues.,ingredient_panel,cwa_surface_2f942468ca250f;butterfinger_bar:cwa_surface_2f942468ca250f;cwa_capture_round_9a000e6d1375:ingredient_panel;https://www.candywrapperarchive.com/candy-collector/1975-butterfinger/#ingredient_panel,,,,1,rights_review_needed,source_link_only_no_public_image,1,0
cwa-private-capture-all-lineage-v1,cwa_surface_6c45d30611861d,butterfinger_bar,Butterfinger Bar,1975,www.candywrapperarchive.com,https://www.candywrapperarchive.com/candy-collector/1975-butterfinger/,collection_item_candidate,cwa_capture_round_9a000e6d1375,nutrition_panel,Nutrition panel,ocr_text_surface,private_nutrition_panel_crop_path,primary_nutrition_panel,2,panel_capture_needed,high,private_nutrition_panel_crop,Crop the nutrition panel and serving-size text if visible.,nutrition_panel,cwa_surface_6c45d30611861d;butterfinger_bar:cwa_surface_6c45d30611861d;cwa_capture_round_9a000e6d1375:nutrition_panel;https://www.candywrapperarchive.com/candy-collector/1975-butterfinger/#nutrition_panel,,,,1,rights_review_needed,source_link_only_no_public_image,1,0
cwa-private-capture-all-lineage-v1,cwa_surface_4ed27f62edf38f,butterfinger_bar,Butterfinger Bar,1975,www.candywrapperarchive.com,https://www.candywrapperarchive.com/candy-collector/1975-butterfinger/,collection_item_candidate,cwa_capture_round_9a000e6d1375,wrapper_back_or_side,Wrapper back or side text,ocr_text_surface,private_wrapper_back_or_side_crop_path,support_package_text,3,readable_panel_photo_needed,medium,private_back_or_side_text_crop,"Crop readable wrapper back/side text, prioritizing ingredients, nutrition, net weight, maker, or date cues.",package_back_side_text,cwa_surface_4ed27f62edf38f;butterfinger_bar:cwa_surface_4ed27f62edf38f;cwa_capture_round_9a000e6d1375:wrapper_back_or_side;https://www.candywrapperarchive.com/candy-collector/1975-butterfinger/#wrapper_back_or_side,,,,1,rights_review_needed,source_link_only_no_public_image,1,0
cwa-private-capture-all-lineage-v1,cwa_surface_2b65b5afb00c00,butterfinger_bar,Butterfinger Bar,1975,www.candywrapperarchive.com,https://www.candywrapperarchive.com/candy-collector/1975-butterfinger/,collection_item_candidate,cwa_capture_round_9a000e6d1375,net_weight,Net weight,ocr_text_surface,private_net_weight_crop_path,support_package_text,4,readable_panel_photo_needed,medium,private_net_weight_crop,Crop net weight and package-size text.,net_weight,cwa_surface_2b65b5afb00c00;butterfinger_bar:cwa_surface_2b65b5afb00c00;cwa_capture_round_9a000e6d1375:net_weight;https://www.candywrapperarchive.com/candy-collector/1975-butterfinger/#net_weight,,,,1,rights_review_needed,source_link_only_no_public_image,1,0
cwa-private-capture-all-lineage-v1,cwa_surface_7a9aac8ec16501,butterfinger_bar,Butterfinger Bar,1975,www.candywrapperarchive.com,https://www.candywrapperarchive.com/candy-collector/1975-butterfinger/,collection_item_candidate,cwa_capture_round_9a000e6d1375,maker_or_date,Maker or date cue,ocr_text_surface,private_maker_or_date_crop_path,support_package_text,5,readable_panel_photo_needed,medium,private_maker_or_date_crop,"Crop maker/distributor, copyright, lot, or date cue text.",maker_distributor_or_date_cue,cwa_surface_7a9aac8ec16501;butterfinger_bar:cwa_surface_7a9aac8ec16501;cwa_capture_round_9a000e6d1375:maker_or_date;https://www.candywrapperarchive.com/candy-collector/1975-butterfinger/#maker_or_date,,,,1,rights_review_needed,source_link_only_no_public_image,1,0
cwa-private-capture-all-lineage-v1,cwa_surface_b9ecb76376f678,butterfinger_bar,Butterfinger Bar,1975,www.candywrapperarchive.com,https://www.candywrapperarchive.com/candy-collector/1975-butterfinger/,collection_item_candidate,cwa_capture_round_9a000e6d1375,wrapper_front_context,Wrapper front context,secondary_context_surface,private_wrapper_front_crop_path,secondary_product_context,6,secondary_context_only,low,private_wrapper_front_context_crop,Capture wrapper front only as product/package context after text surfaces are handled.,package_identity_context,cwa_surface_b9ecb76376f678;butterfinger_bar:cwa_surface_b9ecb76376f678;cwa_capture_round_9a000e6d1375:wrapper_front_context;https://www.candywrapperarchive.com/candy-collector/1975-butterfinger/#wrapper_front_context,,,,0,rights_review_needed,source_link_only_no_public_image,1,0
cwa-private-capture-all-lineage-v1,cwa_surface_11352cd6262a16,butterfinger_bar,Butterfinger Bar,1980s,www.candywrapperarchive.com,https://www.candywrapperarchive.com/candy-collector/1980s-butterfinger/,collection_item_candidate,cwa_capture_round_add5694f379c,ingredient_panel,Ingredient panel,ocr_text_surface,private_ingredient_panel_crop_path,primary_ingredient_panel,1,panel_capture_needed,high,private_ingredient_panel_crop,Crop the ingredient statement with enough package context to preserve product/date cues.,ingredient_panel,cwa_surface_11352cd6262a16;butterfinger_bar:cwa_surface_11352cd6262a16;cwa_capture_round_add5694f379c:ingredient_panel;https://www.candywrapperarchive.com/candy-collector/1980s-butterfinger/#ingredient_panel,,,,1,rights_review_needed,source_link_only_no_public_image,1,0
cwa-private-capture-all-lineage-v1,cwa_surface_f44d9b4ffe1d8a,butterfinger_bar,Butterfinger Bar,1980s,www.candywrapperarchive.com,https://www.candywrapperarchive.com/candy-collector/1980s-butterfinger/,collection_item_candidate,cwa_capture_round_add5694f379c,nutrition_panel,Nutrition panel,ocr_text_surface,private_nutrition_panel_crop_path,primary_nutrition_panel,2,panel_capture_needed,high,private_nutrition_panel_crop,Crop the nutrition panel and serving-size text if visible.,nutrition_panel,cwa_surface_f44d9b4ffe1d8a;butterfinger_bar:cwa_surface_f44d9b4ffe1d8a;cwa_capture_round_add5694f379c:nutrition_panel;https://www.candywrapperarchive.com/candy-collector/1980s-butterfinger/#nutrition_panel,,,,1,rights_review_needed,source_link_only_no_public_image,1,0
cwa-private-capture-all-lineage-v1,cwa_surface_adf11598c9d764,butterfinger_bar,Butterfinger Bar,1980s,www.candywrapperarchive.com,https://www.candywrapperarchive.com/candy-collector/1980s-butterfinger/,collection_item_candidate,cwa_capture_round_add5694f379c,wrapper_back_or_side,Wrapper back or side text,ocr_text_surface,private_wrapper_back_or_side_crop_path,support_package_text,3,readable_panel_photo_needed,medium,private_back_or_side_text_crop,"Crop readable wrapper back/side text, prioritizing ingredients, nutrition, net weight, maker, or date cues.",package_back_side_text,cwa_surface_adf11598c9d764;butterfinger_bar:cwa_surface_adf11598c9d764;cwa_capture_round_add5694f379c:wrapper_back_or_side;https://www.candywrapperarchive.com/candy-collector/1980s-butterfinger/#wrapper_back_or_side,,,,1,rights_review_needed,source_link_only_no_public_image,1,0
cwa-private-capture-all-lineage-v1,cwa_surface_7da3def94ba7a6,butterfinger_bar,Butterfinger Bar,1980s,www.candywrapperarchive.com,https://www.candywrapperarchive.com/candy-collector/1980s-butterfinger/,collection_item_candidate,cwa_capture_round_add5694f379c,net_weight,Net weight,ocr_text_surface,private_net_weight_crop_path,support_package_text,4,readable_panel_photo_needed,medium,private_net_weight_crop,Crop net weight and package-size text.,net_weight,cwa_surface_7da3def94ba7a6;butterfinger_bar:cwa_surface_7da3def94ba7a6;cwa_capture_round_add5694f379c:net_weight;https://www.candywrapperarchive.com/candy-collector/1980s-butterfinger/#net_weight,,,,1,rights_review_needed,source_link_only_no_public_image,1,0
cwa-private-capture-all-lineage-v1,cwa_surface_e16699894b4ae0,butterfinger_bar,Butterfinger Bar,1980s,www.candywrapperarchive.com,https://www.candywrapperarchive.com/candy-collector/1980s-butterfinger/,collection_item_candidate,cwa_capture_round_add5694f379c,maker_or_date,Maker or date cue,ocr_text_surface,private_maker_or_date_crop_path,support_package_text,5,readable_panel_photo_needed,medium,private_maker_or_date_crop,"Crop maker/distributor, copyright, lot, or date cue text.",maker_distributor_or_date_cue,cwa_surface_e16699894b4ae0;butterfinger_bar:cwa_surface_e16699894b4ae0;cwa_capture_round_add5694f379c:maker_or_date;https://www.candywrapperarchive.com/candy-collector/1980s-butterfinger/#maker_or_date,,,,1,rights_review_needed,source_link_only_no_public_image,1,0
cwa-private-capture-all-lineage-v1,cwa_surface_eb9d517de81d76,butterfinger_bar,Butterfinger Bar,1980s,www.candywrapperarchive.com,https://www.candywrapperarchive.com/candy-collector/1980s-butterfinger/,collection_item_candidate,cwa_capture_round_add5694f379c,wrapper_front_context,Wrapper front context,secondary_context_surface,private_wrapper_front_crop_path,secondary_product_context,6,secondary_context_only,low,private_wrapper_front_context_crop,Capture wrapper front only as product/package context after text surfaces are handled.,package_identity_context,cwa_surface_eb9d517de81d76;butterfinger_bar:cwa_surface_eb9d517de81d76;cwa_capture_round_add5694f379c:wrapper_front_context;https://www.candywrapperarchive.com/candy-collector/1980s-butterfinger/#wrapper_front_context,,,,0,rights_review_needed,source_link_only_no_public_image,1,0
cwa-private-capture-all-lineage-v1,cwa_surface_60231b54b36cda,butterfinger_bar,Butterfinger Bar,2002,www.candywrapperarchive.com,https://www.candywrapperarchive.com/candy-collector/2002-butterfinger/,collection_item_candidate,cwa_capture_round_a497fbb8b330,ingredient_panel,Ingredient panel,ocr_text_surface,private_ingredient_panel_crop_path,primary_ingredient_panel,1,panel_capture_needed,high,private_ingredient_panel_crop,Crop the ingredient statement with enough package context to preserve product/date cues.,ingredient_panel,cwa_surface_60231b54b36cda;butterfinger_bar:cwa_surface_60231b54b36cda;cwa_capture_round_a497fbb8b330:ingredient_panel;https://www.candywrapperarchive.com/candy-collector/2002-butterfinger/#ingredient_panel,,,,1,rights_review_needed,source_link_only_no_public_image,1,0
cwa-private-capture-all-lineage-v1,cwa_surface_0a1eeb650363ed,butterfinger_bar,Butterfinger Bar,2002,www.candywrapperarchive.com,https://www.candywrapperarchive.com/candy-collector/2002-butterfinger/,collection_item_candidate,cwa_capture_round_a497fbb8b330,nutrition_panel,Nutrition panel,ocr_text_surface,private_nutrition_panel_crop_path,primary_nutrition_panel,2,panel_capture_needed,high,private_nutrition_panel_crop,Crop the nutrition panel and serving-size text if visible.,nutrition_panel,cwa_surface_0a1eeb650363ed;butterfinger_bar:cwa_surface_0a1eeb650363ed;cwa_capture_round_a497fbb8b330:nutrition_panel;https://www.candywrapperarchive.com/candy-collector/2002-butterfinger/#nutrition_panel,,,,1,rights_review_needed,source_link_only_no_public_image,1,0
cwa-private-capture-all-lineage-v1,cwa_surface_6b70fedb8fe3a7,butterfinger_bar,Butterfinger Bar,2002,www.candywrapperarchive.com,https://www.candywrapperarchive.com/candy-collector/2002-butterfinger/,collection_item_candidate,cwa_capture_round_a497fbb8b330,wrapper_back_or_side,Wrapper back or side text,ocr_text_surface,private_wrapper_back_or_side_crop_path,support_package_text,3,readable_panel_photo_needed,medium,private_back_or_side_text_crop,"Crop readable wrapper back/side text, prioritizing ingredients, nutrition, net weight, maker, or date cues.",package_back_side_text,cwa_surface_6b70fedb8fe3a7;butterfinger_bar:cwa_surface_6b70fedb8fe3a7;cwa_capture_round_a497fbb8b330:wrapper_back_or_side;https://www.candywrapperarchive.com/candy-collector/2002-butterfinger/#wrapper_back_or_side,,,,1,rights_review_needed,source_link_only_no_public_image,1,0
cwa-private-capture-all-lineage-v1,cwa_surface_be810e91c5b248,butterfinger_bar,Butterfinger Bar,2002,www.candywrapperarchive.com,https://www.candywrapperarchive.com/candy-collector/2002-butterfinger/,collection_item_candidate,cwa_capture_round_a497fbb8b330,net_weight,Net weight,ocr_text_surface,private_net_weight_crop_path,support_package_text,4,readable_panel_photo_needed,medium,private_net_weight_crop,Crop net weight and package-size text.,net_weight,cwa_surface_be810e91c5b248;butterfinger_bar:cwa_surface_be810e91c5b248;cwa_capture_round_a497fbb8b330:net_weight;https://www.candywrapperarchive.com/candy-collector/2002-butterfinger/#net_weight,,,,1,rights_review_needed,source_link_only_no_public_image,1,0
cwa-private-capture-all-lineage-v1,cwa_surface_4c89b0af362deb,butterfinger_bar,Butterfinger Bar,2002,www.candywrapperarchive.com,https://www.candywrapperarchive.com/candy-collector/2002-butterfinger/,collection_item_candidate,cwa_capture_round_a497fbb8b330,maker_or_date,Maker or date cue,ocr_text_surface,private_maker_or_date_crop_path,support_package_text,5,readable_panel_photo_needed,medium,private_maker_or_date_crop,"Crop maker/distributor, copyright, lot, or date cue text.",maker_distributor_or_date_cue,cwa_surface_4c89b0af362deb;butterfinger_bar:cwa_surface_4c89b0af362deb;cwa_capture_round_a497fbb8b330:maker_or_date;https://www.candywrapperarchive.com/candy-collector/2002-butterfinger/#maker_or_date,,,,1,rights_review_needed,source_link_only_no_public_image,1,0
cwa-private-capture-all-lineage-v1,cwa_surface_896654b0071077,butterfinger_bar,Butterfinger Bar,2002,www.candywrapperarchive.com,https://www.candywrapperarchive.com/candy-collector/2002-butterfinger/,collection_item_candidate,cwa_capture_round_a497fbb8b330,wrapper_front_context,Wrapper front context,secondary_context_surface,private_wrapper_front_crop_path,secondary_product_context,6,secondary_context_only,low,private_wrapper_front_context_crop,Capture wrapper front only as product/package context after text surfaces are handled.,package_identity_context,cwa_surface_896654b0071077;butterfinger_bar:cwa_surface_896654b0071077;cwa_capture_round_a497fbb8b330:wrapper_front_context;https://www.candywrapperarchive.com/candy-collector/2002-butterfinger/#wrapper_front_context,,,,0,rights_review_needed,source_link_only_no_public_image,1,0
cwa-private-capture-all-lineage-v1,cwa_surface_29f395474ef684,butterfinger_bar,Butterfinger Bar,2009,www.candywrapperarchive.com,https://www.candywrapperarchive.com/candy-collector/2009-butterfinger/,collection_item_candidate,cwa_capture_round_46b6a1edde5b,ingredient_panel,Ingredient panel,ocr_text_surface,private_ingredient_panel_crop_path,primary_ingredient_panel,1,panel_capture_needed,high,private_ingredient_panel_crop,Crop the ingredient statement with enough package context to preserve product/date cues.,ingredient_panel,cwa_surface_29f395474ef684;butterfinger_bar:cwa_surface_29f395474ef684;cwa_capture_round_46b6a1edde5b:ingredient_panel;https://www.candywrapperarchive.com/candy-collector/2009-butterfinger/#ingredient_panel,,,,1,rights_review_needed,source_link_only_no_public_image,1,0
cwa-private-capture-all-lineage-v1,cwa_surface_06fb011e088d40,butterfinger_bar,Butterfinger Bar,2009,www.candywrapperarchive.com,https://www.candywrapperarchive.com/candy-collector/2009-butterfinger/,collection_item_candidate,cwa_capture_round_46b6a1edde5b,nutrition_panel,Nutrition panel,ocr_text_surface,private_nutrition_panel_crop_path,primary_nutrition_panel,2,panel_capture_needed,high,private_nutrition_panel_crop,Crop the nutrition panel and serving-size text if visible.,nutrition_panel,cwa_surface_06fb011e088d40;butterfinger_bar:cwa_surface_06fb011e088d40;cwa_capture_round_46b6a1edde5b:nutrition_panel;https://www.candywrapperarchive.com/candy-collector/2009-butterfinger/#nutrition_panel,,,,1,rights_review_needed,source_link_only_no_public_image,1,0
cwa-private-capture-all-lineage-v1,cwa_surface_879660c2ce85f5,butterfinger_bar,Butterfinger Bar,2009,www.candywrapperarchive.com,https://www.candywrapperarchive.com/candy-collector/2009-butterfinger/,collection_item_candidate,cwa_capture_round_46b6a1edde5b,wrapper_back_or_side,Wrapper back or side text,ocr_text_surface,private_wrapper_back_or_side_crop_path,support_package_text,3,readable_panel_photo_needed,medium,private_back_or_side_text_crop,"Crop readable wrapper back/side text, prioritizing ingredients, nutrition, net weight, maker, or date cues.",package_back_side_text,cwa_surface_879660c2ce85f5;butterfinger_bar:cwa_surface_879660c2ce85f5;cwa_capture_round_46b6a1edde5b:wrapper_back_or_side;https://www.candywrapperarchive.com/candy-collector/2009-butterfinger/#wrapper_back_or_side,,,,1,rights_review_needed,source_link_only_no_public_image,1,0
cwa-private-capture-all-lineage-v1,cwa_surface_188f9409aaabdd,butterfinger_bar,Butterfinger Bar,2009,www.candywrapperarchive.com,https://www.candywrapperarchive.com/candy-collector/2009-butterfinger/,collection_item_candidate,cwa_capture_round_46b6a1edde5b,net_weight,Net weight,ocr_text_surface,private_net_weight_crop_path,support_package_text,4,readable_panel_photo_needed,medium,private_net_weight_crop,Crop net weight and package-size text.,net_weight,cwa_surface_188f9409aaabdd;butterfinger_bar:cwa_surface_188f9409aaabdd;cwa_capture_round_46b6a1edde5b:net_weight;https://www.candywrapperarchive.com/candy-collector/2009-butterfinger/#net_weight,,,,1,rights_review_needed,source_link_only_no_public_image,1,0
cwa-private-capture-all-lineage-v1,cwa_surface_cb25b81e075544,butterfinger_bar,Butterfinger Bar,2009,www.candywrapperarchive.com,https://www.candywrapperarchive.com/candy-collector/2009-butterfinger/,collection_item_candidate,cwa_capture_round_46b6a1edde5b,maker_or_date,Maker or date cue,ocr_text_surface,private_maker_or_date_crop_path,support_package_text,5,readable_panel_photo_needed,medium,private_maker_or_date_crop,"Crop maker/distributor, copyright, lot, or date cue text.",maker_distributor_or_date_cue,cwa_surface_cb25b81e075544;butterfinger_bar:cwa_surface_cb25b81e075544;cwa_capture_round_46b6a1edde5b:maker_or_date;https://www.candywrapperarchive.com/candy-collector/2009-butterfinger/#maker_or_date,,,,1,rights_review_needed,source_link_only_no_public_image,1,0
cwa-private-capture-all-lineage-v1,cwa_surface_3a24450ce71f19,butterfinger_bar,Butterfinger Bar,2009,www.candywrapperarchive.com,https://www.candywrapperarchive.com/candy-collector/2009-butterfinger/,collection_item_candidate,cwa_capture_round_46b6a1edde5b,wrapper_front_context,Wrapper front context,secondary_context_surface,private_wrapper_front_crop_path,secondary_product_context,6,secondary_context_only,low,private_wrapper_front_context_crop,Capture wrapper front only as product/package context after text surfaces are handled.,package_identity_context,cwa_surface_3a24450ce71f19;butterfinger_bar:cwa_surface_3a24450ce71f19;cwa_capture_round_46b6a1edde5b:wrapper_front_context;https://www.candywrapperarchive.com/candy-collector/2009-butterfinger/#wrapper_front_context,,,,0,rights_review_needed,source_link_only_no_public_image,1,0
cwa-private-capture-all-lineage-v1,cwa_surface_0dca79d6d2105f,reeses_peanut_butter_cups,Reese's Peanut Butter Cups,1940s,www.candywrapperarchive.com,https://www.candywrapperarchive.com/candy-collector/1940s-reeses-bag/,collection_item_candidate,cwa_capture_round_d5aa38435ce0,ingredient_panel,Ingredient panel,ocr_text_surface,private_ingredient_panel_crop_path,primary_ingredient_panel,1,panel_capture_needed,high,private_ingredient_panel_crop,Crop the ingredient statement with enough package context to preserve product/date cues.,ingredient_panel,cwa_surface_0dca79d6d2105f;reeses_peanut_butter_cups:cwa_surface_0dca79d6d2105f;cwa_capture_round_d5aa38435ce0:ingredient_panel;https://www.candywrapperarchive.com/candy-collector/1940s-reeses-bag/#ingredient_panel,,,,1,rights_review_needed,source_link_only_no_public_image,1,0
cwa-private-capture-all-lineage-v1,cwa_surface_f097f2901f1c97,reeses_peanut_butter_cups,Reese's Peanut Butter Cups,1940s,www.candywrapperarchive.com,https://www.candywrapperarchive.com/candy-collector/1940s-reeses-bag/,collection_item_candidate,cwa_capture_round_d5aa38435ce0,nutrition_panel,Nutrition panel,ocr_text_surface,private_nutrition_panel_crop_path,primary_nutrition_panel,2,panel_capture_needed,high,private_nutrition_panel_crop,Crop the nutrition panel and serving-size text if visible.,nutrition_panel,cwa_surface_f097f2901f1c97;reeses_peanut_butter_cups:cwa_surface_f097f2901f1c97;cwa_capture_round_d5aa38435ce0:nutrition_panel;https://www.candywrapperarchive.com/candy-collector/1940s-reeses-bag/#nutrition_panel,,,,1,rights_review_needed,source_link_only_no_public_image,1,0
cwa-private-capture-all-lineage-v1,cwa_surface_f105a3ba86e9b5,reeses_peanut_butter_cups,Reese's Peanut Butter Cups,1940s,www.candywrapperarchive.com,https://www.candywrapperarchive.com/candy-collector/1940s-reeses-bag/,collection_item_candidate,cwa_capture_round_d5aa38435ce0,wrapper_back_or_side,Wrapper back or side text,ocr_text_surface,private_wrapper_back_or_side_crop_path,support_package_text,3,readable_panel_photo_needed,medium,private_back_or_side_text_crop,"Crop readable wrapper back/side text, prioritizing ingredients, nutrition, net weight, maker, or date cues.",package_back_side_text,cwa_surface_f105a3ba86e9b5;reeses_peanut_butter_cups:cwa_surface_f105a3ba86e9b5;cwa_capture_round_d5aa38435ce0:wrapper_back_or_side;https://www.candywrapperarchive.com/candy-collector/1940s-reeses-bag/#wrapper_back_or_side,,,,1,rights_review_needed,source_link_only_no_public_image,1,0
cwa-private-capture-all-lineage-v1,cwa_surface_d43a2ef5594515,reeses_peanut_butter_cups,Reese's Peanut Butter Cups,1940s,www.candywrapperarchive.com,https://www.candywrapperarchive.com/candy-collector/1940s-reeses-bag/,collection_item_candidate,cwa_capture_round_d5aa38435ce0,net_weight,Net weight,ocr_text_surface,private_net_weight_crop_path,support_package_text,4,readable_panel_photo_needed,medium,private_net_weight_crop,Crop net weight and package-size text.,net_weight,cwa_surface_d43a2ef5594515;reeses_peanut_butter_cups:cwa_surface_d43a2ef5594515;cwa_capture_round_d5aa38435ce0:net_weight;https://www.candywrapperarchive.com/candy-collector/1940s-reeses-bag/#net_weight,,,,1,rights_review_needed,source_link_only_no_public_image,1,0
cwa-private-capture-all-lineage-v1,cwa_surface_a7654aef885218,reeses_peanut_butter_cups,Reese's Peanut Butter Cups,1940s,www.candywrapperarchive.com,https://www.candywrapperarchive.com/candy-collector/1940s-reeses-bag/,collection_item_candidate,cwa_capture_round_d5aa38435ce0,maker_or_date,Maker or date cue,ocr_text_surface,private_maker_or_date_crop_path,support_package_text,5,readable_panel_photo_needed,medium,private_maker_or_date_crop,"Crop maker/distributor, copyright, lot, or date cue text.",maker_distributor_or_date_cue,cwa_surface_a7654aef885218;reeses_peanut_butter_cups:cwa_surface_a7654aef885218;cwa_capture_round_d5aa38435ce0:maker_or_date;https://www.candywrapperarchive.com/candy-collector/1940s-reeses-bag/#maker_or_date,,,,1,rights_review_needed,source_link_only_no_public_image,1,0
cwa-private-capture-all-lineage-v1,cwa_surface_233693bfede3ce,reeses_peanut_butter_cups,Reese's Peanut Butter Cups,1940s,www.candywrapperarchive.com,https://www.candywrapperarchive.com/candy-collector/1940s-reeses-bag/,collection_item_candidate,cwa_capture_round_d5aa38435ce0,wrapper_front_context,Wrapper front context,secondary_context_surface,private_wrapper_front_crop_path,secondary_product_context,6,secondary_context_only,low,private_wrapper_front_context_crop,Capture wrapper front only as product/package context after text surfaces are handled.,package_identity_context,cwa_surface_233693bfede3ce;reeses_peanut_butter_cups:cwa_surface_233693bfede3ce;cwa_capture_round_d5aa38435ce0:wrapper_front_context;https://www.candywrapperarchive.com/candy-collector/1940s-reeses-bag/#wrapper_front_context,,,,0,rights_review_needed,source_link_only_no_public_image,1,0
cwa-private-capture-all-lineage-v1,cwa_surface_0a70aab6cdf208,reeses_peanut_butter_cups,Reese's Peanut Butter Cups,1970s,www.candywrapperarchive.com,https://www.candywrapperarchive.com/candy-collector/1970s-reeses/,collection_item_candidate,cwa_capture_round_cc2395496fc1,ingredient_panel,Ingredient panel,ocr_text_surface,private_ingredient_panel_crop_path,primary_ingredient_panel,1,panel_capture_needed,high,private_ingredient_panel_crop,Crop the ingredient statement with enough package context to preserve product/date cues.,ingredient_panel,cwa_surface_0a70aab6cdf208;reeses_peanut_butter_cups:cwa_surface_0a70aab6cdf208;cwa_capture_round_cc2395496fc1:ingredient_panel;https://www.candywrapperarchive.com/candy-collector/1970s-reeses/#ingredient_panel,,,,1,rights_review_needed,source_link_only_no_public_image,1,0
cwa-private-capture-all-lineage-v1,cwa_surface_7ed70d0cb54be5,reeses_peanut_butter_cups,Reese's Peanut Butter Cups,1970s,www.candywrapperarchive.com,https://www.candywrapperarchive.com/candy-collector/1970s-reeses/,collection_item_candidate,cwa_capture_round_cc2395496fc1,nutrition_panel,Nutrition panel,ocr_text_surface,private_nutrition_panel_crop_path,primary_nutrition_panel,2,panel_capture_needed,high,private_nutrition_panel_crop,Crop the nutrition panel and serving-size text if visible.,nutrition_panel,cwa_surface_7ed70d0cb54be5;reeses_peanut_butter_cups:cwa_surface_7ed70d0cb54be5;cwa_capture_round_cc2395496fc1:nutrition_panel;https://www.candywrapperarchive.com/candy-collector/1970s-reeses/#nutrition_panel,,,,1,rights_review_needed,source_link_only_no_public_image,1,0
cwa-private-capture-all-lineage-v1,cwa_surface_59460eca45fc53,reeses_peanut_butter_cups,Reese's Peanut Butter Cups,1970s,www.candywrapperarchive.com,https://www.candywrapperarchive.com/candy-collector/1970s-reeses/,collection_item_candidate,cwa_capture_round_cc2395496fc1,wrapper_back_or_side,Wrapper back or side text,ocr_text_surface,private_wrapper_back_or_side_crop_path,support_package_text,3,readable_panel_photo_needed,medium,private_back_or_side_text_crop,"Crop readable wrapper back/side text, prioritizing ingredients, nutrition, net weight, maker, or date cues.",package_back_side_text,cwa_surface_59460eca45fc53;reeses_peanut_butter_cups:cwa_surface_59460eca45fc53;cwa_capture_round_cc2395496fc1:wrapper_back_or_side;https://www.candywrapperarchive.com/candy-collector/1970s-reeses/#wrapper_back_or_side,,,,1,rights_review_needed,source_link_only_no_public_image,1,0
cwa-private-capture-all-lineage-v1,cwa_surface_b1c5e8c31b8ead,reeses_peanut_butter_cups,Reese's Peanut Butter Cups,1970s,www.candywrapperarchive.com,https://www.candywrapperarchive.com/candy-collector/1970s-reeses/,collection_item_candidate,cwa_capture_round_cc2395496fc1,net_weight,Net weight,ocr_text_surface,private_net_weight_crop_path,support_package_text,4,readable_panel_photo_needed,medium,private_net_weight_crop,Crop net weight and package-size text.,net_weight,cwa_surface_b1c5e8c31b8ead;reeses_peanut_butter_cups:cwa_surface_b1c5e8c31b8ead;cwa_capture_round_cc2395496fc1:net_weight;https://www.candywrapperarchive.com/candy-collector/1970s-reeses/#net_weight,,,,1,rights_review_needed,source_link_only_no_public_image,1,0
cwa-private-capture-all-lineage-v1,cwa_surface_980baa0d7e9734,reeses_peanut_butter_cups,Reese's Peanut Butter Cups,1970s,www.candywrapperarchive.com,https://www.candywrapperarchive.com/candy-collector/1970s-reeses/,collection_item_candidate,cwa_capture_round_cc2395496fc1,maker_or_date,Maker or date cue,ocr_text_surface,private_maker_or_date_crop_path,support_package_text,5,readable_panel_photo_needed,medium,private_maker_or_date_crop,"Crop maker/distributor, copyright, lot, or date cue text.",maker_distributor_or_date_cue,cwa_surface_980baa0d7e9734;reeses_peanut_butter_cups:cwa_surface_980baa0d7e9734;cwa_capture_round_cc2395496fc1:maker_or_date;https://www.candywrapperarchive.com/candy-collector/1970s-reeses/#maker_or_date,,,,1,rights_review_needed,source_link_only_no_public_image,1,0
cwa-private-capture-all-lineage-v1,cwa_surface_cf1315e03378d3,reeses_peanut_butter_cups,Reese's Peanut Butter Cups,1970s,www.candywrapperarchive.com,https://www.candywrapperarchive.com/candy-collector/1970s-reeses/,collection_item_candidate,cwa_capture_round_cc2395496fc1,wrapper_front_context,Wrapper front context,secondary_context_surface,private_wrapper_front_crop_path,secondary_product_context,6,secondary_context_only,low,private_wrapper_front_context_crop,Capture wrapper front only as product/package context after text surfaces are handled.,package_identity_context,cwa_surface_cf1315e03378d3;reeses_peanut_butter_cups:cwa_surface_cf1315e03378d3;cwa_capture_round_cc2395496fc1:wrapper_front_context;https://www.candywrapperarchive.com/candy-collector/1970s-reeses/#wrapper_front_context,,,,0,rights_review_needed,source_link_only_no_public_image,1,0
cwa-private-capture-all-lineage-v1,cwa_surface_bcf31ae6fd5bd4,reeses_peanut_butter_cups,Reese's Peanut Butter Cups,1980s,www.candywrapperarchive.com,https://www.candywrapperarchive.com/candy-collector/1980s-reeses/,collection_item_candidate,cwa_capture_round_9247ec43d032,ingredient_panel,Ingredient panel,ocr_text_surface,private_ingredient_panel_crop_path,primary_ingredient_panel,1,panel_capture_needed,high,private_ingredient_panel_crop,Crop the ingredient statement with enough package context to preserve product/date cues.,ingredient_panel,cwa_surface_bcf31ae6fd5bd4;reeses_peanut_butter_cups:cwa_surface_bcf31ae6fd5bd4;cwa_capture_round_9247ec43d032:ingredient_panel;https://www.candywrapperarchive.com/candy-collector/1980s-reeses/#ingredient_panel,,,,1,rights_review_needed,source_link_only_no_public_image,1,0
cwa-private-capture-all-lineage-v1,cwa_surface_8168d58033c4df,reeses_peanut_butter_cups,Reese's Peanut Butter Cups,1980s,www.candywrapperarchive.com,https://www.candywrapperarchive.com/candy-collector/1980s-reeses/,collection_item_candidate,cwa_capture_round_9247ec43d032,nutrition_panel,Nutrition panel,ocr_text_surface,private_nutrition_panel_crop_path,primary_nutrition_panel,2,panel_capture_needed,high,private_nutrition_panel_crop,Crop the nutrition panel and serving-size text if visible.,nutrition_panel,cwa_surface_8168d58033c4df;reeses_peanut_butter_cups:cwa_surface_8168d58033c4df;cwa_capture_round_9247ec43d032:nutrition_panel;https://www.candywrapperarchive.com/candy-collector/1980s-reeses/#nutrition_panel,,,,1,rights_review_needed,source_link_only_no_public_image,1,0
cwa-private-capture-all-lineage-v1,cwa_surface_0faa72164afe8f,reeses_peanut_butter_cups,Reese's Peanut Butter Cups,1980s,www.candywrapperarchive.com,https://www.candywrapperarchive.com/candy-collector/1980s-reeses/,collection_item_candidate,cwa_capture_round_9247ec43d032,wrapper_back_or_side,Wrapper back or side text,ocr_text_surface,private_wrapper_back_or_side_crop_path,support_package_text,3,readable_panel_photo_needed,medium,private_back_or_side_text_crop,"Crop readable wrapper back/side text, prioritizing ingredients, nutrition, net weight, maker, or date cues.",package_back_side_text,cwa_surface_0faa72164afe8f;reeses_peanut_butter_cups:cwa_surface_0faa72164afe8f;cwa_capture_round_9247ec43d032:wrapper_back_or_side;https://www.candywrapperarchive.com/candy-collector/1980s-reeses/#wrapper_back_or_side,,,,1,rights_review_needed,source_link_only_no_public_image,1,0
cwa-private-capture-all-lineage-v1,cwa_surface_dd28ff8505e422,reeses_peanut_butter_cups,Reese's Peanut Butter Cups,1980s,www.candywrapperarchive.com,https://www.candywrapperarchive.com/candy-collector/1980s-reeses/,collection_item_candidate,cwa_capture_round_9247ec43d032,net_weight,Net weight,ocr_text_surface,private_net_weight_crop_path,support_package_text,4,readable_panel_photo_needed,medium,private_net_weight_crop,Crop net weight and package-size text.,net_weight,cwa_surface_dd28ff8505e422;reeses_peanut_butter_cups:cwa_surface_dd28ff8505e422;cwa_capture_round_9247ec43d032:net_weight;https://www.candywrapperarchive.com/candy-collector/1980s-reeses/#net_weight,,,,1,rights_review_needed,source_link_only_no_public_image,1,0
cwa-private-capture-all-lineage-v1,cwa_surface_f599b5fa2eb95f,reeses_peanut_butter_cups,Reese's Peanut Butter Cups,1980s,www.candywrapperarchive.com,https://www.candywrapperarchive.com/candy-collector/1980s-reeses/,collection_item_candidate,cwa_capture_round_9247ec43d032,maker_or_date,Maker or date cue,ocr_text_surface,private_maker_or_date_crop_path,support_package_text,5,readable_panel_photo_needed,medium,private_maker_or_date_crop,"Crop maker/distributor, copyright, lot, or date cue text.",maker_distributor_or_date_cue,cwa_surface_f599b5fa2eb95f;reeses_peanut_butter_cups:cwa_surface_f599b5fa2eb95f;cwa_capture_round_9247ec43d032:maker_or_date;https://www.candywrapperarchive.com/candy-collector/1980s-reeses/#maker_or_date,,,,1,rights_review_needed,source_link_only_no_public_image,1,0
cwa-private-capture-all-lineage-v1,cwa_surface_d3df5b4c4d022f,reeses_peanut_butter_cups,Reese's Peanut Butter Cups,1980s,www.candywrapperarchive.com,https://www.candywrapperarchive.com/candy-collector/1980s-reeses/,collection_item_candidate,cwa_capture_round_9247ec43d032,wrapper_front_context,Wrapper front context,secondary_context_surface,private_wrapper_front_crop_path,secondary_product_context,6,secondary_context_only,low,private_wrapper_front_context_crop,Capture wrapper front only as product/package context after text surfaces are handled.,package_identity_context,cwa_surface_d3df5b4c4d022f;reeses_peanut_butter_cups:cwa_surface_d3df5b4c4d022f;cwa_capture_round_9247ec43d032:wrapper_front_context;https://www.candywrapperarchive.com/candy-collector/1980s-reeses/#wrapper_front_context,,,,0,rights_review_needed,source_link_only_no_public_image,1,0
cwa-private-capture-all-lineage-v1,cwa_surface_39cf422a847979,reeses_peanut_butter_cups,Reese's Peanut Butter Cups,1991,www.candywrapperarchive.com,https://www.candywrapperarchive.com/candy-collector/1991-reeses/,collection_item_candidate,cwa_capture_round_6df649a46222,ingredient_panel,Ingredient panel,ocr_text_surface,private_ingredient_panel_crop_path,primary_ingredient_panel,1,panel_capture_needed,high,private_ingredient_panel_crop,Crop the ingredient statement with enough package context to preserve product/date cues.,ingredient_panel,cwa_surface_39cf422a847979;reeses_peanut_butter_cups:cwa_surface_39cf422a847979;cwa_capture_round_6df649a46222:ingredient_panel;https://www.candywrapperarchive.com/candy-collector/1991-reeses/#ingredient_panel,,,,1,rights_review_needed,source_link_only_no_public_image,1,0
cwa-private-capture-all-lineage-v1,cwa_surface_df5993989a6e4b,reeses_peanut_butter_cups,Reese's Peanut Butter Cups,1991,www.candywrapperarchive.com,https://www.candywrapperarchive.com/candy-collector/1991-reeses/,collection_item_candidate,cwa_capture_round_6df649a46222,nutrition_panel,Nutrition panel,ocr_text_surface,private_nutrition_panel_crop_path,primary_nutrition_panel,2,panel_capture_needed,high,private_nutrition_panel_crop,Crop the nutrition panel and serving-size text if visible.,nutrition_panel,cwa_surface_df5993989a6e4b;reeses_peanut_butter_cups:cwa_surface_df5993989a6e4b;cwa_capture_round_6df649a46222:nutrition_panel;https://www.candywrapperarchive.com/candy-collector/1991-reeses/#nutrition_panel,,,,1,rights_review_needed,source_link_only_no_public_image,1,0
cwa-private-capture-all-lineage-v1,cwa_surface_1b1f2781df71d6,reeses_peanut_butter_cups,Reese's Peanut Butter Cups,1991,www.candywrapperarchive.com,https://www.candywrapperarchive.com/candy-collector/1991-reeses/,collection_item_candidate,cwa_capture_round_6df649a46222,wrapper_back_or_side,Wrapper back or side text,ocr_text_surface,private_wrapper_back_or_side_crop_path,support_package_text,3,readable_panel_photo_needed,medium,private_back_or_side_text_crop,"Crop readable wrapper back/side text, prioritizing ingredients, nutrition, net weight, maker, or date cues.",package_back_side_text,cwa_surface_1b1f2781df71d6;reeses_peanut_butter_cups:cwa_surface_1b1f2781df71d6;cwa_capture_round_6df649a46222:wrapper_back_or_side;https://www.candywrapperarchive.com/candy-collector/1991-reeses/#wrapper_back_or_side,,,,1,rights_review_needed,source_link_only_no_public_image,1,0
cwa-private-capture-all-lineage-v1,cwa_surface_ba7793d992ecaa,reeses_peanut_butter_cups,Reese's Peanut Butter Cups,1991,www.candywrapperarchive.com,https://www.candywrapperarchive.com/candy-collector/1991-reeses/,collection_item_candidate,cwa_capture_round_6df649a46222,net_weight,Net weight,ocr_text_surface,private_net_weight_crop_path,support_package_text,4,readable_panel_photo_needed,medium,private_net_weight_crop,Crop net weight and package-size text.,net_weight,cwa_surface_ba7793d992ecaa;reeses_peanut_butter_cups:cwa_surface_ba7793d992ecaa;cwa_capture_round_6df649a46222:net_weight;https://www.candywrapperarchive.com/candy-collector/1991-reeses/#net_weight,,,,1,rights_review_needed,source_link_only_no_public_image,1,0
cwa-private-capture-all-lineage-v1,cwa_surface_4aafb6748ecde9,reeses_peanut_butter_cups,Reese's Peanut Butter Cups,1991,www.candywrapperarchive.com,https://www.candywrapperarchive.com/candy-collector/1991-reeses/,collection_item_candidate,cwa_capture_round_6df649a46222,maker_or_date,Maker or date cue,ocr_text_surface,private_maker_or_date_crop_path,support_package_text,5,readable_panel_photo_needed,medium,private_maker_or_date_crop,"Crop maker/distributor, copyright, lot, or date cue text.",maker_distributor_or_date_cue,cwa_surface_4aafb6748ecde9;reeses_peanut_butter_cups:cwa_surface_4aafb6748ecde9;cwa_capture_round_6df649a46222:maker_or_date;https://www.candywrapperarchive.com/candy-collector/1991-reeses/#maker_or_date,,,,1,rights_review_needed,source_link_only_no_public_image,1,0
cwa-private-capture-all-lineage-v1,cwa_surface_c6d14a25567909,reeses_peanut_butter_cups,Reese's Peanut Butter Cups,1991,www.candywrapperarchive.com,https://www.candywrapperarchive.com/candy-collector/1991-reeses/,collection_item_candidate,cwa_capture_round_6df649a46222,wrapper_front_context,Wrapper front context,secondary_context_surface,private_wrapper_front_crop_path,secondary_product_context,6,secondary_context_only,low,private_wrapper_front_context_crop,Capture wrapper front only as product/package context after text surfaces are handled.,package_identity_context,cwa_surface_c6d14a25567909;reeses_peanut_butter_cups:cwa_surface_c6d14a25567909;cwa_capture_round_6df649a46222:wrapper_front_context;https://www.candywrapperarchive.com/candy-collector/1991-reeses/#wrapper_front_context,,,,0,rights_review_needed,source_link_only_no_public_image,1,0
cwa-private-capture-all-lineage-v1,cwa_surface_031d83c3dbd59e,reeses_peanut_butter_cups,Reese's Peanut Butter Cups,2002,www.candywrapperarchive.com,https://www.candywrapperarchive.com/candy-collector/2002-reeses/,collection_item_candidate,cwa_capture_round_f6826951082d,ingredient_panel,Ingredient panel,ocr_text_surface,private_ingredient_panel_crop_path,primary_ingredient_panel,1,panel_capture_needed,high,private_ingredient_panel_crop,Crop the ingredient statement with enough package context to preserve product/date cues.,ingredient_panel,cwa_surface_031d83c3dbd59e;reeses_peanut_butter_cups:cwa_surface_031d83c3dbd59e;cwa_capture_round_f6826951082d:ingredient_panel;https://www.candywrapperarchive.com/candy-collector/2002-reeses/#ingredient_panel,,,,1,rights_review_needed,source_link_only_no_public_image,1,0
cwa-private-capture-all-lineage-v1,cwa_surface_375e91cfe4931b,reeses_peanut_butter_cups,Reese's Peanut Butter Cups,2002,www.candywrapperarchive.com,https://www.candywrapperarchive.com/candy-collector/2002-reeses/,collection_item_candidate,cwa_capture_round_f6826951082d,nutrition_panel,Nutrition panel,ocr_text_surface,private_nutrition_panel_crop_path,primary_nutrition_panel,2,panel_capture_needed,high,private_nutrition_panel_crop,Crop the nutrition panel and serving-size text if visible.,nutrition_panel,cwa_surface_375e91cfe4931b;reeses_peanut_butter_cups:cwa_surface_375e91cfe4931b;cwa_capture_round_f6826951082d:nutrition_panel;https://www.candywrapperarchive.com/candy-collector/2002-reeses/#nutrition_panel,,,,1,rights_review_needed,source_link_only_no_public_image,1,0
cwa-private-capture-all-lineage-v1,cwa_surface_87e7930fc9ae95,reeses_peanut_butter_cups,Reese's Peanut Butter Cups,2002,www.candywrapperarchive.com,https://www.candywrapperarchive.com/candy-collector/2002-reeses/,collection_item_candidate,cwa_capture_round_f6826951082d,wrapper_back_or_side,Wrapper back or side text,ocr_text_surface,private_wrapper_back_or_side_crop_path,support_package_text,3,readable_panel_photo_needed,medium,private_back_or_side_text_crop,"Crop readable wrapper back/side text, prioritizing ingredients, nutrition, net weight, maker, or date cues.",package_back_side_text,cwa_surface_87e7930fc9ae95;reeses_peanut_butter_cups:cwa_surface_87e7930fc9ae95;cwa_capture_round_f6826951082d:wrapper_back_or_side;https://www.candywrapperarchive.com/candy-collector/2002-reeses/#wrapper_back_or_side,,,,1,rights_review_needed,source_link_only_no_public_image,1,0
cwa-private-capture-all-lineage-v1,cwa_surface_4f8c020926ee6e,reeses_peanut_butter_cups,Reese's Peanut Butter Cups,2002,www.candywrapperarchive.com,https://www.candywrapperarchive.com/candy-collector/2002-reeses/,collection_item_candidate,cwa_capture_round_f6826951082d,net_weight,Net weight,ocr_text_surface,private_net_weight_crop_path,support_package_text,4,readable_panel_photo_needed,medium,private_net_weight_crop,Crop net weight and package-size text.,net_weight,cwa_surface_4f8c020926ee6e;reeses_peanut_butter_cups:cwa_surface_4f8c020926ee6e;cwa_capture_round_f6826951082d:net_weight;https://www.candywrapperarchive.com/candy-collector/2002-reeses/#net_weight,,,,1,rights_review_needed,source_link_only_no_public_image,1,0
cwa-private-capture-all-lineage-v1,cwa_surface_494bf2ec912f83,reeses_peanut_butter_cups,Reese's Peanut Butter Cups,2002,www.candywrapperarchive.com,https://www.candywrapperarchive.com/candy-collector/2002-reeses/,collection_item_candidate,cwa_capture_round_f6826951082d,maker_or_date,Maker or date cue,ocr_text_surface,private_maker_or_date_crop_path,support_package_text,5,readable_panel_photo_needed,medium,private_maker_or_date_crop,"Crop maker/distributor, copyright, lot, or date cue text.",maker_distributor_or_date_cue,cwa_surface_494bf2ec912f83;reeses_peanut_butter_cups:cwa_surface_494bf2ec912f83;cwa_capture_round_f6826951082d:maker_or_date;https://www.candywrapperarchive.com/candy-collector/2002-reeses/#maker_or_date,,,,1,rights_review_needed,source_link_only_no_public_image,1,0
cwa-private-capture-all-lineage-v1,cwa_surface_62c7866eab688e,reeses_peanut_butter_cups,Reese's Peanut Butter Cups,2002,www.candywrapperarchive.com,https://www.candywrapperarchive.com/candy-collector/2002-reeses/,collection_item_candidate,cwa_capture_round_f6826951082d,wrapper_front_context,Wrapper front context,secondary_context_surface,private_wrapper_front_crop_path,secondary_product_context,6,secondary_context_only,low,private_wrapper_front_context_crop,Capture wrapper front only as product/package context after text surfaces are handled.,package_identity_context,cwa_surface_62c7866eab688e;reeses_peanut_butter_cups:cwa_surface_62c7866eab688e;cwa_capture_round_f6826951082d:wrapper_front_context;https://www.candywrapperarchive.com/candy-collector/2002-reeses/#wrapper_front_context,,,,0,rights_review_needed,source_link_only_no_public_image,1,0
cwa-private-capture-all-lineage-v1,cwa_surface_cd18a160cd966e,reeses_peanut_butter_cups,Reese's Peanut Butter Cups,2003,www.candywrapperarchive.com,https://www.candywrapperarchive.com/candy-collector/2003-reeses/,collection_item_candidate,cwa_capture_round_449a4deb637a,ingredient_panel,Ingredient panel,ocr_text_surface,private_ingredient_panel_crop_path,primary_ingredient_panel,1,panel_capture_needed,high,private_ingredient_panel_crop,Crop the ingredient statement with enough package context to preserve product/date cues.,ingredient_panel,cwa_surface_cd18a160cd966e;reeses_peanut_butter_cups:cwa_surface_cd18a160cd966e;cwa_capture_round_449a4deb637a:ingredient_panel;https://www.candywrapperarchive.com/candy-collector/2003-reeses/#ingredient_panel,,,,1,rights_review_needed,source_link_only_no_public_image,1,0
cwa-private-capture-all-lineage-v1,cwa_surface_0f7bbe724b67ba,reeses_peanut_butter_cups,Reese's Peanut Butter Cups,2003,www.candywrapperarchive.com,https://www.candywrapperarchive.com/candy-collector/2003-reeses/,collection_item_candidate,cwa_capture_round_449a4deb637a,nutrition_panel,Nutrition panel,ocr_text_surface,private_nutrition_panel_crop_path,primary_nutrition_panel,2,panel_capture_needed,high,private_nutrition_panel_crop,Crop the nutrition panel and serving-size text if visible.,nutrition_panel,cwa_surface_0f7bbe724b67ba;reeses_peanut_butter_cups:cwa_surface_0f7bbe724b67ba;cwa_capture_round_449a4deb637a:nutrition_panel;https://www.candywrapperarchive.com/candy-collector/2003-reeses/#nutrition_panel,,,,1,rights_review_needed,source_link_only_no_public_image,1,0
cwa-private-capture-all-lineage-v1,cwa_surface_bf02be703135ca,reeses_peanut_butter_cups,Reese's Peanut Butter Cups,2003,www.candywrapperarchive.com,https://www.candywrapperarchive.com/candy-collector/2003-reeses/,collection_item_candidate,cwa_capture_round_449a4deb637a,wrapper_back_or_side,Wrapper back or side text,ocr_text_surface,private_wrapper_back_or_side_crop_path,support_package_text,3,readable_panel_photo_needed,medium,private_back_or_side_text_crop,"Crop readable wrapper back/side text, prioritizing ingredients, nutrition, net weight, maker, or date cues.",package_back_side_text,cwa_surface_bf02be703135ca;reeses_peanut_butter_cups:cwa_surface_bf02be703135ca;cwa_capture_round_449a4deb637a:wrapper_back_or_side;https://www.candywrapperarchive.com/candy-collector/2003-reeses/#wrapper_back_or_side,,,,1,rights_review_needed,source_link_only_no_public_image,1,0
cwa-private-capture-all-lineage-v1,cwa_surface_7cff970e120afc,reeses_peanut_butter_cups,Reese's Peanut Butter Cups,2003,www.candywrapperarchive.com,https://www.candywrapperarchive.com/candy-collector/2003-reeses/,collection_item_candidate,cwa_capture_round_449a4deb637a,net_weight,Net weight,ocr_text_surface,private_net_weight_crop_path,support_package_text,4,readable_panel_photo_needed,medium,private_net_weight_crop,Crop net weight and package-size text.,net_weight,cwa_surface_7cff970e120afc;reeses_peanut_butter_cups:cwa_surface_7cff970e120afc;cwa_capture_round_449a4deb637a:net_weight;https://www.candywrapperarchive.com/candy-collector/2003-reeses/#net_weight,,,,1,rights_review_needed,source_link_only_no_public_image,1,0
cwa-private-capture-all-lineage-v1,cwa_surface_7f76dde4acc4d2,reeses_peanut_butter_cups,Reese's Peanut Butter Cups,2003,www.candywrapperarchive.com,https://www.candywrapperarchive.com/candy-collector/2003-reeses/,collection_item_candidate,cwa_capture_round_449a4deb637a,maker_or_date,Maker or date cue,ocr_text_surface,private_maker_or_date_crop_path,support_package_text,5,readable_panel_photo_needed,medium,private_maker_or_date_crop,"Crop maker/distributor, copyright, lot, or date cue text.",maker_distributor_or_date_cue,cwa_surface_7f76dde4acc4d2;reeses_peanut_butter_cups:cwa_surface_7f76dde4acc4d2;cwa_capture_round_449a4deb637a:maker_or_date;https://www.candywrapperarchive.com/candy-collector/2003-reeses/#maker_or_date,,,,1,rights_review_needed,source_link_only_no_public_image,1,0
cwa-private-capture-all-lineage-v1,cwa_surface_5fe94d3d479a3f,reeses_peanut_butter_cups,Reese's Peanut Butter Cups,2003,www.candywrapperarchive.com,https://www.candywrapperarchive.com/candy-collector/2003-reeses/,collection_item_candidate,cwa_capture_round_449a4deb637a,wrapper_front_context,Wrapper front context,secondary_context_surface,private_wrapper_front_crop_path,secondary_product_context,6,secondary_context_only,low,private_wrapper_front_context_crop,Capture wrapper front only as product/package context after text surfaces are handled.,package_identity_context,cwa_surface_5fe94d3d479a3f;reeses_peanut_butter_cups:cwa_surface_5fe94d3d479a3f;cwa_capture_round_449a4deb637a:wrapper_front_context;https://www.candywrapperarchive.com/candy-collector/2003-reeses/#wrapper_front_context,,,,0,rights_review_needed,source_link_only_no_public_image,1,0
cwa-private-capture-all-lineage-v1,cwa_surface_a1d39772267f32,reeses_peanut_butter_cups,Reese's Peanut Butter Cups,2005,www.candywrapperarchive.com,https://www.candywrapperarchive.com/candy-collector/2005-reeses/,collection_item_candidate,cwa_capture_round_997c1a4e1949,ingredient_panel,Ingredient panel,ocr_text_surface,private_ingredient_panel_crop_path,primary_ingredient_panel,1,panel_capture_needed,high,private_ingredient_panel_crop,Crop the ingredient statement with enough package context to preserve product/date cues.,ingredient_panel,cwa_surface_a1d39772267f32;reeses_peanut_butter_cups:cwa_surface_a1d39772267f32;cwa_capture_round_997c1a4e1949:ingredient_panel;https://www.candywrapperarchive.com/candy-collector/2005-reeses/#ingredient_panel,,,,1,rights_review_needed,source_link_only_no_public_image,1,0
cwa-private-capture-all-lineage-v1,cwa_surface_80dc199d739cc1,reeses_peanut_butter_cups,Reese's Peanut Butter Cups,2005,www.candywrapperarchive.com,https://www.candywrapperarchive.com/candy-collector/2005-reeses/,collection_item_candidate,cwa_capture_round_997c1a4e1949,nutrition_panel,Nutrition panel,ocr_text_surface,private_nutrition_panel_crop_path,primary_nutrition_panel,2,panel_capture_needed,high,private_nutrition_panel_crop,Crop the nutrition panel and serving-size text if visible.,nutrition_panel,cwa_surface_80dc199d739cc1;reeses_peanut_butter_cups:cwa_surface_80dc199d739cc1;cwa_capture_round_997c1a4e1949:nutrition_panel;https://www.candywrapperarchive.com/candy-collector/2005-reeses/#nutrition_panel,,,,1,rights_review_needed,source_link_only_no_public_image,1,0
cwa-private-capture-all-lineage-v1,cwa_surface_e7bf662c6b72b1,reeses_peanut_butter_cups,Reese's Peanut Butter Cups,2005,www.candywrapperarchive.com,https://www.candywrapperarchive.com/candy-collector/2005-reeses/,collection_item_candidate,cwa_capture_round_997c1a4e1949,wrapper_back_or_side,Wrapper back or side text,ocr_text_surface,private_wrapper_back_or_side_crop_path,support_package_text,3,readable_panel_photo_needed,medium,private_back_or_side_text_crop,"Crop readable wrapper back/side text, prioritizing ingredients, nutrition, net weight, maker, or date cues.",package_back_side_text,cwa_surface_e7bf662c6b72b1;reeses_peanut_butter_cups:cwa_surface_e7bf662c6b72b1;cwa_capture_round_997c1a4e1949:wrapper_back_or_side;https://www.candywrapperarchive.com/candy-collector/2005-reeses/#wrapper_back_or_side,,,,1,rights_review_needed,source_link_only_no_public_image,1,0
cwa-private-capture-all-lineage-v1,cwa_surface_ac0e8b821632f3,reeses_peanut_butter_cups,Reese's Peanut Butter Cups,2005,www.candywrapperarchive.com,https://www.candywrapperarchive.com/candy-collector/2005-reeses/,collection_item_candidate,cwa_capture_round_997c1a4e1949,net_weight,Net weight,ocr_text_surface,private_net_weight_crop_path,support_package_text,4,readable_panel_photo_needed,medium,private_net_weight_crop,Crop net weight and package-size text.,net_weight,cwa_surface_ac0e8b821632f3;reeses_peanut_butter_cups:cwa_surface_ac0e8b821632f3;cwa_capture_round_997c1a4e1949:net_weight;https://www.candywrapperarchive.com/candy-collector/2005-reeses/#net_weight,,,,1,rights_review_needed,source_link_only_no_public_image,1,0
cwa-private-capture-all-lineage-v1,cwa_surface_90f44ca6589e55,reeses_peanut_butter_cups,Reese's Peanut Butter Cups,2005,www.candywrapperarchive.com,https://www.candywrapperarchive.com/candy-collector/2005-reeses/,collection_item_candidate,cwa_capture_round_997c1a4e1949,maker_or_date,Maker or date cue,ocr_text_surface,private_maker_or_date_crop_path,support_package_text,5,readable_panel_photo_needed,medium,private_maker_or_date_crop,"Crop maker/distributor, copyright, lot, or date cue text.",maker_distributor_or_date_cue,cwa_surface_90f44ca6589e55;reeses_peanut_butter_cups:cwa_surface_90f44ca6589e55;cwa_capture_round_997c1a4e1949:maker_or_date;https://www.candywrapperarchive.com/candy-collector/2005-reeses/#maker_or_date,,,,1,rights_review_needed,source_link_only_no_public_image,1,0
cwa-private-capture-all-lineage-v1,cwa_surface_9f2b60c75b7680,reeses_peanut_butter_cups,Reese's Peanut Butter Cups,2005,www.candywrapperarchive.com,https://www.candywrapperarchive.com/candy-collector/2005-reeses/,collection_item_candidate,cwa_capture_round_997c1a4e1949,wrapper_front_context,Wrapper front context,secondary_context_surface,private_wrapper_front_crop_path,secondary_product_context,6,secondary_context_only,low,private_wrapper_front_context_crop,Capture wrapper front only as product/package context after text surfaces are handled.,package_identity_context,cwa_surface_9f2b60c75b7680;reeses_peanut_butter_cups:cwa_surface_9f2b60c75b7680;cwa_capture_round_997c1a4e1949:wrapper_front_context;https://www.candywrapperarchive.com/candy-collector/2005-reeses/#wrapper_front_context,,,,0,rights_review_needed,source_link_only_no_public_image,1,0
cwa-private-capture-all-lineage-v1,cwa_surface_0a9fae33f7f4ee,hersheys_milk_chocolate_bar,Hershey's Milk Chocolate Bar,1908,www.candywrapperarchive.com,https://www.candywrapperarchive.com/candy-collector/1908-hershey-wrapper/,collection_item_candidate,cwa_capture_round_0116a57afe0f,ingredient_panel,Ingredient panel,ocr_text_surface,private_ingredient_panel_crop_path,primary_ingredient_panel,1,panel_capture_needed,high,private_ingredient_panel_crop,Crop the ingredient statement with enough package context to preserve product/date cues.,ingredient_panel,cwa_surface_0a9fae33f7f4ee;hersheys_milk_chocolate_bar:cwa_surface_0a9fae33f7f4ee;cwa_capture_round_0116a57afe0f:ingredient_panel;https://www.candywrapperarchive.com/candy-collector/1908-hershey-wrapper/#ingredient_panel,,,,1,rights_review_needed,source_link_only_no_public_image,1,0
cwa-private-capture-all-lineage-v1,cwa_surface_6e41e940f11522,hersheys_milk_chocolate_bar,Hershey's Milk Chocolate Bar,1908,www.candywrapperarchive.com,https://www.candywrapperarchive.com/candy-collector/1908-hershey-wrapper/,collection_item_candidate,cwa_capture_round_0116a57afe0f,nutrition_panel,Nutrition panel,ocr_text_surface,private_nutrition_panel_crop_path,primary_nutrition_panel,2,panel_capture_needed,high,private_nutrition_panel_crop,Crop the nutrition panel and serving-size text if visible.,nutrition_panel,cwa_surface_6e41e940f11522;hersheys_milk_chocolate_bar:cwa_surface_6e41e940f11522;cwa_capture_round_0116a57afe0f:nutrition_panel;https://www.candywrapperarchive.com/candy-collector/1908-hershey-wrapper/#nutrition_panel,,,,1,rights_review_needed,source_link_only_no_public_image,1,0
cwa-private-capture-all-lineage-v1,cwa_surface_ca319afc82ff5b,hersheys_milk_chocolate_bar,Hershey's Milk Chocolate Bar,1908,www.candywrapperarchive.com,https://www.candywrapperarchive.com/candy-collector/1908-hershey-wrapper/,collection_item_candidate,cwa_capture_round_0116a57afe0f,wrapper_back_or_side,Wrapper back or side text,ocr_text_surface,private_wrapper_back_or_side_crop_path,support_package_text,3,readable_panel_photo_needed,medium,private_back_or_side_text_crop,"Crop readable wrapper back/side text, prioritizing ingredients, nutrition, net weight, maker, or date cues.",package_back_side_text,cwa_surface_ca319afc82ff5b;hersheys_milk_chocolate_bar:cwa_surface_ca319afc82ff5b;cwa_capture_round_0116a57afe0f:wrapper_back_or_side;https://www.candywrapperarchive.com/candy-collector/1908-hershey-wrapper/#wrapper_back_or_side,,,,1,rights_review_needed,source_link_only_no_public_image,1,0
cwa-private-capture-all-lineage-v1,cwa_surface_2e4f0b3263bad6,hersheys_milk_chocolate_bar,Hershey's Milk Chocolate Bar,1908,www.candywrapperarchive.com,https://www.candywrapperarchive.com/candy-collector/1908-hershey-wrapper/,collection_item_candidate,cwa_capture_round_0116a57afe0f,net_weight,Net weight,ocr_text_surface,private_net_weight_crop_path,support_package_text,4,readable_panel_photo_needed,medium,private_net_weight_crop,Crop net weight and package-size text.,net_weight,cwa_surface_2e4f0b3263bad6;hersheys_milk_chocolate_bar:cwa_surface_2e4f0b3263bad6;cwa_capture_round_0116a57afe0f:net_weight;https://www.candywrapperarchive.com/candy-collector/1908-hershey-wrapper/#net_weight,,,,1,rights_review_needed,source_link_only_no_public_image,1,0
cwa-private-capture-all-lineage-v1,cwa_surface_0a4987468d2c81,hersheys_milk_chocolate_bar,Hershey's Milk Chocolate Bar,1908,www.candywrapperarchive.com,https://www.candywrapperarchive.com/candy-collector/1908-hershey-wrapper/,collection_item_candidate,cwa_capture_round_0116a57afe0f,maker_or_date,Maker or date cue,ocr_text_surface,private_maker_or_date_crop_path,support_package_text,5,readable_panel_photo_needed,medium,private_maker_or_date_crop,"Crop maker/distributor, copyright, lot, or date cue text.",maker_distributor_or_date_cue,cwa_surface_0a4987468d2c81;hersheys_milk_chocolate_bar:cwa_surface_0a4987468d2c81;cwa_capture_round_0116a57afe0f:maker_or_date;https://www.candywrapperarchive.com/candy-collector/1908-hershey-wrapper/#maker_or_date,,,,1,rights_review_needed,source_link_only_no_public_image,1,0
cwa-private-capture-all-lineage-v1,cwa_surface_d79bd4e2ff7e70,hersheys_milk_chocolate_bar,Hershey's Milk Chocolate Bar,1908,www.candywrapperarchive.com,https://www.candywrapperarchive.com/candy-collector/1908-hershey-wrapper/,collection_item_candidate,cwa_capture_round_0116a57afe0f,wrapper_front_context,Wrapper front context,secondary_context_surface,private_wrapper_front_crop_path,secondary_product_context,6,secondary_context_only,low,private_wrapper_front_context_crop,Capture wrapper front only as product/package context after text surfaces are handled.,package_identity_context,cwa_surface_d79bd4e2ff7e70;hersheys_milk_chocolate_bar:cwa_surface_d79bd4e2ff7e70;cwa_capture_round_0116a57afe0f:wrapper_front_context;https://www.candywrapperarchive.com/candy-collector/1908-hershey-wrapper/#wrapper_front_context,,,,0,rights_review_needed,source_link_only_no_public_image,1,0
cwa-private-capture-all-lineage-v1,cwa_surface_99c927d1601798,hersheys_milk_chocolate_bar,Hershey's Milk Chocolate Bar,1910,www.candywrapperarchive.com,https://www.candywrapperarchive.com/candy-collector/1910-hershey/,collection_item_candidate,cwa_capture_round_cd0e7345f0d1,ingredient_panel,Ingredient panel,ocr_text_surface,private_ingredient_panel_crop_path,primary_ingredient_panel,1,panel_capture_needed,high,private_ingredient_panel_crop,Crop the ingredient statement with enough package context to preserve product/date cues.,ingredient_panel,cwa_surface_99c927d1601798;hersheys_milk_chocolate_bar:cwa_surface_99c927d1601798;cwa_capture_round_cd0e7345f0d1:ingredient_panel;https://www.candywrapperarchive.com/candy-collector/1910-hershey/#ingredient_panel,,,,1,rights_review_needed,source_link_only_no_public_image,1,0
cwa-private-capture-all-lineage-v1,cwa_surface_680242000dbc33,hersheys_milk_chocolate_bar,Hershey's Milk Chocolate Bar,1910,www.candywrapperarchive.com,https://www.candywrapperarchive.com/candy-collector/1910-hershey/,collection_item_candidate,cwa_capture_round_cd0e7345f0d1,nutrition_panel,Nutrition panel,ocr_text_surface,private_nutrition_panel_crop_path,primary_nutrition_panel,2,panel_capture_needed,high,private_nutrition_panel_crop,Crop the nutrition panel and serving-size text if visible.,nutrition_panel,cwa_surface_680242000dbc33;hersheys_milk_chocolate_bar:cwa_surface_680242000dbc33;cwa_capture_round_cd0e7345f0d1:nutrition_panel;https://www.candywrapperarchive.com/candy-collector/1910-hershey/#nutrition_panel,,,,1,rights_review_needed,source_link_only_no_public_image,1,0
cwa-private-capture-all-lineage-v1,cwa_surface_e9070e339b1e53,hersheys_milk_chocolate_bar,Hershey's Milk Chocolate Bar,1910,www.candywrapperarchive.com,https://www.candywrapperarchive.com/candy-collector/1910-hershey/,collection_item_candidate,cwa_capture_round_cd0e7345f0d1,wrapper_back_or_side,Wrapper back or side text,ocr_text_surface,private_wrapper_back_or_side_crop_path,support_package_text,3,readable_panel_photo_needed,medium,private_back_or_side_text_crop,"Crop readable wrapper back/side text, prioritizing ingredients, nutrition, net weight, maker, or date cues.",package_back_side_text,cwa_surface_e9070e339b1e53;hersheys_milk_chocolate_bar:cwa_surface_e9070e339b1e53;cwa_capture_round_cd0e7345f0d1:wrapper_back_or_side;https://www.candywrapperarchive.com/candy-collector/1910-hershey/#wrapper_back_or_side,,,,1,rights_review_needed,source_link_only_no_public_image,1,0
cwa-private-capture-all-lineage-v1,cwa_surface_9c9ba58a51132f,hersheys_milk_chocolate_bar,Hershey's Milk Chocolate Bar,1910,www.candywrapperarchive.com,https://www.candywrapperarchive.com/candy-collector/1910-hershey/,collection_item_candidate,cwa_capture_round_cd0e7345f0d1,net_weight,Net weight,ocr_text_surface,private_net_weight_crop_path,support_package_text,4,readable_panel_photo_needed,medium,private_net_weight_crop,Crop net weight and package-size text.,net_weight,cwa_surface_9c9ba58a51132f;hersheys_milk_chocolate_bar:cwa_surface_9c9ba58a51132f;cwa_capture_round_cd0e7345f0d1:net_weight;https://www.candywrapperarchive.com/candy-collector/1910-hershey/#net_weight,,,,1,rights_review_needed,source_link_only_no_public_image,1,0
cwa-private-capture-all-lineage-v1,cwa_surface_45c3bc01f82e71,hersheys_milk_chocolate_bar,Hershey's Milk Chocolate Bar,1910,www.candywrapperarchive.com,https://www.candywrapperarchive.com/candy-collector/1910-hershey/,collection_item_candidate,cwa_capture_round_cd0e7345f0d1,maker_or_date,Maker or date cue,ocr_text_surface,private_maker_or_date_crop_path,support_package_text,5,readable_panel_photo_needed,medium,private_maker_or_date_crop,"Crop maker/distributor, copyright, lot, or date cue text.",maker_distributor_or_date_cue,cwa_surface_45c3bc01f82e71;hersheys_milk_chocolate_bar:cwa_surface_45c3bc01f82e71;cwa_capture_round_cd0e7345f0d1:maker_or_date;https://www.candywrapperarchive.com/candy-collector/1910-hershey/#maker_or_date,,,,1,rights_review_needed,source_link_only_no_public_image,1,0
cwa-private-capture-all-lineage-v1,cwa_surface_a52ff18d5c9d8b,hersheys_milk_chocolate_bar,Hershey's Milk Chocolate Bar,1910,www.candywrapperarchive.com,https://www.candywrapperarchive.com/candy-collector/1910-hershey/,collection_item_candidate,cwa_capture_round_cd0e7345f0d1,wrapper_front_context,Wrapper front context,secondary_context_surface,private_wrapper_front_crop_path,secondary_product_context,6,secondary_context_only,low,private_wrapper_front_context_crop,Capture wrapper front only as product/package context after text surfaces are handled.,package_identity_context,cwa_surface_a52ff18d5c9d8b;hersheys_milk_chocolate_bar:cwa_surface_a52ff18d5c9d8b;cwa_capture_round_cd0e7345f0d1:wrapper_front_context;https://www.candywrapperarchive.com/candy-collector/1910-hershey/#wrapper_front_context,,,,0,rights_review_needed,source_link_only_no_public_image,1,0
cwa-private-capture-all-lineage-v1,cwa_surface_210c770b7ee45d,hersheys_milk_chocolate_bar,Hershey's Milk Chocolate Bar,1930s,www.candywrapperarchive.com,https://www.candywrapperarchive.com/candy-collector/1930s-hershey/,collection_item_candidate,cwa_capture_round_bde01a796e80,ingredient_panel,Ingredient panel,ocr_text_surface,private_ingredient_panel_crop_path,primary_ingredient_panel,1,panel_capture_needed,high,private_ingredient_panel_crop,Crop the ingredient statement with enough package context to preserve product/date cues.,ingredient_panel,cwa_surface_210c770b7ee45d;hersheys_milk_chocolate_bar:cwa_surface_210c770b7ee45d;cwa_capture_round_bde01a796e80:ingredient_panel;https://www.candywrapperarchive.com/candy-collector/1930s-hershey/#ingredient_panel,,,,1,rights_review_needed,source_link_only_no_public_image,1,0
cwa-private-capture-all-lineage-v1,cwa_surface_f1e48b1f07fe1e,hersheys_milk_chocolate_bar,Hershey's Milk Chocolate Bar,1930s,www.candywrapperarchive.com,https://www.candywrapperarchive.com/candy-collector/1930s-hershey/,collection_item_candidate,cwa_capture_round_bde01a796e80,nutrition_panel,Nutrition panel,ocr_text_surface,private_nutrition_panel_crop_path,primary_nutrition_panel,2,panel_capture_needed,high,private_nutrition_panel_crop,Crop the nutrition panel and serving-size text if visible.,nutrition_panel,cwa_surface_f1e48b1f07fe1e;hersheys_milk_chocolate_bar:cwa_surface_f1e48b1f07fe1e;cwa_capture_round_bde01a796e80:nutrition_panel;https://www.candywrapperarchive.com/candy-collector/1930s-hershey/#nutrition_panel,,,,1,rights_review_needed,source_link_only_no_public_image,1,0
cwa-private-capture-all-lineage-v1,cwa_surface_b9e9911e8765ec,hersheys_milk_chocolate_bar,Hershey's Milk Chocolate Bar,1930s,www.candywrapperarchive.com,https://www.candywrapperarchive.com/candy-collector/1930s-hershey/,collection_item_candidate,cwa_capture_round_bde01a796e80,wrapper_back_or_side,Wrapper back or side text,ocr_text_surface,private_wrapper_back_or_side_crop_path,support_package_text,3,readable_panel_photo_needed,medium,private_back_or_side_text_crop,"Crop readable wrapper back/side text, prioritizing ingredients, nutrition, net weight, maker, or date cues.",package_back_side_text,cwa_surface_b9e9911e8765ec;hersheys_milk_chocolate_bar:cwa_surface_b9e9911e8765ec;cwa_capture_round_bde01a796e80:wrapper_back_or_side;https://www.candywrapperarchive.com/candy-collector/1930s-hershey/#wrapper_back_or_side,,,,1,rights_review_needed,source_link_only_no_public_image,1,0
cwa-private-capture-all-lineage-v1,cwa_surface_981b876fdd7906,hersheys_milk_chocolate_bar,Hershey's Milk Chocolate Bar,1930s,www.candywrapperarchive.com,https://www.candywrapperarchive.com/candy-collector/1930s-hershey/,collection_item_candidate,cwa_capture_round_bde01a796e80,net_weight,Net weight,ocr_text_surface,private_net_weight_crop_path,support_package_text,4,readable_panel_photo_needed,medium,private_net_weight_crop,Crop net weight and package-size text.,net_weight,cwa_surface_981b876fdd7906;hersheys_milk_chocolate_bar:cwa_surface_981b876fdd7906;cwa_capture_round_bde01a796e80:net_weight;https://www.candywrapperarchive.com/candy-collector/1930s-hershey/#net_weight,,,,1,rights_review_needed,source_link_only_no_public_image,1,0
cwa-private-capture-all-lineage-v1,cwa_surface_1f0a1ee5090953,hersheys_milk_chocolate_bar,Hershey's Milk Chocolate Bar,1930s,www.candywrapperarchive.com,https://www.candywrapperarchive.com/candy-collector/1930s-hershey/,collection_item_candidate,cwa_capture_round_bde01a796e80,maker_or_date,Maker or date cue,ocr_text_surface,private_maker_or_date_crop_path,support_package_text,5,readable_panel_photo_needed,medium,private_maker_or_date_crop,"Crop maker/distributor, copyright, lot, or date cue text.",maker_distributor_or_date_cue,cwa_surface_1f0a1ee5090953;hersheys_milk_chocolate_bar:cwa_surface_1f0a1ee5090953;cwa_capture_round_bde01a796e80:maker_or_date;https://www.candywrapperarchive.com/candy-collector/1930s-hershey/#maker_or_date,,,,1,rights_review_needed,source_link_only_no_public_image,1,0
cwa-private-capture-all-lineage-v1,cwa_surface_36ffbf61952f57,hersheys_milk_chocolate_bar,Hershey's Milk Chocolate Bar,1930s,www.candywrapperarchive.com,https://www.candywrapperarchive.com/candy-collector/1930s-hershey/,collection_item_candidate,cwa_capture_round_bde01a796e80,wrapper_front_context,Wrapper front context,secondary_context_surface,private_wrapper_front_crop_path,secondary_product_context,6,secondary_context_only,low,private_wrapper_front_context_crop,Capture wrapper front only as product/package context after text surfaces are handled.,package_identity_context,cwa_surface_36ffbf61952f57;hersheys_milk_chocolate_bar:cwa_surface_36ffbf61952f57;cwa_capture_round_bde01a796e80:wrapper_front_context;https://www.candywrapperarchive.com/candy-collector/1930s-hershey/#wrapper_front_context,,,,0,rights_review_needed,source_link_only_no_public_image,1,0
cwa-private-capture-all-lineage-v1,cwa_surface_836474c5ecb3ab,hersheys_milk_chocolate_bar,Hershey's Milk Chocolate Bar,1940,www.candywrapperarchive.com,https://www.candywrapperarchive.com/candy-collector/1940-hershey/,collection_item_candidate,cwa_capture_round_b60d1747ad76,ingredient_panel,Ingredient panel,ocr_text_surface,private_ingredient_panel_crop_path,primary_ingredient_panel,1,panel_capture_needed,high,private_ingredient_panel_crop,Crop the ingredient statement with enough package context to preserve product/date cues.,ingredient_panel,cwa_surface_836474c5ecb3ab;hersheys_milk_chocolate_bar:cwa_surface_836474c5ecb3ab;cwa_capture_round_b60d1747ad76:ingredient_panel;https://www.candywrapperarchive.com/candy-collector/1940-hershey/#ingredient_panel,,,,1,rights_review_needed,source_link_only_no_public_image,1,0
cwa-private-capture-all-lineage-v1,cwa_surface_6d6f67594ba20b,hersheys_milk_chocolate_bar,Hershey's Milk Chocolate Bar,1940,www.candywrapperarchive.com,https://www.candywrapperarchive.com/candy-collector/1940-hershey/,collection_item_candidate,cwa_capture_round_b60d1747ad76,nutrition_panel,Nutrition panel,ocr_text_surface,private_nutrition_panel_crop_path,primary_nutrition_panel,2,panel_capture_needed,high,private_nutrition_panel_crop,Crop the nutrition panel and serving-size text if visible.,nutrition_panel,cwa_surface_6d6f67594ba20b;hersheys_milk_chocolate_bar:cwa_surface_6d6f67594ba20b;cwa_capture_round_b60d1747ad76:nutrition_panel;https://www.candywrapperarchive.com/candy-collector/1940-hershey/#nutrition_panel,,,,1,rights_review_needed,source_link_only_no_public_image,1,0
cwa-private-capture-all-lineage-v1,cwa_surface_71d56ea4fc13b9,hersheys_milk_chocolate_bar,Hershey's Milk Chocolate Bar,1940,www.candywrapperarchive.com,https://www.candywrapperarchive.com/candy-collector/1940-hershey/,collection_item_candidate,cwa_capture_round_b60d1747ad76,wrapper_back_or_side,Wrapper back or side text,ocr_text_surface,private_wrapper_back_or_side_crop_path,support_package_text,3,readable_panel_photo_needed,medium,private_back_or_side_text_crop,"Crop readable wrapper back/side text, prioritizing ingredients, nutrition, net weight, maker, or date cues.",package_back_side_text,cwa_surface_71d56ea4fc13b9;hersheys_milk_chocolate_bar:cwa_surface_71d56ea4fc13b9;cwa_capture_round_b60d1747ad76:wrapper_back_or_side;https://www.candywrapperarchive.com/candy-collector/1940-hershey/#wrapper_back_or_side,,,,1,rights_review_needed,source_link_only_no_public_image,1,0
cwa-private-capture-all-lineage-v1,cwa_surface_845395b10c3226,hersheys_milk_chocolate_bar,Hershey's Milk Chocolate Bar,1940,www.candywrapperarchive.com,https://www.candywrapperarchive.com/candy-collector/1940-hershey/,collection_item_candidate,cwa_capture_round_b60d1747ad76,net_weight,Net weight,ocr_text_surface,private_net_weight_crop_path,support_package_text,4,readable_panel_photo_needed,medium,private_net_weight_crop,Crop net weight and package-size text.,net_weight,cwa_surface_845395b10c3226;hersheys_milk_chocolate_bar:cwa_surface_845395b10c3226;cwa_capture_round_b60d1747ad76:net_weight;https://www.candywrapperarchive.com/candy-collector/1940-hershey/#net_weight,,,,1,rights_review_needed,source_link_only_no_public_image,1,0
cwa-private-capture-all-lineage-v1,cwa_surface_197daaa73c5731,hersheys_milk_chocolate_bar,Hershey's Milk Chocolate Bar,1940,www.candywrapperarchive.com,https://www.candywrapperarchive.com/candy-collector/1940-hershey/,collection_item_candidate,cwa_capture_round_b60d1747ad76,maker_or_date,Maker or date cue,ocr_text_surface,private_maker_or_date_crop_path,support_package_text,5,readable_panel_photo_needed,medium,private_maker_or_date_crop,"Crop maker/distributor, copyright, lot, or date cue text.",maker_distributor_or_date_cue,cwa_surface_197daaa73c5731;hersheys_milk_chocolate_bar:cwa_surface_197daaa73c5731;cwa_capture_round_b60d1747ad76:maker_or_date;https://www.candywrapperarchive.com/candy-collector/1940-hershey/#maker_or_date,,,,1,rights_review_needed,source_link_only_no_public_image,1,0
cwa-private-capture-all-lineage-v1,cwa_surface_a8cc63b2e2535e,hersheys_milk_chocolate_bar,Hershey's Milk Chocolate Bar,1940,www.candywrapperarchive.com,https://www.candywrapperarchive.com/candy-collector/1940-hershey/,collection_item_candidate,cwa_capture_round_b60d1747ad76,wrapper_front_context,Wrapper front context,secondary_context_surface,private_wrapper_front_crop_path,secondary_product_context,6,secondary_context_only,low,private_wrapper_front_context_crop,Capture wrapper front only as product/package context after text surfaces are handled.,package_identity_context,cwa_surface_a8cc63b2e2535e;hersheys_milk_chocolate_bar:cwa_surface_a8cc63b2e2535e;cwa_capture_round_b60d1747ad76:wrapper_front_context;https://www.candywrapperarchive.com/candy-collector/1940-hershey/#wrapper_front_context,,,,0,rights_review_needed,source_link_only_no_public_image,1,0
cwa-private-capture-all-lineage-v1,cwa_surface_2b941770eb841c,hersheys_milk_chocolate_bar,Hershey's Milk Chocolate Bar,1950s,www.candywrapperarchive.com,https://www.candywrapperarchive.com/candy-collector/1950s-hershey/,collection_item_candidate,cwa_capture_round_9e76a7bca726,ingredient_panel,Ingredient panel,ocr_text_surface,private_ingredient_panel_crop_path,primary_ingredient_panel,1,panel_capture_needed,high,private_ingredient_panel_crop,Crop the ingredient statement with enough package context to preserve product/date cues.,ingredient_panel,cwa_surface_2b941770eb841c;hersheys_milk_chocolate_bar:cwa_surface_2b941770eb841c;cwa_capture_round_9e76a7bca726:ingredient_panel;https://www.candywrapperarchive.com/candy-collector/1950s-hershey/#ingredient_panel,,,,1,rights_review_needed,source_link_only_no_public_image,1,0
cwa-private-capture-all-lineage-v1,cwa_surface_17b90b0b42f85c,hersheys_milk_chocolate_bar,Hershey's Milk Chocolate Bar,1950s,www.candywrapperarchive.com,https://www.candywrapperarchive.com/candy-collector/1950s-hershey/,collection_item_candidate,cwa_capture_round_9e76a7bca726,nutrition_panel,Nutrition panel,ocr_text_surface,private_nutrition_panel_crop_path,primary_nutrition_panel,2,panel_capture_needed,high,private_nutrition_panel_crop,Crop the nutrition panel and serving-size text if visible.,nutrition_panel,cwa_surface_17b90b0b42f85c;hersheys_milk_chocolate_bar:cwa_surface_17b90b0b42f85c;cwa_capture_round_9e76a7bca726:nutrition_panel;https://www.candywrapperarchive.com/candy-collector/1950s-hershey/#nutrition_panel,,,,1,rights_review_needed,source_link_only_no_public_image,1,0
cwa-private-capture-all-lineage-v1,cwa_surface_05fee2dd539f80,hersheys_milk_chocolate_bar,Hershey's Milk Chocolate Bar,1950s,www.candywrapperarchive.com,https://www.candywrapperarchive.com/candy-collector/1950s-hershey/,collection_item_candidate,cwa_capture_round_9e76a7bca726,wrapper_back_or_side,Wrapper back or side text,ocr_text_surface,private_wrapper_back_or_side_crop_path,support_package_text,3,readable_panel_photo_needed,medium,private_back_or_side_text_crop,"Crop readable wrapper back/side text, prioritizing ingredients, nutrition, net weight, maker, or date cues.",package_back_side_text,cwa_surface_05fee2dd539f80;hersheys_milk_chocolate_bar:cwa_surface_05fee2dd539f80;cwa_capture_round_9e76a7bca726:wrapper_back_or_side;https://www.candywrapperarchive.com/candy-collector/1950s-hershey/#wrapper_back_or_side,,,,1,rights_review_needed,source_link_only_no_public_image,1,0
cwa-private-capture-all-lineage-v1,cwa_surface_628c60635abbdc,hersheys_milk_chocolate_bar,Hershey's Milk Chocolate Bar,1950s,www.candywrapperarchive.com,https://www.candywrapperarchive.com/candy-collector/1950s-hershey/,collection_item_candidate,cwa_capture_round_9e76a7bca726,net_weight,Net weight,ocr_text_surface,private_net_weight_crop_path,support_package_text,4,readable_panel_photo_needed,medium,private_net_weight_crop,Crop net weight and package-size text.,net_weight,cwa_surface_628c60635abbdc;hersheys_milk_chocolate_bar:cwa_surface_628c60635abbdc;cwa_capture_round_9e76a7bca726:net_weight;https://www.candywrapperarchive.com/candy-collector/1950s-hershey/#net_weight,,,,1,rights_review_needed,source_link_only_no_public_image,1,0
cwa-private-capture-all-lineage-v1,cwa_surface_f7423190199f8f,hersheys_milk_chocolate_bar,Hershey's Milk Chocolate Bar,1950s,www.candywrapperarchive.com,https://www.candywrapperarchive.com/candy-collector/1950s-hershey/,collection_item_candidate,cwa_capture_round_9e76a7bca726,maker_or_date,Maker or date cue,ocr_text_surface,private_maker_or_date_crop_path,support_package_text,5,readable_panel_photo_needed,medium,private_maker_or_date_crop,"Crop maker/distributor, copyright, lot, or date cue text.",maker_distributor_or_date_cue,cwa_surface_f7423190199f8f;hersheys_milk_chocolate_bar:cwa_surface_f7423190199f8f;cwa_capture_round_9e76a7bca726:maker_or_date;https://www.candywrapperarchive.com/candy-collector/1950s-hershey/#maker_or_date,,,,1,rights_review_needed,source_link_only_no_public_image,1,0
cwa-private-capture-all-lineage-v1,cwa_surface_a5f7739e717f0a,hersheys_milk_chocolate_bar,Hershey's Milk Chocolate Bar,1950s,www.candywrapperarchive.com,https://www.candywrapperarchive.com/candy-collector/1950s-hershey/,collection_item_candidate,cwa_capture_round_9e76a7bca726,wrapper_front_context,Wrapper front context,secondary_context_surface,private_wrapper_front_crop_path,secondary_product_context,6,secondary_context_only,low,private_wrapper_front_context_crop,Capture wrapper front only as product/package context after text surfaces are handled.,package_identity_context,cwa_surface_a5f7739e717f0a;hersheys_milk_chocolate_bar:cwa_surface_a5f7739e717f0a;cwa_capture_round_9e76a7bca726:wrapper_front_context;https://www.candywrapperarchive.com/candy-collector/1950s-hershey/#wrapper_front_context,,,,0,rights_review_needed,source_link_only_no_public_image,1,0
cwa-private-capture-all-lineage-v1,cwa_surface_bc6e78979f4624,hersheys_milk_chocolate_bar,Hershey's Milk Chocolate Bar,1960s,www.candywrapperarchive.com,https://www.candywrapperarchive.com/candy-collector/1960s-hershey/,collection_item_candidate,cwa_capture_round_a44e3ee9ad86,ingredient_panel,Ingredient panel,ocr_text_surface,private_ingredient_panel_crop_path,primary_ingredient_panel,1,panel_capture_needed,high,private_ingredient_panel_crop,Crop the ingredient statement with enough package context to preserve product/date cues.,ingredient_panel,cwa_surface_bc6e78979f4624;hersheys_milk_chocolate_bar:cwa_surface_bc6e78979f4624;cwa_capture_round_a44e3ee9ad86:ingredient_panel;https://www.candywrapperarchive.com/candy-collector/1960s-hershey/#ingredient_panel,,,,1,rights_review_needed,source_link_only_no_public_image,1,0
cwa-private-capture-all-lineage-v1,cwa_surface_8b0ef422af9a79,hersheys_milk_chocolate_bar,Hershey's Milk Chocolate Bar,1960s,www.candywrapperarchive.com,https://www.candywrapperarchive.com/candy-collector/1960s-hershey/,collection_item_candidate,cwa_capture_round_a44e3ee9ad86,nutrition_panel,Nutrition panel,ocr_text_surface,private_nutrition_panel_crop_path,primary_nutrition_panel,2,panel_capture_needed,high,private_nutrition_panel_crop,Crop the nutrition panel and serving-size text if visible.,nutrition_panel,cwa_surface_8b0ef422af9a79;hersheys_milk_chocolate_bar:cwa_surface_8b0ef422af9a79;cwa_capture_round_a44e3ee9ad86:nutrition_panel;https://www.candywrapperarchive.com/candy-collector/1960s-hershey/#nutrition_panel,,,,1,rights_review_needed,source_link_only_no_public_image,1,0
cwa-private-capture-all-lineage-v1,cwa_surface_d80e2952290e5e,hersheys_milk_chocolate_bar,Hershey's Milk Chocolate Bar,1960s,www.candywrapperarchive.com,https://www.candywrapperarchive.com/candy-collector/1960s-hershey/,collection_item_candidate,cwa_capture_round_a44e3ee9ad86,wrapper_back_or_side,Wrapper back or side text,ocr_text_surface,private_wrapper_back_or_side_crop_path,support_package_text,3,readable_panel_photo_needed,medium,private_back_or_side_text_crop,"Crop readable wrapper back/side text, prioritizing ingredients, nutrition, net weight, maker, or date cues.",package_back_side_text,cwa_surface_d80e2952290e5e;hersheys_milk_chocolate_bar:cwa_surface_d80e2952290e5e;cwa_capture_round_a44e3ee9ad86:wrapper_back_or_side;https://www.candywrapperarchive.com/candy-collector/1960s-hershey/#wrapper_back_or_side,,,,1,rights_review_needed,source_link_only_no_public_image,1,0
cwa-private-capture-all-lineage-v1,cwa_surface_618d424651d432,hersheys_milk_chocolate_bar,Hershey's Milk Chocolate Bar,1960s,www.candywrapperarchive.com,https://www.candywrapperarchive.com/candy-collector/1960s-hershey/,collection_item_candidate,cwa_capture_round_a44e3ee9ad86,net_weight,Net weight,ocr_text_surface,private_net_weight_crop_path,support_package_text,4,readable_panel_photo_needed,medium,private_net_weight_crop,Crop net weight and package-size text.,net_weight,cwa_surface_618d424651d432;hersheys_milk_chocolate_bar:cwa_surface_618d424651d432;cwa_capture_round_a44e3ee9ad86:net_weight;https://www.candywrapperarchive.com/candy-collector/1960s-hershey/#net_weight,,,,1,rights_review_needed,source_link_only_no_public_image,1,0
cwa-private-capture-all-lineage-v1,cwa_surface_3dd00fbad58ec6,hersheys_milk_chocolate_bar,Hershey's Milk Chocolate Bar,1960s,www.candywrapperarchive.com,https://www.candywrapperarchive.com/candy-collector/1960s-hershey/,collection_item_candidate,cwa_capture_round_a44e3ee9ad86,maker_or_date,Maker or date cue,ocr_text_surface,private_maker_or_date_crop_path,support_package_text,5,readable_panel_photo_needed,medium,private_maker_or_date_crop,"Crop maker/distributor, copyright, lot, or date cue text.",maker_distributor_or_date_cue,cwa_surface_3dd00fbad58ec6;hersheys_milk_chocolate_bar:cwa_surface_3dd00fbad58ec6;cwa_capture_round_a44e3ee9ad86:maker_or_date;https://www.candywrapperarchive.com/candy-collector/1960s-hershey/#maker_or_date,,,,1,rights_review_needed,source_link_only_no_public_image,1,0
cwa-private-capture-all-lineage-v1,cwa_surface_06a8362ba8bdf8,hersheys_milk_chocolate_bar,Hershey's Milk Chocolate Bar,1960s,www.candywrapperarchive.com,https://www.candywrapperarchive.com/candy-collector/1960s-hershey/,collection_item_candidate,cwa_capture_round_a44e3ee9ad86,wrapper_front_context,Wrapper front context,secondary_context_surface,private_wrapper_front_crop_path,secondary_product_context,6,secondary_context_only,low,private_wrapper_front_context_crop,Capture wrapper front only as product/package context after text surfaces are handled.,package_identity_context,cwa_surface_06a8362ba8bdf8;hersheys_milk_chocolate_bar:cwa_surface_06a8362ba8bdf8;cwa_capture_round_a44e3ee9ad86:wrapper_front_context;https://www.candywrapperarchive.com/candy-collector/1960s-hershey/#wrapper_front_context,,,,0,rights_review_needed,source_link_only_no_public_image,1,0
cwa-private-capture-all-lineage-v1,cwa_surface_8c9ebea2dd9b0c,snickers_bar,Snickers Bar,1939,www.candywrapperarchive.com,https://www.candywrapperarchive.com/candy-collector/1940s-snickers/,collection_item_candidate,cwa_capture_round_692553a418d6,ingredient_panel,Ingredient panel,ocr_text_surface,private_ingredient_panel_crop_path,primary_ingredient_panel,1,panel_capture_needed,high,private_ingredient_panel_crop,Crop the ingredient statement with enough package context to preserve product/date cues.,ingredient_panel,cwa_surface_8c9ebea2dd9b0c;snickers_bar:cwa_surface_8c9ebea2dd9b0c;cwa_capture_round_692553a418d6:ingredient_panel;https://www.candywrapperarchive.com/candy-collector/1940s-snickers/#ingredient_panel,,,,1,rights_review_needed,source_link_only_no_public_image,1,0
cwa-private-capture-all-lineage-v1,cwa_surface_a24cdd1836466e,snickers_bar,Snickers Bar,1939,www.candywrapperarchive.com,https://www.candywrapperarchive.com/candy-collector/1940s-snickers/,collection_item_candidate,cwa_capture_round_692553a418d6,nutrition_panel,Nutrition panel,ocr_text_surface,private_nutrition_panel_crop_path,primary_nutrition_panel,2,panel_capture_needed,high,private_nutrition_panel_crop,Crop the nutrition panel and serving-size text if visible.,nutrition_panel,cwa_surface_a24cdd1836466e;snickers_bar:cwa_surface_a24cdd1836466e;cwa_capture_round_692553a418d6:nutrition_panel;https://www.candywrapperarchive.com/candy-collector/1940s-snickers/#nutrition_panel,,,,1,rights_review_needed,source_link_only_no_public_image,1,0
cwa-private-capture-all-lineage-v1,cwa_surface_12092af18d1df5,snickers_bar,Snickers Bar,1939,www.candywrapperarchive.com,https://www.candywrapperarchive.com/candy-collector/1940s-snickers/,collection_item_candidate,cwa_capture_round_692553a418d6,wrapper_back_or_side,Wrapper back or side text,ocr_text_surface,private_wrapper_back_or_side_crop_path,support_package_text,3,readable_panel_photo_needed,medium,private_back_or_side_text_crop,"Crop readable wrapper back/side text, prioritizing ingredients, nutrition, net weight, maker, or date cues.",package_back_side_text,cwa_surface_12092af18d1df5;snickers_bar:cwa_surface_12092af18d1df5;cwa_capture_round_692553a418d6:wrapper_back_or_side;https://www.candywrapperarchive.com/candy-collector/1940s-snickers/#wrapper_back_or_side,,,,1,rights_review_needed,source_link_only_no_public_image,1,0
cwa-private-capture-all-lineage-v1,cwa_surface_86e451113e2d67,snickers_bar,Snickers Bar,1939,www.candywrapperarchive.com,https://www.candywrapperarchive.com/candy-collector/1940s-snickers/,collection_item_candidate,cwa_capture_round_692553a418d6,net_weight,Net weight,ocr_text_surface,private_net_weight_crop_path,support_package_text,4,readable_panel_photo_needed,medium,private_net_weight_crop,Crop net weight and package-size text.,net_weight,cwa_surface_86e451113e2d67;snickers_bar:cwa_surface_86e451113e2d67;cwa_capture_round_692553a418d6:net_weight;https://www.candywrapperarchive.com/candy-collector/1940s-snickers/#net_weight,,,,1,rights_review_needed,source_link_only_no_public_image,1,0
cwa-private-capture-all-lineage-v1,cwa_surface_2260397e1bd33f,snickers_bar,Snickers Bar,1939,www.candywrapperarchive.com,https://www.candywrapperarchive.com/candy-collector/1940s-snickers/,collection_item_candidate,cwa_capture_round_692553a418d6,maker_or_date,Maker or date cue,ocr_text_surface,private_maker_or_date_crop_path,support_package_text,5,readable_panel_photo_needed,medium,private_maker_or_date_crop,"Crop maker/distributor, copyright, lot, or date cue text.",maker_distributor_or_date_cue,cwa_surface_2260397e1bd33f;snickers_bar:cwa_surface_2260397e1bd33f;cwa_capture_round_692553a418d6:maker_or_date;https://www.candywrapperarchive.com/candy-collector/1940s-snickers/#maker_or_date,,,,1,rights_review_needed,source_link_only_no_public_image,1,0
cwa-private-capture-all-lineage-v1,cwa_surface_2b076ad6ee3c59,snickers_bar,Snickers Bar,1939,www.candywrapperarchive.com,https://www.candywrapperarchive.com/candy-collector/1940s-snickers/,collection_item_candidate,cwa_capture_round_692553a418d6,wrapper_front_context,Wrapper front context,secondary_context_surface,private_wrapper_front_crop_path,secondary_product_context,6,secondary_context_only,low,private_wrapper_front_context_crop,Capture wrapper front only as product/package context after text surfaces are handled.,package_identity_context,cwa_surface_2b076ad6ee3c59;snickers_bar:cwa_surface_2b076ad6ee3c59;cwa_capture_round_692553a418d6:wrapper_front_context;https://www.candywrapperarchive.com/candy-collector/1940s-snickers/#wrapper_front_context,,,,0,rights_review_needed,source_link_only_no_public_image,1,0
cwa-private-capture-all-lineage-v1,cwa_surface_f31376dcb1d0eb,snickers_bar,Snickers Bar,1940s,www.candywrapperarchive.com,https://www.candywrapperarchive.com/candy-collector/1940s-snickers-2/,collection_item_candidate,cwa_capture_round_318e9a774c5e,ingredient_panel,Ingredient panel,ocr_text_surface,private_ingredient_panel_crop_path,primary_ingredient_panel,1,panel_capture_needed,high,private_ingredient_panel_crop,Crop the ingredient statement with enough package context to preserve product/date cues.,ingredient_panel,cwa_surface_f31376dcb1d0eb;snickers_bar:cwa_surface_f31376dcb1d0eb;cwa_capture_round_318e9a774c5e:ingredient_panel;https://www.candywrapperarchive.com/candy-collector/1940s-snickers-2/#ingredient_panel,,,,1,rights_review_needed,source_link_only_no_public_image,1,0
cwa-private-capture-all-lineage-v1,cwa_surface_02cdfa8d00292d,snickers_bar,Snickers Bar,1940s,www.candywrapperarchive.com,https://www.candywrapperarchive.com/candy-collector/1940s-snickers-2/,collection_item_candidate,cwa_capture_round_318e9a774c5e,nutrition_panel,Nutrition panel,ocr_text_surface,private_nutrition_panel_crop_path,primary_nutrition_panel,2,panel_capture_needed,high,private_nutrition_panel_crop,Crop the nutrition panel and serving-size text if visible.,nutrition_panel,cwa_surface_02cdfa8d00292d;snickers_bar:cwa_surface_02cdfa8d00292d;cwa_capture_round_318e9a774c5e:nutrition_panel;https://www.candywrapperarchive.com/candy-collector/1940s-snickers-2/#nutrition_panel,,,,1,rights_review_needed,source_link_only_no_public_image,1,0
cwa-private-capture-all-lineage-v1,cwa_surface_05240ddd2e52a2,snickers_bar,Snickers Bar,1940s,www.candywrapperarchive.com,https://www.candywrapperarchive.com/candy-collector/1940s-snickers-2/,collection_item_candidate,cwa_capture_round_318e9a774c5e,wrapper_back_or_side,Wrapper back or side text,ocr_text_surface,private_wrapper_back_or_side_crop_path,support_package_text,3,readable_panel_photo_needed,medium,private_back_or_side_text_crop,"Crop readable wrapper back/side text, prioritizing ingredients, nutrition, net weight, maker, or date cues.",package_back_side_text,cwa_surface_05240ddd2e52a2;snickers_bar:cwa_surface_05240ddd2e52a2;cwa_capture_round_318e9a774c5e:wrapper_back_or_side;https://www.candywrapperarchive.com/candy-collector/1940s-snickers-2/#wrapper_back_or_side,,,,1,rights_review_needed,source_link_only_no_public_image,1,0
cwa-private-capture-all-lineage-v1,cwa_surface_c8bedab03b3d8c,snickers_bar,Snickers Bar,1940s,www.candywrapperarchive.com,https://www.candywrapperarchive.com/candy-collector/1940s-snickers-2/,collection_item_candidate,cwa_capture_round_318e9a774c5e,net_weight,Net weight,ocr_text_surface,private_net_weight_crop_path,support_package_text,4,readable_panel_photo_needed,medium,private_net_weight_crop,Crop net weight and package-size text.,net_weight,cwa_surface_c8bedab03b3d8c;snickers_bar:cwa_surface_c8bedab03b3d8c;cwa_capture_round_318e9a774c5e:net_weight;https://www.candywrapperarchive.com/candy-collector/1940s-snickers-2/#net_weight,,,,1,rights_review_needed,source_link_only_no_public_image,1,0
cwa-private-capture-all-lineage-v1,cwa_surface_cf03a048305b61,snickers_bar,Snickers Bar,1940s,www.candywrapperarchive.com,https://www.candywrapperarchive.com/candy-collector/1940s-snickers-2/,collection_item_candidate,cwa_capture_round_318e9a774c5e,maker_or_date,Maker or date cue,ocr_text_surface,private_maker_or_date_crop_path,support_package_text,5,readable_panel_photo_needed,medium,private_maker_or_date_crop,"Crop maker/distributor, copyright, lot, or date cue text.",maker_distributor_or_date_cue,cwa_surface_cf03a048305b61;snickers_bar:cwa_surface_cf03a048305b61;cwa_capture_round_318e9a774c5e:maker_or_date;https://www.candywrapperarchive.com/candy-collector/1940s-snickers-2/#maker_or_date,,,,1,rights_review_needed,source_link_only_no_public_image,1,0
cwa-private-capture-all-lineage-v1,cwa_surface_a48764cf8b2d1e,snickers_bar,Snickers Bar,1940s,www.candywrapperarchive.com,https://www.candywrapperarchive.com/candy-collector/1940s-snickers-2/,collection_item_candidate,cwa_capture_round_318e9a774c5e,wrapper_front_context,Wrapper front context,secondary_context_surface,private_wrapper_front_crop_path,secondary_product_context,6,secondary_context_only,low,private_wrapper_front_context_crop,Capture wrapper front only as product/package context after text surfaces are handled.,package_identity_context,cwa_surface_a48764cf8b2d1e;snickers_bar:cwa_surface_a48764cf8b2d1e;cwa_capture_round_318e9a774c5e:wrapper_front_context;https://www.candywrapperarchive.com/candy-collector/1940s-snickers-2/#wrapper_front_context,,,,0,rights_review_needed,source_link_only_no_public_image,1,0
cwa-private-capture-all-lineage-v1,cwa_surface_576bbad46b6867,snickers_bar,Snickers Bar,1950s,www.candywrapperarchive.com,https://www.candywrapperarchive.com/candy-collector/1950s-snickers/,collection_item_candidate,cwa_capture_round_202d511b3960,ingredient_panel,Ingredient panel,ocr_text_surface,private_ingredient_panel_crop_path,primary_ingredient_panel,1,panel_capture_needed,high,private_ingredient_panel_crop,Crop the ingredient statement with enough package context to preserve product/date cues.,ingredient_panel,cwa_surface_576bbad46b6867;snickers_bar:cwa_surface_576bbad46b6867;cwa_capture_round_202d511b3960:ingredient_panel;https://www.candywrapperarchive.com/candy-collector/1950s-snickers/#ingredient_panel,,,,1,rights_review_needed,source_link_only_no_public_image,1,0
cwa-private-capture-all-lineage-v1,cwa_surface_edbf7b798f577e,snickers_bar,Snickers Bar,1950s,www.candywrapperarchive.com,https://www.candywrapperarchive.com/candy-collector/1950s-snickers/,collection_item_candidate,cwa_capture_round_202d511b3960,nutrition_panel,Nutrition panel,ocr_text_surface,private_nutrition_panel_crop_path,primary_nutrition_panel,2,panel_capture_needed,high,private_nutrition_panel_crop,Crop the nutrition panel and serving-size text if visible.,nutrition_panel,cwa_surface_edbf7b798f577e;snickers_bar:cwa_surface_edbf7b798f577e;cwa_capture_round_202d511b3960:nutrition_panel;https://www.candywrapperarchive.com/candy-collector/1950s-snickers/#nutrition_panel,,,,1,rights_review_needed,source_link_only_no_public_image,1,0
cwa-private-capture-all-lineage-v1,cwa_surface_13619e5a623184,snickers_bar,Snickers Bar,1950s,www.candywrapperarchive.com,https://www.candywrapperarchive.com/candy-collector/1950s-snickers/,collection_item_candidate,cwa_capture_round_202d511b3960,wrapper_back_or_side,Wrapper back or side text,ocr_text_surface,private_wrapper_back_or_side_crop_path,support_package_text,3,readable_panel_photo_needed,medium,private_back_or_side_text_crop,"Crop readable wrapper back/side text, prioritizing ingredients, nutrition, net weight, maker, or date cues.",package_back_side_text,cwa_surface_13619e5a623184;snickers_bar:cwa_surface_13619e5a623184;cwa_capture_round_202d511b3960:wrapper_back_or_side;https://www.candywrapperarchive.com/candy-collector/1950s-snickers/#wrapper_back_or_side,,,,1,rights_review_needed,source_link_only_no_public_image,1,0
cwa-private-capture-all-lineage-v1,cwa_surface_1337764f361ee7,snickers_bar,Snickers Bar,1950s,www.candywrapperarchive.com,https://www.candywrapperarchive.com/candy-collector/1950s-snickers/,collection_item_candidate,cwa_capture_round_202d511b3960,net_weight,Net weight,ocr_text_surface,private_net_weight_crop_path,support_package_text,4,readable_panel_photo_needed,medium,private_net_weight_crop,Crop net weight and package-size text.,net_weight,cwa_surface_1337764f361ee7;snickers_bar:cwa_surface_1337764f361ee7;cwa_capture_round_202d511b3960:net_weight;https://www.candywrapperarchive.com/candy-collector/1950s-snickers/#net_weight,,,,1,rights_review_needed,source_link_only_no_public_image,1,0
cwa-private-capture-all-lineage-v1,cwa_surface_370be1b4dd989a,snickers_bar,Snickers Bar,1950s,www.candywrapperarchive.com,https://www.candywrapperarchive.com/candy-collector/1950s-snickers/,collection_item_candidate,cwa_capture_round_202d511b3960,maker_or_date,Maker or date cue,ocr_text_surface,private_maker_or_date_crop_path,support_package_text,5,readable_panel_photo_needed,medium,private_maker_or_date_crop,"Crop maker/distributor, copyright, lot, or date cue text.",maker_distributor_or_date_cue,cwa_surface_370be1b4dd989a;snickers_bar:cwa_surface_370be1b4dd989a;cwa_capture_round_202d511b3960:maker_or_date;https://www.candywrapperarchive.com/candy-collector/1950s-snickers/#maker_or_date,,,,1,rights_review_needed,source_link_only_no_public_image,1,0
cwa-private-capture-all-lineage-v1,cwa_surface_b57c747d03ab86,snickers_bar,Snickers Bar,1950s,www.candywrapperarchive.com,https://www.candywrapperarchive.com/candy-collector/1950s-snickers/,collection_item_candidate,cwa_capture_round_202d511b3960,wrapper_front_context,Wrapper front context,secondary_context_surface,private_wrapper_front_crop_path,secondary_product_context,6,secondary_context_only,low,private_wrapper_front_context_crop,Capture wrapper front only as product/package context after text surfaces are handled.,package_identity_context,cwa_surface_b57c747d03ab86;snickers_bar:cwa_surface_b57c747d03ab86;cwa_capture_round_202d511b3960:wrapper_front_context;https://www.candywrapperarchive.com/candy-collector/1950s-snickers/#wrapper_front_context,,,,0,rights_review_needed,source_link_only_no_public_image,1,0
cwa-private-capture-all-lineage-v1,cwa_surface_0f1a55799ad399,snickers_bar,Snickers Bar,1983,www.candywrapperarchive.com,https://www.candywrapperarchive.com/candy-collector/1983-snickers/,collection_item_candidate,cwa_capture_round_74301d6fffd3,ingredient_panel,Ingredient panel,ocr_text_surface,private_ingredient_panel_crop_path,primary_ingredient_panel,1,panel_capture_needed,high,private_ingredient_panel_crop,Crop the ingredient statement with enough package context to preserve product/date cues.,ingredient_panel,cwa_surface_0f1a55799ad399;snickers_bar:cwa_surface_0f1a55799ad399;cwa_capture_round_74301d6fffd3:ingredient_panel;https://www.candywrapperarchive.com/candy-collector/1983-snickers/#ingredient_panel,,,,1,rights_review_needed,source_link_only_no_public_image,1,0
cwa-private-capture-all-lineage-v1,cwa_surface_d8dd442b893e8c,snickers_bar,Snickers Bar,1983,www.candywrapperarchive.com,https://www.candywrapperarchive.com/candy-collector/1983-snickers/,collection_item_candidate,cwa_capture_round_74301d6fffd3,nutrition_panel,Nutrition panel,ocr_text_surface,private_nutrition_panel_crop_path,primary_nutrition_panel,2,panel_capture_needed,high,private_nutrition_panel_crop,Crop the nutrition panel and serving-size text if visible.,nutrition_panel,cwa_surface_d8dd442b893e8c;snickers_bar:cwa_surface_d8dd442b893e8c;cwa_capture_round_74301d6fffd3:nutrition_panel;https://www.candywrapperarchive.com/candy-collector/1983-snickers/#nutrition_panel,,,,1,rights_review_needed,source_link_only_no_public_image,1,0
cwa-private-capture-all-lineage-v1,cwa_surface_7ea2b8f8a9a0e9,snickers_bar,Snickers Bar,1983,www.candywrapperarchive.com,https://www.candywrapperarchive.com/candy-collector/1983-snickers/,collection_item_candidate,cwa_capture_round_74301d6fffd3,wrapper_back_or_side,Wrapper back or side text,ocr_text_surface,private_wrapper_back_or_side_crop_path,support_package_text,3,readable_panel_photo_needed,medium,private_back_or_side_text_crop,"Crop readable wrapper back/side text, prioritizing ingredients, nutrition, net weight, maker, or date cues.",package_back_side_text,cwa_surface_7ea2b8f8a9a0e9;snickers_bar:cwa_surface_7ea2b8f8a9a0e9;cwa_capture_round_74301d6fffd3:wrapper_back_or_side;https://www.candywrapperarchive.com/candy-collector/1983-snickers/#wrapper_back_or_side,,,,1,rights_review_needed,source_link_only_no_public_image,1,0
cwa-private-capture-all-lineage-v1,cwa_surface_0e06d52a93acee,snickers_bar,Snickers Bar,1983,www.candywrapperarchive.com,https://www.candywrapperarchive.com/candy-collector/1983-snickers/,collection_item_candidate,cwa_capture_round_74301d6fffd3,net_weight,Net weight,ocr_text_surface,private_net_weight_crop_path,support_package_text,4,readable_panel_photo_needed,medium,private_net_weight_crop,Crop net weight and package-size text.,net_weight,cwa_surface_0e06d52a93acee;snickers_bar:cwa_surface_0e06d52a93acee;cwa_capture_round_74301d6fffd3:net_weight;https://www.candywrapperarchive.com/candy-collector/1983-snickers/#net_weight,,,,1,rights_review_needed,source_link_only_no_public_image,1,0
cwa-private-capture-all-lineage-v1,cwa_surface_2b2a669e5aa8f4,snickers_bar,Snickers Bar,1983,www.candywrapperarchive.com,https://www.candywrapperarchive.com/candy-collector/1983-snickers/,collection_item_candidate,cwa_capture_round_74301d6fffd3,maker_or_date,Maker or date cue,ocr_text_surface,private_maker_or_date_crop_path,support_package_text,5,readable_panel_photo_needed,medium,private_maker_or_date_crop,"Crop maker/distributor, copyright, lot, or date cue text.",maker_distributor_or_date_cue,cwa_surface_2b2a669e5aa8f4;snickers_bar:cwa_surface_2b2a669e5aa8f4;cwa_capture_round_74301d6fffd3:maker_or_date;https://www.candywrapperarchive.com/candy-collector/1983-snickers/#maker_or_date,,,,1,rights_review_needed,source_link_only_no_public_image,1,0
cwa-private-capture-all-lineage-v1,cwa_surface_65ac931801d98a,snickers_bar,Snickers Bar,1983,www.candywrapperarchive.com,https://www.candywrapperarchive.com/candy-collector/1983-snickers/,collection_item_candidate,cwa_capture_round_74301d6fffd3,wrapper_front_context,Wrapper front context,secondary_context_surface,private_wrapper_front_crop_path,secondary_product_context,6,secondary_context_only,low,private_wrapper_front_context_crop,Capture wrapper front only as product/package context after text surfaces are handled.,package_identity_context,cwa_surface_65ac931801d98a;snickers_bar:cwa_surface_65ac931801d98a;cwa_capture_round_74301d6fffd3:wrapper_front_context;https://www.candywrapperarchive.com/candy-collector/1983-snickers/#wrapper_front_context,,,,0,rights_review_needed,source_link_only_no_public_image,1,0
cwa-private-capture-all-lineage-v1,cwa_surface_a6477149445aae,snickers_bar,Snickers Bar,1990,www.candywrapperarchive.com,https://www.candywrapperarchive.com/candy-collector/1990-snickers/,collection_item_candidate,cwa_capture_round_02a80815c583,ingredient_panel,Ingredient panel,ocr_text_surface,private_ingredient_panel_crop_path,primary_ingredient_panel,1,panel_capture_needed,high,private_ingredient_panel_crop,Crop the ingredient statement with enough package context to preserve product/date cues.,ingredient_panel,cwa_surface_a6477149445aae;snickers_bar:cwa_surface_a6477149445aae;cwa_capture_round_02a80815c583:ingredient_panel;https://www.candywrapperarchive.com/candy-collector/1990-snickers/#ingredient_panel,,,,1,rights_review_needed,source_link_only_no_public_image,1,0
cwa-private-capture-all-lineage-v1,cwa_surface_e3714d96bab61d,snickers_bar,Snickers Bar,1990,www.candywrapperarchive.com,https://www.candywrapperarchive.com/candy-collector/1990-snickers/,collection_item_candidate,cwa_capture_round_02a80815c583,nutrition_panel,Nutrition panel,ocr_text_surface,private_nutrition_panel_crop_path,primary_nutrition_panel,2,panel_capture_needed,high,private_nutrition_panel_crop,Crop the nutrition panel and serving-size text if visible.,nutrition_panel,cwa_surface_e3714d96bab61d;snickers_bar:cwa_surface_e3714d96bab61d;cwa_capture_round_02a80815c583:nutrition_panel;https://www.candywrapperarchive.com/candy-collector/1990-snickers/#nutrition_panel,,,,1,rights_review_needed,source_link_only_no_public_image,1,0
cwa-private-capture-all-lineage-v1,cwa_surface_ead351a7a4d78f,snickers_bar,Snickers Bar,1990,www.candywrapperarchive.com,https://www.candywrapperarchive.com/candy-collector/1990-snickers/,collection_item_candidate,cwa_capture_round_02a80815c583,wrapper_back_or_side,Wrapper back or side text,ocr_text_surface,private_wrapper_back_or_side_crop_path,support_package_text,3,readable_panel_photo_needed,medium,private_back_or_side_text_crop,"Crop readable wrapper back/side text, prioritizing ingredients, nutrition, net weight, maker, or date cues.",package_back_side_text,cwa_surface_ead351a7a4d78f;snickers_bar:cwa_surface_ead351a7a4d78f;cwa_capture_round_02a80815c583:wrapper_back_or_side;https://www.candywrapperarchive.com/candy-collector/1990-snickers/#wrapper_back_or_side,,,,1,rights_review_needed,source_link_only_no_public_image,1,0
cwa-private-capture-all-lineage-v1,cwa_surface_4775897b347a03,snickers_bar,Snickers Bar,1990,www.candywrapperarchive.com,https://www.candywrapperarchive.com/candy-collector/1990-snickers/,collection_item_candidate,cwa_capture_round_02a80815c583,net_weight,Net weight,ocr_text_surface,private_net_weight_crop_path,support_package_text,4,readable_panel_photo_needed,medium,private_net_weight_crop,Crop net weight and package-size text.,net_weight,cwa_surface_4775897b347a03;snickers_bar:cwa_surface_4775897b347a03;cwa_capture_round_02a80815c583:net_weight;https://www.candywrapperarchive.com/candy-collector/1990-snickers/#net_weight,,,,1,rights_review_needed,source_link_only_no_public_image,1,0
cwa-private-capture-all-lineage-v1,cwa_surface_465c368200d499,snickers_bar,Snickers Bar,1990,www.candywrapperarchive.com,https://www.candywrapperarchive.com/candy-collector/1990-snickers/,collection_item_candidate,cwa_capture_round_02a80815c583,maker_or_date,Maker or date cue,ocr_text_surface,private_maker_or_date_crop_path,support_package_text,5,readable_panel_photo_needed,medium,private_maker_or_date_crop,"Crop maker/distributor, copyright, lot, or date cue text.",maker_distributor_or_date_cue,cwa_surface_465c368200d499;snickers_bar:cwa_surface_465c368200d499;cwa_capture_round_02a80815c583:maker_or_date;https://www.candywrapperarchive.com/candy-collector/1990-snickers/#maker_or_date,,,,1,rights_review_needed,source_link_only_no_public_image,1,0
cwa-private-capture-all-lineage-v1,cwa_surface_e4e8dc2b301387,snickers_bar,Snickers Bar,1990,www.candywrapperarchive.com,https://www.candywrapperarchive.com/candy-collector/1990-snickers/,collection_item_candidate,cwa_capture_round_02a80815c583,wrapper_front_context,Wrapper front context,secondary_context_surface,private_wrapper_front_crop_path,secondary_product_context,6,secondary_context_only,low,private_wrapper_front_context_crop,Capture wrapper front only as product/package context after text surfaces are handled.,package_identity_context,cwa_surface_e4e8dc2b301387;snickers_bar:cwa_surface_e4e8dc2b301387;cwa_capture_round_02a80815c583:wrapper_front_context;https://www.candywrapperarchive.com/candy-collector/1990-snickers/#wrapper_front_context,,,,0,rights_review_needed,source_link_only_no_public_image,1,0
cwa-private-capture-all-lineage-v1,cwa_surface_2dbeb6865b0619,snickers_bar,Snickers Bar,2002,www.candywrapperarchive.com,https://www.candywrapperarchive.com/candy-collector/2002-snickers/,collection_item_candidate,cwa_capture_round_285ef8c63644,ingredient_panel,Ingredient panel,ocr_text_surface,private_ingredient_panel_crop_path,primary_ingredient_panel,1,panel_capture_needed,high,private_ingredient_panel_crop,Crop the ingredient statement with enough package context to preserve product/date cues.,ingredient_panel,cwa_surface_2dbeb6865b0619;snickers_bar:cwa_surface_2dbeb6865b0619;cwa_capture_round_285ef8c63644:ingredient_panel;https://www.candywrapperarchive.com/candy-collector/2002-snickers/#ingredient_panel,,,,1,rights_review_needed,source_link_only_no_public_image,1,0
cwa-private-capture-all-lineage-v1,cwa_surface_613bc14d10a5a3,snickers_bar,Snickers Bar,2002,www.candywrapperarchive.com,https://www.candywrapperarchive.com/candy-collector/2002-snickers/,collection_item_candidate,cwa_capture_round_285ef8c63644,nutrition_panel,Nutrition panel,ocr_text_surface,private_nutrition_panel_crop_path,primary_nutrition_panel,2,panel_capture_needed,high,private_nutrition_panel_crop,Crop the nutrition panel and serving-size text if visible.,nutrition_panel,cwa_surface_613bc14d10a5a3;snickers_bar:cwa_surface_613bc14d10a5a3;cwa_capture_round_285ef8c63644:nutrition_panel;https://www.candywrapperarchive.com/candy-collector/2002-snickers/#nutrition_panel,,,,1,rights_review_needed,source_link_only_no_public_image,1,0
cwa-private-capture-all-lineage-v1,cwa_surface_0e9c22e3513a65,snickers_bar,Snickers Bar,2002,www.candywrapperarchive.com,https://www.candywrapperarchive.com/candy-collector/2002-snickers/,collection_item_candidate,cwa_capture_round_285ef8c63644,wrapper_back_or_side,Wrapper back or side text,ocr_text_surface,private_wrapper_back_or_side_crop_path,support_package_text,3,readable_panel_photo_needed,medium,private_back_or_side_text_crop,"Crop readable wrapper back/side text, prioritizing ingredients, nutrition, net weight, maker, or date cues.",package_back_side_text,cwa_surface_0e9c22e3513a65;snickers_bar:cwa_surface_0e9c22e3513a65;cwa_capture_round_285ef8c63644:wrapper_back_or_side;https://www.candywrapperarchive.com/candy-collector/2002-snickers/#wrapper_back_or_side,,,,1,rights_review_needed,source_link_only_no_public_image,1,0
cwa-private-capture-all-lineage-v1,cwa_surface_b40cbee5e72ca6,snickers_bar,Snickers Bar,2002,www.candywrapperarchive.com,https://www.candywrapperarchive.com/candy-collector/2002-snickers/,collection_item_candidate,cwa_capture_round_285ef8c63644,net_weight,Net weight,ocr_text_surface,private_net_weight_crop_path,support_package_text,4,readable_panel_photo_needed,medium,private_net_weight_crop,Crop net weight and package-size text.,net_weight,cwa_surface_b40cbee5e72ca6;snickers_bar:cwa_surface_b40cbee5e72ca6;cwa_capture_round_285ef8c63644:net_weight;https://www.candywrapperarchive.com/candy-collector/2002-snickers/#net_weight,,,,1,rights_review_needed,source_link_only_no_public_image,1,0
cwa-private-capture-all-lineage-v1,cwa_surface_933811479ce0cf,snickers_bar,Snickers Bar,2002,www.candywrapperarchive.com,https://www.candywrapperarchive.com/candy-collector/2002-snickers/,collection_item_candidate,cwa_capture_round_285ef8c63644,maker_or_date,Maker or date cue,ocr_text_surface,private_maker_or_date_crop_path,support_package_text,5,readable_panel_photo_needed,medium,private_maker_or_date_crop,"Crop maker/distributor, copyright, lot, or date cue text.",maker_distributor_or_date_cue,cwa_surface_933811479ce0cf;snickers_bar:cwa_surface_933811479ce0cf;cwa_capture_round_285ef8c63644:maker_or_date;https://www.candywrapperarchive.com/candy-collector/2002-snickers/#maker_or_date,,,,1,rights_review_needed,source_link_only_no_public_image,1,0
cwa-private-capture-all-lineage-v1,cwa_surface_3858e170e4ab9e,snickers_bar,Snickers Bar,2002,www.candywrapperarchive.com,https://www.candywrapperarchive.com/candy-collector/2002-snickers/,collection_item_candidate,cwa_capture_round_285ef8c63644,wrapper_front_context,Wrapper front context,secondary_context_surface,private_wrapper_front_crop_path,secondary_product_context,6,secondary_context_only,low,private_wrapper_front_context_crop,Capture wrapper front only as product/package context after text surfaces are handled.,package_identity_context,cwa_surface_3858e170e4ab9e;snickers_bar:cwa_surface_3858e170e4ab9e;cwa_capture_round_285ef8c63644:wrapper_front_context;https://www.candywrapperarchive.com/candy-collector/2002-snickers/#wrapper_front_context,,,,0,rights_review_needed,source_link_only_no_public_image,1,0
cwa-private-capture-all-lineage-v1,cwa_surface_d95b57ecc9cc56,kit_kat_bar,Kit Kat Bar,1960s,www.candywrapperarchive.com,https://www.candywrapperarchive.com/candy-collector/1960s-kit-kat/,collection_item_candidate,cwa_capture_round_c8e3e7ac0913,ingredient_panel,Ingredient panel,ocr_text_surface,private_ingredient_panel_crop_path,primary_ingredient_panel,1,panel_capture_needed,high,private_ingredient_panel_crop,Crop the ingredient statement with enough package context to preserve product/date cues.,ingredient_panel,cwa_surface_d95b57ecc9cc56;kit_kat_bar:cwa_surface_d95b57ecc9cc56;cwa_capture_round_c8e3e7ac0913:ingredient_panel;https://www.candywrapperarchive.com/candy-collector/1960s-kit-kat/#ingredient_panel,,,,1,rights_review_needed,source_link_only_no_public_image,1,0
cwa-private-capture-all-lineage-v1,cwa_surface_7cb3c3011e50b5,kit_kat_bar,Kit Kat Bar,1960s,www.candywrapperarchive.com,https://www.candywrapperarchive.com/candy-collector/1960s-kit-kat/,collection_item_candidate,cwa_capture_round_c8e3e7ac0913,nutrition_panel,Nutrition panel,ocr_text_surface,private_nutrition_panel_crop_path,primary_nutrition_panel,2,panel_capture_needed,high,private_nutrition_panel_crop,Crop the nutrition panel and serving-size text if visible.,nutrition_panel,cwa_surface_7cb3c3011e50b5;kit_kat_bar:cwa_surface_7cb3c3011e50b5;cwa_capture_round_c8e3e7ac0913:nutrition_panel;https://www.candywrapperarchive.com/candy-collector/1960s-kit-kat/#nutrition_panel,,,,1,rights_review_needed,source_link_only_no_public_image,1,0
cwa-private-capture-all-lineage-v1,cwa_surface_96ac86bb78e511,kit_kat_bar,Kit Kat Bar,1960s,www.candywrapperarchive.com,https://www.candywrapperarchive.com/candy-collector/1960s-kit-kat/,collection_item_candidate,cwa_capture_round_c8e3e7ac0913,wrapper_back_or_side,Wrapper back or side text,ocr_text_surface,private_wrapper_back_or_side_crop_path,support_package_text,3,readable_panel_photo_needed,medium,private_back_or_side_text_crop,"Crop readable wrapper back/side text, prioritizing ingredients, nutrition, net weight, maker, or date cues.",package_back_side_text,cwa_surface_96ac86bb78e511;kit_kat_bar:cwa_surface_96ac86bb78e511;cwa_capture_round_c8e3e7ac0913:wrapper_back_or_side;https://www.candywrapperarchive.com/candy-collector/1960s-kit-kat/#wrapper_back_or_side,,,,1,rights_review_needed,source_link_only_no_public_image,1,0
cwa-private-capture-all-lineage-v1,cwa_surface_e7ad84c88ca058,kit_kat_bar,Kit Kat Bar,1960s,www.candywrapperarchive.com,https://www.candywrapperarchive.com/candy-collector/1960s-kit-kat/,collection_item_candidate,cwa_capture_round_c8e3e7ac0913,net_weight,Net weight,ocr_text_surface,private_net_weight_crop_path,support_package_text,4,readable_panel_photo_needed,medium,private_net_weight_crop,Crop net weight and package-size text.,net_weight,cwa_surface_e7ad84c88ca058;kit_kat_bar:cwa_surface_e7ad84c88ca058;cwa_capture_round_c8e3e7ac0913:net_weight;https://www.candywrapperarchive.com/candy-collector/1960s-kit-kat/#net_weight,,,,1,rights_review_needed,source_link_only_no_public_image,1,0
cwa-private-capture-all-lineage-v1,cwa_surface_47f3f199d7df53,kit_kat_bar,Kit Kat Bar,1960s,www.candywrapperarchive.com,https://www.candywrapperarchive.com/candy-collector/1960s-kit-kat/,collection_item_candidate,cwa_capture_round_c8e3e7ac0913,maker_or_date,Maker or date cue,ocr_text_surface,private_maker_or_date_crop_path,support_package_text,5,readable_panel_photo_needed,medium,private_maker_or_date_crop,"Crop maker/distributor, copyright, lot, or date cue text.",maker_distributor_or_date_cue,cwa_surface_47f3f199d7df53;kit_kat_bar:cwa_surface_47f3f199d7df53;cwa_capture_round_c8e3e7ac0913:maker_or_date;https://www.candywrapperarchive.com/candy-collector/1960s-kit-kat/#maker_or_date,,,,1,rights_review_needed,source_link_only_no_public_image,1,0
cwa-private-capture-all-lineage-v1,cwa_surface_92d2cebb0059d1,kit_kat_bar,Kit Kat Bar,1960s,www.candywrapperarchive.com,https://www.candywrapperarchive.com/candy-collector/1960s-kit-kat/,collection_item_candidate,cwa_capture_round_c8e3e7ac0913,wrapper_front_context,Wrapper front context,secondary_context_surface,private_wrapper_front_crop_path,secondary_product_context,6,secondary_context_only,low,private_wrapper_front_context_crop,Capture wrapper front only as product/package context after text surfaces are handled.,package_identity_context,cwa_surface_92d2cebb0059d1;kit_kat_bar:cwa_surface_92d2cebb0059d1;cwa_capture_round_c8e3e7ac0913:wrapper_front_context;https://www.candywrapperarchive.com/candy-collector/1960s-kit-kat/#wrapper_front_context,,,,0,rights_review_needed,source_link_only_no_public_image,1,0
cwa-private-capture-all-lineage-v1,cwa_surface_1a7f0aaf8af064,kit_kat_bar,Kit Kat Bar,1970s,www.candywrapperarchive.com,https://www.candywrapperarchive.com/candy-collector/1970s-kit-kat/,collection_item_candidate,cwa_capture_round_66d33df4c45c,ingredient_panel,Ingredient panel,ocr_text_surface,private_ingredient_panel_crop_path,primary_ingredient_panel,1,panel_capture_needed,high,private_ingredient_panel_crop,Crop the ingredient statement with enough package context to preserve product/date cues.,ingredient_panel,cwa_surface_1a7f0aaf8af064;kit_kat_bar:cwa_surface_1a7f0aaf8af064;cwa_capture_round_66d33df4c45c:ingredient_panel;https://www.candywrapperarchive.com/candy-collector/1970s-kit-kat/#ingredient_panel,,,,1,rights_review_needed,source_link_only_no_public_image,1,0
cwa-private-capture-all-lineage-v1,cwa_surface_8385705f7055c8,kit_kat_bar,Kit Kat Bar,1970s,www.candywrapperarchive.com,https://www.candywrapperarchive.com/candy-collector/1970s-kit-kat/,collection_item_candidate,cwa_capture_round_66d33df4c45c,nutrition_panel,Nutrition panel,ocr_text_surface,private_nutrition_panel_crop_path,primary_nutrition_panel,2,panel_capture_needed,high,private_nutrition_panel_crop,Crop the nutrition panel and serving-size text if visible.,nutrition_panel,cwa_surface_8385705f7055c8;kit_kat_bar:cwa_surface_8385705f7055c8;cwa_capture_round_66d33df4c45c:nutrition_panel;https://www.candywrapperarchive.com/candy-collector/1970s-kit-kat/#nutrition_panel,,,,1,rights_review_needed,source_link_only_no_public_image,1,0
cwa-private-capture-all-lineage-v1,cwa_surface_61dff2b370e9f7,kit_kat_bar,Kit Kat Bar,1970s,www.candywrapperarchive.com,https://www.candywrapperarchive.com/candy-collector/1970s-kit-kat/,collection_item_candidate,cwa_capture_round_66d33df4c45c,wrapper_back_or_side,Wrapper back or side text,ocr_text_surface,private_wrapper_back_or_side_crop_path,support_package_text,3,readable_panel_photo_needed,medium,private_back_or_side_text_crop,"Crop readable wrapper back/side text, prioritizing ingredients, nutrition, net weight, maker, or date cues.",package_back_side_text,cwa_surface_61dff2b370e9f7;kit_kat_bar:cwa_surface_61dff2b370e9f7;cwa_capture_round_66d33df4c45c:wrapper_back_or_side;https://www.candywrapperarchive.com/candy-collector/1970s-kit-kat/#wrapper_back_or_side,,,,1,rights_review_needed,source_link_only_no_public_image,1,0
cwa-private-capture-all-lineage-v1,cwa_surface_5700420d1993ad,kit_kat_bar,Kit Kat Bar,1970s,www.candywrapperarchive.com,https://www.candywrapperarchive.com/candy-collector/1970s-kit-kat/,collection_item_candidate,cwa_capture_round_66d33df4c45c,net_weight,Net weight,ocr_text_surface,private_net_weight_crop_path,support_package_text,4,readable_panel_photo_needed,medium,private_net_weight_crop,Crop net weight and package-size text.,net_weight,cwa_surface_5700420d1993ad;kit_kat_bar:cwa_surface_5700420d1993ad;cwa_capture_round_66d33df4c45c:net_weight;https://www.candywrapperarchive.com/candy-collector/1970s-kit-kat/#net_weight,,,,1,rights_review_needed,source_link_only_no_public_image,1,0
cwa-private-capture-all-lineage-v1,cwa_surface_1620c3a5bb78ab,kit_kat_bar,Kit Kat Bar,1970s,www.candywrapperarchive.com,https://www.candywrapperarchive.com/candy-collector/1970s-kit-kat/,collection_item_candidate,cwa_capture_round_66d33df4c45c,maker_or_date,Maker or date cue,ocr_text_surface,private_maker_or_date_crop_path,support_package_text,5,readable_panel_photo_needed,medium,private_maker_or_date_crop,"Crop maker/distributor, copyright, lot, or date cue text.",maker_distributor_or_date_cue,cwa_surface_1620c3a5bb78ab;kit_kat_bar:cwa_surface_1620c3a5bb78ab;cwa_capture_round_66d33df4c45c:maker_or_date;https://www.candywrapperarchive.com/candy-collector/1970s-kit-kat/#maker_or_date,,,,1,rights_review_needed,source_link_only_no_public_image,1,0
cwa-private-capture-all-lineage-v1,cwa_surface_5e137134844b17,kit_kat_bar,Kit Kat Bar,1970s,www.candywrapperarchive.com,https://www.candywrapperarchive.com/candy-collector/1970s-kit-kat/,collection_item_candidate,cwa_capture_round_66d33df4c45c,wrapper_front_context,Wrapper front context,secondary_context_surface,private_wrapper_front_crop_path,secondary_product_context,6,secondary_context_only,low,private_wrapper_front_context_crop,Capture wrapper front only as product/package context after text surfaces are handled.,package_identity_context,cwa_surface_5e137134844b17;kit_kat_bar:cwa_surface_5e137134844b17;cwa_capture_round_66d33df4c45c:wrapper_front_context;https://www.candywrapperarchive.com/candy-collector/1970s-kit-kat/#wrapper_front_context,,,,0,rights_review_needed,source_link_only_no_public_image,1,0
cwa-private-capture-all-lineage-v1,cwa_surface_af47e1cbe41d42,kit_kat_bar,Kit Kat Bar,2000,www.candywrapperarchive.com,https://www.candywrapperarchive.com/candy-collector/2000-kit-kat/,collection_item_candidate,cwa_capture_round_ad589fa515c8,ingredient_panel,Ingredient panel,ocr_text_surface,private_ingredient_panel_crop_path,primary_ingredient_panel,1,panel_capture_needed,high,private_ingredient_panel_crop,Crop the ingredient statement with enough package context to preserve product/date cues.,ingredient_panel,cwa_surface_af47e1cbe41d42;kit_kat_bar:cwa_surface_af47e1cbe41d42;cwa_capture_round_ad589fa515c8:ingredient_panel;https://www.candywrapperarchive.com/candy-collector/2000-kit-kat/#ingredient_panel,,,,1,rights_review_needed,source_link_only_no_public_image,1,0
cwa-private-capture-all-lineage-v1,cwa_surface_f00a169092ba2c,kit_kat_bar,Kit Kat Bar,2000,www.candywrapperarchive.com,https://www.candywrapperarchive.com/candy-collector/2000-kit-kat/,collection_item_candidate,cwa_capture_round_ad589fa515c8,nutrition_panel,Nutrition panel,ocr_text_surface,private_nutrition_panel_crop_path,primary_nutrition_panel,2,panel_capture_needed,high,private_nutrition_panel_crop,Crop the nutrition panel and serving-size text if visible.,nutrition_panel,cwa_surface_f00a169092ba2c;kit_kat_bar:cwa_surface_f00a169092ba2c;cwa_capture_round_ad589fa515c8:nutrition_panel;https://www.candywrapperarchive.com/candy-collector/2000-kit-kat/#nutrition_panel,,,,1,rights_review_needed,source_link_only_no_public_image,1,0
cwa-private-capture-all-lineage-v1,cwa_surface_5de55960a0cbda,kit_kat_bar,Kit Kat Bar,2000,www.candywrapperarchive.com,https://www.candywrapperarchive.com/candy-collector/2000-kit-kat/,collection_item_candidate,cwa_capture_round_ad589fa515c8,wrapper_back_or_side,Wrapper back or side text,ocr_text_surface,private_wrapper_back_or_side_crop_path,support_package_text,3,readable_panel_photo_needed,medium,private_back_or_side_text_crop,"Crop readable wrapper back/side text, prioritizing ingredients, nutrition, net weight, maker, or date cues.",package_back_side_text,cwa_surface_5de55960a0cbda;kit_kat_bar:cwa_surface_5de55960a0cbda;cwa_capture_round_ad589fa515c8:wrapper_back_or_side;https://www.candywrapperarchive.com/candy-collector/2000-kit-kat/#wrapper_back_or_side,,,,1,rights_review_needed,source_link_only_no_public_image,1,0
cwa-private-capture-all-lineage-v1,cwa_surface_889b5f4055565c,kit_kat_bar,Kit Kat Bar,2000,www.candywrapperarchive.com,https://www.candywrapperarchive.com/candy-collector/2000-kit-kat/,collection_item_candidate,cwa_capture_round_ad589fa515c8,net_weight,Net weight,ocr_text_surface,private_net_weight_crop_path,support_package_text,4,readable_panel_photo_needed,medium,private_net_weight_crop,Crop net weight and package-size text.,net_weight,cwa_surface_889b5f4055565c;kit_kat_bar:cwa_surface_889b5f4055565c;cwa_capture_round_ad589fa515c8:net_weight;https://www.candywrapperarchive.com/candy-collector/2000-kit-kat/#net_weight,,,,1,rights_review_needed,source_link_only_no_public_image,1,0
cwa-private-capture-all-lineage-v1,cwa_surface_d4cc5dbc27066b,kit_kat_bar,Kit Kat Bar,2000,www.candywrapperarchive.com,https://www.candywrapperarchive.com/candy-collector/2000-kit-kat/,collection_item_candidate,cwa_capture_round_ad589fa515c8,maker_or_date,Maker or date cue,ocr_text_surface,private_maker_or_date_crop_path,support_package_text,5,readable_panel_photo_needed,medium,private_maker_or_date_crop,"Crop maker/distributor, copyright, lot, or date cue text.",maker_distributor_or_date_cue,cwa_surface_d4cc5dbc27066b;kit_kat_bar:cwa_surface_d4cc5dbc27066b;cwa_capture_round_ad589fa515c8:maker_or_date;https://www.candywrapperarchive.com/candy-collector/2000-kit-kat/#maker_or_date,,,,1,rights_review_needed,source_link_only_no_public_image,1,0
cwa-private-capture-all-lineage-v1,cwa_surface_bf60f17548c80b,kit_kat_bar,Kit Kat Bar,2000,www.candywrapperarchive.com,https://www.candywrapperarchive.com/candy-collector/2000-kit-kat/,collection_item_candidate,cwa_capture_round_ad589fa515c8,wrapper_front_context,Wrapper front context,secondary_context_surface,private_wrapper_front_crop_path,secondary_product_context,6,secondary_context_only,low,private_wrapper_front_context_crop,Capture wrapper front only as product/package context after text surfaces are handled.,package_identity_context,cwa_surface_bf60f17548c80b;kit_kat_bar:cwa_surface_bf60f17548c80b;cwa_capture_round_ad589fa515c8:wrapper_front_context;https://www.candywrapperarchive.com/candy-collector/2000-kit-kat/#wrapper_front_context,,,,0,rights_review_needed,source_link_only_no_public_image,1,0
cwa-private-capture-all-lineage-v1,cwa_surface_5df9cded5cf949,kit_kat_bar,Kit Kat Bar,2002,www.candywrapperarchive.com,https://www.candywrapperarchive.com/candy-collector/2002-kit-kat/,collection_item_candidate,cwa_capture_round_1a504b43c6d5,ingredient_panel,Ingredient panel,ocr_text_surface,private_ingredient_panel_crop_path,primary_ingredient_panel,1,panel_capture_needed,high,private_ingredient_panel_crop,Crop the ingredient statement with enough package context to preserve product/date cues.,ingredient_panel,cwa_surface_5df9cded5cf949;kit_kat_bar:cwa_surface_5df9cded5cf949;cwa_capture_round_1a504b43c6d5:ingredient_panel;https://www.candywrapperarchive.com/candy-collector/2002-kit-kat/#ingredient_panel,,,,1,rights_review_needed,source_link_only_no_public_image,1,0
cwa-private-capture-all-lineage-v1,cwa_surface_4ec6857838d4e6,kit_kat_bar,Kit Kat Bar,2002,www.candywrapperarchive.com,https://www.candywrapperarchive.com/candy-collector/2002-kit-kat/,collection_item_candidate,cwa_capture_round_1a504b43c6d5,nutrition_panel,Nutrition panel,ocr_text_surface,private_nutrition_panel_crop_path,primary_nutrition_panel,2,panel_capture_needed,high,private_nutrition_panel_crop,Crop the nutrition panel and serving-size text if visible.,nutrition_panel,cwa_surface_4ec6857838d4e6;kit_kat_bar:cwa_surface_4ec6857838d4e6;cwa_capture_round_1a504b43c6d5:nutrition_panel;https://www.candywrapperarchive.com/candy-collector/2002-kit-kat/#nutrition_panel,,,,1,rights_review_needed,source_link_only_no_public_image,1,0
cwa-private-capture-all-lineage-v1,cwa_surface_7c9e678b08f9d4,kit_kat_bar,Kit Kat Bar,2002,www.candywrapperarchive.com,https://www.candywrapperarchive.com/candy-collector/2002-kit-kat/,collection_item_candidate,cwa_capture_round_1a504b43c6d5,wrapper_back_or_side,Wrapper back or side text,ocr_text_surface,private_wrapper_back_or_side_crop_path,support_package_text,3,readable_panel_photo_needed,medium,private_back_or_side_text_crop,"Crop readable wrapper back/side text, prioritizing ingredients, nutrition, net weight, maker, or date cues.",package_back_side_text,cwa_surface_7c9e678b08f9d4;kit_kat_bar:cwa_surface_7c9e678b08f9d4;cwa_capture_round_1a504b43c6d5:wrapper_back_or_side;https://www.candywrapperarchive.com/candy-collector/2002-kit-kat/#wrapper_back_or_side,,,,1,rights_review_needed,source_link_only_no_public_image,1,0
cwa-private-capture-all-lineage-v1,cwa_surface_73348d446a03d3,kit_kat_bar,Kit Kat Bar,2002,www.candywrapperarchive.com,https://www.candywrapperarchive.com/candy-collector/2002-kit-kat/,collection_item_candidate,cwa_capture_round_1a504b43c6d5,net_weight,Net weight,ocr_text_surface,private_net_weight_crop_path,support_package_text,4,readable_panel_photo_needed,medium,private_net_weight_crop,Crop net weight and package-size text.,net_weight,cwa_surface_73348d446a03d3;kit_kat_bar:cwa_surface_73348d446a03d3;cwa_capture_round_1a504b43c6d5:net_weight;https://www.candywrapperarchive.com/candy-collector/2002-kit-kat/#net_weight,,,,1,rights_review_needed,source_link_only_no_public_image,1,0
cwa-private-capture-all-lineage-v1,cwa_surface_9418ddbc8297b0,kit_kat_bar,Kit Kat Bar,2002,www.candywrapperarchive.com,https://www.candywrapperarchive.com/candy-collector/2002-kit-kat/,collection_item_candidate,cwa_capture_round_1a504b43c6d5,maker_or_date,Maker or date cue,ocr_text_surface,private_maker_or_date_crop_path,support_package_text,5,readable_panel_photo_needed,medium,private_maker_or_date_crop,"Crop maker/distributor, copyright, lot, or date cue text.",maker_distributor_or_date_cue,cwa_surface_9418ddbc8297b0;kit_kat_bar:cwa_surface_9418ddbc8297b0;cwa_capture_round_1a504b43c6d5:maker_or_date;https://www.candywrapperarchive.com/candy-collector/2002-kit-kat/#maker_or_date,,,,1,rights_review_needed,source_link_only_no_public_image,1,0
cwa-private-capture-all-lineage-v1,cwa_surface_ffbffc5a38df17,kit_kat_bar,Kit Kat Bar,2002,www.candywrapperarchive.com,https://www.candywrapperarchive.com/candy-collector/2002-kit-kat/,collection_item_candidate,cwa_capture_round_1a504b43c6d5,wrapper_front_context,Wrapper front context,secondary_context_surface,private_wrapper_front_crop_path,secondary_product_context,6,secondary_context_only,low,private_wrapper_front_context_crop,Capture wrapper front only as product/package context after text surfaces are handled.,package_identity_context,cwa_surface_ffbffc5a38df17;kit_kat_bar:cwa_surface_ffbffc5a38df17;cwa_capture_round_1a504b43c6d5:wrapper_front_context;https://www.candywrapperarchive.com/candy-collector/2002-kit-kat/#wrapper_front_context,,,,0,rights_review_needed,source_link_only_no_public_image,1,0
cwa-private-capture-all-lineage-v1,cwa_surface_0f4fb4cf3d456c,kit_kat_bar,Kit Kat Bar,2006,www.candywrapperarchive.com,https://www.candywrapperarchive.com/candy-collector/2006-kit-kat/,collection_item_candidate,cwa_capture_round_3134983b023d,ingredient_panel,Ingredient panel,ocr_text_surface,private_ingredient_panel_crop_path,primary_ingredient_panel,1,panel_capture_needed,high,private_ingredient_panel_crop,Crop the ingredient statement with enough package context to preserve product/date cues.,ingredient_panel,cwa_surface_0f4fb4cf3d456c;kit_kat_bar:cwa_surface_0f4fb4cf3d456c;cwa_capture_round_3134983b023d:ingredient_panel;https://www.candywrapperarchive.com/candy-collector/2006-kit-kat/#ingredient_panel,,,,1,rights_review_needed,source_link_only_no_public_image,1,0
cwa-private-capture-all-lineage-v1,cwa_surface_6b65bdd91e9611,kit_kat_bar,Kit Kat Bar,2006,www.candywrapperarchive.com,https://www.candywrapperarchive.com/candy-collector/2006-kit-kat/,collection_item_candidate,cwa_capture_round_3134983b023d,nutrition_panel,Nutrition panel,ocr_text_surface,private_nutrition_panel_crop_path,primary_nutrition_panel,2,panel_capture_needed,high,private_nutrition_panel_crop,Crop the nutrition panel and serving-size text if visible.,nutrition_panel,cwa_surface_6b65bdd91e9611;kit_kat_bar:cwa_surface_6b65bdd91e9611;cwa_capture_round_3134983b023d:nutrition_panel;https://www.candywrapperarchive.com/candy-collector/2006-kit-kat/#nutrition_panel,,,,1,rights_review_needed,source_link_only_no_public_image,1,0
cwa-private-capture-all-lineage-v1,cwa_surface_9c5c75da0da24a,kit_kat_bar,Kit Kat Bar,2006,www.candywrapperarchive.com,https://www.candywrapperarchive.com/candy-collector/2006-kit-kat/,collection_item_candidate,cwa_capture_round_3134983b023d,wrapper_back_or_side,Wrapper back or side text,ocr_text_surface,private_wrapper_back_or_side_crop_path,support_package_text,3,readable_panel_photo_needed,medium,private_back_or_side_text_crop,"Crop readable wrapper back/side text, prioritizing ingredients, nutrition, net weight, maker, or date cues.",package_back_side_text,cwa_surface_9c5c75da0da24a;kit_kat_bar:cwa_surface_9c5c75da0da24a;cwa_capture_round_3134983b023d:wrapper_back_or_side;https://www.candywrapperarchive.com/candy-collector/2006-kit-kat/#wrapper_back_or_side,,,,1,rights_review_needed,source_link_only_no_public_image,1,0
cwa-private-capture-all-lineage-v1,cwa_surface_7e925ed008e4f8,kit_kat_bar,Kit Kat Bar,2006,www.candywrapperarchive.com,https://www.candywrapperarchive.com/candy-collector/2006-kit-kat/,collection_item_candidate,cwa_capture_round_3134983b023d,net_weight,Net weight,ocr_text_surface,private_net_weight_crop_path,support_package_text,4,readable_panel_photo_needed,medium,private_net_weight_crop,Crop net weight and package-size text.,net_weight,cwa_surface_7e925ed008e4f8;kit_kat_bar:cwa_surface_7e925ed008e4f8;cwa_capture_round_3134983b023d:net_weight;https://www.candywrapperarchive.com/candy-collector/2006-kit-kat/#net_weight,,,,1,rights_review_needed,source_link_only_no_public_image,1,0
cwa-private-capture-all-lineage-v1,cwa_surface_baafc157bad9d7,kit_kat_bar,Kit Kat Bar,2006,www.candywrapperarchive.com,https://www.candywrapperarchive.com/candy-collector/2006-kit-kat/,collection_item_candidate,cwa_capture_round_3134983b023d,maker_or_date,Maker or date cue,ocr_text_surface,private_maker_or_date_crop_path,support_package_text,5,readable_panel_photo_needed,medium,private_maker_or_date_crop,"Crop maker/distributor, copyright, lot, or date cue text.",maker_distributor_or_date_cue,cwa_surface_baafc157bad9d7;kit_kat_bar:cwa_surface_baafc157bad9d7;cwa_capture_round_3134983b023d:maker_or_date;https://www.candywrapperarchive.com/candy-collector/2006-kit-kat/#maker_or_date,,,,1,rights_review_needed,source_link_only_no_public_image,1,0
cwa-private-capture-all-lineage-v1,cwa_surface_1f9c6eaa4b33e2,kit_kat_bar,Kit Kat Bar,2006,www.candywrapperarchive.com,https://www.candywrapperarchive.com/candy-collector/2006-kit-kat/,collection_item_candidate,cwa_capture_round_3134983b023d,wrapper_front_context,Wrapper front context,secondary_context_surface,private_wrapper_front_crop_path,secondary_product_context,6,secondary_context_only,low,private_wrapper_front_context_crop,Capture wrapper front only as product/package context after text surfaces are handled.,package_identity_context,cwa_surface_1f9c6eaa4b33e2;kit_kat_bar:cwa_surface_1f9c6eaa4b33e2;cwa_capture_round_3134983b023d:wrapper_front_context;https://www.candywrapperarchive.com/candy-collector/2006-kit-kat/#wrapper_front_context,,,,0,rights_review_needed,source_link_only_no_public_image,1,0
cwa-private-capture-all-lineage-v1,cwa_surface_7bc042dee88127,kit_kat_bar,Kit Kat Bar,2007,www.candywrapperarchive.com,https://www.candywrapperarchive.com/candy-collector/2007-kit-kat/,collection_item_candidate,cwa_capture_round_7ea03b5bae43,ingredient_panel,Ingredient panel,ocr_text_surface,private_ingredient_panel_crop_path,primary_ingredient_panel,1,panel_capture_needed,high,private_ingredient_panel_crop,Crop the ingredient statement with enough package context to preserve product/date cues.,ingredient_panel,cwa_surface_7bc042dee88127;kit_kat_bar:cwa_surface_7bc042dee88127;cwa_capture_round_7ea03b5bae43:ingredient_panel;https://www.candywrapperarchive.com/candy-collector/2007-kit-kat/#ingredient_panel,,,,1,rights_review_needed,source_link_only_no_public_image,1,0
cwa-private-capture-all-lineage-v1,cwa_surface_1671da08f64fcc,kit_kat_bar,Kit Kat Bar,2007,www.candywrapperarchive.com,https://www.candywrapperarchive.com/candy-collector/2007-kit-kat/,collection_item_candidate,cwa_capture_round_7ea03b5bae43,nutrition_panel,Nutrition panel,ocr_text_surface,private_nutrition_panel_crop_path,primary_nutrition_panel,2,panel_capture_needed,high,private_nutrition_panel_crop,Crop the nutrition panel and serving-size text if visible.,nutrition_panel,cwa_surface_1671da08f64fcc;kit_kat_bar:cwa_surface_1671da08f64fcc;cwa_capture_round_7ea03b5bae43:nutrition_panel;https://www.candywrapperarchive.com/candy-collector/2007-kit-kat/#nutrition_panel,,,,1,rights_review_needed,source_link_only_no_public_image,1,0
cwa-private-capture-all-lineage-v1,cwa_surface_931fb577211f8b,kit_kat_bar,Kit Kat Bar,2007,www.candywrapperarchive.com,https://www.candywrapperarchive.com/candy-collector/2007-kit-kat/,collection_item_candidate,cwa_capture_round_7ea03b5bae43,wrapper_back_or_side,Wrapper back or side text,ocr_text_surface,private_wrapper_back_or_side_crop_path,support_package_text,3,readable_panel_photo_needed,medium,private_back_or_side_text_crop,"Crop readable wrapper back/side text, prioritizing ingredients, nutrition, net weight, maker, or date cues.",package_back_side_text,cwa_surface_931fb577211f8b;kit_kat_bar:cwa_surface_931fb577211f8b;cwa_capture_round_7ea03b5bae43:wrapper_back_or_side;https://www.candywrapperarchive.com/candy-collector/2007-kit-kat/#wrapper_back_or_side,,,,1,rights_review_needed,source_link_only_no_public_image,1,0
cwa-private-capture-all-lineage-v1,cwa_surface_0dd4d0c790f90e,kit_kat_bar,Kit Kat Bar,2007,www.candywrapperarchive.com,https://www.candywrapperarchive.com/candy-collector/2007-kit-kat/,collection_item_candidate,cwa_capture_round_7ea03b5bae43,net_weight,Net weight,ocr_text_surface,private_net_weight_crop_path,support_package_text,4,readable_panel_photo_needed,medium,private_net_weight_crop,Crop net weight and package-size text.,net_weight,cwa_surface_0dd4d0c790f90e;kit_kat_bar:cwa_surface_0dd4d0c790f90e;cwa_capture_round_7ea03b5bae43:net_weight;https://www.candywrapperarchive.com/candy-collector/2007-kit-kat/#net_weight,,,,1,rights_review_needed,source_link_only_no_public_image,1,0
cwa-private-capture-all-lineage-v1,cwa_surface_e9300d179fbb88,kit_kat_bar,Kit Kat Bar,2007,www.candywrapperarchive.com,https://www.candywrapperarchive.com/candy-collector/2007-kit-kat/,collection_item_candidate,cwa_capture_round_7ea03b5bae43,maker_or_date,Maker or date cue,ocr_text_surface,private_maker_or_date_crop_path,support_package_text,5,readable_panel_photo_needed,medium,private_maker_or_date_crop,"Crop maker/distributor, copyright, lot, or date cue text.",maker_distributor_or_date_cue,cwa_surface_e9300d179fbb88;kit_kat_bar:cwa_surface_e9300d179fbb88;cwa_capture_round_7ea03b5bae43:maker_or_date;https://www.candywrapperarchive.com/candy-collector/2007-kit-kat/#maker_or_date,,,,1,rights_review_needed,source_link_only_no_public_image,1,0
cwa-private-capture-all-lineage-v1,cwa_surface_e5814a8e5b3c6e,kit_kat_bar,Kit Kat Bar,2007,www.candywrapperarchive.com,https://www.candywrapperarchive.com/candy-collector/2007-kit-kat/,collection_item_candidate,cwa_capture_round_7ea03b5bae43,wrapper_front_context,Wrapper front context,secondary_context_surface,private_wrapper_front_crop_path,secondary_product_context,6,secondary_context_only,low,private_wrapper_front_context_crop,Capture wrapper front only as product/package context after text surfaces are handled.,package_identity_context,cwa_surface_e5814a8e5b3c6e;kit_kat_bar:cwa_surface_e5814a8e5b3c6e;cwa_capture_round_7ea03b5bae43:wrapper_front_context;https://www.candywrapperarchive.com/candy-collector/2007-kit-kat/#wrapper_front_context,,,,0,rights_review_needed,source_link_only_no_public_image,1,0
cwa-private-capture-all-lineage-v1,cwa_surface_5a48f033a35336,milky_way_bar,Milky Way Bar,1939,www.candywrapperarchive.com,https://www.candywrapperarchive.com/candy-collector/1939-milky-way/,collection_item_candidate,cwa_capture_round_47744bc31a5f,ingredient_panel,Ingredient panel,ocr_text_surface,private_ingredient_panel_crop_path,primary_ingredient_panel,1,panel_capture_needed,high,private_ingredient_panel_crop,Crop the ingredient statement with enough package context to preserve product/date cues.,ingredient_panel,cwa_surface_5a48f033a35336;milky_way_bar:cwa_surface_5a48f033a35336;cwa_capture_round_47744bc31a5f:ingredient_panel;https://www.candywrapperarchive.com/candy-collector/1939-milky-way/#ingredient_panel,,,,1,rights_review_needed,source_link_only_no_public_image,1,0
cwa-private-capture-all-lineage-v1,cwa_surface_e0689e7367773f,milky_way_bar,Milky Way Bar,1939,www.candywrapperarchive.com,https://www.candywrapperarchive.com/candy-collector/1939-milky-way/,collection_item_candidate,cwa_capture_round_47744bc31a5f,nutrition_panel,Nutrition panel,ocr_text_surface,private_nutrition_panel_crop_path,primary_nutrition_panel,2,panel_capture_needed,high,private_nutrition_panel_crop,Crop the nutrition panel and serving-size text if visible.,nutrition_panel,cwa_surface_e0689e7367773f;milky_way_bar:cwa_surface_e0689e7367773f;cwa_capture_round_47744bc31a5f:nutrition_panel;https://www.candywrapperarchive.com/candy-collector/1939-milky-way/#nutrition_panel,,,,1,rights_review_needed,source_link_only_no_public_image,1,0
cwa-private-capture-all-lineage-v1,cwa_surface_c36c11d70f27e4,milky_way_bar,Milky Way Bar,1939,www.candywrapperarchive.com,https://www.candywrapperarchive.com/candy-collector/1939-milky-way/,collection_item_candidate,cwa_capture_round_47744bc31a5f,wrapper_back_or_side,Wrapper back or side text,ocr_text_surface,private_wrapper_back_or_side_crop_path,support_package_text,3,readable_panel_photo_needed,medium,private_back_or_side_text_crop,"Crop readable wrapper back/side text, prioritizing ingredients, nutrition, net weight, maker, or date cues.",package_back_side_text,cwa_surface_c36c11d70f27e4;milky_way_bar:cwa_surface_c36c11d70f27e4;cwa_capture_round_47744bc31a5f:wrapper_back_or_side;https://www.candywrapperarchive.com/candy-collector/1939-milky-way/#wrapper_back_or_side,,,,1,rights_review_needed,source_link_only_no_public_image,1,0
cwa-private-capture-all-lineage-v1,cwa_surface_f55c36335f9fe6,milky_way_bar,Milky Way Bar,1939,www.candywrapperarchive.com,https://www.candywrapperarchive.com/candy-collector/1939-milky-way/,collection_item_candidate,cwa_capture_round_47744bc31a5f,net_weight,Net weight,ocr_text_surface,private_net_weight_crop_path,support_package_text,4,readable_panel_photo_needed,medium,private_net_weight_crop,Crop net weight and package-size text.,net_weight,cwa_surface_f55c36335f9fe6;milky_way_bar:cwa_surface_f55c36335f9fe6;cwa_capture_round_47744bc31a5f:net_weight;https://www.candywrapperarchive.com/candy-collector/1939-milky-way/#net_weight,,,,1,rights_review_needed,source_link_only_no_public_image,1,0
cwa-private-capture-all-lineage-v1,cwa_surface_d4661fffdb23d8,milky_way_bar,Milky Way Bar,1939,www.candywrapperarchive.com,https://www.candywrapperarchive.com/candy-collector/1939-milky-way/,collection_item_candidate,cwa_capture_round_47744bc31a5f,maker_or_date,Maker or date cue,ocr_text_surface,private_maker_or_date_crop_path,support_package_text,5,readable_panel_photo_needed,medium,private_maker_or_date_crop,"Crop maker/distributor, copyright, lot, or date cue text.",maker_distributor_or_date_cue,cwa_surface_d4661fffdb23d8;milky_way_bar:cwa_surface_d4661fffdb23d8;cwa_capture_round_47744bc31a5f:maker_or_date;https://www.candywrapperarchive.com/candy-collector/1939-milky-way/#maker_or_date,,,,1,rights_review_needed,source_link_only_no_public_image,1,0
cwa-private-capture-all-lineage-v1,cwa_surface_4632cbc2921249,milky_way_bar,Milky Way Bar,1939,www.candywrapperarchive.com,https://www.candywrapperarchive.com/candy-collector/1939-milky-way/,collection_item_candidate,cwa_capture_round_47744bc31a5f,wrapper_front_context,Wrapper front context,secondary_context_surface,private_wrapper_front_crop_path,secondary_product_context,6,secondary_context_only,low,private_wrapper_front_context_crop,Capture wrapper front only as product/package context after text surfaces are handled.,package_identity_context,cwa_surface_4632cbc2921249;milky_way_bar:cwa_surface_4632cbc2921249;cwa_capture_round_47744bc31a5f:wrapper_front_context;https://www.candywrapperarchive.com/candy-collector/1939-milky-way/#wrapper_front_context,,,,0,rights_review_needed,source_link_only_no_public_image,1,0
cwa-private-capture-all-lineage-v1,cwa_surface_2b0aae0585a04d,milky_way_bar,Milky Way Bar,1940s,www.candywrapperarchive.com,https://www.candywrapperarchive.com/candy-collector/1940s-milky-way/,collection_item_candidate,cwa_capture_round_769541b1c79e,ingredient_panel,Ingredient panel,ocr_text_surface,private_ingredient_panel_crop_path,primary_ingredient_panel,1,panel_capture_needed,high,private_ingredient_panel_crop,Crop the ingredient statement with enough package context to preserve product/date cues.,ingredient_panel,cwa_surface_2b0aae0585a04d;milky_way_bar:cwa_surface_2b0aae0585a04d;cwa_capture_round_769541b1c79e:ingredient_panel;https://www.candywrapperarchive.com/candy-collector/1940s-milky-way/#ingredient_panel,,,,1,rights_review_needed,source_link_only_no_public_image,1,0
cwa-private-capture-all-lineage-v1,cwa_surface_a3e0ab382b961f,milky_way_bar,Milky Way Bar,1940s,www.candywrapperarchive.com,https://www.candywrapperarchive.com/candy-collector/1940s-milky-way/,collection_item_candidate,cwa_capture_round_769541b1c79e,nutrition_panel,Nutrition panel,ocr_text_surface,private_nutrition_panel_crop_path,primary_nutrition_panel,2,panel_capture_needed,high,private_nutrition_panel_crop,Crop the nutrition panel and serving-size text if visible.,nutrition_panel,cwa_surface_a3e0ab382b961f;milky_way_bar:cwa_surface_a3e0ab382b961f;cwa_capture_round_769541b1c79e:nutrition_panel;https://www.candywrapperarchive.com/candy-collector/1940s-milky-way/#nutrition_panel,,,,1,rights_review_needed,source_link_only_no_public_image,1,0
cwa-private-capture-all-lineage-v1,cwa_surface_a4a787a1e450d2,milky_way_bar,Milky Way Bar,1940s,www.candywrapperarchive.com,https://www.candywrapperarchive.com/candy-collector/1940s-milky-way/,collection_item_candidate,cwa_capture_round_769541b1c79e,wrapper_back_or_side,Wrapper back or side text,ocr_text_surface,private_wrapper_back_or_side_crop_path,support_package_text,3,readable_panel_photo_needed,medium,private_back_or_side_text_crop,"Crop readable wrapper back/side text, prioritizing ingredients, nutrition, net weight, maker, or date cues.",package_back_side_text,cwa_surface_a4a787a1e450d2;milky_way_bar:cwa_surface_a4a787a1e450d2;cwa_capture_round_769541b1c79e:wrapper_back_or_side;https://www.candywrapperarchive.com/candy-collector/1940s-milky-way/#wrapper_back_or_side,,,,1,rights_review_needed,source_link_only_no_public_image,1,0
cwa-private-capture-all-lineage-v1,cwa_surface_a725c05e9f4def,milky_way_bar,Milky Way Bar,1940s,www.candywrapperarchive.com,https://www.candywrapperarchive.com/candy-collector/1940s-milky-way/,collection_item_candidate,cwa_capture_round_769541b1c79e,net_weight,Net weight,ocr_text_surface,private_net_weight_crop_path,support_package_text,4,readable_panel_photo_needed,medium,private_net_weight_crop,Crop net weight and package-size text.,net_weight,cwa_surface_a725c05e9f4def;milky_way_bar:cwa_surface_a725c05e9f4def;cwa_capture_round_769541b1c79e:net_weight;https://www.candywrapperarchive.com/candy-collector/1940s-milky-way/#net_weight,,,,1,rights_review_needed,source_link_only_no_public_image,1,0
cwa-private-capture-all-lineage-v1,cwa_surface_8e56fc4e289f5e,milky_way_bar,Milky Way Bar,1940s,www.candywrapperarchive.com,https://www.candywrapperarchive.com/candy-collector/1940s-milky-way/,collection_item_candidate,cwa_capture_round_769541b1c79e,maker_or_date,Maker or date cue,ocr_text_surface,private_maker_or_date_crop_path,support_package_text,5,readable_panel_photo_needed,medium,private_maker_or_date_crop,"Crop maker/distributor, copyright, lot, or date cue text.",maker_distributor_or_date_cue,cwa_surface_8e56fc4e289f5e;milky_way_bar:cwa_surface_8e56fc4e289f5e;cwa_capture_round_769541b1c79e:maker_or_date;https://www.candywrapperarchive.com/candy-collector/1940s-milky-way/#maker_or_date,,,,1,rights_review_needed,source_link_only_no_public_image,1,0
cwa-private-capture-all-lineage-v1,cwa_surface_938ad0520cc66f,milky_way_bar,Milky Way Bar,1940s,www.candywrapperarchive.com,https://www.candywrapperarchive.com/candy-collector/1940s-milky-way/,collection_item_candidate,cwa_capture_round_769541b1c79e,wrapper_front_context,Wrapper front context,secondary_context_surface,private_wrapper_front_crop_path,secondary_product_context,6,secondary_context_only,low,private_wrapper_front_context_crop,Capture wrapper front only as product/package context after text surfaces are handled.,package_identity_context,cwa_surface_938ad0520cc66f;milky_way_bar:cwa_surface_938ad0520cc66f;cwa_capture_round_769541b1c79e:wrapper_front_context;https://www.candywrapperarchive.com/candy-collector/1940s-milky-way/#wrapper_front_context,,,,0,rights_review_needed,source_link_only_no_public_image,1,0
cwa-private-capture-all-lineage-v1,cwa_surface_f023592a204d58,milky_way_bar,Milky Way Bar,1950s,www.candywrapperarchive.com,https://www.candywrapperarchive.com/candy-collector/1950s-milky-way-2/,collection_item_candidate,cwa_capture_round_c651fff27a75,ingredient_panel,Ingredient panel,ocr_text_surface,private_ingredient_panel_crop_path,primary_ingredient_panel,1,panel_capture_needed,high,private_ingredient_panel_crop,Crop the ingredient statement with enough package context to preserve product/date cues.,ingredient_panel,cwa_surface_f023592a204d58;milky_way_bar:cwa_surface_f023592a204d58;cwa_capture_round_c651fff27a75:ingredient_panel;https://www.candywrapperarchive.com/candy-collector/1950s-milky-way-2/#ingredient_panel,,,,1,rights_review_needed,source_link_only_no_public_image,1,0
cwa-private-capture-all-lineage-v1,cwa_surface_4efead8bf070d8,milky_way_bar,Milky Way Bar,1950s,www.candywrapperarchive.com,https://www.candywrapperarchive.com/candy-collector/1950s-milky-way-2/,collection_item_candidate,cwa_capture_round_c651fff27a75,nutrition_panel,Nutrition panel,ocr_text_surface,private_nutrition_panel_crop_path,primary_nutrition_panel,2,panel_capture_needed,high,private_nutrition_panel_crop,Crop the nutrition panel and serving-size text if visible.,nutrition_panel,cwa_surface_4efead8bf070d8;milky_way_bar:cwa_surface_4efead8bf070d8;cwa_capture_round_c651fff27a75:nutrition_panel;https://www.candywrapperarchive.com/candy-collector/1950s-milky-way-2/#nutrition_panel,,,,1,rights_review_needed,source_link_only_no_public_image,1,0
cwa-private-capture-all-lineage-v1,cwa_surface_d39d479b3a31c4,milky_way_bar,Milky Way Bar,1950s,www.candywrapperarchive.com,https://www.candywrapperarchive.com/candy-collector/1950s-milky-way-2/,collection_item_candidate,cwa_capture_round_c651fff27a75,wrapper_back_or_side,Wrapper back or side text,ocr_text_surface,private_wrapper_back_or_side_crop_path,support_package_text,3,readable_panel_photo_needed,medium,private_back_or_side_text_crop,"Crop readable wrapper back/side text, prioritizing ingredients, nutrition, net weight, maker, or date cues.",package_back_side_text,cwa_surface_d39d479b3a31c4;milky_way_bar:cwa_surface_d39d479b3a31c4;cwa_capture_round_c651fff27a75:wrapper_back_or_side;https://www.candywrapperarchive.com/candy-collector/1950s-milky-way-2/#wrapper_back_or_side,,,,1,rights_review_needed,source_link_only_no_public_image,1,0
cwa-private-capture-all-lineage-v1,cwa_surface_96e6b8aab86d7f,milky_way_bar,Milky Way Bar,1950s,www.candywrapperarchive.com,https://www.candywrapperarchive.com/candy-collector/1950s-milky-way-2/,collection_item_candidate,cwa_capture_round_c651fff27a75,net_weight,Net weight,ocr_text_surface,private_net_weight_crop_path,support_package_text,4,readable_panel_photo_needed,medium,private_net_weight_crop,Crop net weight and package-size text.,net_weight,cwa_surface_96e6b8aab86d7f;milky_way_bar:cwa_surface_96e6b8aab86d7f;cwa_capture_round_c651fff27a75:net_weight;https://www.candywrapperarchive.com/candy-collector/1950s-milky-way-2/#net_weight,,,,1,rights_review_needed,source_link_only_no_public_image,1,0
cwa-private-capture-all-lineage-v1,cwa_surface_f0eaac8891e425,milky_way_bar,Milky Way Bar,1950s,www.candywrapperarchive.com,https://www.candywrapperarchive.com/candy-collector/1950s-milky-way-2/,collection_item_candidate,cwa_capture_round_c651fff27a75,maker_or_date,Maker or date cue,ocr_text_surface,private_maker_or_date_crop_path,support_package_text,5,readable_panel_photo_needed,medium,private_maker_or_date_crop,"Crop maker/distributor, copyright, lot, or date cue text.",maker_distributor_or_date_cue,cwa_surface_f0eaac8891e425;milky_way_bar:cwa_surface_f0eaac8891e425;cwa_capture_round_c651fff27a75:maker_or_date;https://www.candywrapperarchive.com/candy-collector/1950s-milky-way-2/#maker_or_date,,,,1,rights_review_needed,source_link_only_no_public_image,1,0
cwa-private-capture-all-lineage-v1,cwa_surface_6830337cada220,milky_way_bar,Milky Way Bar,1950s,www.candywrapperarchive.com,https://www.candywrapperarchive.com/candy-collector/1950s-milky-way-2/,collection_item_candidate,cwa_capture_round_c651fff27a75,wrapper_front_context,Wrapper front context,secondary_context_surface,private_wrapper_front_crop_path,secondary_product_context,6,secondary_context_only,low,private_wrapper_front_context_crop,Capture wrapper front only as product/package context after text surfaces are handled.,package_identity_context,cwa_surface_6830337cada220;milky_way_bar:cwa_surface_6830337cada220;cwa_capture_round_c651fff27a75:wrapper_front_context;https://www.candywrapperarchive.com/candy-collector/1950s-milky-way-2/#wrapper_front_context,,,,0,rights_review_needed,source_link_only_no_public_image,1,0
cwa-private-capture-all-lineage-v1,cwa_surface_0ab1fa13406e1c,milky_way_bar,Milky Way Bar,1958,www.candywrapperarchive.com,https://www.candywrapperarchive.com/candy-collector/1958-milky-way/,collection_item_candidate,cwa_capture_round_e4cc1da5f5f2,ingredient_panel,Ingredient panel,ocr_text_surface,private_ingredient_panel_crop_path,primary_ingredient_panel,1,panel_capture_needed,high,private_ingredient_panel_crop,Crop the ingredient statement with enough package context to preserve product/date cues.,ingredient_panel,cwa_surface_0ab1fa13406e1c;milky_way_bar:cwa_surface_0ab1fa13406e1c;cwa_capture_round_e4cc1da5f5f2:ingredient_panel;https://www.candywrapperarchive.com/candy-collector/1958-milky-way/#ingredient_panel,,,,1,rights_review_needed,source_link_only_no_public_image,1,0
cwa-private-capture-all-lineage-v1,cwa_surface_807938cb91b298,milky_way_bar,Milky Way Bar,1958,www.candywrapperarchive.com,https://www.candywrapperarchive.com/candy-collector/1958-milky-way/,collection_item_candidate,cwa_capture_round_e4cc1da5f5f2,nutrition_panel,Nutrition panel,ocr_text_surface,private_nutrition_panel_crop_path,primary_nutrition_panel,2,panel_capture_needed,high,private_nutrition_panel_crop,Crop the nutrition panel and serving-size text if visible.,nutrition_panel,cwa_surface_807938cb91b298;milky_way_bar:cwa_surface_807938cb91b298;cwa_capture_round_e4cc1da5f5f2:nutrition_panel;https://www.candywrapperarchive.com/candy-collector/1958-milky-way/#nutrition_panel,,,,1,rights_review_needed,source_link_only_no_public_image,1,0
cwa-private-capture-all-lineage-v1,cwa_surface_b2c7150f78c65a,milky_way_bar,Milky Way Bar,1958,www.candywrapperarchive.com,https://www.candywrapperarchive.com/candy-collector/1958-milky-way/,collection_item_candidate,cwa_capture_round_e4cc1da5f5f2,wrapper_back_or_side,Wrapper back or side text,ocr_text_surface,private_wrapper_back_or_side_crop_path,support_package_text,3,readable_panel_photo_needed,medium,private_back_or_side_text_crop,"Crop readable wrapper back/side text, prioritizing ingredients, nutrition, net weight, maker, or date cues.",package_back_side_text,cwa_surface_b2c7150f78c65a;milky_way_bar:cwa_surface_b2c7150f78c65a;cwa_capture_round_e4cc1da5f5f2:wrapper_back_or_side;https://www.candywrapperarchive.com/candy-collector/1958-milky-way/#wrapper_back_or_side,,,,1,rights_review_needed,source_link_only_no_public_image,1,0
cwa-private-capture-all-lineage-v1,cwa_surface_4db8632b35baec,milky_way_bar,Milky Way Bar,1958,www.candywrapperarchive.com,https://www.candywrapperarchive.com/candy-collector/1958-milky-way/,collection_item_candidate,cwa_capture_round_e4cc1da5f5f2,net_weight,Net weight,ocr_text_surface,private_net_weight_crop_path,support_package_text,4,readable_panel_photo_needed,medium,private_net_weight_crop,Crop net weight and package-size text.,net_weight,cwa_surface_4db8632b35baec;milky_way_bar:cwa_surface_4db8632b35baec;cwa_capture_round_e4cc1da5f5f2:net_weight;https://www.candywrapperarchive.com/candy-collector/1958-milky-way/#net_weight,,,,1,rights_review_needed,source_link_only_no_public_image,1,0
cwa-private-capture-all-lineage-v1,cwa_surface_e954f7f9a6fa9b,milky_way_bar,Milky Way Bar,1958,www.candywrapperarchive.com,https://www.candywrapperarchive.com/candy-collector/1958-milky-way/,collection_item_candidate,cwa_capture_round_e4cc1da5f5f2,maker_or_date,Maker or date cue,ocr_text_surface,private_maker_or_date_crop_path,support_package_text,5,readable_panel_photo_needed,medium,private_maker_or_date_crop,"Crop maker/distributor, copyright, lot, or date cue text.",maker_distributor_or_date_cue,cwa_surface_e954f7f9a6fa9b;milky_way_bar:cwa_surface_e954f7f9a6fa9b;cwa_capture_round_e4cc1da5f5f2:maker_or_date;https://www.candywrapperarchive.com/candy-collector/1958-milky-way/#maker_or_date,,,,1,rights_review_needed,source_link_only_no_public_image,1,0
cwa-private-capture-all-lineage-v1,cwa_surface_3ad4c0b92b8d2c,milky_way_bar,Milky Way Bar,1958,www.candywrapperarchive.com,https://www.candywrapperarchive.com/candy-collector/1958-milky-way/,collection_item_candidate,cwa_capture_round_e4cc1da5f5f2,wrapper_front_context,Wrapper front context,secondary_context_surface,private_wrapper_front_crop_path,secondary_product_context,6,secondary_context_only,low,private_wrapper_front_context_crop,Capture wrapper front only as product/package context after text surfaces are handled.,package_identity_context,cwa_surface_3ad4c0b92b8d2c;milky_way_bar:cwa_surface_3ad4c0b92b8d2c;cwa_capture_round_e4cc1da5f5f2:wrapper_front_context;https://www.candywrapperarchive.com/candy-collector/1958-milky-way/#wrapper_front_context,,,,0,rights_review_needed,source_link_only_no_public_image,1,0
cwa-private-capture-all-lineage-v1,cwa_surface_8dc0fb5d539b02,mms_milk_chocolate,M&M's Milk Chocolate Candies,1970s,www.candywrapperarchive.com,https://www.candywrapperarchive.com/candy-collector/1970s-mms/,collection_item_candidate,cwa_capture_round_aa2b495293ec,ingredient_panel,Ingredient panel,ocr_text_surface,private_ingredient_panel_crop_path,primary_ingredient_panel,1,panel_capture_needed,high,private_ingredient_panel_crop,Crop the ingredient statement with enough package context to preserve product/date cues.,ingredient_panel,cwa_surface_8dc0fb5d539b02;mms_milk_chocolate:cwa_surface_8dc0fb5d539b02;cwa_capture_round_aa2b495293ec:ingredient_panel;https://www.candywrapperarchive.com/candy-collector/1970s-mms/#ingredient_panel,,,,1,rights_review_needed,source_link_only_no_public_image,1,0
cwa-private-capture-all-lineage-v1,cwa_surface_62bfa9b9b015d9,mms_milk_chocolate,M&M's Milk Chocolate Candies,1970s,www.candywrapperarchive.com,https://www.candywrapperarchive.com/candy-collector/1970s-mms/,collection_item_candidate,cwa_capture_round_aa2b495293ec,nutrition_panel,Nutrition panel,ocr_text_surface,private_nutrition_panel_crop_path,primary_nutrition_panel,2,panel_capture_needed,high,private_nutrition_panel_crop,Crop the nutrition panel and serving-size text if visible.,nutrition_panel,cwa_surface_62bfa9b9b015d9;mms_milk_chocolate:cwa_surface_62bfa9b9b015d9;cwa_capture_round_aa2b495293ec:nutrition_panel;https://www.candywrapperarchive.com/candy-collector/1970s-mms/#nutrition_panel,,,,1,rights_review_needed,source_link_only_no_public_image,1,0
cwa-private-capture-all-lineage-v1,cwa_surface_a1b2a3e2c92e42,mms_milk_chocolate,M&M's Milk Chocolate Candies,1970s,www.candywrapperarchive.com,https://www.candywrapperarchive.com/candy-collector/1970s-mms/,collection_item_candidate,cwa_capture_round_aa2b495293ec,wrapper_back_or_side,Wrapper back or side text,ocr_text_surface,private_wrapper_back_or_side_crop_path,support_package_text,3,readable_panel_photo_needed,medium,private_back_or_side_text_crop,"Crop readable wrapper back/side text, prioritizing ingredients, nutrition, net weight, maker, or date cues.",package_back_side_text,cwa_surface_a1b2a3e2c92e42;mms_milk_chocolate:cwa_surface_a1b2a3e2c92e42;cwa_capture_round_aa2b495293ec:wrapper_back_or_side;https://www.candywrapperarchive.com/candy-collector/1970s-mms/#wrapper_back_or_side,,,,1,rights_review_needed,source_link_only_no_public_image,1,0
cwa-private-capture-all-lineage-v1,cwa_surface_f4f7f01caffd86,mms_milk_chocolate,M&M's Milk Chocolate Candies,1970s,www.candywrapperarchive.com,https://www.candywrapperarchive.com/candy-collector/1970s-mms/,collection_item_candidate,cwa_capture_round_aa2b495293ec,net_weight,Net weight,ocr_text_surface,private_net_weight_crop_path,support_package_text,4,readable_panel_photo_needed,medium,private_net_weight_crop,Crop net weight and package-size text.,net_weight,cwa_surface_f4f7f01caffd86;mms_milk_chocolate:cwa_surface_f4f7f01caffd86;cwa_capture_round_aa2b495293ec:net_weight;https://www.candywrapperarchive.com/candy-collector/1970s-mms/#net_weight,,,,1,rights_review_needed,source_link_only_no_public_image,1,0
cwa-private-capture-all-lineage-v1,cwa_surface_c55224eaf3dffe,mms_milk_chocolate,M&M's Milk Chocolate Candies,1970s,www.candywrapperarchive.com,https://www.candywrapperarchive.com/candy-collector/1970s-mms/,collection_item_candidate,cwa_capture_round_aa2b495293ec,maker_or_date,Maker or date cue,ocr_text_surface,private_maker_or_date_crop_path,support_package_text,5,readable_panel_photo_needed,medium,private_maker_or_date_crop,"Crop maker/distributor, copyright, lot, or date cue text.",maker_distributor_or_date_cue,cwa_surface_c55224eaf3dffe;mms_milk_chocolate:cwa_surface_c55224eaf3dffe;cwa_capture_round_aa2b495293ec:maker_or_date;https://www.candywrapperarchive.com/candy-collector/1970s-mms/#maker_or_date,,,,1,rights_review_needed,source_link_only_no_public_image,1,0
cwa-private-capture-all-lineage-v1,cwa_surface_5366c74472c3d9,mms_milk_chocolate,M&M's Milk Chocolate Candies,1970s,www.candywrapperarchive.com,https://www.candywrapperarchive.com/candy-collector/1970s-mms/,collection_item_candidate,cwa_capture_round_aa2b495293ec,wrapper_front_context,Wrapper front context,secondary_context_surface,private_wrapper_front_crop_path,secondary_product_context,6,secondary_context_only,low,private_wrapper_front_context_crop,Capture wrapper front only as product/package context after text surfaces are handled.,package_identity_context,cwa_surface_5366c74472c3d9;mms_milk_chocolate:cwa_surface_5366c74472c3d9;cwa_capture_round_aa2b495293ec:wrapper_front_context;https://www.candywrapperarchive.com/candy-collector/1970s-mms/#wrapper_front_context,,,,0,rights_review_needed,source_link_only_no_public_image,1,0
cwa-private-capture-all-lineage-v1,cwa_surface_99c51d14dc8f89,mms_milk_chocolate,M&M's Milk Chocolate Candies,1997,www.candywrapperarchive.com,https://www.candywrapperarchive.com/candy-collector/1997-mm/,collection_item_candidate,cwa_capture_round_348bdfa9cb4c,ingredient_panel,Ingredient panel,ocr_text_surface,private_ingredient_panel_crop_path,primary_ingredient_panel,1,panel_capture_needed,high,private_ingredient_panel_crop,Crop the ingredient statement with enough package context to preserve product/date cues.,ingredient_panel,cwa_surface_99c51d14dc8f89;mms_milk_chocolate:cwa_surface_99c51d14dc8f89;cwa_capture_round_348bdfa9cb4c:ingredient_panel;https://www.candywrapperarchive.com/candy-collector/1997-mm/#ingredient_panel,,,,1,rights_review_needed,source_link_only_no_public_image,1,0
cwa-private-capture-all-lineage-v1,cwa_surface_b85fe5b69365d6,mms_milk_chocolate,M&M's Milk Chocolate Candies,1997,www.candywrapperarchive.com,https://www.candywrapperarchive.com/candy-collector/1997-mm/,collection_item_candidate,cwa_capture_round_348bdfa9cb4c,nutrition_panel,Nutrition panel,ocr_text_surface,private_nutrition_panel_crop_path,primary_nutrition_panel,2,panel_capture_needed,high,private_nutrition_panel_crop,Crop the nutrition panel and serving-size text if visible.,nutrition_panel,cwa_surface_b85fe5b69365d6;mms_milk_chocolate:cwa_surface_b85fe5b69365d6;cwa_capture_round_348bdfa9cb4c:nutrition_panel;https://www.candywrapperarchive.com/candy-collector/1997-mm/#nutrition_panel,,,,1,rights_review_needed,source_link_only_no_public_image,1,0
cwa-private-capture-all-lineage-v1,cwa_surface_26b9ad647ef323,mms_milk_chocolate,M&M's Milk Chocolate Candies,1997,www.candywrapperarchive.com,https://www.candywrapperarchive.com/candy-collector/1997-mm/,collection_item_candidate,cwa_capture_round_348bdfa9cb4c,wrapper_back_or_side,Wrapper back or side text,ocr_text_surface,private_wrapper_back_or_side_crop_path,support_package_text,3,readable_panel_photo_needed,medium,private_back_or_side_text_crop,"Crop readable wrapper back/side text, prioritizing ingredients, nutrition, net weight, maker, or date cues.",package_back_side_text,cwa_surface_26b9ad647ef323;mms_milk_chocolate:cwa_surface_26b9ad647ef323;cwa_capture_round_348bdfa9cb4c:wrapper_back_or_side;https://www.candywrapperarchive.com/candy-collector/1997-mm/#wrapper_back_or_side,,,,1,rights_review_needed,source_link_only_no_public_image,1,0
cwa-private-capture-all-lineage-v1,cwa_surface_a8ebd760ac4a2f,mms_milk_chocolate,M&M's Milk Chocolate Candies,1997,www.candywrapperarchive.com,https://www.candywrapperarchive.com/candy-collector/1997-mm/,collection_item_candidate,cwa_capture_round_348bdfa9cb4c,net_weight,Net weight,ocr_text_surface,private_net_weight_crop_path,support_package_text,4,readable_panel_photo_needed,medium,private_net_weight_crop,Crop net weight and package-size text.,net_weight,cwa_surface_a8ebd760ac4a2f;mms_milk_chocolate:cwa_surface_a8ebd760ac4a2f;cwa_capture_round_348bdfa9cb4c:net_weight;https://www.candywrapperarchive.com/candy-collector/1997-mm/#net_weight,,,,1,rights_review_needed,source_link_only_no_public_image,1,0
cwa-private-capture-all-lineage-v1,cwa_surface_2c179e3fec3e7a,mms_milk_chocolate,M&M's Milk Chocolate Candies,1997,www.candywrapperarchive.com,https://www.candywrapperarchive.com/candy-collector/1997-mm/,collection_item_candidate,cwa_capture_round_348bdfa9cb4c,maker_or_date,Maker or date cue,ocr_text_surface,private_maker_or_date_crop_path,support_package_text,5,readable_panel_photo_needed,medium,private_maker_or_date_crop,"Crop maker/distributor, copyright, lot, or date cue text.",maker_distributor_or_date_cue,cwa_surface_2c179e3fec3e7a;mms_milk_chocolate:cwa_surface_2c179e3fec3e7a;cwa_capture_round_348bdfa9cb4c:maker_or_date;https://www.candywrapperarchive.com/candy-collector/1997-mm/#maker_or_date,,,,1,rights_review_needed,source_link_only_no_public_image,1,0
cwa-private-capture-all-lineage-v1,cwa_surface_a80a1c8a3779b7,mms_milk_chocolate,M&M's Milk Chocolate Candies,1997,www.candywrapperarchive.com,https://www.candywrapperarchive.com/candy-collector/1997-mm/,collection_item_candidate,cwa_capture_round_348bdfa9cb4c,wrapper_front_context,Wrapper front context,secondary_context_surface,private_wrapper_front_crop_path,secondary_product_context,6,secondary_context_only,low,private_wrapper_front_context_crop,Capture wrapper front only as product/package context after text surfaces are handled.,package_identity_context,cwa_surface_a80a1c8a3779b7;mms_milk_chocolate:cwa_surface_a80a1c8a3779b7;cwa_capture_round_348bdfa9cb4c:wrapper_front_context;https://www.candywrapperarchive.com/candy-collector/1997-mm/#wrapper_front_context,,,,0,rights_review_needed,source_link_only_no_public_image,1,0
cwa-private-capture-all-lineage-v1,cwa_surface_95418c2d5cbfcb,mms_milk_chocolate,M&M's Milk Chocolate Candies,1997,www.candywrapperarchive.com,https://www.candywrapperarchive.com/candy-collector/1997-mm-2/,collection_item_candidate,cwa_capture_round_fe755a01a3e0,ingredient_panel,Ingredient panel,ocr_text_surface,private_ingredient_panel_crop_path,primary_ingredient_panel,1,panel_capture_needed,high,private_ingredient_panel_crop,Crop the ingredient statement with enough package context to preserve product/date cues.,ingredient_panel,cwa_surface_95418c2d5cbfcb;mms_milk_chocolate:cwa_surface_95418c2d5cbfcb;cwa_capture_round_fe755a01a3e0:ingredient_panel;https://www.candywrapperarchive.com/candy-collector/1997-mm-2/#ingredient_panel,,,,1,rights_review_needed,source_link_only_no_public_image,1,0
cwa-private-capture-all-lineage-v1,cwa_surface_c879eeaf5fa25b,mms_milk_chocolate,M&M's Milk Chocolate Candies,1997,www.candywrapperarchive.com,https://www.candywrapperarchive.com/candy-collector/1997-mm-2/,collection_item_candidate,cwa_capture_round_fe755a01a3e0,nutrition_panel,Nutrition panel,ocr_text_surface,private_nutrition_panel_crop_path,primary_nutrition_panel,2,panel_capture_needed,high,private_nutrition_panel_crop,Crop the nutrition panel and serving-size text if visible.,nutrition_panel,cwa_surface_c879eeaf5fa25b;mms_milk_chocolate:cwa_surface_c879eeaf5fa25b;cwa_capture_round_fe755a01a3e0:nutrition_panel;https://www.candywrapperarchive.com/candy-collector/1997-mm-2/#nutrition_panel,,,,1,rights_review_needed,source_link_only_no_public_image,1,0
cwa-private-capture-all-lineage-v1,cwa_surface_930f70821f7eea,mms_milk_chocolate,M&M's Milk Chocolate Candies,1997,www.candywrapperarchive.com,https://www.candywrapperarchive.com/candy-collector/1997-mm-2/,collection_item_candidate,cwa_capture_round_fe755a01a3e0,wrapper_back_or_side,Wrapper back or side text,ocr_text_surface,private_wrapper_back_or_side_crop_path,support_package_text,3,readable_panel_photo_needed,medium,private_back_or_side_text_crop,"Crop readable wrapper back/side text, prioritizing ingredients, nutrition, net weight, maker, or date cues.",package_back_side_text,cwa_surface_930f70821f7eea;mms_milk_chocolate:cwa_surface_930f70821f7eea;cwa_capture_round_fe755a01a3e0:wrapper_back_or_side;https://www.candywrapperarchive.com/candy-collector/1997-mm-2/#wrapper_back_or_side,,,,1,rights_review_needed,source_link_only_no_public_image,1,0
cwa-private-capture-all-lineage-v1,cwa_surface_e62dc30c513726,mms_milk_chocolate,M&M's Milk Chocolate Candies,1997,www.candywrapperarchive.com,https://www.candywrapperarchive.com/candy-collector/1997-mm-2/,collection_item_candidate,cwa_capture_round_fe755a01a3e0,net_weight,Net weight,ocr_text_surface,private_net_weight_crop_path,support_package_text,4,readable_panel_photo_needed,medium,private_net_weight_crop,Crop net weight and package-size text.,net_weight,cwa_surface_e62dc30c513726;mms_milk_chocolate:cwa_surface_e62dc30c513726;cwa_capture_round_fe755a01a3e0:net_weight;https://www.candywrapperarchive.com/candy-collector/1997-mm-2/#net_weight,,,,1,rights_review_needed,source_link_only_no_public_image,1,0
cwa-private-capture-all-lineage-v1,cwa_surface_c6724e841ef848,mms_milk_chocolate,M&M's Milk Chocolate Candies,1997,www.candywrapperarchive.com,https://www.candywrapperarchive.com/candy-collector/1997-mm-2/,collection_item_candidate,cwa_capture_round_fe755a01a3e0,maker_or_date,Maker or date cue,ocr_text_surface,private_maker_or_date_crop_path,support_package_text,5,readable_panel_photo_needed,medium,private_maker_or_date_crop,"Crop maker/distributor, copyright, lot, or date cue text.",maker_distributor_or_date_cue,cwa_surface_c6724e841ef848;mms_milk_chocolate:cwa_surface_c6724e841ef848;cwa_capture_round_fe755a01a3e0:maker_or_date;https://www.candywrapperarchive.com/candy-collector/1997-mm-2/#maker_or_date,,,,1,rights_review_needed,source_link_only_no_public_image,1,0
cwa-private-capture-all-lineage-v1,cwa_surface_07b5711c0b95e9,mms_milk_chocolate,M&M's Milk Chocolate Candies,1997,www.candywrapperarchive.com,https://www.candywrapperarchive.com/candy-collector/1997-mm-2/,collection_item_candidate,cwa_capture_round_fe755a01a3e0,wrapper_front_context,Wrapper front context,secondary_context_surface,private_wrapper_front_crop_path,secondary_product_context,6,secondary_context_only,low,private_wrapper_front_context_crop,Capture wrapper front only as product/package context after text surfaces are handled.,package_identity_context,cwa_surface_07b5711c0b95e9;mms_milk_chocolate:cwa_surface_07b5711c0b95e9;cwa_capture_round_fe755a01a3e0:wrapper_front_context;https://www.candywrapperarchive.com/candy-collector/1997-mm-2/#wrapper_front_context,,,,0,rights_review_needed,source_link_only_no_public_image,1,0
cwa-private-capture-all-lineage-v1,cwa_surface_d5471e5d5c6dad,mms_milk_chocolate,M&M's Milk Chocolate Candies,1998,www.candywrapperarchive.com,https://www.candywrapperarchive.com/candy-collector/1998-mm/,collection_item_candidate,cwa_capture_round_f95397fbf1e3,ingredient_panel,Ingredient panel,ocr_text_surface,private_ingredient_panel_crop_path,primary_ingredient_panel,1,panel_capture_needed,high,private_ingredient_panel_crop,Crop the ingredient statement with enough package context to preserve product/date cues.,ingredient_panel,cwa_surface_d5471e5d5c6dad;mms_milk_chocolate:cwa_surface_d5471e5d5c6dad;cwa_capture_round_f95397fbf1e3:ingredient_panel;https://www.candywrapperarchive.com/candy-collector/1998-mm/#ingredient_panel,,,,1,rights_review_needed,source_link_only_no_public_image,1,0
cwa-private-capture-all-lineage-v1,cwa_surface_7db09efff9edaa,mms_milk_chocolate,M&M's Milk Chocolate Candies,1998,www.candywrapperarchive.com,https://www.candywrapperarchive.com/candy-collector/1998-mm/,collection_item_candidate,cwa_capture_round_f95397fbf1e3,nutrition_panel,Nutrition panel,ocr_text_surface,private_nutrition_panel_crop_path,primary_nutrition_panel,2,panel_capture_needed,high,private_nutrition_panel_crop,Crop the nutrition panel and serving-size text if visible.,nutrition_panel,cwa_surface_7db09efff9edaa;mms_milk_chocolate:cwa_surface_7db09efff9edaa;cwa_capture_round_f95397fbf1e3:nutrition_panel;https://www.candywrapperarchive.com/candy-collector/1998-mm/#nutrition_panel,,,,1,rights_review_needed,source_link_only_no_public_image,1,0
cwa-private-capture-all-lineage-v1,cwa_surface_5058b493b5c41e,mms_milk_chocolate,M&M's Milk Chocolate Candies,1998,www.candywrapperarchive.com,https://www.candywrapperarchive.com/candy-collector/1998-mm/,collection_item_candidate,cwa_capture_round_f95397fbf1e3,wrapper_back_or_side,Wrapper back or side text,ocr_text_surface,private_wrapper_back_or_side_crop_path,support_package_text,3,readable_panel_photo_needed,medium,private_back_or_side_text_crop,"Crop readable wrapper back/side text, prioritizing ingredients, nutrition, net weight, maker, or date cues.",package_back_side_text,cwa_surface_5058b493b5c41e;mms_milk_chocolate:cwa_surface_5058b493b5c41e;cwa_capture_round_f95397fbf1e3:wrapper_back_or_side;https://www.candywrapperarchive.com/candy-collector/1998-mm/#wrapper_back_or_side,,,,1,rights_review_needed,source_link_only_no_public_image,1,0
cwa-private-capture-all-lineage-v1,cwa_surface_99ba5d8cc4996e,mms_milk_chocolate,M&M's Milk Chocolate Candies,1998,www.candywrapperarchive.com,https://www.candywrapperarchive.com/candy-collector/1998-mm/,collection_item_candidate,cwa_capture_round_f95397fbf1e3,net_weight,Net weight,ocr_text_surface,private_net_weight_crop_path,support_package_text,4,readable_panel_photo_needed,medium,private_net_weight_crop,Crop net weight and package-size text.,net_weight,cwa_surface_99ba5d8cc4996e;mms_milk_chocolate:cwa_surface_99ba5d8cc4996e;cwa_capture_round_f95397fbf1e3:net_weight;https://www.candywrapperarchive.com/candy-collector/1998-mm/#net_weight,,,,1,rights_review_needed,source_link_only_no_public_image,1,0
cwa-private-capture-all-lineage-v1,cwa_surface_795133b9e322a3,mms_milk_chocolate,M&M's Milk Chocolate Candies,1998,www.candywrapperarchive.com,https://www.candywrapperarchive.com/candy-collector/1998-mm/,collection_item_candidate,cwa_capture_round_f95397fbf1e3,maker_or_date,Maker or date cue,ocr_text_surface,private_maker_or_date_crop_path,support_package_text,5,readable_panel_photo_needed,medium,private_maker_or_date_crop,"Crop maker/distributor, copyright, lot, or date cue text.",maker_distributor_or_date_cue,cwa_surface_795133b9e322a3;mms_milk_chocolate:cwa_surface_795133b9e322a3;cwa_capture_round_f95397fbf1e3:maker_or_date;https://www.candywrapperarchive.com/candy-collector/1998-mm/#maker_or_date,,,,1,rights_review_needed,source_link_only_no_public_image,1,0
cwa-private-capture-all-lineage-v1,cwa_surface_e93a2238e87d26,mms_milk_chocolate,M&M's Milk Chocolate Candies,1998,www.candywrapperarchive.com,https://www.candywrapperarchive.com/candy-collector/1998-mm/,collection_item_candidate,cwa_capture_round_f95397fbf1e3,wrapper_front_context,Wrapper front context,secondary_context_surface,private_wrapper_front_crop_path,secondary_product_context,6,secondary_context_only,low,private_wrapper_front_context_crop,Capture wrapper front only as product/package context after text surfaces are handled.,package_identity_context,cwa_surface_e93a2238e87d26;mms_milk_chocolate:cwa_surface_e93a2238e87d26;cwa_capture_round_f95397fbf1e3:wrapper_front_context;https://www.candywrapperarchive.com/candy-collector/1998-mm/#wrapper_front_context,,,,0,rights_review_needed,source_link_only_no_public_image,1,0
cwa-private-capture-all-lineage-v1,cwa_surface_568648b4da5d7c,mms_milk_chocolate,M&M's Milk Chocolate Candies,1998,www.candywrapperarchive.com,https://www.candywrapperarchive.com/candy-collector/1998-mm-2/,collection_item_candidate,cwa_capture_round_340f34a25f9d,ingredient_panel,Ingredient panel,ocr_text_surface,private_ingredient_panel_crop_path,primary_ingredient_panel,1,panel_capture_needed,high,private_ingredient_panel_crop,Crop the ingredient statement with enough package context to preserve product/date cues.,ingredient_panel,cwa_surface_568648b4da5d7c;mms_milk_chocolate:cwa_surface_568648b4da5d7c;cwa_capture_round_340f34a25f9d:ingredient_panel;https://www.candywrapperarchive.com/candy-collector/1998-mm-2/#ingredient_panel,,,,1,rights_review_needed,source_link_only_no_public_image,1,0
cwa-private-capture-all-lineage-v1,cwa_surface_6c578dd8b244f1,mms_milk_chocolate,M&M's Milk Chocolate Candies,1998,www.candywrapperarchive.com,https://www.candywrapperarchive.com/candy-collector/1998-mm-2/,collection_item_candidate,cwa_capture_round_340f34a25f9d,nutrition_panel,Nutrition panel,ocr_text_surface,private_nutrition_panel_crop_path,primary_nutrition_panel,2,panel_capture_needed,high,private_nutrition_panel_crop,Crop the nutrition panel and serving-size text if visible.,nutrition_panel,cwa_surface_6c578dd8b244f1;mms_milk_chocolate:cwa_surface_6c578dd8b244f1;cwa_capture_round_340f34a25f9d:nutrition_panel;https://www.candywrapperarchive.com/candy-collector/1998-mm-2/#nutrition_panel,,,,1,rights_review_needed,source_link_only_no_public_image,1,0
cwa-private-capture-all-lineage-v1,cwa_surface_fa28792de5e367,mms_milk_chocolate,M&M's Milk Chocolate Candies,1998,www.candywrapperarchive.com,https://www.candywrapperarchive.com/candy-collector/1998-mm-2/,collection_item_candidate,cwa_capture_round_340f34a25f9d,wrapper_back_or_side,Wrapper back or side text,ocr_text_surface,private_wrapper_back_or_side_crop_path,support_package_text,3,readable_panel_photo_needed,medium,private_back_or_side_text_crop,"Crop readable wrapper back/side text, prioritizing ingredients, nutrition, net weight, maker, or date cues.",package_back_side_text,cwa_surface_fa28792de5e367;mms_milk_chocolate:cwa_surface_fa28792de5e367;cwa_capture_round_340f34a25f9d:wrapper_back_or_side;https://www.candywrapperarchive.com/candy-collector/1998-mm-2/#wrapper_back_or_side,,,,1,rights_review_needed,source_link_only_no_public_image,1,0
cwa-private-capture-all-lineage-v1,cwa_surface_f66edea2ad6a49,mms_milk_chocolate,M&M's Milk Chocolate Candies,1998,www.candywrapperarchive.com,https://www.candywrapperarchive.com/candy-collector/1998-mm-2/,collection_item_candidate,cwa_capture_round_340f34a25f9d,net_weight,Net weight,ocr_text_surface,private_net_weight_crop_path,support_package_text,4,readable_panel_photo_needed,medium,private_net_weight_crop,Crop net weight and package-size text.,net_weight,cwa_surface_f66edea2ad6a49;mms_milk_chocolate:cwa_surface_f66edea2ad6a49;cwa_capture_round_340f34a25f9d:net_weight;https://www.candywrapperarchive.com/candy-collector/1998-mm-2/#net_weight,,,,1,rights_review_needed,source_link_only_no_public_image,1,0
cwa-private-capture-all-lineage-v1,cwa_surface_698b688b1d43a8,mms_milk_chocolate,M&M's Milk Chocolate Candies,1998,www.candywrapperarchive.com,https://www.candywrapperarchive.com/candy-collector/1998-mm-2/,collection_item_candidate,cwa_capture_round_340f34a25f9d,maker_or_date,Maker or date cue,ocr_text_surface,private_maker_or_date_crop_path,support_package_text,5,readable_panel_photo_needed,medium,private_maker_or_date_crop,"Crop maker/distributor, copyright, lot, or date cue text.",maker_distributor_or_date_cue,cwa_surface_698b688b1d43a8;mms_milk_chocolate:cwa_surface_698b688b1d43a8;cwa_capture_round_340f34a25f9d:maker_or_date;https://www.candywrapperarchive.com/candy-collector/1998-mm-2/#maker_or_date,,,,1,rights_review_needed,source_link_only_no_public_image,1,0
cwa-private-capture-all-lineage-v1,cwa_surface_1bf5e9d0448d0a,mms_milk_chocolate,M&M's Milk Chocolate Candies,1998,www.candywrapperarchive.com,https://www.candywrapperarchive.com/candy-collector/1998-mm-2/,collection_item_candidate,cwa_capture_round_340f34a25f9d,wrapper_front_context,Wrapper front context,secondary_context_surface,private_wrapper_front_crop_path,secondary_product_context,6,secondary_context_only,low,private_wrapper_front_context_crop,Capture wrapper front only as product/package context after text surfaces are handled.,package_identity_context,cwa_surface_1bf5e9d0448d0a;mms_milk_chocolate:cwa_surface_1bf5e9d0448d0a;cwa_capture_round_340f34a25f9d:wrapper_front_context;https://www.candywrapperarchive.com/candy-collector/1998-mm-2/#wrapper_front_context,,,,0,rights_review_needed,source_link_only_no_public_image,1,0
cwa-private-capture-all-lineage-v1,cwa_surface_b6e5c38cc2e1bf,twix_bar,Twix Bar,2002,www.candywrapperarchive.com,https://www.candywrapperarchive.com/candy-collector/2002-twix/,collection_item_candidate,cwa_capture_round_69620a04a690,ingredient_panel,Ingredient panel,ocr_text_surface,private_ingredient_panel_crop_path,primary_ingredient_panel,1,panel_capture_needed,high,private_ingredient_panel_crop,Crop the ingredient statement with enough package context to preserve product/date cues.,ingredient_panel,cwa_surface_b6e5c38cc2e1bf;twix_bar:cwa_surface_b6e5c38cc2e1bf;cwa_capture_round_69620a04a690:ingredient_panel;https://www.candywrapperarchive.com/candy-collector/2002-twix/#ingredient_panel,,,,1,rights_review_needed,source_link_only_no_public_image,1,0
cwa-private-capture-all-lineage-v1,cwa_surface_f324b07b327ad4,twix_bar,Twix Bar,2002,www.candywrapperarchive.com,https://www.candywrapperarchive.com/candy-collector/2002-twix/,collection_item_candidate,cwa_capture_round_69620a04a690,nutrition_panel,Nutrition panel,ocr_text_surface,private_nutrition_panel_crop_path,primary_nutrition_panel,2,panel_capture_needed,high,private_nutrition_panel_crop,Crop the nutrition panel and serving-size text if visible.,nutrition_panel,cwa_surface_f324b07b327ad4;twix_bar:cwa_surface_f324b07b327ad4;cwa_capture_round_69620a04a690:nutrition_panel;https://www.candywrapperarchive.com/candy-collector/2002-twix/#nutrition_panel,,,,1,rights_review_needed,source_link_only_no_public_image,1,0
cwa-private-capture-all-lineage-v1,cwa_surface_faa5426400cac4,twix_bar,Twix Bar,2002,www.candywrapperarchive.com,https://www.candywrapperarchive.com/candy-collector/2002-twix/,collection_item_candidate,cwa_capture_round_69620a04a690,wrapper_back_or_side,Wrapper back or side text,ocr_text_surface,private_wrapper_back_or_side_crop_path,support_package_text,3,readable_panel_photo_needed,medium,private_back_or_side_text_crop,"Crop readable wrapper back/side text, prioritizing ingredients, nutrition, net weight, maker, or date cues.",package_back_side_text,cwa_surface_faa5426400cac4;twix_bar:cwa_surface_faa5426400cac4;cwa_capture_round_69620a04a690:wrapper_back_or_side;https://www.candywrapperarchive.com/candy-collector/2002-twix/#wrapper_back_or_side,,,,1,rights_review_needed,source_link_only_no_public_image,1,0
cwa-private-capture-all-lineage-v1,cwa_surface_71951761ca84db,twix_bar,Twix Bar,2002,www.candywrapperarchive.com,https://www.candywrapperarchive.com/candy-collector/2002-twix/,collection_item_candidate,cwa_capture_round_69620a04a690,net_weight,Net weight,ocr_text_surface,private_net_weight_crop_path,support_package_text,4,readable_panel_photo_needed,medium,private_net_weight_crop,Crop net weight and package-size text.,net_weight,cwa_surface_71951761ca84db;twix_bar:cwa_surface_71951761ca84db;cwa_capture_round_69620a04a690:net_weight;https://www.candywrapperarchive.com/candy-collector/2002-twix/#net_weight,,,,1,rights_review_needed,source_link_only_no_public_image,1,0
cwa-private-capture-all-lineage-v1,cwa_surface_4cba60f56e6055,twix_bar,Twix Bar,2002,www.candywrapperarchive.com,https://www.candywrapperarchive.com/candy-collector/2002-twix/,collection_item_candidate,cwa_capture_round_69620a04a690,maker_or_date,Maker or date cue,ocr_text_surface,private_maker_or_date_crop_path,support_package_text,5,readable_panel_photo_needed,medium,private_maker_or_date_crop,"Crop maker/distributor, copyright, lot, or date cue text.",maker_distributor_or_date_cue,cwa_surface_4cba60f56e6055;twix_bar:cwa_surface_4cba60f56e6055;cwa_capture_round_69620a04a690:maker_or_date;https://www.candywrapperarchive.com/candy-collector/2002-twix/#maker_or_date,,,,1,rights_review_needed,source_link_only_no_public_image,1,0
cwa-private-capture-all-lineage-v1,cwa_surface_fdb29dbc658747,twix_bar,Twix Bar,2002,www.candywrapperarchive.com,https://www.candywrapperarchive.com/candy-collector/2002-twix/,collection_item_candidate,cwa_capture_round_69620a04a690,wrapper_front_context,Wrapper front context,secondary_context_surface,private_wrapper_front_crop_path,secondary_product_context,6,secondary_context_only,low,private_wrapper_front_context_crop,Capture wrapper front only as product/package context after text surfaces are handled.,package_identity_context,cwa_surface_fdb29dbc658747;twix_bar:cwa_surface_fdb29dbc658747;cwa_capture_round_69620a04a690:wrapper_front_context;https://www.candywrapperarchive.com/candy-collector/2002-twix/#wrapper_front_context,,,,0,rights_review_needed,source_link_only_no_public_image,1,0
cwa-private-capture-all-lineage-v1,cwa_surface_02060dc6674c5b,twix_bar,Twix Bar,2003,www.candywrapperarchive.com,https://www.candywrapperarchive.com/candy-collector/2003-twix/,collection_item_candidate,cwa_capture_round_a6483cf04976,ingredient_panel,Ingredient panel,ocr_text_surface,private_ingredient_panel_crop_path,primary_ingredient_panel,1,panel_capture_needed,high,private_ingredient_panel_crop,Crop the ingredient statement with enough package context to preserve product/date cues.,ingredient_panel,cwa_surface_02060dc6674c5b;twix_bar:cwa_surface_02060dc6674c5b;cwa_capture_round_a6483cf04976:ingredient_panel;https://www.candywrapperarchive.com/candy-collector/2003-twix/#ingredient_panel,,,,1,rights_review_needed,source_link_only_no_public_image,1,0
cwa-private-capture-all-lineage-v1,cwa_surface_67c99e96069204,twix_bar,Twix Bar,2003,www.candywrapperarchive.com,https://www.candywrapperarchive.com/candy-collector/2003-twix/,collection_item_candidate,cwa_capture_round_a6483cf04976,nutrition_panel,Nutrition panel,ocr_text_surface,private_nutrition_panel_crop_path,primary_nutrition_panel,2,panel_capture_needed,high,private_nutrition_panel_crop,Crop the nutrition panel and serving-size text if visible.,nutrition_panel,cwa_surface_67c99e96069204;twix_bar:cwa_surface_67c99e96069204;cwa_capture_round_a6483cf04976:nutrition_panel;https://www.candywrapperarchive.com/candy-collector/2003-twix/#nutrition_panel,,,,1,rights_review_needed,source_link_only_no_public_image,1,0
cwa-private-capture-all-lineage-v1,cwa_surface_15a2bb8f567166,twix_bar,Twix Bar,2003,www.candywrapperarchive.com,https://www.candywrapperarchive.com/candy-collector/2003-twix/,collection_item_candidate,cwa_capture_round_a6483cf04976,wrapper_back_or_side,Wrapper back or side text,ocr_text_surface,private_wrapper_back_or_side_crop_path,support_package_text,3,readable_panel_photo_needed,medium,private_back_or_side_text_crop,"Crop readable wrapper back/side text, prioritizing ingredients, nutrition, net weight, maker, or date cues.",package_back_side_text,cwa_surface_15a2bb8f567166;twix_bar:cwa_surface_15a2bb8f567166;cwa_capture_round_a6483cf04976:wrapper_back_or_side;https://www.candywrapperarchive.com/candy-collector/2003-twix/#wrapper_back_or_side,,,,1,rights_review_needed,source_link_only_no_public_image,1,0
cwa-private-capture-all-lineage-v1,cwa_surface_1e344b8f5f6efa,twix_bar,Twix Bar,2003,www.candywrapperarchive.com,https://www.candywrapperarchive.com/candy-collector/2003-twix/,collection_item_candidate,cwa_capture_round_a6483cf04976,net_weight,Net weight,ocr_text_surface,private_net_weight_crop_path,support_package_text,4,readable_panel_photo_needed,medium,private_net_weight_crop,Crop net weight and package-size text.,net_weight,cwa_surface_1e344b8f5f6efa;twix_bar:cwa_surface_1e344b8f5f6efa;cwa_capture_round_a6483cf04976:net_weight;https://www.candywrapperarchive.com/candy-collector/2003-twix/#net_weight,,,,1,rights_review_needed,source_link_only_no_public_image,1,0
cwa-private-capture-all-lineage-v1,cwa_surface_87f2c572a6157e,twix_bar,Twix Bar,2003,www.candywrapperarchive.com,https://www.candywrapperarchive.com/candy-collector/2003-twix/,collection_item_candidate,cwa_capture_round_a6483cf04976,maker_or_date,Maker or date cue,ocr_text_surface,private_maker_or_date_crop_path,support_package_text,5,readable_panel_photo_needed,medium,private_maker_or_date_crop,"Crop maker/distributor, copyright, lot, or date cue text.",maker_distributor_or_date_cue,cwa_surface_87f2c572a6157e;twix_bar:cwa_surface_87f2c572a6157e;cwa_capture_round_a6483cf04976:maker_or_date;https://www.candywrapperarchive.com/candy-collector/2003-twix/#maker_or_date,,,,1,rights_review_needed,source_link_only_no_public_image,1,0
cwa-private-capture-all-lineage-v1,cwa_surface_c49ad40702fa6c,twix_bar,Twix Bar,2003,www.candywrapperarchive.com,https://www.candywrapperarchive.com/candy-collector/2003-twix/,collection_item_candidate,cwa_capture_round_a6483cf04976,wrapper_front_context,Wrapper front context,secondary_context_surface,private_wrapper_front_crop_path,secondary_product_context,6,secondary_context_only,low,private_wrapper_front_context_crop,Capture wrapper front only as product/package context after text surfaces are handled.,package_identity_context,cwa_surface_c49ad40702fa6c;twix_bar:cwa_surface_c49ad40702fa6c;cwa_capture_round_a6483cf04976:wrapper_front_context;https://www.candywrapperarchive.com/candy-collector/2003-twix/#wrapper_front_context,,,,0,rights_review_needed,source_link_only_no_public_image,1,0
cwa-private-capture-all-lineage-v1,cwa_surface_8f518af067429f,twix_bar,Twix Bar,2004,www.candywrapperarchive.com,https://www.candywrapperarchive.com/candy-collector/2004-twix/,collection_item_candidate,cwa_capture_round_ad0bd9112f5e,ingredient_panel,Ingredient panel,ocr_text_surface,private_ingredient_panel_crop_path,primary_ingredient_panel,1,panel_capture_needed,high,private_ingredient_panel_crop,Crop the ingredient statement with enough package context to preserve product/date cues.,ingredient_panel,cwa_surface_8f518af067429f;twix_bar:cwa_surface_8f518af067429f;cwa_capture_round_ad0bd9112f5e:ingredient_panel;https://www.candywrapperarchive.com/candy-collector/2004-twix/#ingredient_panel,,,,1,rights_review_needed,source_link_only_no_public_image,1,0
cwa-private-capture-all-lineage-v1,cwa_surface_9b33382958d1ea,twix_bar,Twix Bar,2004,www.candywrapperarchive.com,https://www.candywrapperarchive.com/candy-collector/2004-twix/,collection_item_candidate,cwa_capture_round_ad0bd9112f5e,nutrition_panel,Nutrition panel,ocr_text_surface,private_nutrition_panel_crop_path,primary_nutrition_panel,2,panel_capture_needed,high,private_nutrition_panel_crop,Crop the nutrition panel and serving-size text if visible.,nutrition_panel,cwa_surface_9b33382958d1ea;twix_bar:cwa_surface_9b33382958d1ea;cwa_capture_round_ad0bd9112f5e:nutrition_panel;https://www.candywrapperarchive.com/candy-collector/2004-twix/#nutrition_panel,,,,1,rights_review_needed,source_link_only_no_public_image,1,0
cwa-private-capture-all-lineage-v1,cwa_surface_a9707d2f2ca1fa,twix_bar,Twix Bar,2004,www.candywrapperarchive.com,https://www.candywrapperarchive.com/candy-collector/2004-twix/,collection_item_candidate,cwa_capture_round_ad0bd9112f5e,wrapper_back_or_side,Wrapper back or side text,ocr_text_surface,private_wrapper_back_or_side_crop_path,support_package_text,3,readable_panel_photo_needed,medium,private_back_or_side_text_crop,"Crop readable wrapper back/side text, prioritizing ingredients, nutrition, net weight, maker, or date cues.",package_back_side_text,cwa_surface_a9707d2f2ca1fa;twix_bar:cwa_surface_a9707d2f2ca1fa;cwa_capture_round_ad0bd9112f5e:wrapper_back_or_side;https://www.candywrapperarchive.com/candy-collector/2004-twix/#wrapper_back_or_side,,,,1,rights_review_needed,source_link_only_no_public_image,1,0
cwa-private-capture-all-lineage-v1,cwa_surface_dce1b79fb2af05,twix_bar,Twix Bar,2004,www.candywrapperarchive.com,https://www.candywrapperarchive.com/candy-collector/2004-twix/,collection_item_candidate,cwa_capture_round_ad0bd9112f5e,net_weight,Net weight,ocr_text_surface,private_net_weight_crop_path,support_package_text,4,readable_panel_photo_needed,medium,private_net_weight_crop,Crop net weight and package-size text.,net_weight,cwa_surface_dce1b79fb2af05;twix_bar:cwa_surface_dce1b79fb2af05;cwa_capture_round_ad0bd9112f5e:net_weight;https://www.candywrapperarchive.com/candy-collector/2004-twix/#net_weight,,,,1,rights_review_needed,source_link_only_no_public_image,1,0
cwa-private-capture-all-lineage-v1,cwa_surface_b798d10d327293,twix_bar,Twix Bar,2004,www.candywrapperarchive.com,https://www.candywrapperarchive.com/candy-collector/2004-twix/,collection_item_candidate,cwa_capture_round_ad0bd9112f5e,maker_or_date,Maker or date cue,ocr_text_surface,private_maker_or_date_crop_path,support_package_text,5,readable_panel_photo_needed,medium,private_maker_or_date_crop,"Crop maker/distributor, copyright, lot, or date cue text.",maker_distributor_or_date_cue,cwa_surface_b798d10d327293;twix_bar:cwa_surface_b798d10d327293;cwa_capture_round_ad0bd9112f5e:maker_or_date;https://www.candywrapperarchive.com/candy-collector/2004-twix/#maker_or_date,,,,1,rights_review_needed,source_link_only_no_public_image,1,0
cwa-private-capture-all-lineage-v1,cwa_surface_148b3cabbf9ce4,twix_bar,Twix Bar,2004,www.candywrapperarchive.com,https://www.candywrapperarchive.com/candy-collector/2004-twix/,collection_item_candidate,cwa_capture_round_ad0bd9112f5e,wrapper_front_context,Wrapper front context,secondary_context_surface,private_wrapper_front_crop_path,secondary_product_context,6,secondary_context_only,low,private_wrapper_front_context_crop,Capture wrapper front only as product/package context after text surfaces are handled.,package_identity_context,cwa_surface_148b3cabbf9ce4;twix_bar:cwa_surface_148b3cabbf9ce4;cwa_capture_round_ad0bd9112f5e:wrapper_front_context;https://www.candywrapperarchive.com/candy-collector/2004-twix/#wrapper_front_context,,,,0,rights_review_needed,source_link_only_no_public_image,1,0
cwa-private-capture-all-lineage-v1,cwa_surface_81023ee04705fc,twix_bar,Twix Bar,2006,www.candywrapperarchive.com,https://www.candywrapperarchive.com/candy-collector/2006-twix/,collection_item_candidate,cwa_capture_round_1ae89ad91df6,ingredient_panel,Ingredient panel,ocr_text_surface,private_ingredient_panel_crop_path,primary_ingredient_panel,1,panel_capture_needed,high,private_ingredient_panel_crop,Crop the ingredient statement with enough package context to preserve product/date cues.,ingredient_panel,cwa_surface_81023ee04705fc;twix_bar:cwa_surface_81023ee04705fc;cwa_capture_round_1ae89ad91df6:ingredient_panel;https://www.candywrapperarchive.com/candy-collector/2006-twix/#ingredient_panel,,,,1,rights_review_needed,source_link_only_no_public_image,1,0
cwa-private-capture-all-lineage-v1,cwa_surface_93bed4d1ea3a35,twix_bar,Twix Bar,2006,www.candywrapperarchive.com,https://www.candywrapperarchive.com/candy-collector/2006-twix/,collection_item_candidate,cwa_capture_round_1ae89ad91df6,nutrition_panel,Nutrition panel,ocr_text_surface,private_nutrition_panel_crop_path,primary_nutrition_panel,2,panel_capture_needed,high,private_nutrition_panel_crop,Crop the nutrition panel and serving-size text if visible.,nutrition_panel,cwa_surface_93bed4d1ea3a35;twix_bar:cwa_surface_93bed4d1ea3a35;cwa_capture_round_1ae89ad91df6:nutrition_panel;https://www.candywrapperarchive.com/candy-collector/2006-twix/#nutrition_panel,,,,1,rights_review_needed,source_link_only_no_public_image,1,0
cwa-private-capture-all-lineage-v1,cwa_surface_d8faa2b4f2e4b1,twix_bar,Twix Bar,2006,www.candywrapperarchive.com,https://www.candywrapperarchive.com/candy-collector/2006-twix/,collection_item_candidate,cwa_capture_round_1ae89ad91df6,wrapper_back_or_side,Wrapper back or side text,ocr_text_surface,private_wrapper_back_or_side_crop_path,support_package_text,3,readable_panel_photo_needed,medium,private_back_or_side_text_crop,"Crop readable wrapper back/side text, prioritizing ingredients, nutrition, net weight, maker, or date cues.",package_back_side_text,cwa_surface_d8faa2b4f2e4b1;twix_bar:cwa_surface_d8faa2b4f2e4b1;cwa_capture_round_1ae89ad91df6:wrapper_back_or_side;https://www.candywrapperarchive.com/candy-collector/2006-twix/#wrapper_back_or_side,,,,1,rights_review_needed,source_link_only_no_public_image,1,0
cwa-private-capture-all-lineage-v1,cwa_surface_f69bd222a3cf18,twix_bar,Twix Bar,2006,www.candywrapperarchive.com,https://www.candywrapperarchive.com/candy-collector/2006-twix/,collection_item_candidate,cwa_capture_round_1ae89ad91df6,net_weight,Net weight,ocr_text_surface,private_net_weight_crop_path,support_package_text,4,readable_panel_photo_needed,medium,private_net_weight_crop,Crop net weight and package-size text.,net_weight,cwa_surface_f69bd222a3cf18;twix_bar:cwa_surface_f69bd222a3cf18;cwa_capture_round_1ae89ad91df6:net_weight;https://www.candywrapperarchive.com/candy-collector/2006-twix/#net_weight,,,,1,rights_review_needed,source_link_only_no_public_image,1,0
cwa-private-capture-all-lineage-v1,cwa_surface_9f41dd9f1d02a6,twix_bar,Twix Bar,2006,www.candywrapperarchive.com,https://www.candywrapperarchive.com/candy-collector/2006-twix/,collection_item_candidate,cwa_capture_round_1ae89ad91df6,maker_or_date,Maker or date cue,ocr_text_surface,private_maker_or_date_crop_path,support_package_text,5,readable_panel_photo_needed,medium,private_maker_or_date_crop,"Crop maker/distributor, copyright, lot, or date cue text.",maker_distributor_or_date_cue,cwa_surface_9f41dd9f1d02a6;twix_bar:cwa_surface_9f41dd9f1d02a6;cwa_capture_round_1ae89ad91df6:maker_or_date;https://www.candywrapperarchive.com/candy-collector/2006-twix/#maker_or_date,,,,1,rights_review_needed,source_link_only_no_public_image,1,0
cwa-private-capture-all-lineage-v1,cwa_surface_ed5d0d0ac75533,twix_bar,Twix Bar,2006,www.candywrapperarchive.com,https://www.candywrapperarchive.com/candy-collector/2006-twix/,collection_item_candidate,cwa_capture_round_1ae89ad91df6,wrapper_front_context,Wrapper front context,secondary_context_surface,private_wrapper_front_crop_path,secondary_product_context,6,secondary_context_only,low,private_wrapper_front_context_crop,Capture wrapper front only as product/package context after text surfaces are handled.,package_identity_context,cwa_surface_ed5d0d0ac75533;twix_bar:cwa_surface_ed5d0d0ac75533;cwa_capture_round_1ae89ad91df6:wrapper_front_context;https://www.candywrapperarchive.com/candy-collector/2006-twix/#wrapper_front_context,,,,0,rights_review_needed,source_link_only_no_public_image,1,0
cwa-private-capture-all-lineage-v1,cwa_surface_0585d4e30f6f50,twix_bar,Twix Bar,2009,www.candywrapperarchive.com,https://www.candywrapperarchive.com/candy-collector/2009-twix/,collection_item_candidate,cwa_capture_round_da74e4fe16fb,ingredient_panel,Ingredient panel,ocr_text_surface,private_ingredient_panel_crop_path,primary_ingredient_panel,1,panel_capture_needed,high,private_ingredient_panel_crop,Crop the ingredient statement with enough package context to preserve product/date cues.,ingredient_panel,cwa_surface_0585d4e30f6f50;twix_bar:cwa_surface_0585d4e30f6f50;cwa_capture_round_da74e4fe16fb:ingredient_panel;https://www.candywrapperarchive.com/candy-collector/2009-twix/#ingredient_panel,,,,1,rights_review_needed,source_link_only_no_public_image,1,0
cwa-private-capture-all-lineage-v1,cwa_surface_0210700701d6c4,twix_bar,Twix Bar,2009,www.candywrapperarchive.com,https://www.candywrapperarchive.com/candy-collector/2009-twix/,collection_item_candidate,cwa_capture_round_da74e4fe16fb,nutrition_panel,Nutrition panel,ocr_text_surface,private_nutrition_panel_crop_path,primary_nutrition_panel,2,panel_capture_needed,high,private_nutrition_panel_crop,Crop the nutrition panel and serving-size text if visible.,nutrition_panel,cwa_surface_0210700701d6c4;twix_bar:cwa_surface_0210700701d6c4;cwa_capture_round_da74e4fe16fb:nutrition_panel;https://www.candywrapperarchive.com/candy-collector/2009-twix/#nutrition_panel,,,,1,rights_review_needed,source_link_only_no_public_image,1,0
cwa-private-capture-all-lineage-v1,cwa_surface_291dce842d172f,twix_bar,Twix Bar,2009,www.candywrapperarchive.com,https://www.candywrapperarchive.com/candy-collector/2009-twix/,collection_item_candidate,cwa_capture_round_da74e4fe16fb,wrapper_back_or_side,Wrapper back or side text,ocr_text_surface,private_wrapper_back_or_side_crop_path,support_package_text,3,readable_panel_photo_needed,medium,private_back_or_side_text_crop,"Crop readable wrapper back/side text, prioritizing ingredients, nutrition, net weight, maker, or date cues.",package_back_side_text,cwa_surface_291dce842d172f;twix_bar:cwa_surface_291dce842d172f;cwa_capture_round_da74e4fe16fb:wrapper_back_or_side;https://www.candywrapperarchive.com/candy-collector/2009-twix/#wrapper_back_or_side,,,,1,rights_review_needed,source_link_only_no_public_image,1,0
cwa-private-capture-all-lineage-v1,cwa_surface_8f9a9fc3a1b6c6,twix_bar,Twix Bar,2009,www.candywrapperarchive.com,https://www.candywrapperarchive.com/candy-collector/2009-twix/,collection_item_candidate,cwa_capture_round_da74e4fe16fb,net_weight,Net weight,ocr_text_surface,private_net_weight_crop_path,support_package_text,4,readable_panel_photo_needed,medium,private_net_weight_crop,Crop net weight and package-size text.,net_weight,cwa_surface_8f9a9fc3a1b6c6;twix_bar:cwa_surface_8f9a9fc3a1b6c6;cwa_capture_round_da74e4fe16fb:net_weight;https://www.candywrapperarchive.com/candy-collector/2009-twix/#net_weight,,,,1,rights_review_needed,source_link_only_no_public_image,1,0
cwa-private-capture-all-lineage-v1,cwa_surface_3cc708340b75de,twix_bar,Twix Bar,2009,www.candywrapperarchive.com,https://www.candywrapperarchive.com/candy-collector/2009-twix/,collection_item_candidate,cwa_capture_round_da74e4fe16fb,maker_or_date,Maker or date cue,ocr_text_surface,private_maker_or_date_crop_path,support_package_text,5,readable_panel_photo_needed,medium,private_maker_or_date_crop,"Crop maker/distributor, copyright, lot, or date cue text.",maker_distributor_or_date_cue,cwa_surface_3cc708340b75de;twix_bar:cwa_surface_3cc708340b75de;cwa_capture_round_da74e4fe16fb:maker_or_date;https://www.candywrapperarchive.com/candy-collector/2009-twix/#maker_or_date,,,,1,rights_review_needed,source_link_only_no_public_image,1,0
cwa-private-capture-all-lineage-v1,cwa_surface_7a8be2e9193cea,twix_bar,Twix Bar,2009,www.candywrapperarchive.com,https://www.candywrapperarchive.com/candy-collector/2009-twix/,collection_item_candidate,cwa_capture_round_da74e4fe16fb,wrapper_front_context,Wrapper front context,secondary_context_surface,private_wrapper_front_crop_path,secondary_product_context,6,secondary_context_only,low,private_wrapper_front_context_crop,Capture wrapper front only as product/package context after text surfaces are handled.,package_identity_context,cwa_surface_7a8be2e9193cea;twix_bar:cwa_surface_7a8be2e9193cea;cwa_capture_round_da74e4fe16fb:wrapper_front_context;https://www.candywrapperarchive.com/candy-collector/2009-twix/#wrapper_front_context,,,,0,rights_review_needed,source_link_only_no_public_image,1,0
cwa-private-capture-all-lineage-v1,cwa_surface_57f51deff42155,tootsie_roll,Tootsie Roll,1940s,www.candywrapperarchive.com,https://www.candywrapperarchive.com/candy-collector/1940s-tootsie-roll/,existing_item_page_candidate,cwa_capture_round_08d575d24077,ingredient_panel,Ingredient panel,ocr_text_surface,private_ingredient_panel_crop_path,primary_ingredient_panel,1,panel_capture_needed,high,private_ingredient_panel_crop,Crop the ingredient statement with enough package context to preserve product/date cues.,ingredient_panel,cwa_surface_57f51deff42155;tootsie_roll:cwa_surface_57f51deff42155;cwa_capture_round_08d575d24077:ingredient_panel;https://www.candywrapperarchive.com/candy-collector/1940s-tootsie-roll/#ingredient_panel,,,,1,rights_review_needed,source_link_only_no_public_image,1,0
cwa-private-capture-all-lineage-v1,cwa_surface_11819d5ae00d9a,tootsie_roll,Tootsie Roll,1940s,www.candywrapperarchive.com,https://www.candywrapperarchive.com/candy-collector/1940s-tootsie-roll/,existing_item_page_candidate,cwa_capture_round_08d575d24077,nutrition_panel,Nutrition panel,ocr_text_surface,private_nutrition_panel_crop_path,primary_nutrition_panel,2,panel_capture_needed,high,private_nutrition_panel_crop,Crop the nutrition panel and serving-size text if visible.,nutrition_panel,cwa_surface_11819d5ae00d9a;tootsie_roll:cwa_surface_11819d5ae00d9a;cwa_capture_round_08d575d24077:nutrition_panel;https://www.candywrapperarchive.com/candy-collector/1940s-tootsie-roll/#nutrition_panel,,,,1,rights_review_needed,source_link_only_no_public_image,1,0
cwa-private-capture-all-lineage-v1,cwa_surface_0983b1dc6c200b,tootsie_roll,Tootsie Roll,1940s,www.candywrapperarchive.com,https://www.candywrapperarchive.com/candy-collector/1940s-tootsie-roll/,existing_item_page_candidate,cwa_capture_round_08d575d24077,wrapper_back_or_side,Wrapper back or side text,ocr_text_surface,private_wrapper_back_or_side_crop_path,support_package_text,3,readable_panel_photo_needed,medium,private_back_or_side_text_crop,"Crop readable wrapper back/side text, prioritizing ingredients, nutrition, net weight, maker, or date cues.",package_back_side_text,cwa_surface_0983b1dc6c200b;tootsie_roll:cwa_surface_0983b1dc6c200b;cwa_capture_round_08d575d24077:wrapper_back_or_side;https://www.candywrapperarchive.com/candy-collector/1940s-tootsie-roll/#wrapper_back_or_side,,,,1,rights_review_needed,source_link_only_no_public_image,1,0
cwa-private-capture-all-lineage-v1,cwa_surface_18ca5e35923239,tootsie_roll,Tootsie Roll,1940s,www.candywrapperarchive.com,https://www.candywrapperarchive.com/candy-collector/1940s-tootsie-roll/,existing_item_page_candidate,cwa_capture_round_08d575d24077,net_weight,Net weight,ocr_text_surface,private_net_weight_crop_path,support_package_text,4,readable_panel_photo_needed,medium,private_net_weight_crop,Crop net weight and package-size text.,net_weight,cwa_surface_18ca5e35923239;tootsie_roll:cwa_surface_18ca5e35923239;cwa_capture_round_08d575d24077:net_weight;https://www.candywrapperarchive.com/candy-collector/1940s-tootsie-roll/#net_weight,,,,1,rights_review_needed,source_link_only_no_public_image,1,0
cwa-private-capture-all-lineage-v1,cwa_surface_93ddb7db9330d3,tootsie_roll,Tootsie Roll,1940s,www.candywrapperarchive.com,https://www.candywrapperarchive.com/candy-collector/1940s-tootsie-roll/,existing_item_page_candidate,cwa_capture_round_08d575d24077,maker_or_date,Maker or date cue,ocr_text_surface,private_maker_or_date_crop_path,support_package_text,5,readable_panel_photo_needed,medium,private_maker_or_date_crop,"Crop maker/distributor, copyright, lot, or date cue text.",maker_distributor_or_date_cue,cwa_surface_93ddb7db9330d3;tootsie_roll:cwa_surface_93ddb7db9330d3;cwa_capture_round_08d575d24077:maker_or_date;https://www.candywrapperarchive.com/candy-collector/1940s-tootsie-roll/#maker_or_date,,,,1,rights_review_needed,source_link_only_no_public_image,1,0
cwa-private-capture-all-lineage-v1,cwa_surface_d2f4e3a0ea2f6c,tootsie_roll,Tootsie Roll,1940s,www.candywrapperarchive.com,https://www.candywrapperarchive.com/candy-collector/1940s-tootsie-roll/,existing_item_page_candidate,cwa_capture_round_08d575d24077,wrapper_front_context,Wrapper front context,secondary_context_surface,private_wrapper_front_crop_path,secondary_product_context,6,secondary_context_only,low,private_wrapper_front_context_crop,Capture wrapper front only as product/package context after text surfaces are handled.,package_identity_context,cwa_surface_d2f4e3a0ea2f6c;tootsie_roll:cwa_surface_d2f4e3a0ea2f6c;cwa_capture_round_08d575d24077:wrapper_front_context;https://www.candywrapperarchive.com/candy-collector/1940s-tootsie-roll/#wrapper_front_context,,,,0,rights_review_needed,source_link_only_no_public_image,1,0
cwa-private-capture-all-lineage-v1,cwa_surface_4e5de5a4d0e4a5,tootsie_roll,Tootsie Roll,1960s,www.candywrapperarchive.com,https://www.candywrapperarchive.com/candy-collector/1960s-tootsie-roll-2/,existing_item_page_candidate,cwa_capture_round_c5c40cd1a490,ingredient_panel,Ingredient panel,ocr_text_surface,private_ingredient_panel_crop_path,primary_ingredient_panel,1,panel_capture_needed,high,private_ingredient_panel_crop,Crop the ingredient statement with enough package context to preserve product/date cues.,ingredient_panel,cwa_surface_4e5de5a4d0e4a5;tootsie_roll:cwa_surface_4e5de5a4d0e4a5;cwa_capture_round_c5c40cd1a490:ingredient_panel;https://www.candywrapperarchive.com/candy-collector/1960s-tootsie-roll-2/#ingredient_panel,,,,1,rights_review_needed,source_link_only_no_public_image,1,0
cwa-private-capture-all-lineage-v1,cwa_surface_922af5c7f3fe46,tootsie_roll,Tootsie Roll,1960s,www.candywrapperarchive.com,https://www.candywrapperarchive.com/candy-collector/1960s-tootsie-roll-2/,existing_item_page_candidate,cwa_capture_round_c5c40cd1a490,nutrition_panel,Nutrition panel,ocr_text_surface,private_nutrition_panel_crop_path,primary_nutrition_panel,2,panel_capture_needed,high,private_nutrition_panel_crop,Crop the nutrition panel and serving-size text if visible.,nutrition_panel,cwa_surface_922af5c7f3fe46;tootsie_roll:cwa_surface_922af5c7f3fe46;cwa_capture_round_c5c40cd1a490:nutrition_panel;https://www.candywrapperarchive.com/candy-collector/1960s-tootsie-roll-2/#nutrition_panel,,,,1,rights_review_needed,source_link_only_no_public_image,1,0
cwa-private-capture-all-lineage-v1,cwa_surface_7a826dce263078,tootsie_roll,Tootsie Roll,1960s,www.candywrapperarchive.com,https://www.candywrapperarchive.com/candy-collector/1960s-tootsie-roll-2/,existing_item_page_candidate,cwa_capture_round_c5c40cd1a490,wrapper_back_or_side,Wrapper back or side text,ocr_text_surface,private_wrapper_back_or_side_crop_path,support_package_text,3,readable_panel_photo_needed,medium,private_back_or_side_text_crop,"Crop readable wrapper back/side text, prioritizing ingredients, nutrition, net weight, maker, or date cues.",package_back_side_text,cwa_surface_7a826dce263078;tootsie_roll:cwa_surface_7a826dce263078;cwa_capture_round_c5c40cd1a490:wrapper_back_or_side;https://www.candywrapperarchive.com/candy-collector/1960s-tootsie-roll-2/#wrapper_back_or_side,,,,1,rights_review_needed,source_link_only_no_public_image,1,0
cwa-private-capture-all-lineage-v1,cwa_surface_47f124230e743a,tootsie_roll,Tootsie Roll,1960s,www.candywrapperarchive.com,https://www.candywrapperarchive.com/candy-collector/1960s-tootsie-roll-2/,existing_item_page_candidate,cwa_capture_round_c5c40cd1a490,net_weight,Net weight,ocr_text_surface,private_net_weight_crop_path,support_package_text,4,readable_panel_photo_needed,medium,private_net_weight_crop,Crop net weight and package-size text.,net_weight,cwa_surface_47f124230e743a;tootsie_roll:cwa_surface_47f124230e743a;cwa_capture_round_c5c40cd1a490:net_weight;https://www.candywrapperarchive.com/candy-collector/1960s-tootsie-roll-2/#net_weight,,,,1,rights_review_needed,source_link_only_no_public_image,1,0
cwa-private-capture-all-lineage-v1,cwa_surface_2ad0cdabf951b2,tootsie_roll,Tootsie Roll,1960s,www.candywrapperarchive.com,https://www.candywrapperarchive.com/candy-collector/1960s-tootsie-roll-2/,existing_item_page_candidate,cwa_capture_round_c5c40cd1a490,maker_or_date,Maker or date cue,ocr_text_surface,private_maker_or_date_crop_path,support_package_text,5,readable_panel_photo_needed,medium,private_maker_or_date_crop,"Crop maker/distributor, copyright, lot, or date cue text.",maker_distributor_or_date_cue,cwa_surface_2ad0cdabf951b2;tootsie_roll:cwa_surface_2ad0cdabf951b2;cwa_capture_round_c5c40cd1a490:maker_or_date;https://www.candywrapperarchive.com/candy-collector/1960s-tootsie-roll-2/#maker_or_date,,,,1,rights_review_needed,source_link_only_no_public_image,1,0
cwa-private-capture-all-lineage-v1,cwa_surface_8bc6ffdbe441e0,tootsie_roll,Tootsie Roll,1960s,www.candywrapperarchive.com,https://www.candywrapperarchive.com/candy-collector/1960s-tootsie-roll-2/,existing_item_page_candidate,cwa_capture_round_c5c40cd1a490,wrapper_front_context,Wrapper front context,secondary_context_surface,private_wrapper_front_crop_path,secondary_product_context,6,secondary_context_only,low,private_wrapper_front_context_crop,Capture wrapper front only as product/package context after text surfaces are handled.,package_identity_context,cwa_surface_8bc6ffdbe441e0;tootsie_roll:cwa_surface_8bc6ffdbe441e0;cwa_capture_round_c5c40cd1a490:wrapper_front_context;https://www.candywrapperarchive.com/candy-collector/1960s-tootsie-roll-2/#wrapper_front_context,,,,0,rights_review_needed,source_link_only_no_public_image,1,0
