global_capture_rank,product_capture_rank,priority_id,product_id,product_name,priority_tier,lineage_span_label,source_era_rank,vintage_label,version_id,evidence_id,source_domain,source_url,source_title,source_type,surface_id,surface_label,surface_rank,proof_lane,photo_priority,ocr_priority,ocr_gap_category,ocr_expected_surface,panel_acquisition_state,ocr_access_state,capture_path_field,capture_strategy,crop_target,capture_instruction,claim_gate,publication_image_policy,rights_review_status,image_map_keys,local_private_image_path,processed_private_image_path,panel_crop_note,primary_text_surface,support_text_surface,private_paths_supplied,ready_for_ocr,candidate_only,manual_verified
1,1,cwa_ingredient_priority_9a5f9dc22b6b,butterfinger_bar,Butterfinger Bar,dense_lineage_first,1930s-2009,1,1930s,cwa_capture_round_54bf4d9d9b8d,cwa_surface_bdb8731dc7e98b,www.candywrapperarchive.com,https://www.candywrapperarchive.com/candy-collector/1930s-butterfinger-2/,1930s Butterfinger - Ingredient panel,collector_archive_page,ingredient_panel,Ingredient panel,1,primary_ingredient_panel_photo,primary_ingredient_or_nutrition_photo,high,panel_capture_needed,ingredient_panel,private_crop_needed,private_crop_path_needed,private_ingredient_panel_crop_path,private_ingredient_panel_crop,Crop the ingredient statement with enough package context to preserve product/date cues.,"Capture the ingredient statement first, with enough wrapper context to preserve product and vintage cues.",blocked_until_private_readable_crop_ocr_correction_and_manual_verification,source_link_only_until_rights_review_clears_reuse,rights_review_needed,cwa_surface_bdb8731dc7e98b;butterfinger_bar:cwa_surface_bdb8731dc7e98b;cwa_capture_round_54bf4d9d9b8d:ingredient_panel;https://www.candywrapperarchive.com/candy-collector/1930s-butterfinger-2/#ingredient_panel,,,,1,0,0,0,1,0
2,2,cwa_ingredient_priority_757729084f6e,butterfinger_bar,Butterfinger Bar,dense_lineage_first,1930s-2009,1,1930s,cwa_capture_round_54bf4d9d9b8d,cwa_surface_b363dd0d60335c,www.candywrapperarchive.com,https://www.candywrapperarchive.com/candy-collector/1930s-butterfinger-2/,1930s Butterfinger - Nutrition panel,collector_archive_page,nutrition_panel,Nutrition panel,2,primary_nutrition_panel_photo,primary_ingredient_or_nutrition_photo,high,panel_capture_needed,nutrition_panel,private_crop_needed,private_crop_path_needed,private_nutrition_panel_crop_path,private_nutrition_panel_crop,Crop the nutrition panel and serving-size text if visible.,Capture the nutrition facts and serving-size area after the ingredient panel or when ingredients are absent.,blocked_until_private_readable_crop_ocr_correction_and_manual_verification,source_link_only_until_rights_review_clears_reuse,rights_review_needed,cwa_surface_b363dd0d60335c;butterfinger_bar:cwa_surface_b363dd0d60335c;cwa_capture_round_54bf4d9d9b8d:nutrition_panel;https://www.candywrapperarchive.com/candy-collector/1930s-butterfinger-2/#nutrition_panel,,,,1,0,0,0,1,0
3,3,cwa_ingredient_priority_1a328e91527f,butterfinger_bar,Butterfinger Bar,dense_lineage_first,1930s-2009,1,1930s,cwa_capture_round_54bf4d9d9b8d,cwa_surface_84d0eb71616be7,www.candywrapperarchive.com,https://www.candywrapperarchive.com/candy-collector/1930s-butterfinger-2/,1930s Butterfinger - Wrapper back or side text,collector_archive_page,wrapper_back_or_side,Wrapper back or side text,3,supporting_label_text_photo,supporting_label_text_photo,medium,readable_panel_photo_needed,package_back_side_text,private_crop_needed,private_crop_path_needed,private_wrapper_back_or_side_crop_path,private_back_or_side_text_crop,"Crop readable wrapper back/side text, prioritizing ingredients, nutrition, net weight, maker, or date cues.",Capture readable back/side wrapper text only after checking for ingredient and nutrition panels.,blocked_until_private_readable_crop_ocr_correction_and_manual_verification,source_link_only_until_rights_review_clears_reuse,rights_review_needed,cwa_surface_84d0eb71616be7;butterfinger_bar:cwa_surface_84d0eb71616be7;cwa_capture_round_54bf4d9d9b8d:wrapper_back_or_side;https://www.candywrapperarchive.com/candy-collector/1930s-butterfinger-2/#wrapper_back_or_side,,,,0,1,0,0,1,0
4,4,cwa_ingredient_priority_8755480641f4,butterfinger_bar,Butterfinger Bar,dense_lineage_first,1930s-2009,1,1930s,cwa_capture_round_54bf4d9d9b8d,cwa_surface_a683962b007a91,www.candywrapperarchive.com,https://www.candywrapperarchive.com/candy-collector/1930s-butterfinger-2/,1930s Butterfinger - Net weight,collector_archive_page,net_weight,Net weight,4,supporting_label_text_photo,supporting_label_text_photo,medium,readable_panel_photo_needed,net_weight,private_crop_needed,private_crop_path_needed,private_net_weight_crop_path,private_net_weight_crop,Crop net weight and package-size text.,Capture net weight as package-size evidence for later normalization.,blocked_until_private_readable_crop_ocr_correction_and_manual_verification,source_link_only_until_rights_review_clears_reuse,rights_review_needed,cwa_surface_a683962b007a91;butterfinger_bar:cwa_surface_a683962b007a91;cwa_capture_round_54bf4d9d9b8d:net_weight;https://www.candywrapperarchive.com/candy-collector/1930s-butterfinger-2/#net_weight,,,,0,1,0,0,1,0
5,5,cwa_ingredient_priority_4d49520551be,butterfinger_bar,Butterfinger Bar,dense_lineage_first,1930s-2009,1,1930s,cwa_capture_round_54bf4d9d9b8d,cwa_surface_4ca2fc76512393,www.candywrapperarchive.com,https://www.candywrapperarchive.com/candy-collector/1930s-butterfinger-2/,1930s Butterfinger - Maker or date cue,collector_archive_page,maker_or_date,Maker or date cue,5,supporting_label_text_photo,supporting_label_text_photo,medium,readable_panel_photo_needed,maker_distributor_or_date_cue,private_crop_needed,private_crop_path_needed,private_maker_or_date_crop_path,private_maker_or_date_crop,"Crop maker/distributor, copyright, lot, or date cue text.","Capture maker, distributor, copyright, lot, or date cues for identity and timeline confidence.",blocked_until_private_readable_crop_ocr_correction_and_manual_verification,source_link_only_until_rights_review_clears_reuse,rights_review_needed,cwa_surface_4ca2fc76512393;butterfinger_bar:cwa_surface_4ca2fc76512393;cwa_capture_round_54bf4d9d9b8d:maker_or_date;https://www.candywrapperarchive.com/candy-collector/1930s-butterfinger-2/#maker_or_date,,,,0,1,0,0,1,0
6,6,cwa_ingredient_priority_3b33b60a80e0,butterfinger_bar,Butterfinger Bar,dense_lineage_first,1930s-2009,2,1936,cwa_capture_round_7f9a71c59f94,cwa_surface_20807ca6246abf,www.candywrapperarchive.com,https://www.candywrapperarchive.com/candy-collector/1936-butterfinger/,1936 Butterfinger - Ingredient panel,collector_archive_page,ingredient_panel,Ingredient panel,1,primary_ingredient_panel_photo,primary_ingredient_or_nutrition_photo,high,panel_capture_needed,ingredient_panel,private_crop_needed,private_crop_path_needed,private_ingredient_panel_crop_path,private_ingredient_panel_crop,Crop the ingredient statement with enough package context to preserve product/date cues.,"Capture the ingredient statement first, with enough wrapper context to preserve product and vintage cues.",blocked_until_private_readable_crop_ocr_correction_and_manual_verification,source_link_only_until_rights_review_clears_reuse,rights_review_needed,cwa_surface_20807ca6246abf;butterfinger_bar:cwa_surface_20807ca6246abf;cwa_capture_round_7f9a71c59f94:ingredient_panel;https://www.candywrapperarchive.com/candy-collector/1936-butterfinger/#ingredient_panel,,,,1,0,0,0,1,0
7,7,cwa_ingredient_priority_bce5bbf4215f,butterfinger_bar,Butterfinger Bar,dense_lineage_first,1930s-2009,2,1936,cwa_capture_round_7f9a71c59f94,cwa_surface_3e9fb8bd823a85,www.candywrapperarchive.com,https://www.candywrapperarchive.com/candy-collector/1936-butterfinger/,1936 Butterfinger - Nutrition panel,collector_archive_page,nutrition_panel,Nutrition panel,2,primary_nutrition_panel_photo,primary_ingredient_or_nutrition_photo,high,panel_capture_needed,nutrition_panel,private_crop_needed,private_crop_path_needed,private_nutrition_panel_crop_path,private_nutrition_panel_crop,Crop the nutrition panel and serving-size text if visible.,Capture the nutrition facts and serving-size area after the ingredient panel or when ingredients are absent.,blocked_until_private_readable_crop_ocr_correction_and_manual_verification,source_link_only_until_rights_review_clears_reuse,rights_review_needed,cwa_surface_3e9fb8bd823a85;butterfinger_bar:cwa_surface_3e9fb8bd823a85;cwa_capture_round_7f9a71c59f94:nutrition_panel;https://www.candywrapperarchive.com/candy-collector/1936-butterfinger/#nutrition_panel,,,,1,0,0,0,1,0
8,8,cwa_ingredient_priority_b135059c20dc,butterfinger_bar,Butterfinger Bar,dense_lineage_first,1930s-2009,2,1936,cwa_capture_round_7f9a71c59f94,cwa_surface_b6b7bb8b5a98d5,www.candywrapperarchive.com,https://www.candywrapperarchive.com/candy-collector/1936-butterfinger/,1936 Butterfinger - Wrapper back or side text,collector_archive_page,wrapper_back_or_side,Wrapper back or side text,3,supporting_label_text_photo,supporting_label_text_photo,medium,readable_panel_photo_needed,package_back_side_text,private_crop_needed,private_crop_path_needed,private_wrapper_back_or_side_crop_path,private_back_or_side_text_crop,"Crop readable wrapper back/side text, prioritizing ingredients, nutrition, net weight, maker, or date cues.",Capture readable back/side wrapper text only after checking for ingredient and nutrition panels.,blocked_until_private_readable_crop_ocr_correction_and_manual_verification,source_link_only_until_rights_review_clears_reuse,rights_review_needed,cwa_surface_b6b7bb8b5a98d5;butterfinger_bar:cwa_surface_b6b7bb8b5a98d5;cwa_capture_round_7f9a71c59f94:wrapper_back_or_side;https://www.candywrapperarchive.com/candy-collector/1936-butterfinger/#wrapper_back_or_side,,,,0,1,0,0,1,0
9,9,cwa_ingredient_priority_4bfe1d28edf0,butterfinger_bar,Butterfinger Bar,dense_lineage_first,1930s-2009,2,1936,cwa_capture_round_7f9a71c59f94,cwa_surface_dca02008554124,www.candywrapperarchive.com,https://www.candywrapperarchive.com/candy-collector/1936-butterfinger/,1936 Butterfinger - Net weight,collector_archive_page,net_weight,Net weight,4,supporting_label_text_photo,supporting_label_text_photo,medium,readable_panel_photo_needed,net_weight,private_crop_needed,private_crop_path_needed,private_net_weight_crop_path,private_net_weight_crop,Crop net weight and package-size text.,Capture net weight as package-size evidence for later normalization.,blocked_until_private_readable_crop_ocr_correction_and_manual_verification,source_link_only_until_rights_review_clears_reuse,rights_review_needed,cwa_surface_dca02008554124;butterfinger_bar:cwa_surface_dca02008554124;cwa_capture_round_7f9a71c59f94:net_weight;https://www.candywrapperarchive.com/candy-collector/1936-butterfinger/#net_weight,,,,0,1,0,0,1,0
10,10,cwa_ingredient_priority_1138759d0513,butterfinger_bar,Butterfinger Bar,dense_lineage_first,1930s-2009,2,1936,cwa_capture_round_7f9a71c59f94,cwa_surface_c1f792333d347e,www.candywrapperarchive.com,https://www.candywrapperarchive.com/candy-collector/1936-butterfinger/,1936 Butterfinger - Maker or date cue,collector_archive_page,maker_or_date,Maker or date cue,5,supporting_label_text_photo,supporting_label_text_photo,medium,readable_panel_photo_needed,maker_distributor_or_date_cue,private_crop_needed,private_crop_path_needed,private_maker_or_date_crop_path,private_maker_or_date_crop,"Crop maker/distributor, copyright, lot, or date cue text.","Capture maker, distributor, copyright, lot, or date cues for identity and timeline confidence.",blocked_until_private_readable_crop_ocr_correction_and_manual_verification,source_link_only_until_rights_review_clears_reuse,rights_review_needed,cwa_surface_c1f792333d347e;butterfinger_bar:cwa_surface_c1f792333d347e;cwa_capture_round_7f9a71c59f94:maker_or_date;https://www.candywrapperarchive.com/candy-collector/1936-butterfinger/#maker_or_date,,,,0,1,0,0,1,0
11,11,cwa_ingredient_priority_84b368310dbd,butterfinger_bar,Butterfinger Bar,dense_lineage_first,1930s-2009,3,1950,cwa_capture_round_4a02e8a42692,cwa_surface_14e84cbbae8fe9,www.candywrapperarchive.com,https://www.candywrapperarchive.com/candy-collector/1950-butterfinger-2/,1950 Butterfinger - Ingredient panel,collector_archive_page,ingredient_panel,Ingredient panel,1,primary_ingredient_panel_photo,primary_ingredient_or_nutrition_photo,high,panel_capture_needed,ingredient_panel,private_crop_needed,private_crop_path_needed,private_ingredient_panel_crop_path,private_ingredient_panel_crop,Crop the ingredient statement with enough package context to preserve product/date cues.,"Capture the ingredient statement first, with enough wrapper context to preserve product and vintage cues.",blocked_until_private_readable_crop_ocr_correction_and_manual_verification,source_link_only_until_rights_review_clears_reuse,rights_review_needed,cwa_surface_14e84cbbae8fe9;butterfinger_bar:cwa_surface_14e84cbbae8fe9;cwa_capture_round_4a02e8a42692:ingredient_panel;https://www.candywrapperarchive.com/candy-collector/1950-butterfinger-2/#ingredient_panel,,,,1,0,0,0,1,0
12,12,cwa_ingredient_priority_88350f85e5a3,butterfinger_bar,Butterfinger Bar,dense_lineage_first,1930s-2009,3,1950,cwa_capture_round_4a02e8a42692,cwa_surface_c7d30fed1ab8bd,www.candywrapperarchive.com,https://www.candywrapperarchive.com/candy-collector/1950-butterfinger-2/,1950 Butterfinger - Nutrition panel,collector_archive_page,nutrition_panel,Nutrition panel,2,primary_nutrition_panel_photo,primary_ingredient_or_nutrition_photo,high,panel_capture_needed,nutrition_panel,private_crop_needed,private_crop_path_needed,private_nutrition_panel_crop_path,private_nutrition_panel_crop,Crop the nutrition panel and serving-size text if visible.,Capture the nutrition facts and serving-size area after the ingredient panel or when ingredients are absent.,blocked_until_private_readable_crop_ocr_correction_and_manual_verification,source_link_only_until_rights_review_clears_reuse,rights_review_needed,cwa_surface_c7d30fed1ab8bd;butterfinger_bar:cwa_surface_c7d30fed1ab8bd;cwa_capture_round_4a02e8a42692:nutrition_panel;https://www.candywrapperarchive.com/candy-collector/1950-butterfinger-2/#nutrition_panel,,,,1,0,0,0,1,0
13,13,cwa_ingredient_priority_14cdad8f42a4,butterfinger_bar,Butterfinger Bar,dense_lineage_first,1930s-2009,3,1950,cwa_capture_round_4a02e8a42692,cwa_surface_1bc8565238b2b9,www.candywrapperarchive.com,https://www.candywrapperarchive.com/candy-collector/1950-butterfinger-2/,1950 Butterfinger - Wrapper back or side text,collector_archive_page,wrapper_back_or_side,Wrapper back or side text,3,supporting_label_text_photo,supporting_label_text_photo,medium,readable_panel_photo_needed,package_back_side_text,private_crop_needed,private_crop_path_needed,private_wrapper_back_or_side_crop_path,private_back_or_side_text_crop,"Crop readable wrapper back/side text, prioritizing ingredients, nutrition, net weight, maker, or date cues.",Capture readable back/side wrapper text only after checking for ingredient and nutrition panels.,blocked_until_private_readable_crop_ocr_correction_and_manual_verification,source_link_only_until_rights_review_clears_reuse,rights_review_needed,cwa_surface_1bc8565238b2b9;butterfinger_bar:cwa_surface_1bc8565238b2b9;cwa_capture_round_4a02e8a42692:wrapper_back_or_side;https://www.candywrapperarchive.com/candy-collector/1950-butterfinger-2/#wrapper_back_or_side,,,,0,1,0,0,1,0
14,14,cwa_ingredient_priority_23e8cbeb36ba,butterfinger_bar,Butterfinger Bar,dense_lineage_first,1930s-2009,3,1950,cwa_capture_round_4a02e8a42692,cwa_surface_2bd09cde3db0fa,www.candywrapperarchive.com,https://www.candywrapperarchive.com/candy-collector/1950-butterfinger-2/,1950 Butterfinger - Net weight,collector_archive_page,net_weight,Net weight,4,supporting_label_text_photo,supporting_label_text_photo,medium,readable_panel_photo_needed,net_weight,private_crop_needed,private_crop_path_needed,private_net_weight_crop_path,private_net_weight_crop,Crop net weight and package-size text.,Capture net weight as package-size evidence for later normalization.,blocked_until_private_readable_crop_ocr_correction_and_manual_verification,source_link_only_until_rights_review_clears_reuse,rights_review_needed,cwa_surface_2bd09cde3db0fa;butterfinger_bar:cwa_surface_2bd09cde3db0fa;cwa_capture_round_4a02e8a42692:net_weight;https://www.candywrapperarchive.com/candy-collector/1950-butterfinger-2/#net_weight,,,,0,1,0,0,1,0
15,15,cwa_ingredient_priority_a2e1da47ead4,butterfinger_bar,Butterfinger Bar,dense_lineage_first,1930s-2009,3,1950,cwa_capture_round_4a02e8a42692,cwa_surface_57d3a86bc82d4e,www.candywrapperarchive.com,https://www.candywrapperarchive.com/candy-collector/1950-butterfinger-2/,1950 Butterfinger - Maker or date cue,collector_archive_page,maker_or_date,Maker or date cue,5,supporting_label_text_photo,supporting_label_text_photo,medium,readable_panel_photo_needed,maker_distributor_or_date_cue,private_crop_needed,private_crop_path_needed,private_maker_or_date_crop_path,private_maker_or_date_crop,"Crop maker/distributor, copyright, lot, or date cue text.","Capture maker, distributor, copyright, lot, or date cues for identity and timeline confidence.",blocked_until_private_readable_crop_ocr_correction_and_manual_verification,source_link_only_until_rights_review_clears_reuse,rights_review_needed,cwa_surface_57d3a86bc82d4e;butterfinger_bar:cwa_surface_57d3a86bc82d4e;cwa_capture_round_4a02e8a42692:maker_or_date;https://www.candywrapperarchive.com/candy-collector/1950-butterfinger-2/#maker_or_date,,,,0,1,0,0,1,0
16,16,cwa_ingredient_priority_7d84b5f7672b,butterfinger_bar,Butterfinger Bar,dense_lineage_first,1930s-2009,4,1964,cwa_capture_round_af76a4c6c608,cwa_surface_99e8305790e753,www.candywrapperarchive.com,https://www.candywrapperarchive.com/candy-collector/1964-butterfinger/,1964 Butterfinger - Ingredient panel,collector_archive_page,ingredient_panel,Ingredient panel,1,primary_ingredient_panel_photo,primary_ingredient_or_nutrition_photo,high,panel_capture_needed,ingredient_panel,private_crop_needed,private_crop_path_needed,private_ingredient_panel_crop_path,private_ingredient_panel_crop,Crop the ingredient statement with enough package context to preserve product/date cues.,"Capture the ingredient statement first, with enough wrapper context to preserve product and vintage cues.",blocked_until_private_readable_crop_ocr_correction_and_manual_verification,source_link_only_until_rights_review_clears_reuse,rights_review_needed,cwa_surface_99e8305790e753;butterfinger_bar:cwa_surface_99e8305790e753;cwa_capture_round_af76a4c6c608:ingredient_panel;https://www.candywrapperarchive.com/candy-collector/1964-butterfinger/#ingredient_panel,,,,1,0,0,0,1,0
17,17,cwa_ingredient_priority_978610cf5c6d,butterfinger_bar,Butterfinger Bar,dense_lineage_first,1930s-2009,4,1964,cwa_capture_round_af76a4c6c608,cwa_surface_2bf81d0b93b9ab,www.candywrapperarchive.com,https://www.candywrapperarchive.com/candy-collector/1964-butterfinger/,1964 Butterfinger - Nutrition panel,collector_archive_page,nutrition_panel,Nutrition panel,2,primary_nutrition_panel_photo,primary_ingredient_or_nutrition_photo,high,panel_capture_needed,nutrition_panel,private_crop_needed,private_crop_path_needed,private_nutrition_panel_crop_path,private_nutrition_panel_crop,Crop the nutrition panel and serving-size text if visible.,Capture the nutrition facts and serving-size area after the ingredient panel or when ingredients are absent.,blocked_until_private_readable_crop_ocr_correction_and_manual_verification,source_link_only_until_rights_review_clears_reuse,rights_review_needed,cwa_surface_2bf81d0b93b9ab;butterfinger_bar:cwa_surface_2bf81d0b93b9ab;cwa_capture_round_af76a4c6c608:nutrition_panel;https://www.candywrapperarchive.com/candy-collector/1964-butterfinger/#nutrition_panel,,,,1,0,0,0,1,0
18,18,cwa_ingredient_priority_ae6b5f437c49,butterfinger_bar,Butterfinger Bar,dense_lineage_first,1930s-2009,4,1964,cwa_capture_round_af76a4c6c608,cwa_surface_01491cd500dd8f,www.candywrapperarchive.com,https://www.candywrapperarchive.com/candy-collector/1964-butterfinger/,1964 Butterfinger - Wrapper back or side text,collector_archive_page,wrapper_back_or_side,Wrapper back or side text,3,supporting_label_text_photo,supporting_label_text_photo,medium,readable_panel_photo_needed,package_back_side_text,private_crop_needed,private_crop_path_needed,private_wrapper_back_or_side_crop_path,private_back_or_side_text_crop,"Crop readable wrapper back/side text, prioritizing ingredients, nutrition, net weight, maker, or date cues.",Capture readable back/side wrapper text only after checking for ingredient and nutrition panels.,blocked_until_private_readable_crop_ocr_correction_and_manual_verification,source_link_only_until_rights_review_clears_reuse,rights_review_needed,cwa_surface_01491cd500dd8f;butterfinger_bar:cwa_surface_01491cd500dd8f;cwa_capture_round_af76a4c6c608:wrapper_back_or_side;https://www.candywrapperarchive.com/candy-collector/1964-butterfinger/#wrapper_back_or_side,,,,0,1,0,0,1,0
19,19,cwa_ingredient_priority_7074a808c02d,butterfinger_bar,Butterfinger Bar,dense_lineage_first,1930s-2009,4,1964,cwa_capture_round_af76a4c6c608,cwa_surface_78b2aead6a3559,www.candywrapperarchive.com,https://www.candywrapperarchive.com/candy-collector/1964-butterfinger/,1964 Butterfinger - Net weight,collector_archive_page,net_weight,Net weight,4,supporting_label_text_photo,supporting_label_text_photo,medium,readable_panel_photo_needed,net_weight,private_crop_needed,private_crop_path_needed,private_net_weight_crop_path,private_net_weight_crop,Crop net weight and package-size text.,Capture net weight as package-size evidence for later normalization.,blocked_until_private_readable_crop_ocr_correction_and_manual_verification,source_link_only_until_rights_review_clears_reuse,rights_review_needed,cwa_surface_78b2aead6a3559;butterfinger_bar:cwa_surface_78b2aead6a3559;cwa_capture_round_af76a4c6c608:net_weight;https://www.candywrapperarchive.com/candy-collector/1964-butterfinger/#net_weight,,,,0,1,0,0,1,0
20,20,cwa_ingredient_priority_26567628422b,butterfinger_bar,Butterfinger Bar,dense_lineage_first,1930s-2009,4,1964,cwa_capture_round_af76a4c6c608,cwa_surface_6844f3e0c4b28c,www.candywrapperarchive.com,https://www.candywrapperarchive.com/candy-collector/1964-butterfinger/,1964 Butterfinger - Maker or date cue,collector_archive_page,maker_or_date,Maker or date cue,5,supporting_label_text_photo,supporting_label_text_photo,medium,readable_panel_photo_needed,maker_distributor_or_date_cue,private_crop_needed,private_crop_path_needed,private_maker_or_date_crop_path,private_maker_or_date_crop,"Crop maker/distributor, copyright, lot, or date cue text.","Capture maker, distributor, copyright, lot, or date cues for identity and timeline confidence.",blocked_until_private_readable_crop_ocr_correction_and_manual_verification,source_link_only_until_rights_review_clears_reuse,rights_review_needed,cwa_surface_6844f3e0c4b28c;butterfinger_bar:cwa_surface_6844f3e0c4b28c;cwa_capture_round_af76a4c6c608:maker_or_date;https://www.candywrapperarchive.com/candy-collector/1964-butterfinger/#maker_or_date,,,,0,1,0,0,1,0
21,21,cwa_ingredient_priority_09081050f347,butterfinger_bar,Butterfinger Bar,dense_lineage_first,1930s-2009,5,1975,cwa_capture_round_9a000e6d1375,cwa_surface_2f942468ca250f,www.candywrapperarchive.com,https://www.candywrapperarchive.com/candy-collector/1975-butterfinger/,1975 Butterfinger - Ingredient panel,collector_archive_page,ingredient_panel,Ingredient panel,1,primary_ingredient_panel_photo,primary_ingredient_or_nutrition_photo,high,panel_capture_needed,ingredient_panel,private_crop_needed,private_crop_path_needed,private_ingredient_panel_crop_path,private_ingredient_panel_crop,Crop the ingredient statement with enough package context to preserve product/date cues.,"Capture the ingredient statement first, with enough wrapper context to preserve product and vintage cues.",blocked_until_private_readable_crop_ocr_correction_and_manual_verification,source_link_only_until_rights_review_clears_reuse,rights_review_needed,cwa_surface_2f942468ca250f;butterfinger_bar:cwa_surface_2f942468ca250f;cwa_capture_round_9a000e6d1375:ingredient_panel;https://www.candywrapperarchive.com/candy-collector/1975-butterfinger/#ingredient_panel,,,,1,0,0,0,1,0
22,22,cwa_ingredient_priority_47d5e1a2ee86,butterfinger_bar,Butterfinger Bar,dense_lineage_first,1930s-2009,5,1975,cwa_capture_round_9a000e6d1375,cwa_surface_6c45d30611861d,www.candywrapperarchive.com,https://www.candywrapperarchive.com/candy-collector/1975-butterfinger/,1975 Butterfinger - Nutrition panel,collector_archive_page,nutrition_panel,Nutrition panel,2,primary_nutrition_panel_photo,primary_ingredient_or_nutrition_photo,high,panel_capture_needed,nutrition_panel,private_crop_needed,private_crop_path_needed,private_nutrition_panel_crop_path,private_nutrition_panel_crop,Crop the nutrition panel and serving-size text if visible.,Capture the nutrition facts and serving-size area after the ingredient panel or when ingredients are absent.,blocked_until_private_readable_crop_ocr_correction_and_manual_verification,source_link_only_until_rights_review_clears_reuse,rights_review_needed,cwa_surface_6c45d30611861d;butterfinger_bar:cwa_surface_6c45d30611861d;cwa_capture_round_9a000e6d1375:nutrition_panel;https://www.candywrapperarchive.com/candy-collector/1975-butterfinger/#nutrition_panel,,,,1,0,0,0,1,0
23,23,cwa_ingredient_priority_f7559918271a,butterfinger_bar,Butterfinger Bar,dense_lineage_first,1930s-2009,5,1975,cwa_capture_round_9a000e6d1375,cwa_surface_4ed27f62edf38f,www.candywrapperarchive.com,https://www.candywrapperarchive.com/candy-collector/1975-butterfinger/,1975 Butterfinger - Wrapper back or side text,collector_archive_page,wrapper_back_or_side,Wrapper back or side text,3,supporting_label_text_photo,supporting_label_text_photo,medium,readable_panel_photo_needed,package_back_side_text,private_crop_needed,private_crop_path_needed,private_wrapper_back_or_side_crop_path,private_back_or_side_text_crop,"Crop readable wrapper back/side text, prioritizing ingredients, nutrition, net weight, maker, or date cues.",Capture readable back/side wrapper text only after checking for ingredient and nutrition panels.,blocked_until_private_readable_crop_ocr_correction_and_manual_verification,source_link_only_until_rights_review_clears_reuse,rights_review_needed,cwa_surface_4ed27f62edf38f;butterfinger_bar:cwa_surface_4ed27f62edf38f;cwa_capture_round_9a000e6d1375:wrapper_back_or_side;https://www.candywrapperarchive.com/candy-collector/1975-butterfinger/#wrapper_back_or_side,,,,0,1,0,0,1,0
24,24,cwa_ingredient_priority_3a6580049c89,butterfinger_bar,Butterfinger Bar,dense_lineage_first,1930s-2009,5,1975,cwa_capture_round_9a000e6d1375,cwa_surface_2b65b5afb00c00,www.candywrapperarchive.com,https://www.candywrapperarchive.com/candy-collector/1975-butterfinger/,1975 Butterfinger - Net weight,collector_archive_page,net_weight,Net weight,4,supporting_label_text_photo,supporting_label_text_photo,medium,readable_panel_photo_needed,net_weight,private_crop_needed,private_crop_path_needed,private_net_weight_crop_path,private_net_weight_crop,Crop net weight and package-size text.,Capture net weight as package-size evidence for later normalization.,blocked_until_private_readable_crop_ocr_correction_and_manual_verification,source_link_only_until_rights_review_clears_reuse,rights_review_needed,cwa_surface_2b65b5afb00c00;butterfinger_bar:cwa_surface_2b65b5afb00c00;cwa_capture_round_9a000e6d1375:net_weight;https://www.candywrapperarchive.com/candy-collector/1975-butterfinger/#net_weight,,,,0,1,0,0,1,0
25,25,cwa_ingredient_priority_4f40c221bad8,butterfinger_bar,Butterfinger Bar,dense_lineage_first,1930s-2009,5,1975,cwa_capture_round_9a000e6d1375,cwa_surface_7a9aac8ec16501,www.candywrapperarchive.com,https://www.candywrapperarchive.com/candy-collector/1975-butterfinger/,1975 Butterfinger - Maker or date cue,collector_archive_page,maker_or_date,Maker or date cue,5,supporting_label_text_photo,supporting_label_text_photo,medium,readable_panel_photo_needed,maker_distributor_or_date_cue,private_crop_needed,private_crop_path_needed,private_maker_or_date_crop_path,private_maker_or_date_crop,"Crop maker/distributor, copyright, lot, or date cue text.","Capture maker, distributor, copyright, lot, or date cues for identity and timeline confidence.",blocked_until_private_readable_crop_ocr_correction_and_manual_verification,source_link_only_until_rights_review_clears_reuse,rights_review_needed,cwa_surface_7a9aac8ec16501;butterfinger_bar:cwa_surface_7a9aac8ec16501;cwa_capture_round_9a000e6d1375:maker_or_date;https://www.candywrapperarchive.com/candy-collector/1975-butterfinger/#maker_or_date,,,,0,1,0,0,1,0
26,26,cwa_ingredient_priority_969bb1f83c78,butterfinger_bar,Butterfinger Bar,dense_lineage_first,1930s-2009,6,1980s,cwa_capture_round_add5694f379c,cwa_surface_11352cd6262a16,www.candywrapperarchive.com,https://www.candywrapperarchive.com/candy-collector/1980s-butterfinger/,1980s Butterfinger - Ingredient panel,collector_archive_page,ingredient_panel,Ingredient panel,1,primary_ingredient_panel_photo,primary_ingredient_or_nutrition_photo,high,panel_capture_needed,ingredient_panel,private_crop_needed,private_crop_path_needed,private_ingredient_panel_crop_path,private_ingredient_panel_crop,Crop the ingredient statement with enough package context to preserve product/date cues.,"Capture the ingredient statement first, with enough wrapper context to preserve product and vintage cues.",blocked_until_private_readable_crop_ocr_correction_and_manual_verification,source_link_only_until_rights_review_clears_reuse,rights_review_needed,cwa_surface_11352cd6262a16;butterfinger_bar:cwa_surface_11352cd6262a16;cwa_capture_round_add5694f379c:ingredient_panel;https://www.candywrapperarchive.com/candy-collector/1980s-butterfinger/#ingredient_panel,,,,1,0,0,0,1,0
27,27,cwa_ingredient_priority_b363ef327e7e,butterfinger_bar,Butterfinger Bar,dense_lineage_first,1930s-2009,6,1980s,cwa_capture_round_add5694f379c,cwa_surface_f44d9b4ffe1d8a,www.candywrapperarchive.com,https://www.candywrapperarchive.com/candy-collector/1980s-butterfinger/,1980s Butterfinger - Nutrition panel,collector_archive_page,nutrition_panel,Nutrition panel,2,primary_nutrition_panel_photo,primary_ingredient_or_nutrition_photo,high,panel_capture_needed,nutrition_panel,private_crop_needed,private_crop_path_needed,private_nutrition_panel_crop_path,private_nutrition_panel_crop,Crop the nutrition panel and serving-size text if visible.,Capture the nutrition facts and serving-size area after the ingredient panel or when ingredients are absent.,blocked_until_private_readable_crop_ocr_correction_and_manual_verification,source_link_only_until_rights_review_clears_reuse,rights_review_needed,cwa_surface_f44d9b4ffe1d8a;butterfinger_bar:cwa_surface_f44d9b4ffe1d8a;cwa_capture_round_add5694f379c:nutrition_panel;https://www.candywrapperarchive.com/candy-collector/1980s-butterfinger/#nutrition_panel,,,,1,0,0,0,1,0
28,28,cwa_ingredient_priority_6816dc0e60ae,butterfinger_bar,Butterfinger Bar,dense_lineage_first,1930s-2009,6,1980s,cwa_capture_round_add5694f379c,cwa_surface_adf11598c9d764,www.candywrapperarchive.com,https://www.candywrapperarchive.com/candy-collector/1980s-butterfinger/,1980s Butterfinger - Wrapper back or side text,collector_archive_page,wrapper_back_or_side,Wrapper back or side text,3,supporting_label_text_photo,supporting_label_text_photo,medium,readable_panel_photo_needed,package_back_side_text,private_crop_needed,private_crop_path_needed,private_wrapper_back_or_side_crop_path,private_back_or_side_text_crop,"Crop readable wrapper back/side text, prioritizing ingredients, nutrition, net weight, maker, or date cues.",Capture readable back/side wrapper text only after checking for ingredient and nutrition panels.,blocked_until_private_readable_crop_ocr_correction_and_manual_verification,source_link_only_until_rights_review_clears_reuse,rights_review_needed,cwa_surface_adf11598c9d764;butterfinger_bar:cwa_surface_adf11598c9d764;cwa_capture_round_add5694f379c:wrapper_back_or_side;https://www.candywrapperarchive.com/candy-collector/1980s-butterfinger/#wrapper_back_or_side,,,,0,1,0,0,1,0
29,29,cwa_ingredient_priority_165c51bb1d0f,butterfinger_bar,Butterfinger Bar,dense_lineage_first,1930s-2009,6,1980s,cwa_capture_round_add5694f379c,cwa_surface_7da3def94ba7a6,www.candywrapperarchive.com,https://www.candywrapperarchive.com/candy-collector/1980s-butterfinger/,1980s Butterfinger - Net weight,collector_archive_page,net_weight,Net weight,4,supporting_label_text_photo,supporting_label_text_photo,medium,readable_panel_photo_needed,net_weight,private_crop_needed,private_crop_path_needed,private_net_weight_crop_path,private_net_weight_crop,Crop net weight and package-size text.,Capture net weight as package-size evidence for later normalization.,blocked_until_private_readable_crop_ocr_correction_and_manual_verification,source_link_only_until_rights_review_clears_reuse,rights_review_needed,cwa_surface_7da3def94ba7a6;butterfinger_bar:cwa_surface_7da3def94ba7a6;cwa_capture_round_add5694f379c:net_weight;https://www.candywrapperarchive.com/candy-collector/1980s-butterfinger/#net_weight,,,,0,1,0,0,1,0
30,30,cwa_ingredient_priority_913134d3b057,butterfinger_bar,Butterfinger Bar,dense_lineage_first,1930s-2009,6,1980s,cwa_capture_round_add5694f379c,cwa_surface_e16699894b4ae0,www.candywrapperarchive.com,https://www.candywrapperarchive.com/candy-collector/1980s-butterfinger/,1980s Butterfinger - Maker or date cue,collector_archive_page,maker_or_date,Maker or date cue,5,supporting_label_text_photo,supporting_label_text_photo,medium,readable_panel_photo_needed,maker_distributor_or_date_cue,private_crop_needed,private_crop_path_needed,private_maker_or_date_crop_path,private_maker_or_date_crop,"Crop maker/distributor, copyright, lot, or date cue text.","Capture maker, distributor, copyright, lot, or date cues for identity and timeline confidence.",blocked_until_private_readable_crop_ocr_correction_and_manual_verification,source_link_only_until_rights_review_clears_reuse,rights_review_needed,cwa_surface_e16699894b4ae0;butterfinger_bar:cwa_surface_e16699894b4ae0;cwa_capture_round_add5694f379c:maker_or_date;https://www.candywrapperarchive.com/candy-collector/1980s-butterfinger/#maker_or_date,,,,0,1,0,0,1,0
31,31,cwa_ingredient_priority_e75fdc007b40,butterfinger_bar,Butterfinger Bar,dense_lineage_first,1930s-2009,7,2002,cwa_capture_round_a497fbb8b330,cwa_surface_60231b54b36cda,www.candywrapperarchive.com,https://www.candywrapperarchive.com/candy-collector/2002-butterfinger/,2002 Butterfinger - Ingredient panel,collector_archive_page,ingredient_panel,Ingredient panel,1,primary_ingredient_panel_photo,primary_ingredient_or_nutrition_photo,high,panel_capture_needed,ingredient_panel,private_crop_needed,private_crop_path_needed,private_ingredient_panel_crop_path,private_ingredient_panel_crop,Crop the ingredient statement with enough package context to preserve product/date cues.,"Capture the ingredient statement first, with enough wrapper context to preserve product and vintage cues.",blocked_until_private_readable_crop_ocr_correction_and_manual_verification,source_link_only_until_rights_review_clears_reuse,rights_review_needed,cwa_surface_60231b54b36cda;butterfinger_bar:cwa_surface_60231b54b36cda;cwa_capture_round_a497fbb8b330:ingredient_panel;https://www.candywrapperarchive.com/candy-collector/2002-butterfinger/#ingredient_panel,,,,1,0,0,0,1,0
32,32,cwa_ingredient_priority_66180f659bae,butterfinger_bar,Butterfinger Bar,dense_lineage_first,1930s-2009,7,2002,cwa_capture_round_a497fbb8b330,cwa_surface_0a1eeb650363ed,www.candywrapperarchive.com,https://www.candywrapperarchive.com/candy-collector/2002-butterfinger/,2002 Butterfinger - Nutrition panel,collector_archive_page,nutrition_panel,Nutrition panel,2,primary_nutrition_panel_photo,primary_ingredient_or_nutrition_photo,high,panel_capture_needed,nutrition_panel,private_crop_needed,private_crop_path_needed,private_nutrition_panel_crop_path,private_nutrition_panel_crop,Crop the nutrition panel and serving-size text if visible.,Capture the nutrition facts and serving-size area after the ingredient panel or when ingredients are absent.,blocked_until_private_readable_crop_ocr_correction_and_manual_verification,source_link_only_until_rights_review_clears_reuse,rights_review_needed,cwa_surface_0a1eeb650363ed;butterfinger_bar:cwa_surface_0a1eeb650363ed;cwa_capture_round_a497fbb8b330:nutrition_panel;https://www.candywrapperarchive.com/candy-collector/2002-butterfinger/#nutrition_panel,,,,1,0,0,0,1,0
33,33,cwa_ingredient_priority_46e038be86ff,butterfinger_bar,Butterfinger Bar,dense_lineage_first,1930s-2009,7,2002,cwa_capture_round_a497fbb8b330,cwa_surface_6b70fedb8fe3a7,www.candywrapperarchive.com,https://www.candywrapperarchive.com/candy-collector/2002-butterfinger/,2002 Butterfinger - Wrapper back or side text,collector_archive_page,wrapper_back_or_side,Wrapper back or side text,3,supporting_label_text_photo,supporting_label_text_photo,medium,readable_panel_photo_needed,package_back_side_text,private_crop_needed,private_crop_path_needed,private_wrapper_back_or_side_crop_path,private_back_or_side_text_crop,"Crop readable wrapper back/side text, prioritizing ingredients, nutrition, net weight, maker, or date cues.",Capture readable back/side wrapper text only after checking for ingredient and nutrition panels.,blocked_until_private_readable_crop_ocr_correction_and_manual_verification,source_link_only_until_rights_review_clears_reuse,rights_review_needed,cwa_surface_6b70fedb8fe3a7;butterfinger_bar:cwa_surface_6b70fedb8fe3a7;cwa_capture_round_a497fbb8b330:wrapper_back_or_side;https://www.candywrapperarchive.com/candy-collector/2002-butterfinger/#wrapper_back_or_side,,,,0,1,0,0,1,0
34,34,cwa_ingredient_priority_74a214d2cab7,butterfinger_bar,Butterfinger Bar,dense_lineage_first,1930s-2009,7,2002,cwa_capture_round_a497fbb8b330,cwa_surface_be810e91c5b248,www.candywrapperarchive.com,https://www.candywrapperarchive.com/candy-collector/2002-butterfinger/,2002 Butterfinger - Net weight,collector_archive_page,net_weight,Net weight,4,supporting_label_text_photo,supporting_label_text_photo,medium,readable_panel_photo_needed,net_weight,private_crop_needed,private_crop_path_needed,private_net_weight_crop_path,private_net_weight_crop,Crop net weight and package-size text.,Capture net weight as package-size evidence for later normalization.,blocked_until_private_readable_crop_ocr_correction_and_manual_verification,source_link_only_until_rights_review_clears_reuse,rights_review_needed,cwa_surface_be810e91c5b248;butterfinger_bar:cwa_surface_be810e91c5b248;cwa_capture_round_a497fbb8b330:net_weight;https://www.candywrapperarchive.com/candy-collector/2002-butterfinger/#net_weight,,,,0,1,0,0,1,0
35,35,cwa_ingredient_priority_2cb51c5d46b9,butterfinger_bar,Butterfinger Bar,dense_lineage_first,1930s-2009,7,2002,cwa_capture_round_a497fbb8b330,cwa_surface_4c89b0af362deb,www.candywrapperarchive.com,https://www.candywrapperarchive.com/candy-collector/2002-butterfinger/,2002 Butterfinger - Maker or date cue,collector_archive_page,maker_or_date,Maker or date cue,5,supporting_label_text_photo,supporting_label_text_photo,medium,readable_panel_photo_needed,maker_distributor_or_date_cue,private_crop_needed,private_crop_path_needed,private_maker_or_date_crop_path,private_maker_or_date_crop,"Crop maker/distributor, copyright, lot, or date cue text.","Capture maker, distributor, copyright, lot, or date cues for identity and timeline confidence.",blocked_until_private_readable_crop_ocr_correction_and_manual_verification,source_link_only_until_rights_review_clears_reuse,rights_review_needed,cwa_surface_4c89b0af362deb;butterfinger_bar:cwa_surface_4c89b0af362deb;cwa_capture_round_a497fbb8b330:maker_or_date;https://www.candywrapperarchive.com/candy-collector/2002-butterfinger/#maker_or_date,,,,0,1,0,0,1,0
36,36,cwa_ingredient_priority_9bcea002e08b,butterfinger_bar,Butterfinger Bar,dense_lineage_first,1930s-2009,8,2009,cwa_capture_round_46b6a1edde5b,cwa_surface_29f395474ef684,www.candywrapperarchive.com,https://www.candywrapperarchive.com/candy-collector/2009-butterfinger/,2009 Butterfinger - Ingredient panel,collector_archive_page,ingredient_panel,Ingredient panel,1,primary_ingredient_panel_photo,primary_ingredient_or_nutrition_photo,high,panel_capture_needed,ingredient_panel,private_crop_needed,private_crop_path_needed,private_ingredient_panel_crop_path,private_ingredient_panel_crop,Crop the ingredient statement with enough package context to preserve product/date cues.,"Capture the ingredient statement first, with enough wrapper context to preserve product and vintage cues.",blocked_until_private_readable_crop_ocr_correction_and_manual_verification,source_link_only_until_rights_review_clears_reuse,rights_review_needed,cwa_surface_29f395474ef684;butterfinger_bar:cwa_surface_29f395474ef684;cwa_capture_round_46b6a1edde5b:ingredient_panel;https://www.candywrapperarchive.com/candy-collector/2009-butterfinger/#ingredient_panel,,,,1,0,0,0,1,0
37,37,cwa_ingredient_priority_b0fb4fd9cdd4,butterfinger_bar,Butterfinger Bar,dense_lineage_first,1930s-2009,8,2009,cwa_capture_round_46b6a1edde5b,cwa_surface_06fb011e088d40,www.candywrapperarchive.com,https://www.candywrapperarchive.com/candy-collector/2009-butterfinger/,2009 Butterfinger - Nutrition panel,collector_archive_page,nutrition_panel,Nutrition panel,2,primary_nutrition_panel_photo,primary_ingredient_or_nutrition_photo,high,panel_capture_needed,nutrition_panel,private_crop_needed,private_crop_path_needed,private_nutrition_panel_crop_path,private_nutrition_panel_crop,Crop the nutrition panel and serving-size text if visible.,Capture the nutrition facts and serving-size area after the ingredient panel or when ingredients are absent.,blocked_until_private_readable_crop_ocr_correction_and_manual_verification,source_link_only_until_rights_review_clears_reuse,rights_review_needed,cwa_surface_06fb011e088d40;butterfinger_bar:cwa_surface_06fb011e088d40;cwa_capture_round_46b6a1edde5b:nutrition_panel;https://www.candywrapperarchive.com/candy-collector/2009-butterfinger/#nutrition_panel,,,,1,0,0,0,1,0
38,38,cwa_ingredient_priority_482e3a0c1db6,butterfinger_bar,Butterfinger Bar,dense_lineage_first,1930s-2009,8,2009,cwa_capture_round_46b6a1edde5b,cwa_surface_879660c2ce85f5,www.candywrapperarchive.com,https://www.candywrapperarchive.com/candy-collector/2009-butterfinger/,2009 Butterfinger - Wrapper back or side text,collector_archive_page,wrapper_back_or_side,Wrapper back or side text,3,supporting_label_text_photo,supporting_label_text_photo,medium,readable_panel_photo_needed,package_back_side_text,private_crop_needed,private_crop_path_needed,private_wrapper_back_or_side_crop_path,private_back_or_side_text_crop,"Crop readable wrapper back/side text, prioritizing ingredients, nutrition, net weight, maker, or date cues.",Capture readable back/side wrapper text only after checking for ingredient and nutrition panels.,blocked_until_private_readable_crop_ocr_correction_and_manual_verification,source_link_only_until_rights_review_clears_reuse,rights_review_needed,cwa_surface_879660c2ce85f5;butterfinger_bar:cwa_surface_879660c2ce85f5;cwa_capture_round_46b6a1edde5b:wrapper_back_or_side;https://www.candywrapperarchive.com/candy-collector/2009-butterfinger/#wrapper_back_or_side,,,,0,1,0,0,1,0
39,39,cwa_ingredient_priority_7bb84dab4dce,butterfinger_bar,Butterfinger Bar,dense_lineage_first,1930s-2009,8,2009,cwa_capture_round_46b6a1edde5b,cwa_surface_188f9409aaabdd,www.candywrapperarchive.com,https://www.candywrapperarchive.com/candy-collector/2009-butterfinger/,2009 Butterfinger - Net weight,collector_archive_page,net_weight,Net weight,4,supporting_label_text_photo,supporting_label_text_photo,medium,readable_panel_photo_needed,net_weight,private_crop_needed,private_crop_path_needed,private_net_weight_crop_path,private_net_weight_crop,Crop net weight and package-size text.,Capture net weight as package-size evidence for later normalization.,blocked_until_private_readable_crop_ocr_correction_and_manual_verification,source_link_only_until_rights_review_clears_reuse,rights_review_needed,cwa_surface_188f9409aaabdd;butterfinger_bar:cwa_surface_188f9409aaabdd;cwa_capture_round_46b6a1edde5b:net_weight;https://www.candywrapperarchive.com/candy-collector/2009-butterfinger/#net_weight,,,,0,1,0,0,1,0
40,40,cwa_ingredient_priority_1d63c8f9da97,butterfinger_bar,Butterfinger Bar,dense_lineage_first,1930s-2009,8,2009,cwa_capture_round_46b6a1edde5b,cwa_surface_cb25b81e075544,www.candywrapperarchive.com,https://www.candywrapperarchive.com/candy-collector/2009-butterfinger/,2009 Butterfinger - Maker or date cue,collector_archive_page,maker_or_date,Maker or date cue,5,supporting_label_text_photo,supporting_label_text_photo,medium,readable_panel_photo_needed,maker_distributor_or_date_cue,private_crop_needed,private_crop_path_needed,private_maker_or_date_crop_path,private_maker_or_date_crop,"Crop maker/distributor, copyright, lot, or date cue text.","Capture maker, distributor, copyright, lot, or date cues for identity and timeline confidence.",blocked_until_private_readable_crop_ocr_correction_and_manual_verification,source_link_only_until_rights_review_clears_reuse,rights_review_needed,cwa_surface_cb25b81e075544;butterfinger_bar:cwa_surface_cb25b81e075544;cwa_capture_round_46b6a1edde5b:maker_or_date;https://www.candywrapperarchive.com/candy-collector/2009-butterfinger/#maker_or_date,,,,0,1,0,0,1,0
41,1,cwa_ingredient_priority_e24f4b6919ec,reeses_peanut_butter_cups,Reese's Peanut Butter Cups,dense_lineage_first,1940s-2005,1,1940s,cwa_capture_round_d5aa38435ce0,cwa_surface_0dca79d6d2105f,www.candywrapperarchive.com,https://www.candywrapperarchive.com/candy-collector/1940s-reeses-bag/,1940s Reeses Bag - Ingredient panel,collector_archive_page,ingredient_panel,Ingredient panel,1,primary_ingredient_panel_photo,primary_ingredient_or_nutrition_photo,high,panel_capture_needed,ingredient_panel,private_crop_needed,private_crop_path_needed,private_ingredient_panel_crop_path,private_ingredient_panel_crop,Crop the ingredient statement with enough package context to preserve product/date cues.,"Capture the ingredient statement first, with enough wrapper context to preserve product and vintage cues.",blocked_until_private_readable_crop_ocr_correction_and_manual_verification,source_link_only_until_rights_review_clears_reuse,rights_review_needed,cwa_surface_0dca79d6d2105f;reeses_peanut_butter_cups:cwa_surface_0dca79d6d2105f;cwa_capture_round_d5aa38435ce0:ingredient_panel;https://www.candywrapperarchive.com/candy-collector/1940s-reeses-bag/#ingredient_panel,,,,1,0,0,0,1,0
42,2,cwa_ingredient_priority_8ec8106b0fe9,reeses_peanut_butter_cups,Reese's Peanut Butter Cups,dense_lineage_first,1940s-2005,1,1940s,cwa_capture_round_d5aa38435ce0,cwa_surface_f097f2901f1c97,www.candywrapperarchive.com,https://www.candywrapperarchive.com/candy-collector/1940s-reeses-bag/,1940s Reeses Bag - Nutrition panel,collector_archive_page,nutrition_panel,Nutrition panel,2,primary_nutrition_panel_photo,primary_ingredient_or_nutrition_photo,high,panel_capture_needed,nutrition_panel,private_crop_needed,private_crop_path_needed,private_nutrition_panel_crop_path,private_nutrition_panel_crop,Crop the nutrition panel and serving-size text if visible.,Capture the nutrition facts and serving-size area after the ingredient panel or when ingredients are absent.,blocked_until_private_readable_crop_ocr_correction_and_manual_verification,source_link_only_until_rights_review_clears_reuse,rights_review_needed,cwa_surface_f097f2901f1c97;reeses_peanut_butter_cups:cwa_surface_f097f2901f1c97;cwa_capture_round_d5aa38435ce0:nutrition_panel;https://www.candywrapperarchive.com/candy-collector/1940s-reeses-bag/#nutrition_panel,,,,1,0,0,0,1,0
43,3,cwa_ingredient_priority_2980d70f69f9,reeses_peanut_butter_cups,Reese's Peanut Butter Cups,dense_lineage_first,1940s-2005,1,1940s,cwa_capture_round_d5aa38435ce0,cwa_surface_f105a3ba86e9b5,www.candywrapperarchive.com,https://www.candywrapperarchive.com/candy-collector/1940s-reeses-bag/,1940s Reeses Bag - Wrapper back or side text,collector_archive_page,wrapper_back_or_side,Wrapper back or side text,3,supporting_label_text_photo,supporting_label_text_photo,medium,readable_panel_photo_needed,package_back_side_text,private_crop_needed,private_crop_path_needed,private_wrapper_back_or_side_crop_path,private_back_or_side_text_crop,"Crop readable wrapper back/side text, prioritizing ingredients, nutrition, net weight, maker, or date cues.",Capture readable back/side wrapper text only after checking for ingredient and nutrition panels.,blocked_until_private_readable_crop_ocr_correction_and_manual_verification,source_link_only_until_rights_review_clears_reuse,rights_review_needed,cwa_surface_f105a3ba86e9b5;reeses_peanut_butter_cups:cwa_surface_f105a3ba86e9b5;cwa_capture_round_d5aa38435ce0:wrapper_back_or_side;https://www.candywrapperarchive.com/candy-collector/1940s-reeses-bag/#wrapper_back_or_side,,,,0,1,0,0,1,0
44,4,cwa_ingredient_priority_e113622d54f8,reeses_peanut_butter_cups,Reese's Peanut Butter Cups,dense_lineage_first,1940s-2005,1,1940s,cwa_capture_round_d5aa38435ce0,cwa_surface_d43a2ef5594515,www.candywrapperarchive.com,https://www.candywrapperarchive.com/candy-collector/1940s-reeses-bag/,1940s Reeses Bag - Net weight,collector_archive_page,net_weight,Net weight,4,supporting_label_text_photo,supporting_label_text_photo,medium,readable_panel_photo_needed,net_weight,private_crop_needed,private_crop_path_needed,private_net_weight_crop_path,private_net_weight_crop,Crop net weight and package-size text.,Capture net weight as package-size evidence for later normalization.,blocked_until_private_readable_crop_ocr_correction_and_manual_verification,source_link_only_until_rights_review_clears_reuse,rights_review_needed,cwa_surface_d43a2ef5594515;reeses_peanut_butter_cups:cwa_surface_d43a2ef5594515;cwa_capture_round_d5aa38435ce0:net_weight;https://www.candywrapperarchive.com/candy-collector/1940s-reeses-bag/#net_weight,,,,0,1,0,0,1,0
45,5,cwa_ingredient_priority_5d29664c6147,reeses_peanut_butter_cups,Reese's Peanut Butter Cups,dense_lineage_first,1940s-2005,1,1940s,cwa_capture_round_d5aa38435ce0,cwa_surface_a7654aef885218,www.candywrapperarchive.com,https://www.candywrapperarchive.com/candy-collector/1940s-reeses-bag/,1940s Reeses Bag - Maker or date cue,collector_archive_page,maker_or_date,Maker or date cue,5,supporting_label_text_photo,supporting_label_text_photo,medium,readable_panel_photo_needed,maker_distributor_or_date_cue,private_crop_needed,private_crop_path_needed,private_maker_or_date_crop_path,private_maker_or_date_crop,"Crop maker/distributor, copyright, lot, or date cue text.","Capture maker, distributor, copyright, lot, or date cues for identity and timeline confidence.",blocked_until_private_readable_crop_ocr_correction_and_manual_verification,source_link_only_until_rights_review_clears_reuse,rights_review_needed,cwa_surface_a7654aef885218;reeses_peanut_butter_cups:cwa_surface_a7654aef885218;cwa_capture_round_d5aa38435ce0:maker_or_date;https://www.candywrapperarchive.com/candy-collector/1940s-reeses-bag/#maker_or_date,,,,0,1,0,0,1,0
46,6,cwa_ingredient_priority_cf3021ca7a26,reeses_peanut_butter_cups,Reese's Peanut Butter Cups,dense_lineage_first,1940s-2005,2,1970s,cwa_capture_round_cc2395496fc1,cwa_surface_0a70aab6cdf208,www.candywrapperarchive.com,https://www.candywrapperarchive.com/candy-collector/1970s-reeses/,1970s Reeses - Ingredient panel,collector_archive_page,ingredient_panel,Ingredient panel,1,primary_ingredient_panel_photo,primary_ingredient_or_nutrition_photo,high,panel_capture_needed,ingredient_panel,private_crop_needed,private_crop_path_needed,private_ingredient_panel_crop_path,private_ingredient_panel_crop,Crop the ingredient statement with enough package context to preserve product/date cues.,"Capture the ingredient statement first, with enough wrapper context to preserve product and vintage cues.",blocked_until_private_readable_crop_ocr_correction_and_manual_verification,source_link_only_until_rights_review_clears_reuse,rights_review_needed,cwa_surface_0a70aab6cdf208;reeses_peanut_butter_cups:cwa_surface_0a70aab6cdf208;cwa_capture_round_cc2395496fc1:ingredient_panel;https://www.candywrapperarchive.com/candy-collector/1970s-reeses/#ingredient_panel,,,,1,0,0,0,1,0
47,7,cwa_ingredient_priority_26a84b06148d,reeses_peanut_butter_cups,Reese's Peanut Butter Cups,dense_lineage_first,1940s-2005,2,1970s,cwa_capture_round_cc2395496fc1,cwa_surface_7ed70d0cb54be5,www.candywrapperarchive.com,https://www.candywrapperarchive.com/candy-collector/1970s-reeses/,1970s Reeses - Nutrition panel,collector_archive_page,nutrition_panel,Nutrition panel,2,primary_nutrition_panel_photo,primary_ingredient_or_nutrition_photo,high,panel_capture_needed,nutrition_panel,private_crop_needed,private_crop_path_needed,private_nutrition_panel_crop_path,private_nutrition_panel_crop,Crop the nutrition panel and serving-size text if visible.,Capture the nutrition facts and serving-size area after the ingredient panel or when ingredients are absent.,blocked_until_private_readable_crop_ocr_correction_and_manual_verification,source_link_only_until_rights_review_clears_reuse,rights_review_needed,cwa_surface_7ed70d0cb54be5;reeses_peanut_butter_cups:cwa_surface_7ed70d0cb54be5;cwa_capture_round_cc2395496fc1:nutrition_panel;https://www.candywrapperarchive.com/candy-collector/1970s-reeses/#nutrition_panel,,,,1,0,0,0,1,0
48,8,cwa_ingredient_priority_a6e393c95bfa,reeses_peanut_butter_cups,Reese's Peanut Butter Cups,dense_lineage_first,1940s-2005,2,1970s,cwa_capture_round_cc2395496fc1,cwa_surface_59460eca45fc53,www.candywrapperarchive.com,https://www.candywrapperarchive.com/candy-collector/1970s-reeses/,1970s Reeses - Wrapper back or side text,collector_archive_page,wrapper_back_or_side,Wrapper back or side text,3,supporting_label_text_photo,supporting_label_text_photo,medium,readable_panel_photo_needed,package_back_side_text,private_crop_needed,private_crop_path_needed,private_wrapper_back_or_side_crop_path,private_back_or_side_text_crop,"Crop readable wrapper back/side text, prioritizing ingredients, nutrition, net weight, maker, or date cues.",Capture readable back/side wrapper text only after checking for ingredient and nutrition panels.,blocked_until_private_readable_crop_ocr_correction_and_manual_verification,source_link_only_until_rights_review_clears_reuse,rights_review_needed,cwa_surface_59460eca45fc53;reeses_peanut_butter_cups:cwa_surface_59460eca45fc53;cwa_capture_round_cc2395496fc1:wrapper_back_or_side;https://www.candywrapperarchive.com/candy-collector/1970s-reeses/#wrapper_back_or_side,,,,0,1,0,0,1,0
49,9,cwa_ingredient_priority_887288fcaf1e,reeses_peanut_butter_cups,Reese's Peanut Butter Cups,dense_lineage_first,1940s-2005,2,1970s,cwa_capture_round_cc2395496fc1,cwa_surface_b1c5e8c31b8ead,www.candywrapperarchive.com,https://www.candywrapperarchive.com/candy-collector/1970s-reeses/,1970s Reeses - Net weight,collector_archive_page,net_weight,Net weight,4,supporting_label_text_photo,supporting_label_text_photo,medium,readable_panel_photo_needed,net_weight,private_crop_needed,private_crop_path_needed,private_net_weight_crop_path,private_net_weight_crop,Crop net weight and package-size text.,Capture net weight as package-size evidence for later normalization.,blocked_until_private_readable_crop_ocr_correction_and_manual_verification,source_link_only_until_rights_review_clears_reuse,rights_review_needed,cwa_surface_b1c5e8c31b8ead;reeses_peanut_butter_cups:cwa_surface_b1c5e8c31b8ead;cwa_capture_round_cc2395496fc1:net_weight;https://www.candywrapperarchive.com/candy-collector/1970s-reeses/#net_weight,,,,0,1,0,0,1,0
50,10,cwa_ingredient_priority_d4fbe188ea7c,reeses_peanut_butter_cups,Reese's Peanut Butter Cups,dense_lineage_first,1940s-2005,2,1970s,cwa_capture_round_cc2395496fc1,cwa_surface_980baa0d7e9734,www.candywrapperarchive.com,https://www.candywrapperarchive.com/candy-collector/1970s-reeses/,1970s Reeses - Maker or date cue,collector_archive_page,maker_or_date,Maker or date cue,5,supporting_label_text_photo,supporting_label_text_photo,medium,readable_panel_photo_needed,maker_distributor_or_date_cue,private_crop_needed,private_crop_path_needed,private_maker_or_date_crop_path,private_maker_or_date_crop,"Crop maker/distributor, copyright, lot, or date cue text.","Capture maker, distributor, copyright, lot, or date cues for identity and timeline confidence.",blocked_until_private_readable_crop_ocr_correction_and_manual_verification,source_link_only_until_rights_review_clears_reuse,rights_review_needed,cwa_surface_980baa0d7e9734;reeses_peanut_butter_cups:cwa_surface_980baa0d7e9734;cwa_capture_round_cc2395496fc1:maker_or_date;https://www.candywrapperarchive.com/candy-collector/1970s-reeses/#maker_or_date,,,,0,1,0,0,1,0
51,11,cwa_ingredient_priority_d75217dcadd5,reeses_peanut_butter_cups,Reese's Peanut Butter Cups,dense_lineage_first,1940s-2005,3,1980s,cwa_capture_round_9247ec43d032,cwa_surface_bcf31ae6fd5bd4,www.candywrapperarchive.com,https://www.candywrapperarchive.com/candy-collector/1980s-reeses/,1980s Reeses - Ingredient panel,collector_archive_page,ingredient_panel,Ingredient panel,1,primary_ingredient_panel_photo,primary_ingredient_or_nutrition_photo,high,panel_capture_needed,ingredient_panel,private_crop_needed,private_crop_path_needed,private_ingredient_panel_crop_path,private_ingredient_panel_crop,Crop the ingredient statement with enough package context to preserve product/date cues.,"Capture the ingredient statement first, with enough wrapper context to preserve product and vintage cues.",blocked_until_private_readable_crop_ocr_correction_and_manual_verification,source_link_only_until_rights_review_clears_reuse,rights_review_needed,cwa_surface_bcf31ae6fd5bd4;reeses_peanut_butter_cups:cwa_surface_bcf31ae6fd5bd4;cwa_capture_round_9247ec43d032:ingredient_panel;https://www.candywrapperarchive.com/candy-collector/1980s-reeses/#ingredient_panel,,,,1,0,0,0,1,0
52,12,cwa_ingredient_priority_f8870637dce9,reeses_peanut_butter_cups,Reese's Peanut Butter Cups,dense_lineage_first,1940s-2005,3,1980s,cwa_capture_round_9247ec43d032,cwa_surface_8168d58033c4df,www.candywrapperarchive.com,https://www.candywrapperarchive.com/candy-collector/1980s-reeses/,1980s Reeses - Nutrition panel,collector_archive_page,nutrition_panel,Nutrition panel,2,primary_nutrition_panel_photo,primary_ingredient_or_nutrition_photo,high,panel_capture_needed,nutrition_panel,private_crop_needed,private_crop_path_needed,private_nutrition_panel_crop_path,private_nutrition_panel_crop,Crop the nutrition panel and serving-size text if visible.,Capture the nutrition facts and serving-size area after the ingredient panel or when ingredients are absent.,blocked_until_private_readable_crop_ocr_correction_and_manual_verification,source_link_only_until_rights_review_clears_reuse,rights_review_needed,cwa_surface_8168d58033c4df;reeses_peanut_butter_cups:cwa_surface_8168d58033c4df;cwa_capture_round_9247ec43d032:nutrition_panel;https://www.candywrapperarchive.com/candy-collector/1980s-reeses/#nutrition_panel,,,,1,0,0,0,1,0
53,13,cwa_ingredient_priority_07a1280708c8,reeses_peanut_butter_cups,Reese's Peanut Butter Cups,dense_lineage_first,1940s-2005,3,1980s,cwa_capture_round_9247ec43d032,cwa_surface_0faa72164afe8f,www.candywrapperarchive.com,https://www.candywrapperarchive.com/candy-collector/1980s-reeses/,1980s Reeses - Wrapper back or side text,collector_archive_page,wrapper_back_or_side,Wrapper back or side text,3,supporting_label_text_photo,supporting_label_text_photo,medium,readable_panel_photo_needed,package_back_side_text,private_crop_needed,private_crop_path_needed,private_wrapper_back_or_side_crop_path,private_back_or_side_text_crop,"Crop readable wrapper back/side text, prioritizing ingredients, nutrition, net weight, maker, or date cues.",Capture readable back/side wrapper text only after checking for ingredient and nutrition panels.,blocked_until_private_readable_crop_ocr_correction_and_manual_verification,source_link_only_until_rights_review_clears_reuse,rights_review_needed,cwa_surface_0faa72164afe8f;reeses_peanut_butter_cups:cwa_surface_0faa72164afe8f;cwa_capture_round_9247ec43d032:wrapper_back_or_side;https://www.candywrapperarchive.com/candy-collector/1980s-reeses/#wrapper_back_or_side,,,,0,1,0,0,1,0
54,14,cwa_ingredient_priority_54bb9b9e0274,reeses_peanut_butter_cups,Reese's Peanut Butter Cups,dense_lineage_first,1940s-2005,3,1980s,cwa_capture_round_9247ec43d032,cwa_surface_dd28ff8505e422,www.candywrapperarchive.com,https://www.candywrapperarchive.com/candy-collector/1980s-reeses/,1980s Reeses - Net weight,collector_archive_page,net_weight,Net weight,4,supporting_label_text_photo,supporting_label_text_photo,medium,readable_panel_photo_needed,net_weight,private_crop_needed,private_crop_path_needed,private_net_weight_crop_path,private_net_weight_crop,Crop net weight and package-size text.,Capture net weight as package-size evidence for later normalization.,blocked_until_private_readable_crop_ocr_correction_and_manual_verification,source_link_only_until_rights_review_clears_reuse,rights_review_needed,cwa_surface_dd28ff8505e422;reeses_peanut_butter_cups:cwa_surface_dd28ff8505e422;cwa_capture_round_9247ec43d032:net_weight;https://www.candywrapperarchive.com/candy-collector/1980s-reeses/#net_weight,,,,0,1,0,0,1,0
55,15,cwa_ingredient_priority_2580fb74e1cc,reeses_peanut_butter_cups,Reese's Peanut Butter Cups,dense_lineage_first,1940s-2005,3,1980s,cwa_capture_round_9247ec43d032,cwa_surface_f599b5fa2eb95f,www.candywrapperarchive.com,https://www.candywrapperarchive.com/candy-collector/1980s-reeses/,1980s Reeses - Maker or date cue,collector_archive_page,maker_or_date,Maker or date cue,5,supporting_label_text_photo,supporting_label_text_photo,medium,readable_panel_photo_needed,maker_distributor_or_date_cue,private_crop_needed,private_crop_path_needed,private_maker_or_date_crop_path,private_maker_or_date_crop,"Crop maker/distributor, copyright, lot, or date cue text.","Capture maker, distributor, copyright, lot, or date cues for identity and timeline confidence.",blocked_until_private_readable_crop_ocr_correction_and_manual_verification,source_link_only_until_rights_review_clears_reuse,rights_review_needed,cwa_surface_f599b5fa2eb95f;reeses_peanut_butter_cups:cwa_surface_f599b5fa2eb95f;cwa_capture_round_9247ec43d032:maker_or_date;https://www.candywrapperarchive.com/candy-collector/1980s-reeses/#maker_or_date,,,,0,1,0,0,1,0
56,16,cwa_ingredient_priority_3b69cf4221b6,reeses_peanut_butter_cups,Reese's Peanut Butter Cups,dense_lineage_first,1940s-2005,4,1991,cwa_capture_round_6df649a46222,cwa_surface_39cf422a847979,www.candywrapperarchive.com,https://www.candywrapperarchive.com/candy-collector/1991-reeses/,1991 Reeses - Ingredient panel,collector_archive_page,ingredient_panel,Ingredient panel,1,primary_ingredient_panel_photo,primary_ingredient_or_nutrition_photo,high,panel_capture_needed,ingredient_panel,private_crop_needed,private_crop_path_needed,private_ingredient_panel_crop_path,private_ingredient_panel_crop,Crop the ingredient statement with enough package context to preserve product/date cues.,"Capture the ingredient statement first, with enough wrapper context to preserve product and vintage cues.",blocked_until_private_readable_crop_ocr_correction_and_manual_verification,source_link_only_until_rights_review_clears_reuse,rights_review_needed,cwa_surface_39cf422a847979;reeses_peanut_butter_cups:cwa_surface_39cf422a847979;cwa_capture_round_6df649a46222:ingredient_panel;https://www.candywrapperarchive.com/candy-collector/1991-reeses/#ingredient_panel,,,,1,0,0,0,1,0
57,17,cwa_ingredient_priority_04bdf3e543fd,reeses_peanut_butter_cups,Reese's Peanut Butter Cups,dense_lineage_first,1940s-2005,4,1991,cwa_capture_round_6df649a46222,cwa_surface_df5993989a6e4b,www.candywrapperarchive.com,https://www.candywrapperarchive.com/candy-collector/1991-reeses/,1991 Reeses - Nutrition panel,collector_archive_page,nutrition_panel,Nutrition panel,2,primary_nutrition_panel_photo,primary_ingredient_or_nutrition_photo,high,panel_capture_needed,nutrition_panel,private_crop_needed,private_crop_path_needed,private_nutrition_panel_crop_path,private_nutrition_panel_crop,Crop the nutrition panel and serving-size text if visible.,Capture the nutrition facts and serving-size area after the ingredient panel or when ingredients are absent.,blocked_until_private_readable_crop_ocr_correction_and_manual_verification,source_link_only_until_rights_review_clears_reuse,rights_review_needed,cwa_surface_df5993989a6e4b;reeses_peanut_butter_cups:cwa_surface_df5993989a6e4b;cwa_capture_round_6df649a46222:nutrition_panel;https://www.candywrapperarchive.com/candy-collector/1991-reeses/#nutrition_panel,,,,1,0,0,0,1,0
58,18,cwa_ingredient_priority_3324df18fa14,reeses_peanut_butter_cups,Reese's Peanut Butter Cups,dense_lineage_first,1940s-2005,4,1991,cwa_capture_round_6df649a46222,cwa_surface_1b1f2781df71d6,www.candywrapperarchive.com,https://www.candywrapperarchive.com/candy-collector/1991-reeses/,1991 Reeses - Wrapper back or side text,collector_archive_page,wrapper_back_or_side,Wrapper back or side text,3,supporting_label_text_photo,supporting_label_text_photo,medium,readable_panel_photo_needed,package_back_side_text,private_crop_needed,private_crop_path_needed,private_wrapper_back_or_side_crop_path,private_back_or_side_text_crop,"Crop readable wrapper back/side text, prioritizing ingredients, nutrition, net weight, maker, or date cues.",Capture readable back/side wrapper text only after checking for ingredient and nutrition panels.,blocked_until_private_readable_crop_ocr_correction_and_manual_verification,source_link_only_until_rights_review_clears_reuse,rights_review_needed,cwa_surface_1b1f2781df71d6;reeses_peanut_butter_cups:cwa_surface_1b1f2781df71d6;cwa_capture_round_6df649a46222:wrapper_back_or_side;https://www.candywrapperarchive.com/candy-collector/1991-reeses/#wrapper_back_or_side,,,,0,1,0,0,1,0
59,19,cwa_ingredient_priority_78fefe8ce045,reeses_peanut_butter_cups,Reese's Peanut Butter Cups,dense_lineage_first,1940s-2005,4,1991,cwa_capture_round_6df649a46222,cwa_surface_ba7793d992ecaa,www.candywrapperarchive.com,https://www.candywrapperarchive.com/candy-collector/1991-reeses/,1991 Reeses - Net weight,collector_archive_page,net_weight,Net weight,4,supporting_label_text_photo,supporting_label_text_photo,medium,readable_panel_photo_needed,net_weight,private_crop_needed,private_crop_path_needed,private_net_weight_crop_path,private_net_weight_crop,Crop net weight and package-size text.,Capture net weight as package-size evidence for later normalization.,blocked_until_private_readable_crop_ocr_correction_and_manual_verification,source_link_only_until_rights_review_clears_reuse,rights_review_needed,cwa_surface_ba7793d992ecaa;reeses_peanut_butter_cups:cwa_surface_ba7793d992ecaa;cwa_capture_round_6df649a46222:net_weight;https://www.candywrapperarchive.com/candy-collector/1991-reeses/#net_weight,,,,0,1,0,0,1,0
60,20,cwa_ingredient_priority_0448b9287d4b,reeses_peanut_butter_cups,Reese's Peanut Butter Cups,dense_lineage_first,1940s-2005,4,1991,cwa_capture_round_6df649a46222,cwa_surface_4aafb6748ecde9,www.candywrapperarchive.com,https://www.candywrapperarchive.com/candy-collector/1991-reeses/,1991 Reeses - Maker or date cue,collector_archive_page,maker_or_date,Maker or date cue,5,supporting_label_text_photo,supporting_label_text_photo,medium,readable_panel_photo_needed,maker_distributor_or_date_cue,private_crop_needed,private_crop_path_needed,private_maker_or_date_crop_path,private_maker_or_date_crop,"Crop maker/distributor, copyright, lot, or date cue text.","Capture maker, distributor, copyright, lot, or date cues for identity and timeline confidence.",blocked_until_private_readable_crop_ocr_correction_and_manual_verification,source_link_only_until_rights_review_clears_reuse,rights_review_needed,cwa_surface_4aafb6748ecde9;reeses_peanut_butter_cups:cwa_surface_4aafb6748ecde9;cwa_capture_round_6df649a46222:maker_or_date;https://www.candywrapperarchive.com/candy-collector/1991-reeses/#maker_or_date,,,,0,1,0,0,1,0
61,21,cwa_ingredient_priority_d54648cac102,reeses_peanut_butter_cups,Reese's Peanut Butter Cups,dense_lineage_first,1940s-2005,5,2002,cwa_capture_round_f6826951082d,cwa_surface_031d83c3dbd59e,www.candywrapperarchive.com,https://www.candywrapperarchive.com/candy-collector/2002-reeses/,2002 Reeses - Ingredient panel,collector_archive_page,ingredient_panel,Ingredient panel,1,primary_ingredient_panel_photo,primary_ingredient_or_nutrition_photo,high,panel_capture_needed,ingredient_panel,private_crop_needed,private_crop_path_needed,private_ingredient_panel_crop_path,private_ingredient_panel_crop,Crop the ingredient statement with enough package context to preserve product/date cues.,"Capture the ingredient statement first, with enough wrapper context to preserve product and vintage cues.",blocked_until_private_readable_crop_ocr_correction_and_manual_verification,source_link_only_until_rights_review_clears_reuse,rights_review_needed,cwa_surface_031d83c3dbd59e;reeses_peanut_butter_cups:cwa_surface_031d83c3dbd59e;cwa_capture_round_f6826951082d:ingredient_panel;https://www.candywrapperarchive.com/candy-collector/2002-reeses/#ingredient_panel,,,,1,0,0,0,1,0
62,22,cwa_ingredient_priority_716a006cdadd,reeses_peanut_butter_cups,Reese's Peanut Butter Cups,dense_lineage_first,1940s-2005,5,2002,cwa_capture_round_f6826951082d,cwa_surface_375e91cfe4931b,www.candywrapperarchive.com,https://www.candywrapperarchive.com/candy-collector/2002-reeses/,2002 Reeses - Nutrition panel,collector_archive_page,nutrition_panel,Nutrition panel,2,primary_nutrition_panel_photo,primary_ingredient_or_nutrition_photo,high,panel_capture_needed,nutrition_panel,private_crop_needed,private_crop_path_needed,private_nutrition_panel_crop_path,private_nutrition_panel_crop,Crop the nutrition panel and serving-size text if visible.,Capture the nutrition facts and serving-size area after the ingredient panel or when ingredients are absent.,blocked_until_private_readable_crop_ocr_correction_and_manual_verification,source_link_only_until_rights_review_clears_reuse,rights_review_needed,cwa_surface_375e91cfe4931b;reeses_peanut_butter_cups:cwa_surface_375e91cfe4931b;cwa_capture_round_f6826951082d:nutrition_panel;https://www.candywrapperarchive.com/candy-collector/2002-reeses/#nutrition_panel,,,,1,0,0,0,1,0
63,23,cwa_ingredient_priority_25957f64e55c,reeses_peanut_butter_cups,Reese's Peanut Butter Cups,dense_lineage_first,1940s-2005,5,2002,cwa_capture_round_f6826951082d,cwa_surface_87e7930fc9ae95,www.candywrapperarchive.com,https://www.candywrapperarchive.com/candy-collector/2002-reeses/,2002 Reeses - Wrapper back or side text,collector_archive_page,wrapper_back_or_side,Wrapper back or side text,3,supporting_label_text_photo,supporting_label_text_photo,medium,readable_panel_photo_needed,package_back_side_text,private_crop_needed,private_crop_path_needed,private_wrapper_back_or_side_crop_path,private_back_or_side_text_crop,"Crop readable wrapper back/side text, prioritizing ingredients, nutrition, net weight, maker, or date cues.",Capture readable back/side wrapper text only after checking for ingredient and nutrition panels.,blocked_until_private_readable_crop_ocr_correction_and_manual_verification,source_link_only_until_rights_review_clears_reuse,rights_review_needed,cwa_surface_87e7930fc9ae95;reeses_peanut_butter_cups:cwa_surface_87e7930fc9ae95;cwa_capture_round_f6826951082d:wrapper_back_or_side;https://www.candywrapperarchive.com/candy-collector/2002-reeses/#wrapper_back_or_side,,,,0,1,0,0,1,0
64,24,cwa_ingredient_priority_7dd26019743e,reeses_peanut_butter_cups,Reese's Peanut Butter Cups,dense_lineage_first,1940s-2005,5,2002,cwa_capture_round_f6826951082d,cwa_surface_4f8c020926ee6e,www.candywrapperarchive.com,https://www.candywrapperarchive.com/candy-collector/2002-reeses/,2002 Reeses - Net weight,collector_archive_page,net_weight,Net weight,4,supporting_label_text_photo,supporting_label_text_photo,medium,readable_panel_photo_needed,net_weight,private_crop_needed,private_crop_path_needed,private_net_weight_crop_path,private_net_weight_crop,Crop net weight and package-size text.,Capture net weight as package-size evidence for later normalization.,blocked_until_private_readable_crop_ocr_correction_and_manual_verification,source_link_only_until_rights_review_clears_reuse,rights_review_needed,cwa_surface_4f8c020926ee6e;reeses_peanut_butter_cups:cwa_surface_4f8c020926ee6e;cwa_capture_round_f6826951082d:net_weight;https://www.candywrapperarchive.com/candy-collector/2002-reeses/#net_weight,,,,0,1,0,0,1,0
65,25,cwa_ingredient_priority_3e22fd749a36,reeses_peanut_butter_cups,Reese's Peanut Butter Cups,dense_lineage_first,1940s-2005,5,2002,cwa_capture_round_f6826951082d,cwa_surface_494bf2ec912f83,www.candywrapperarchive.com,https://www.candywrapperarchive.com/candy-collector/2002-reeses/,2002 Reeses - Maker or date cue,collector_archive_page,maker_or_date,Maker or date cue,5,supporting_label_text_photo,supporting_label_text_photo,medium,readable_panel_photo_needed,maker_distributor_or_date_cue,private_crop_needed,private_crop_path_needed,private_maker_or_date_crop_path,private_maker_or_date_crop,"Crop maker/distributor, copyright, lot, or date cue text.","Capture maker, distributor, copyright, lot, or date cues for identity and timeline confidence.",blocked_until_private_readable_crop_ocr_correction_and_manual_verification,source_link_only_until_rights_review_clears_reuse,rights_review_needed,cwa_surface_494bf2ec912f83;reeses_peanut_butter_cups:cwa_surface_494bf2ec912f83;cwa_capture_round_f6826951082d:maker_or_date;https://www.candywrapperarchive.com/candy-collector/2002-reeses/#maker_or_date,,,,0,1,0,0,1,0
66,26,cwa_ingredient_priority_3582756d4a10,reeses_peanut_butter_cups,Reese's Peanut Butter Cups,dense_lineage_first,1940s-2005,6,2003,cwa_capture_round_449a4deb637a,cwa_surface_cd18a160cd966e,www.candywrapperarchive.com,https://www.candywrapperarchive.com/candy-collector/2003-reeses/,2003 Reeses - Ingredient panel,collector_archive_page,ingredient_panel,Ingredient panel,1,primary_ingredient_panel_photo,primary_ingredient_or_nutrition_photo,high,panel_capture_needed,ingredient_panel,private_crop_needed,private_crop_path_needed,private_ingredient_panel_crop_path,private_ingredient_panel_crop,Crop the ingredient statement with enough package context to preserve product/date cues.,"Capture the ingredient statement first, with enough wrapper context to preserve product and vintage cues.",blocked_until_private_readable_crop_ocr_correction_and_manual_verification,source_link_only_until_rights_review_clears_reuse,rights_review_needed,cwa_surface_cd18a160cd966e;reeses_peanut_butter_cups:cwa_surface_cd18a160cd966e;cwa_capture_round_449a4deb637a:ingredient_panel;https://www.candywrapperarchive.com/candy-collector/2003-reeses/#ingredient_panel,,,,1,0,0,0,1,0
67,27,cwa_ingredient_priority_401b27eed7e9,reeses_peanut_butter_cups,Reese's Peanut Butter Cups,dense_lineage_first,1940s-2005,6,2003,cwa_capture_round_449a4deb637a,cwa_surface_0f7bbe724b67ba,www.candywrapperarchive.com,https://www.candywrapperarchive.com/candy-collector/2003-reeses/,2003 Reeses - Nutrition panel,collector_archive_page,nutrition_panel,Nutrition panel,2,primary_nutrition_panel_photo,primary_ingredient_or_nutrition_photo,high,panel_capture_needed,nutrition_panel,private_crop_needed,private_crop_path_needed,private_nutrition_panel_crop_path,private_nutrition_panel_crop,Crop the nutrition panel and serving-size text if visible.,Capture the nutrition facts and serving-size area after the ingredient panel or when ingredients are absent.,blocked_until_private_readable_crop_ocr_correction_and_manual_verification,source_link_only_until_rights_review_clears_reuse,rights_review_needed,cwa_surface_0f7bbe724b67ba;reeses_peanut_butter_cups:cwa_surface_0f7bbe724b67ba;cwa_capture_round_449a4deb637a:nutrition_panel;https://www.candywrapperarchive.com/candy-collector/2003-reeses/#nutrition_panel,,,,1,0,0,0,1,0
68,28,cwa_ingredient_priority_b782aebad0dd,reeses_peanut_butter_cups,Reese's Peanut Butter Cups,dense_lineage_first,1940s-2005,6,2003,cwa_capture_round_449a4deb637a,cwa_surface_bf02be703135ca,www.candywrapperarchive.com,https://www.candywrapperarchive.com/candy-collector/2003-reeses/,2003 Reeses - Wrapper back or side text,collector_archive_page,wrapper_back_or_side,Wrapper back or side text,3,supporting_label_text_photo,supporting_label_text_photo,medium,readable_panel_photo_needed,package_back_side_text,private_crop_needed,private_crop_path_needed,private_wrapper_back_or_side_crop_path,private_back_or_side_text_crop,"Crop readable wrapper back/side text, prioritizing ingredients, nutrition, net weight, maker, or date cues.",Capture readable back/side wrapper text only after checking for ingredient and nutrition panels.,blocked_until_private_readable_crop_ocr_correction_and_manual_verification,source_link_only_until_rights_review_clears_reuse,rights_review_needed,cwa_surface_bf02be703135ca;reeses_peanut_butter_cups:cwa_surface_bf02be703135ca;cwa_capture_round_449a4deb637a:wrapper_back_or_side;https://www.candywrapperarchive.com/candy-collector/2003-reeses/#wrapper_back_or_side,,,,0,1,0,0,1,0
69,29,cwa_ingredient_priority_5ca60c035d85,reeses_peanut_butter_cups,Reese's Peanut Butter Cups,dense_lineage_first,1940s-2005,6,2003,cwa_capture_round_449a4deb637a,cwa_surface_7cff970e120afc,www.candywrapperarchive.com,https://www.candywrapperarchive.com/candy-collector/2003-reeses/,2003 Reeses - Net weight,collector_archive_page,net_weight,Net weight,4,supporting_label_text_photo,supporting_label_text_photo,medium,readable_panel_photo_needed,net_weight,private_crop_needed,private_crop_path_needed,private_net_weight_crop_path,private_net_weight_crop,Crop net weight and package-size text.,Capture net weight as package-size evidence for later normalization.,blocked_until_private_readable_crop_ocr_correction_and_manual_verification,source_link_only_until_rights_review_clears_reuse,rights_review_needed,cwa_surface_7cff970e120afc;reeses_peanut_butter_cups:cwa_surface_7cff970e120afc;cwa_capture_round_449a4deb637a:net_weight;https://www.candywrapperarchive.com/candy-collector/2003-reeses/#net_weight,,,,0,1,0,0,1,0
70,30,cwa_ingredient_priority_e2680b0d5e78,reeses_peanut_butter_cups,Reese's Peanut Butter Cups,dense_lineage_first,1940s-2005,6,2003,cwa_capture_round_449a4deb637a,cwa_surface_7f76dde4acc4d2,www.candywrapperarchive.com,https://www.candywrapperarchive.com/candy-collector/2003-reeses/,2003 Reeses - Maker or date cue,collector_archive_page,maker_or_date,Maker or date cue,5,supporting_label_text_photo,supporting_label_text_photo,medium,readable_panel_photo_needed,maker_distributor_or_date_cue,private_crop_needed,private_crop_path_needed,private_maker_or_date_crop_path,private_maker_or_date_crop,"Crop maker/distributor, copyright, lot, or date cue text.","Capture maker, distributor, copyright, lot, or date cues for identity and timeline confidence.",blocked_until_private_readable_crop_ocr_correction_and_manual_verification,source_link_only_until_rights_review_clears_reuse,rights_review_needed,cwa_surface_7f76dde4acc4d2;reeses_peanut_butter_cups:cwa_surface_7f76dde4acc4d2;cwa_capture_round_449a4deb637a:maker_or_date;https://www.candywrapperarchive.com/candy-collector/2003-reeses/#maker_or_date,,,,0,1,0,0,1,0
71,31,cwa_ingredient_priority_25c767e0e389,reeses_peanut_butter_cups,Reese's Peanut Butter Cups,dense_lineage_first,1940s-2005,7,2005,cwa_capture_round_997c1a4e1949,cwa_surface_a1d39772267f32,www.candywrapperarchive.com,https://www.candywrapperarchive.com/candy-collector/2005-reeses/,2005 Reeses - Ingredient panel,collector_archive_page,ingredient_panel,Ingredient panel,1,primary_ingredient_panel_photo,primary_ingredient_or_nutrition_photo,high,panel_capture_needed,ingredient_panel,private_crop_needed,private_crop_path_needed,private_ingredient_panel_crop_path,private_ingredient_panel_crop,Crop the ingredient statement with enough package context to preserve product/date cues.,"Capture the ingredient statement first, with enough wrapper context to preserve product and vintage cues.",blocked_until_private_readable_crop_ocr_correction_and_manual_verification,source_link_only_until_rights_review_clears_reuse,rights_review_needed,cwa_surface_a1d39772267f32;reeses_peanut_butter_cups:cwa_surface_a1d39772267f32;cwa_capture_round_997c1a4e1949:ingredient_panel;https://www.candywrapperarchive.com/candy-collector/2005-reeses/#ingredient_panel,,,,1,0,0,0,1,0
72,32,cwa_ingredient_priority_65022514fccd,reeses_peanut_butter_cups,Reese's Peanut Butter Cups,dense_lineage_first,1940s-2005,7,2005,cwa_capture_round_997c1a4e1949,cwa_surface_80dc199d739cc1,www.candywrapperarchive.com,https://www.candywrapperarchive.com/candy-collector/2005-reeses/,2005 Reeses - Nutrition panel,collector_archive_page,nutrition_panel,Nutrition panel,2,primary_nutrition_panel_photo,primary_ingredient_or_nutrition_photo,high,panel_capture_needed,nutrition_panel,private_crop_needed,private_crop_path_needed,private_nutrition_panel_crop_path,private_nutrition_panel_crop,Crop the nutrition panel and serving-size text if visible.,Capture the nutrition facts and serving-size area after the ingredient panel or when ingredients are absent.,blocked_until_private_readable_crop_ocr_correction_and_manual_verification,source_link_only_until_rights_review_clears_reuse,rights_review_needed,cwa_surface_80dc199d739cc1;reeses_peanut_butter_cups:cwa_surface_80dc199d739cc1;cwa_capture_round_997c1a4e1949:nutrition_panel;https://www.candywrapperarchive.com/candy-collector/2005-reeses/#nutrition_panel,,,,1,0,0,0,1,0
73,33,cwa_ingredient_priority_baf65a739b6e,reeses_peanut_butter_cups,Reese's Peanut Butter Cups,dense_lineage_first,1940s-2005,7,2005,cwa_capture_round_997c1a4e1949,cwa_surface_e7bf662c6b72b1,www.candywrapperarchive.com,https://www.candywrapperarchive.com/candy-collector/2005-reeses/,2005 Reeses - Wrapper back or side text,collector_archive_page,wrapper_back_or_side,Wrapper back or side text,3,supporting_label_text_photo,supporting_label_text_photo,medium,readable_panel_photo_needed,package_back_side_text,private_crop_needed,private_crop_path_needed,private_wrapper_back_or_side_crop_path,private_back_or_side_text_crop,"Crop readable wrapper back/side text, prioritizing ingredients, nutrition, net weight, maker, or date cues.",Capture readable back/side wrapper text only after checking for ingredient and nutrition panels.,blocked_until_private_readable_crop_ocr_correction_and_manual_verification,source_link_only_until_rights_review_clears_reuse,rights_review_needed,cwa_surface_e7bf662c6b72b1;reeses_peanut_butter_cups:cwa_surface_e7bf662c6b72b1;cwa_capture_round_997c1a4e1949:wrapper_back_or_side;https://www.candywrapperarchive.com/candy-collector/2005-reeses/#wrapper_back_or_side,,,,0,1,0,0,1,0
74,34,cwa_ingredient_priority_88904df76300,reeses_peanut_butter_cups,Reese's Peanut Butter Cups,dense_lineage_first,1940s-2005,7,2005,cwa_capture_round_997c1a4e1949,cwa_surface_ac0e8b821632f3,www.candywrapperarchive.com,https://www.candywrapperarchive.com/candy-collector/2005-reeses/,2005 Reeses - Net weight,collector_archive_page,net_weight,Net weight,4,supporting_label_text_photo,supporting_label_text_photo,medium,readable_panel_photo_needed,net_weight,private_crop_needed,private_crop_path_needed,private_net_weight_crop_path,private_net_weight_crop,Crop net weight and package-size text.,Capture net weight as package-size evidence for later normalization.,blocked_until_private_readable_crop_ocr_correction_and_manual_verification,source_link_only_until_rights_review_clears_reuse,rights_review_needed,cwa_surface_ac0e8b821632f3;reeses_peanut_butter_cups:cwa_surface_ac0e8b821632f3;cwa_capture_round_997c1a4e1949:net_weight;https://www.candywrapperarchive.com/candy-collector/2005-reeses/#net_weight,,,,0,1,0,0,1,0
75,35,cwa_ingredient_priority_f855446c985a,reeses_peanut_butter_cups,Reese's Peanut Butter Cups,dense_lineage_first,1940s-2005,7,2005,cwa_capture_round_997c1a4e1949,cwa_surface_90f44ca6589e55,www.candywrapperarchive.com,https://www.candywrapperarchive.com/candy-collector/2005-reeses/,2005 Reeses - Maker or date cue,collector_archive_page,maker_or_date,Maker or date cue,5,supporting_label_text_photo,supporting_label_text_photo,medium,readable_panel_photo_needed,maker_distributor_or_date_cue,private_crop_needed,private_crop_path_needed,private_maker_or_date_crop_path,private_maker_or_date_crop,"Crop maker/distributor, copyright, lot, or date cue text.","Capture maker, distributor, copyright, lot, or date cues for identity and timeline confidence.",blocked_until_private_readable_crop_ocr_correction_and_manual_verification,source_link_only_until_rights_review_clears_reuse,rights_review_needed,cwa_surface_90f44ca6589e55;reeses_peanut_butter_cups:cwa_surface_90f44ca6589e55;cwa_capture_round_997c1a4e1949:maker_or_date;https://www.candywrapperarchive.com/candy-collector/2005-reeses/#maker_or_date,,,,0,1,0,0,1,0
76,1,cwa_ingredient_priority_f92b0be200f4,hersheys_milk_chocolate_bar,Hershey's Milk Chocolate Bar,dense_lineage_first,1908-1960s,1,1908,cwa_capture_round_0116a57afe0f,cwa_surface_0a9fae33f7f4ee,www.candywrapperarchive.com,https://www.candywrapperarchive.com/candy-collector/1908-hershey-wrapper/,1908 Hershey - Ingredient panel,collector_archive_page,ingredient_panel,Ingredient panel,1,primary_ingredient_panel_photo,primary_ingredient_or_nutrition_photo,high,panel_capture_needed,ingredient_panel,private_crop_needed,private_crop_path_needed,private_ingredient_panel_crop_path,private_ingredient_panel_crop,Crop the ingredient statement with enough package context to preserve product/date cues.,"Capture the ingredient statement first, with enough wrapper context to preserve product and vintage cues.",blocked_until_private_readable_crop_ocr_correction_and_manual_verification,source_link_only_until_rights_review_clears_reuse,rights_review_needed,cwa_surface_0a9fae33f7f4ee;hersheys_milk_chocolate_bar:cwa_surface_0a9fae33f7f4ee;cwa_capture_round_0116a57afe0f:ingredient_panel;https://www.candywrapperarchive.com/candy-collector/1908-hershey-wrapper/#ingredient_panel,,,,1,0,0,0,1,0
77,2,cwa_ingredient_priority_3cf9e63e5f9e,hersheys_milk_chocolate_bar,Hershey's Milk Chocolate Bar,dense_lineage_first,1908-1960s,1,1908,cwa_capture_round_0116a57afe0f,cwa_surface_6e41e940f11522,www.candywrapperarchive.com,https://www.candywrapperarchive.com/candy-collector/1908-hershey-wrapper/,1908 Hershey - Nutrition panel,collector_archive_page,nutrition_panel,Nutrition panel,2,primary_nutrition_panel_photo,primary_ingredient_or_nutrition_photo,high,panel_capture_needed,nutrition_panel,private_crop_needed,private_crop_path_needed,private_nutrition_panel_crop_path,private_nutrition_panel_crop,Crop the nutrition panel and serving-size text if visible.,Capture the nutrition facts and serving-size area after the ingredient panel or when ingredients are absent.,blocked_until_private_readable_crop_ocr_correction_and_manual_verification,source_link_only_until_rights_review_clears_reuse,rights_review_needed,cwa_surface_6e41e940f11522;hersheys_milk_chocolate_bar:cwa_surface_6e41e940f11522;cwa_capture_round_0116a57afe0f:nutrition_panel;https://www.candywrapperarchive.com/candy-collector/1908-hershey-wrapper/#nutrition_panel,,,,1,0,0,0,1,0
78,3,cwa_ingredient_priority_591bf809720d,hersheys_milk_chocolate_bar,Hershey's Milk Chocolate Bar,dense_lineage_first,1908-1960s,1,1908,cwa_capture_round_0116a57afe0f,cwa_surface_ca319afc82ff5b,www.candywrapperarchive.com,https://www.candywrapperarchive.com/candy-collector/1908-hershey-wrapper/,1908 Hershey - Wrapper back or side text,collector_archive_page,wrapper_back_or_side,Wrapper back or side text,3,supporting_label_text_photo,supporting_label_text_photo,medium,readable_panel_photo_needed,package_back_side_text,private_crop_needed,private_crop_path_needed,private_wrapper_back_or_side_crop_path,private_back_or_side_text_crop,"Crop readable wrapper back/side text, prioritizing ingredients, nutrition, net weight, maker, or date cues.",Capture readable back/side wrapper text only after checking for ingredient and nutrition panels.,blocked_until_private_readable_crop_ocr_correction_and_manual_verification,source_link_only_until_rights_review_clears_reuse,rights_review_needed,cwa_surface_ca319afc82ff5b;hersheys_milk_chocolate_bar:cwa_surface_ca319afc82ff5b;cwa_capture_round_0116a57afe0f:wrapper_back_or_side;https://www.candywrapperarchive.com/candy-collector/1908-hershey-wrapper/#wrapper_back_or_side,,,,0,1,0,0,1,0
79,4,cwa_ingredient_priority_ce8f42a8d066,hersheys_milk_chocolate_bar,Hershey's Milk Chocolate Bar,dense_lineage_first,1908-1960s,1,1908,cwa_capture_round_0116a57afe0f,cwa_surface_2e4f0b3263bad6,www.candywrapperarchive.com,https://www.candywrapperarchive.com/candy-collector/1908-hershey-wrapper/,1908 Hershey - Net weight,collector_archive_page,net_weight,Net weight,4,supporting_label_text_photo,supporting_label_text_photo,medium,readable_panel_photo_needed,net_weight,private_crop_needed,private_crop_path_needed,private_net_weight_crop_path,private_net_weight_crop,Crop net weight and package-size text.,Capture net weight as package-size evidence for later normalization.,blocked_until_private_readable_crop_ocr_correction_and_manual_verification,source_link_only_until_rights_review_clears_reuse,rights_review_needed,cwa_surface_2e4f0b3263bad6;hersheys_milk_chocolate_bar:cwa_surface_2e4f0b3263bad6;cwa_capture_round_0116a57afe0f:net_weight;https://www.candywrapperarchive.com/candy-collector/1908-hershey-wrapper/#net_weight,,,,0,1,0,0,1,0
80,5,cwa_ingredient_priority_2c61e25f6aff,hersheys_milk_chocolate_bar,Hershey's Milk Chocolate Bar,dense_lineage_first,1908-1960s,1,1908,cwa_capture_round_0116a57afe0f,cwa_surface_0a4987468d2c81,www.candywrapperarchive.com,https://www.candywrapperarchive.com/candy-collector/1908-hershey-wrapper/,1908 Hershey - Maker or date cue,collector_archive_page,maker_or_date,Maker or date cue,5,supporting_label_text_photo,supporting_label_text_photo,medium,readable_panel_photo_needed,maker_distributor_or_date_cue,private_crop_needed,private_crop_path_needed,private_maker_or_date_crop_path,private_maker_or_date_crop,"Crop maker/distributor, copyright, lot, or date cue text.","Capture maker, distributor, copyright, lot, or date cues for identity and timeline confidence.",blocked_until_private_readable_crop_ocr_correction_and_manual_verification,source_link_only_until_rights_review_clears_reuse,rights_review_needed,cwa_surface_0a4987468d2c81;hersheys_milk_chocolate_bar:cwa_surface_0a4987468d2c81;cwa_capture_round_0116a57afe0f:maker_or_date;https://www.candywrapperarchive.com/candy-collector/1908-hershey-wrapper/#maker_or_date,,,,0,1,0,0,1,0
81,6,cwa_ingredient_priority_2a594866629a,hersheys_milk_chocolate_bar,Hershey's Milk Chocolate Bar,dense_lineage_first,1908-1960s,2,1910,cwa_capture_round_cd0e7345f0d1,cwa_surface_99c927d1601798,www.candywrapperarchive.com,https://www.candywrapperarchive.com/candy-collector/1910-hershey/,1910 Hershey - Ingredient panel,collector_archive_page,ingredient_panel,Ingredient panel,1,primary_ingredient_panel_photo,primary_ingredient_or_nutrition_photo,high,panel_capture_needed,ingredient_panel,private_crop_needed,private_crop_path_needed,private_ingredient_panel_crop_path,private_ingredient_panel_crop,Crop the ingredient statement with enough package context to preserve product/date cues.,"Capture the ingredient statement first, with enough wrapper context to preserve product and vintage cues.",blocked_until_private_readable_crop_ocr_correction_and_manual_verification,source_link_only_until_rights_review_clears_reuse,rights_review_needed,cwa_surface_99c927d1601798;hersheys_milk_chocolate_bar:cwa_surface_99c927d1601798;cwa_capture_round_cd0e7345f0d1:ingredient_panel;https://www.candywrapperarchive.com/candy-collector/1910-hershey/#ingredient_panel,,,,1,0,0,0,1,0
82,7,cwa_ingredient_priority_63164765c6fe,hersheys_milk_chocolate_bar,Hershey's Milk Chocolate Bar,dense_lineage_first,1908-1960s,2,1910,cwa_capture_round_cd0e7345f0d1,cwa_surface_680242000dbc33,www.candywrapperarchive.com,https://www.candywrapperarchive.com/candy-collector/1910-hershey/,1910 Hershey - Nutrition panel,collector_archive_page,nutrition_panel,Nutrition panel,2,primary_nutrition_panel_photo,primary_ingredient_or_nutrition_photo,high,panel_capture_needed,nutrition_panel,private_crop_needed,private_crop_path_needed,private_nutrition_panel_crop_path,private_nutrition_panel_crop,Crop the nutrition panel and serving-size text if visible.,Capture the nutrition facts and serving-size area after the ingredient panel or when ingredients are absent.,blocked_until_private_readable_crop_ocr_correction_and_manual_verification,source_link_only_until_rights_review_clears_reuse,rights_review_needed,cwa_surface_680242000dbc33;hersheys_milk_chocolate_bar:cwa_surface_680242000dbc33;cwa_capture_round_cd0e7345f0d1:nutrition_panel;https://www.candywrapperarchive.com/candy-collector/1910-hershey/#nutrition_panel,,,,1,0,0,0,1,0
83,8,cwa_ingredient_priority_fb4b019c14e9,hersheys_milk_chocolate_bar,Hershey's Milk Chocolate Bar,dense_lineage_first,1908-1960s,2,1910,cwa_capture_round_cd0e7345f0d1,cwa_surface_e9070e339b1e53,www.candywrapperarchive.com,https://www.candywrapperarchive.com/candy-collector/1910-hershey/,1910 Hershey - Wrapper back or side text,collector_archive_page,wrapper_back_or_side,Wrapper back or side text,3,supporting_label_text_photo,supporting_label_text_photo,medium,readable_panel_photo_needed,package_back_side_text,private_crop_needed,private_crop_path_needed,private_wrapper_back_or_side_crop_path,private_back_or_side_text_crop,"Crop readable wrapper back/side text, prioritizing ingredients, nutrition, net weight, maker, or date cues.",Capture readable back/side wrapper text only after checking for ingredient and nutrition panels.,blocked_until_private_readable_crop_ocr_correction_and_manual_verification,source_link_only_until_rights_review_clears_reuse,rights_review_needed,cwa_surface_e9070e339b1e53;hersheys_milk_chocolate_bar:cwa_surface_e9070e339b1e53;cwa_capture_round_cd0e7345f0d1:wrapper_back_or_side;https://www.candywrapperarchive.com/candy-collector/1910-hershey/#wrapper_back_or_side,,,,0,1,0,0,1,0
84,9,cwa_ingredient_priority_b3901f53e00c,hersheys_milk_chocolate_bar,Hershey's Milk Chocolate Bar,dense_lineage_first,1908-1960s,2,1910,cwa_capture_round_cd0e7345f0d1,cwa_surface_9c9ba58a51132f,www.candywrapperarchive.com,https://www.candywrapperarchive.com/candy-collector/1910-hershey/,1910 Hershey - Net weight,collector_archive_page,net_weight,Net weight,4,supporting_label_text_photo,supporting_label_text_photo,medium,readable_panel_photo_needed,net_weight,private_crop_needed,private_crop_path_needed,private_net_weight_crop_path,private_net_weight_crop,Crop net weight and package-size text.,Capture net weight as package-size evidence for later normalization.,blocked_until_private_readable_crop_ocr_correction_and_manual_verification,source_link_only_until_rights_review_clears_reuse,rights_review_needed,cwa_surface_9c9ba58a51132f;hersheys_milk_chocolate_bar:cwa_surface_9c9ba58a51132f;cwa_capture_round_cd0e7345f0d1:net_weight;https://www.candywrapperarchive.com/candy-collector/1910-hershey/#net_weight,,,,0,1,0,0,1,0
85,10,cwa_ingredient_priority_50cc7989b8e6,hersheys_milk_chocolate_bar,Hershey's Milk Chocolate Bar,dense_lineage_first,1908-1960s,2,1910,cwa_capture_round_cd0e7345f0d1,cwa_surface_45c3bc01f82e71,www.candywrapperarchive.com,https://www.candywrapperarchive.com/candy-collector/1910-hershey/,1910 Hershey - Maker or date cue,collector_archive_page,maker_or_date,Maker or date cue,5,supporting_label_text_photo,supporting_label_text_photo,medium,readable_panel_photo_needed,maker_distributor_or_date_cue,private_crop_needed,private_crop_path_needed,private_maker_or_date_crop_path,private_maker_or_date_crop,"Crop maker/distributor, copyright, lot, or date cue text.","Capture maker, distributor, copyright, lot, or date cues for identity and timeline confidence.",blocked_until_private_readable_crop_ocr_correction_and_manual_verification,source_link_only_until_rights_review_clears_reuse,rights_review_needed,cwa_surface_45c3bc01f82e71;hersheys_milk_chocolate_bar:cwa_surface_45c3bc01f82e71;cwa_capture_round_cd0e7345f0d1:maker_or_date;https://www.candywrapperarchive.com/candy-collector/1910-hershey/#maker_or_date,,,,0,1,0,0,1,0
86,11,cwa_ingredient_priority_a44eec6616f9,hersheys_milk_chocolate_bar,Hershey's Milk Chocolate Bar,dense_lineage_first,1908-1960s,3,1930s,cwa_capture_round_bde01a796e80,cwa_surface_210c770b7ee45d,www.candywrapperarchive.com,https://www.candywrapperarchive.com/candy-collector/1930s-hershey/,1930s Hershey - Ingredient panel,collector_archive_page,ingredient_panel,Ingredient panel,1,primary_ingredient_panel_photo,primary_ingredient_or_nutrition_photo,high,panel_capture_needed,ingredient_panel,private_crop_needed,private_crop_path_needed,private_ingredient_panel_crop_path,private_ingredient_panel_crop,Crop the ingredient statement with enough package context to preserve product/date cues.,"Capture the ingredient statement first, with enough wrapper context to preserve product and vintage cues.",blocked_until_private_readable_crop_ocr_correction_and_manual_verification,source_link_only_until_rights_review_clears_reuse,rights_review_needed,cwa_surface_210c770b7ee45d;hersheys_milk_chocolate_bar:cwa_surface_210c770b7ee45d;cwa_capture_round_bde01a796e80:ingredient_panel;https://www.candywrapperarchive.com/candy-collector/1930s-hershey/#ingredient_panel,,,,1,0,0,0,1,0
87,12,cwa_ingredient_priority_4bacbdf4a4e4,hersheys_milk_chocolate_bar,Hershey's Milk Chocolate Bar,dense_lineage_first,1908-1960s,3,1930s,cwa_capture_round_bde01a796e80,cwa_surface_f1e48b1f07fe1e,www.candywrapperarchive.com,https://www.candywrapperarchive.com/candy-collector/1930s-hershey/,1930s Hershey - Nutrition panel,collector_archive_page,nutrition_panel,Nutrition panel,2,primary_nutrition_panel_photo,primary_ingredient_or_nutrition_photo,high,panel_capture_needed,nutrition_panel,private_crop_needed,private_crop_path_needed,private_nutrition_panel_crop_path,private_nutrition_panel_crop,Crop the nutrition panel and serving-size text if visible.,Capture the nutrition facts and serving-size area after the ingredient panel or when ingredients are absent.,blocked_until_private_readable_crop_ocr_correction_and_manual_verification,source_link_only_until_rights_review_clears_reuse,rights_review_needed,cwa_surface_f1e48b1f07fe1e;hersheys_milk_chocolate_bar:cwa_surface_f1e48b1f07fe1e;cwa_capture_round_bde01a796e80:nutrition_panel;https://www.candywrapperarchive.com/candy-collector/1930s-hershey/#nutrition_panel,,,,1,0,0,0,1,0
88,13,cwa_ingredient_priority_0cd8a750de17,hersheys_milk_chocolate_bar,Hershey's Milk Chocolate Bar,dense_lineage_first,1908-1960s,3,1930s,cwa_capture_round_bde01a796e80,cwa_surface_b9e9911e8765ec,www.candywrapperarchive.com,https://www.candywrapperarchive.com/candy-collector/1930s-hershey/,1930s Hershey - Wrapper back or side text,collector_archive_page,wrapper_back_or_side,Wrapper back or side text,3,supporting_label_text_photo,supporting_label_text_photo,medium,readable_panel_photo_needed,package_back_side_text,private_crop_needed,private_crop_path_needed,private_wrapper_back_or_side_crop_path,private_back_or_side_text_crop,"Crop readable wrapper back/side text, prioritizing ingredients, nutrition, net weight, maker, or date cues.",Capture readable back/side wrapper text only after checking for ingredient and nutrition panels.,blocked_until_private_readable_crop_ocr_correction_and_manual_verification,source_link_only_until_rights_review_clears_reuse,rights_review_needed,cwa_surface_b9e9911e8765ec;hersheys_milk_chocolate_bar:cwa_surface_b9e9911e8765ec;cwa_capture_round_bde01a796e80:wrapper_back_or_side;https://www.candywrapperarchive.com/candy-collector/1930s-hershey/#wrapper_back_or_side,,,,0,1,0,0,1,0
89,14,cwa_ingredient_priority_d404b370cebb,hersheys_milk_chocolate_bar,Hershey's Milk Chocolate Bar,dense_lineage_first,1908-1960s,3,1930s,cwa_capture_round_bde01a796e80,cwa_surface_981b876fdd7906,www.candywrapperarchive.com,https://www.candywrapperarchive.com/candy-collector/1930s-hershey/,1930s Hershey - Net weight,collector_archive_page,net_weight,Net weight,4,supporting_label_text_photo,supporting_label_text_photo,medium,readable_panel_photo_needed,net_weight,private_crop_needed,private_crop_path_needed,private_net_weight_crop_path,private_net_weight_crop,Crop net weight and package-size text.,Capture net weight as package-size evidence for later normalization.,blocked_until_private_readable_crop_ocr_correction_and_manual_verification,source_link_only_until_rights_review_clears_reuse,rights_review_needed,cwa_surface_981b876fdd7906;hersheys_milk_chocolate_bar:cwa_surface_981b876fdd7906;cwa_capture_round_bde01a796e80:net_weight;https://www.candywrapperarchive.com/candy-collector/1930s-hershey/#net_weight,,,,0,1,0,0,1,0
90,15,cwa_ingredient_priority_6e0f2160eb2f,hersheys_milk_chocolate_bar,Hershey's Milk Chocolate Bar,dense_lineage_first,1908-1960s,3,1930s,cwa_capture_round_bde01a796e80,cwa_surface_1f0a1ee5090953,www.candywrapperarchive.com,https://www.candywrapperarchive.com/candy-collector/1930s-hershey/,1930s Hershey - Maker or date cue,collector_archive_page,maker_or_date,Maker or date cue,5,supporting_label_text_photo,supporting_label_text_photo,medium,readable_panel_photo_needed,maker_distributor_or_date_cue,private_crop_needed,private_crop_path_needed,private_maker_or_date_crop_path,private_maker_or_date_crop,"Crop maker/distributor, copyright, lot, or date cue text.","Capture maker, distributor, copyright, lot, or date cues for identity and timeline confidence.",blocked_until_private_readable_crop_ocr_correction_and_manual_verification,source_link_only_until_rights_review_clears_reuse,rights_review_needed,cwa_surface_1f0a1ee5090953;hersheys_milk_chocolate_bar:cwa_surface_1f0a1ee5090953;cwa_capture_round_bde01a796e80:maker_or_date;https://www.candywrapperarchive.com/candy-collector/1930s-hershey/#maker_or_date,,,,0,1,0,0,1,0
91,16,cwa_ingredient_priority_21d832d06644,hersheys_milk_chocolate_bar,Hershey's Milk Chocolate Bar,dense_lineage_first,1908-1960s,4,1940,cwa_capture_round_b60d1747ad76,cwa_surface_836474c5ecb3ab,www.candywrapperarchive.com,https://www.candywrapperarchive.com/candy-collector/1940-hershey/,1940 Hershey - Ingredient panel,collector_archive_page,ingredient_panel,Ingredient panel,1,primary_ingredient_panel_photo,primary_ingredient_or_nutrition_photo,high,panel_capture_needed,ingredient_panel,private_crop_needed,private_crop_path_needed,private_ingredient_panel_crop_path,private_ingredient_panel_crop,Crop the ingredient statement with enough package context to preserve product/date cues.,"Capture the ingredient statement first, with enough wrapper context to preserve product and vintage cues.",blocked_until_private_readable_crop_ocr_correction_and_manual_verification,source_link_only_until_rights_review_clears_reuse,rights_review_needed,cwa_surface_836474c5ecb3ab;hersheys_milk_chocolate_bar:cwa_surface_836474c5ecb3ab;cwa_capture_round_b60d1747ad76:ingredient_panel;https://www.candywrapperarchive.com/candy-collector/1940-hershey/#ingredient_panel,,,,1,0,0,0,1,0
92,17,cwa_ingredient_priority_a7bfd59dc3e4,hersheys_milk_chocolate_bar,Hershey's Milk Chocolate Bar,dense_lineage_first,1908-1960s,4,1940,cwa_capture_round_b60d1747ad76,cwa_surface_6d6f67594ba20b,www.candywrapperarchive.com,https://www.candywrapperarchive.com/candy-collector/1940-hershey/,1940 Hershey - Nutrition panel,collector_archive_page,nutrition_panel,Nutrition panel,2,primary_nutrition_panel_photo,primary_ingredient_or_nutrition_photo,high,panel_capture_needed,nutrition_panel,private_crop_needed,private_crop_path_needed,private_nutrition_panel_crop_path,private_nutrition_panel_crop,Crop the nutrition panel and serving-size text if visible.,Capture the nutrition facts and serving-size area after the ingredient panel or when ingredients are absent.,blocked_until_private_readable_crop_ocr_correction_and_manual_verification,source_link_only_until_rights_review_clears_reuse,rights_review_needed,cwa_surface_6d6f67594ba20b;hersheys_milk_chocolate_bar:cwa_surface_6d6f67594ba20b;cwa_capture_round_b60d1747ad76:nutrition_panel;https://www.candywrapperarchive.com/candy-collector/1940-hershey/#nutrition_panel,,,,1,0,0,0,1,0
93,18,cwa_ingredient_priority_27ccaff10579,hersheys_milk_chocolate_bar,Hershey's Milk Chocolate Bar,dense_lineage_first,1908-1960s,4,1940,cwa_capture_round_b60d1747ad76,cwa_surface_71d56ea4fc13b9,www.candywrapperarchive.com,https://www.candywrapperarchive.com/candy-collector/1940-hershey/,1940 Hershey - Wrapper back or side text,collector_archive_page,wrapper_back_or_side,Wrapper back or side text,3,supporting_label_text_photo,supporting_label_text_photo,medium,readable_panel_photo_needed,package_back_side_text,private_crop_needed,private_crop_path_needed,private_wrapper_back_or_side_crop_path,private_back_or_side_text_crop,"Crop readable wrapper back/side text, prioritizing ingredients, nutrition, net weight, maker, or date cues.",Capture readable back/side wrapper text only after checking for ingredient and nutrition panels.,blocked_until_private_readable_crop_ocr_correction_and_manual_verification,source_link_only_until_rights_review_clears_reuse,rights_review_needed,cwa_surface_71d56ea4fc13b9;hersheys_milk_chocolate_bar:cwa_surface_71d56ea4fc13b9;cwa_capture_round_b60d1747ad76:wrapper_back_or_side;https://www.candywrapperarchive.com/candy-collector/1940-hershey/#wrapper_back_or_side,,,,0,1,0,0,1,0
94,19,cwa_ingredient_priority_ad40fd7a6a91,hersheys_milk_chocolate_bar,Hershey's Milk Chocolate Bar,dense_lineage_first,1908-1960s,4,1940,cwa_capture_round_b60d1747ad76,cwa_surface_845395b10c3226,www.candywrapperarchive.com,https://www.candywrapperarchive.com/candy-collector/1940-hershey/,1940 Hershey - Net weight,collector_archive_page,net_weight,Net weight,4,supporting_label_text_photo,supporting_label_text_photo,medium,readable_panel_photo_needed,net_weight,private_crop_needed,private_crop_path_needed,private_net_weight_crop_path,private_net_weight_crop,Crop net weight and package-size text.,Capture net weight as package-size evidence for later normalization.,blocked_until_private_readable_crop_ocr_correction_and_manual_verification,source_link_only_until_rights_review_clears_reuse,rights_review_needed,cwa_surface_845395b10c3226;hersheys_milk_chocolate_bar:cwa_surface_845395b10c3226;cwa_capture_round_b60d1747ad76:net_weight;https://www.candywrapperarchive.com/candy-collector/1940-hershey/#net_weight,,,,0,1,0,0,1,0
95,20,cwa_ingredient_priority_f7b7bf6abd5f,hersheys_milk_chocolate_bar,Hershey's Milk Chocolate Bar,dense_lineage_first,1908-1960s,4,1940,cwa_capture_round_b60d1747ad76,cwa_surface_197daaa73c5731,www.candywrapperarchive.com,https://www.candywrapperarchive.com/candy-collector/1940-hershey/,1940 Hershey - Maker or date cue,collector_archive_page,maker_or_date,Maker or date cue,5,supporting_label_text_photo,supporting_label_text_photo,medium,readable_panel_photo_needed,maker_distributor_or_date_cue,private_crop_needed,private_crop_path_needed,private_maker_or_date_crop_path,private_maker_or_date_crop,"Crop maker/distributor, copyright, lot, or date cue text.","Capture maker, distributor, copyright, lot, or date cues for identity and timeline confidence.",blocked_until_private_readable_crop_ocr_correction_and_manual_verification,source_link_only_until_rights_review_clears_reuse,rights_review_needed,cwa_surface_197daaa73c5731;hersheys_milk_chocolate_bar:cwa_surface_197daaa73c5731;cwa_capture_round_b60d1747ad76:maker_or_date;https://www.candywrapperarchive.com/candy-collector/1940-hershey/#maker_or_date,,,,0,1,0,0,1,0
96,21,cwa_ingredient_priority_8ecf863df2c5,hersheys_milk_chocolate_bar,Hershey's Milk Chocolate Bar,dense_lineage_first,1908-1960s,5,1950s,cwa_capture_round_9e76a7bca726,cwa_surface_2b941770eb841c,www.candywrapperarchive.com,https://www.candywrapperarchive.com/candy-collector/1950s-hershey/,1950s Hershey - Ingredient panel,collector_archive_page,ingredient_panel,Ingredient panel,1,primary_ingredient_panel_photo,primary_ingredient_or_nutrition_photo,high,panel_capture_needed,ingredient_panel,private_crop_needed,private_crop_path_needed,private_ingredient_panel_crop_path,private_ingredient_panel_crop,Crop the ingredient statement with enough package context to preserve product/date cues.,"Capture the ingredient statement first, with enough wrapper context to preserve product and vintage cues.",blocked_until_private_readable_crop_ocr_correction_and_manual_verification,source_link_only_until_rights_review_clears_reuse,rights_review_needed,cwa_surface_2b941770eb841c;hersheys_milk_chocolate_bar:cwa_surface_2b941770eb841c;cwa_capture_round_9e76a7bca726:ingredient_panel;https://www.candywrapperarchive.com/candy-collector/1950s-hershey/#ingredient_panel,,,,1,0,0,0,1,0
97,22,cwa_ingredient_priority_67d4b510b045,hersheys_milk_chocolate_bar,Hershey's Milk Chocolate Bar,dense_lineage_first,1908-1960s,5,1950s,cwa_capture_round_9e76a7bca726,cwa_surface_17b90b0b42f85c,www.candywrapperarchive.com,https://www.candywrapperarchive.com/candy-collector/1950s-hershey/,1950s Hershey - Nutrition panel,collector_archive_page,nutrition_panel,Nutrition panel,2,primary_nutrition_panel_photo,primary_ingredient_or_nutrition_photo,high,panel_capture_needed,nutrition_panel,private_crop_needed,private_crop_path_needed,private_nutrition_panel_crop_path,private_nutrition_panel_crop,Crop the nutrition panel and serving-size text if visible.,Capture the nutrition facts and serving-size area after the ingredient panel or when ingredients are absent.,blocked_until_private_readable_crop_ocr_correction_and_manual_verification,source_link_only_until_rights_review_clears_reuse,rights_review_needed,cwa_surface_17b90b0b42f85c;hersheys_milk_chocolate_bar:cwa_surface_17b90b0b42f85c;cwa_capture_round_9e76a7bca726:nutrition_panel;https://www.candywrapperarchive.com/candy-collector/1950s-hershey/#nutrition_panel,,,,1,0,0,0,1,0
98,23,cwa_ingredient_priority_9e9df04a84ea,hersheys_milk_chocolate_bar,Hershey's Milk Chocolate Bar,dense_lineage_first,1908-1960s,5,1950s,cwa_capture_round_9e76a7bca726,cwa_surface_05fee2dd539f80,www.candywrapperarchive.com,https://www.candywrapperarchive.com/candy-collector/1950s-hershey/,1950s Hershey - Wrapper back or side text,collector_archive_page,wrapper_back_or_side,Wrapper back or side text,3,supporting_label_text_photo,supporting_label_text_photo,medium,readable_panel_photo_needed,package_back_side_text,private_crop_needed,private_crop_path_needed,private_wrapper_back_or_side_crop_path,private_back_or_side_text_crop,"Crop readable wrapper back/side text, prioritizing ingredients, nutrition, net weight, maker, or date cues.",Capture readable back/side wrapper text only after checking for ingredient and nutrition panels.,blocked_until_private_readable_crop_ocr_correction_and_manual_verification,source_link_only_until_rights_review_clears_reuse,rights_review_needed,cwa_surface_05fee2dd539f80;hersheys_milk_chocolate_bar:cwa_surface_05fee2dd539f80;cwa_capture_round_9e76a7bca726:wrapper_back_or_side;https://www.candywrapperarchive.com/candy-collector/1950s-hershey/#wrapper_back_or_side,,,,0,1,0,0,1,0
99,24,cwa_ingredient_priority_7ad099cce49d,hersheys_milk_chocolate_bar,Hershey's Milk Chocolate Bar,dense_lineage_first,1908-1960s,5,1950s,cwa_capture_round_9e76a7bca726,cwa_surface_628c60635abbdc,www.candywrapperarchive.com,https://www.candywrapperarchive.com/candy-collector/1950s-hershey/,1950s Hershey - Net weight,collector_archive_page,net_weight,Net weight,4,supporting_label_text_photo,supporting_label_text_photo,medium,readable_panel_photo_needed,net_weight,private_crop_needed,private_crop_path_needed,private_net_weight_crop_path,private_net_weight_crop,Crop net weight and package-size text.,Capture net weight as package-size evidence for later normalization.,blocked_until_private_readable_crop_ocr_correction_and_manual_verification,source_link_only_until_rights_review_clears_reuse,rights_review_needed,cwa_surface_628c60635abbdc;hersheys_milk_chocolate_bar:cwa_surface_628c60635abbdc;cwa_capture_round_9e76a7bca726:net_weight;https://www.candywrapperarchive.com/candy-collector/1950s-hershey/#net_weight,,,,0,1,0,0,1,0
100,25,cwa_ingredient_priority_1e27668cbdce,hersheys_milk_chocolate_bar,Hershey's Milk Chocolate Bar,dense_lineage_first,1908-1960s,5,1950s,cwa_capture_round_9e76a7bca726,cwa_surface_f7423190199f8f,www.candywrapperarchive.com,https://www.candywrapperarchive.com/candy-collector/1950s-hershey/,1950s Hershey - Maker or date cue,collector_archive_page,maker_or_date,Maker or date cue,5,supporting_label_text_photo,supporting_label_text_photo,medium,readable_panel_photo_needed,maker_distributor_or_date_cue,private_crop_needed,private_crop_path_needed,private_maker_or_date_crop_path,private_maker_or_date_crop,"Crop maker/distributor, copyright, lot, or date cue text.","Capture maker, distributor, copyright, lot, or date cues for identity and timeline confidence.",blocked_until_private_readable_crop_ocr_correction_and_manual_verification,source_link_only_until_rights_review_clears_reuse,rights_review_needed,cwa_surface_f7423190199f8f;hersheys_milk_chocolate_bar:cwa_surface_f7423190199f8f;cwa_capture_round_9e76a7bca726:maker_or_date;https://www.candywrapperarchive.com/candy-collector/1950s-hershey/#maker_or_date,,,,0,1,0,0,1,0
101,26,cwa_ingredient_priority_2edf9a3a1226,hersheys_milk_chocolate_bar,Hershey's Milk Chocolate Bar,dense_lineage_first,1908-1960s,6,1960s,cwa_capture_round_a44e3ee9ad86,cwa_surface_bc6e78979f4624,www.candywrapperarchive.com,https://www.candywrapperarchive.com/candy-collector/1960s-hershey/,1960s Hershey - Ingredient panel,collector_archive_page,ingredient_panel,Ingredient panel,1,primary_ingredient_panel_photo,primary_ingredient_or_nutrition_photo,high,panel_capture_needed,ingredient_panel,private_crop_needed,private_crop_path_needed,private_ingredient_panel_crop_path,private_ingredient_panel_crop,Crop the ingredient statement with enough package context to preserve product/date cues.,"Capture the ingredient statement first, with enough wrapper context to preserve product and vintage cues.",blocked_until_private_readable_crop_ocr_correction_and_manual_verification,source_link_only_until_rights_review_clears_reuse,rights_review_needed,cwa_surface_bc6e78979f4624;hersheys_milk_chocolate_bar:cwa_surface_bc6e78979f4624;cwa_capture_round_a44e3ee9ad86:ingredient_panel;https://www.candywrapperarchive.com/candy-collector/1960s-hershey/#ingredient_panel,,,,1,0,0,0,1,0
102,27,cwa_ingredient_priority_cc2ec5cdc054,hersheys_milk_chocolate_bar,Hershey's Milk Chocolate Bar,dense_lineage_first,1908-1960s,6,1960s,cwa_capture_round_a44e3ee9ad86,cwa_surface_8b0ef422af9a79,www.candywrapperarchive.com,https://www.candywrapperarchive.com/candy-collector/1960s-hershey/,1960s Hershey - Nutrition panel,collector_archive_page,nutrition_panel,Nutrition panel,2,primary_nutrition_panel_photo,primary_ingredient_or_nutrition_photo,high,panel_capture_needed,nutrition_panel,private_crop_needed,private_crop_path_needed,private_nutrition_panel_crop_path,private_nutrition_panel_crop,Crop the nutrition panel and serving-size text if visible.,Capture the nutrition facts and serving-size area after the ingredient panel or when ingredients are absent.,blocked_until_private_readable_crop_ocr_correction_and_manual_verification,source_link_only_until_rights_review_clears_reuse,rights_review_needed,cwa_surface_8b0ef422af9a79;hersheys_milk_chocolate_bar:cwa_surface_8b0ef422af9a79;cwa_capture_round_a44e3ee9ad86:nutrition_panel;https://www.candywrapperarchive.com/candy-collector/1960s-hershey/#nutrition_panel,,,,1,0,0,0,1,0
103,28,cwa_ingredient_priority_c55c84b24e16,hersheys_milk_chocolate_bar,Hershey's Milk Chocolate Bar,dense_lineage_first,1908-1960s,6,1960s,cwa_capture_round_a44e3ee9ad86,cwa_surface_d80e2952290e5e,www.candywrapperarchive.com,https://www.candywrapperarchive.com/candy-collector/1960s-hershey/,1960s Hershey - Wrapper back or side text,collector_archive_page,wrapper_back_or_side,Wrapper back or side text,3,supporting_label_text_photo,supporting_label_text_photo,medium,readable_panel_photo_needed,package_back_side_text,private_crop_needed,private_crop_path_needed,private_wrapper_back_or_side_crop_path,private_back_or_side_text_crop,"Crop readable wrapper back/side text, prioritizing ingredients, nutrition, net weight, maker, or date cues.",Capture readable back/side wrapper text only after checking for ingredient and nutrition panels.,blocked_until_private_readable_crop_ocr_correction_and_manual_verification,source_link_only_until_rights_review_clears_reuse,rights_review_needed,cwa_surface_d80e2952290e5e;hersheys_milk_chocolate_bar:cwa_surface_d80e2952290e5e;cwa_capture_round_a44e3ee9ad86:wrapper_back_or_side;https://www.candywrapperarchive.com/candy-collector/1960s-hershey/#wrapper_back_or_side,,,,0,1,0,0,1,0
104,29,cwa_ingredient_priority_c22045610b53,hersheys_milk_chocolate_bar,Hershey's Milk Chocolate Bar,dense_lineage_first,1908-1960s,6,1960s,cwa_capture_round_a44e3ee9ad86,cwa_surface_618d424651d432,www.candywrapperarchive.com,https://www.candywrapperarchive.com/candy-collector/1960s-hershey/,1960s Hershey - Net weight,collector_archive_page,net_weight,Net weight,4,supporting_label_text_photo,supporting_label_text_photo,medium,readable_panel_photo_needed,net_weight,private_crop_needed,private_crop_path_needed,private_net_weight_crop_path,private_net_weight_crop,Crop net weight and package-size text.,Capture net weight as package-size evidence for later normalization.,blocked_until_private_readable_crop_ocr_correction_and_manual_verification,source_link_only_until_rights_review_clears_reuse,rights_review_needed,cwa_surface_618d424651d432;hersheys_milk_chocolate_bar:cwa_surface_618d424651d432;cwa_capture_round_a44e3ee9ad86:net_weight;https://www.candywrapperarchive.com/candy-collector/1960s-hershey/#net_weight,,,,0,1,0,0,1,0
105,30,cwa_ingredient_priority_f152b416bb01,hersheys_milk_chocolate_bar,Hershey's Milk Chocolate Bar,dense_lineage_first,1908-1960s,6,1960s,cwa_capture_round_a44e3ee9ad86,cwa_surface_3dd00fbad58ec6,www.candywrapperarchive.com,https://www.candywrapperarchive.com/candy-collector/1960s-hershey/,1960s Hershey - Maker or date cue,collector_archive_page,maker_or_date,Maker or date cue,5,supporting_label_text_photo,supporting_label_text_photo,medium,readable_panel_photo_needed,maker_distributor_or_date_cue,private_crop_needed,private_crop_path_needed,private_maker_or_date_crop_path,private_maker_or_date_crop,"Crop maker/distributor, copyright, lot, or date cue text.","Capture maker, distributor, copyright, lot, or date cues for identity and timeline confidence.",blocked_until_private_readable_crop_ocr_correction_and_manual_verification,source_link_only_until_rights_review_clears_reuse,rights_review_needed,cwa_surface_3dd00fbad58ec6;hersheys_milk_chocolate_bar:cwa_surface_3dd00fbad58ec6;cwa_capture_round_a44e3ee9ad86:maker_or_date;https://www.candywrapperarchive.com/candy-collector/1960s-hershey/#maker_or_date,,,,0,1,0,0,1,0
106,1,cwa_ingredient_priority_48c6f0192699,kit_kat_bar,Kit Kat Bar,multi_era_lineage,1960s-2007,1,1960s,cwa_capture_round_c8e3e7ac0913,cwa_surface_d95b57ecc9cc56,www.candywrapperarchive.com,https://www.candywrapperarchive.com/candy-collector/1960s-kit-kat/,1960s Kit Kat - Ingredient panel,collector_archive_page,ingredient_panel,Ingredient panel,1,primary_ingredient_panel_photo,primary_ingredient_or_nutrition_photo,high,panel_capture_needed,ingredient_panel,private_crop_needed,private_crop_path_needed,private_ingredient_panel_crop_path,private_ingredient_panel_crop,Crop the ingredient statement with enough package context to preserve product/date cues.,"Capture the ingredient statement first, with enough wrapper context to preserve product and vintage cues.",blocked_until_private_readable_crop_ocr_correction_and_manual_verification,source_link_only_until_rights_review_clears_reuse,rights_review_needed,cwa_surface_d95b57ecc9cc56;kit_kat_bar:cwa_surface_d95b57ecc9cc56;cwa_capture_round_c8e3e7ac0913:ingredient_panel;https://www.candywrapperarchive.com/candy-collector/1960s-kit-kat/#ingredient_panel,,,,1,0,0,0,1,0
107,2,cwa_ingredient_priority_d8c496a4f677,kit_kat_bar,Kit Kat Bar,multi_era_lineage,1960s-2007,1,1960s,cwa_capture_round_c8e3e7ac0913,cwa_surface_7cb3c3011e50b5,www.candywrapperarchive.com,https://www.candywrapperarchive.com/candy-collector/1960s-kit-kat/,1960s Kit Kat - Nutrition panel,collector_archive_page,nutrition_panel,Nutrition panel,2,primary_nutrition_panel_photo,primary_ingredient_or_nutrition_photo,high,panel_capture_needed,nutrition_panel,private_crop_needed,private_crop_path_needed,private_nutrition_panel_crop_path,private_nutrition_panel_crop,Crop the nutrition panel and serving-size text if visible.,Capture the nutrition facts and serving-size area after the ingredient panel or when ingredients are absent.,blocked_until_private_readable_crop_ocr_correction_and_manual_verification,source_link_only_until_rights_review_clears_reuse,rights_review_needed,cwa_surface_7cb3c3011e50b5;kit_kat_bar:cwa_surface_7cb3c3011e50b5;cwa_capture_round_c8e3e7ac0913:nutrition_panel;https://www.candywrapperarchive.com/candy-collector/1960s-kit-kat/#nutrition_panel,,,,1,0,0,0,1,0
108,3,cwa_ingredient_priority_4277598b8cd6,kit_kat_bar,Kit Kat Bar,multi_era_lineage,1960s-2007,1,1960s,cwa_capture_round_c8e3e7ac0913,cwa_surface_96ac86bb78e511,www.candywrapperarchive.com,https://www.candywrapperarchive.com/candy-collector/1960s-kit-kat/,1960s Kit Kat - Wrapper back or side text,collector_archive_page,wrapper_back_or_side,Wrapper back or side text,3,supporting_label_text_photo,supporting_label_text_photo,medium,readable_panel_photo_needed,package_back_side_text,private_crop_needed,private_crop_path_needed,private_wrapper_back_or_side_crop_path,private_back_or_side_text_crop,"Crop readable wrapper back/side text, prioritizing ingredients, nutrition, net weight, maker, or date cues.",Capture readable back/side wrapper text only after checking for ingredient and nutrition panels.,blocked_until_private_readable_crop_ocr_correction_and_manual_verification,source_link_only_until_rights_review_clears_reuse,rights_review_needed,cwa_surface_96ac86bb78e511;kit_kat_bar:cwa_surface_96ac86bb78e511;cwa_capture_round_c8e3e7ac0913:wrapper_back_or_side;https://www.candywrapperarchive.com/candy-collector/1960s-kit-kat/#wrapper_back_or_side,,,,0,1,0,0,1,0
109,4,cwa_ingredient_priority_bb9b5a252e33,kit_kat_bar,Kit Kat Bar,multi_era_lineage,1960s-2007,1,1960s,cwa_capture_round_c8e3e7ac0913,cwa_surface_e7ad84c88ca058,www.candywrapperarchive.com,https://www.candywrapperarchive.com/candy-collector/1960s-kit-kat/,1960s Kit Kat - Net weight,collector_archive_page,net_weight,Net weight,4,supporting_label_text_photo,supporting_label_text_photo,medium,readable_panel_photo_needed,net_weight,private_crop_needed,private_crop_path_needed,private_net_weight_crop_path,private_net_weight_crop,Crop net weight and package-size text.,Capture net weight as package-size evidence for later normalization.,blocked_until_private_readable_crop_ocr_correction_and_manual_verification,source_link_only_until_rights_review_clears_reuse,rights_review_needed,cwa_surface_e7ad84c88ca058;kit_kat_bar:cwa_surface_e7ad84c88ca058;cwa_capture_round_c8e3e7ac0913:net_weight;https://www.candywrapperarchive.com/candy-collector/1960s-kit-kat/#net_weight,,,,0,1,0,0,1,0
110,5,cwa_ingredient_priority_5861aaad90ff,kit_kat_bar,Kit Kat Bar,multi_era_lineage,1960s-2007,1,1960s,cwa_capture_round_c8e3e7ac0913,cwa_surface_47f3f199d7df53,www.candywrapperarchive.com,https://www.candywrapperarchive.com/candy-collector/1960s-kit-kat/,1960s Kit Kat - Maker or date cue,collector_archive_page,maker_or_date,Maker or date cue,5,supporting_label_text_photo,supporting_label_text_photo,medium,readable_panel_photo_needed,maker_distributor_or_date_cue,private_crop_needed,private_crop_path_needed,private_maker_or_date_crop_path,private_maker_or_date_crop,"Crop maker/distributor, copyright, lot, or date cue text.","Capture maker, distributor, copyright, lot, or date cues for identity and timeline confidence.",blocked_until_private_readable_crop_ocr_correction_and_manual_verification,source_link_only_until_rights_review_clears_reuse,rights_review_needed,cwa_surface_47f3f199d7df53;kit_kat_bar:cwa_surface_47f3f199d7df53;cwa_capture_round_c8e3e7ac0913:maker_or_date;https://www.candywrapperarchive.com/candy-collector/1960s-kit-kat/#maker_or_date,,,,0,1,0,0,1,0
111,6,cwa_ingredient_priority_9611fe0a1460,kit_kat_bar,Kit Kat Bar,multi_era_lineage,1960s-2007,2,1970s,cwa_capture_round_66d33df4c45c,cwa_surface_1a7f0aaf8af064,www.candywrapperarchive.com,https://www.candywrapperarchive.com/candy-collector/1970s-kit-kat/,1970s Kit Kat - Ingredient panel,collector_archive_page,ingredient_panel,Ingredient panel,1,primary_ingredient_panel_photo,primary_ingredient_or_nutrition_photo,high,panel_capture_needed,ingredient_panel,private_crop_needed,private_crop_path_needed,private_ingredient_panel_crop_path,private_ingredient_panel_crop,Crop the ingredient statement with enough package context to preserve product/date cues.,"Capture the ingredient statement first, with enough wrapper context to preserve product and vintage cues.",blocked_until_private_readable_crop_ocr_correction_and_manual_verification,source_link_only_until_rights_review_clears_reuse,rights_review_needed,cwa_surface_1a7f0aaf8af064;kit_kat_bar:cwa_surface_1a7f0aaf8af064;cwa_capture_round_66d33df4c45c:ingredient_panel;https://www.candywrapperarchive.com/candy-collector/1970s-kit-kat/#ingredient_panel,,,,1,0,0,0,1,0
112,7,cwa_ingredient_priority_163c7fc65a68,kit_kat_bar,Kit Kat Bar,multi_era_lineage,1960s-2007,2,1970s,cwa_capture_round_66d33df4c45c,cwa_surface_8385705f7055c8,www.candywrapperarchive.com,https://www.candywrapperarchive.com/candy-collector/1970s-kit-kat/,1970s Kit Kat - Nutrition panel,collector_archive_page,nutrition_panel,Nutrition panel,2,primary_nutrition_panel_photo,primary_ingredient_or_nutrition_photo,high,panel_capture_needed,nutrition_panel,private_crop_needed,private_crop_path_needed,private_nutrition_panel_crop_path,private_nutrition_panel_crop,Crop the nutrition panel and serving-size text if visible.,Capture the nutrition facts and serving-size area after the ingredient panel or when ingredients are absent.,blocked_until_private_readable_crop_ocr_correction_and_manual_verification,source_link_only_until_rights_review_clears_reuse,rights_review_needed,cwa_surface_8385705f7055c8;kit_kat_bar:cwa_surface_8385705f7055c8;cwa_capture_round_66d33df4c45c:nutrition_panel;https://www.candywrapperarchive.com/candy-collector/1970s-kit-kat/#nutrition_panel,,,,1,0,0,0,1,0
113,8,cwa_ingredient_priority_136b29fbed99,kit_kat_bar,Kit Kat Bar,multi_era_lineage,1960s-2007,2,1970s,cwa_capture_round_66d33df4c45c,cwa_surface_61dff2b370e9f7,www.candywrapperarchive.com,https://www.candywrapperarchive.com/candy-collector/1970s-kit-kat/,1970s Kit Kat - Wrapper back or side text,collector_archive_page,wrapper_back_or_side,Wrapper back or side text,3,supporting_label_text_photo,supporting_label_text_photo,medium,readable_panel_photo_needed,package_back_side_text,private_crop_needed,private_crop_path_needed,private_wrapper_back_or_side_crop_path,private_back_or_side_text_crop,"Crop readable wrapper back/side text, prioritizing ingredients, nutrition, net weight, maker, or date cues.",Capture readable back/side wrapper text only after checking for ingredient and nutrition panels.,blocked_until_private_readable_crop_ocr_correction_and_manual_verification,source_link_only_until_rights_review_clears_reuse,rights_review_needed,cwa_surface_61dff2b370e9f7;kit_kat_bar:cwa_surface_61dff2b370e9f7;cwa_capture_round_66d33df4c45c:wrapper_back_or_side;https://www.candywrapperarchive.com/candy-collector/1970s-kit-kat/#wrapper_back_or_side,,,,0,1,0,0,1,0
114,9,cwa_ingredient_priority_4b74495286a4,kit_kat_bar,Kit Kat Bar,multi_era_lineage,1960s-2007,2,1970s,cwa_capture_round_66d33df4c45c,cwa_surface_5700420d1993ad,www.candywrapperarchive.com,https://www.candywrapperarchive.com/candy-collector/1970s-kit-kat/,1970s Kit Kat - Net weight,collector_archive_page,net_weight,Net weight,4,supporting_label_text_photo,supporting_label_text_photo,medium,readable_panel_photo_needed,net_weight,private_crop_needed,private_crop_path_needed,private_net_weight_crop_path,private_net_weight_crop,Crop net weight and package-size text.,Capture net weight as package-size evidence for later normalization.,blocked_until_private_readable_crop_ocr_correction_and_manual_verification,source_link_only_until_rights_review_clears_reuse,rights_review_needed,cwa_surface_5700420d1993ad;kit_kat_bar:cwa_surface_5700420d1993ad;cwa_capture_round_66d33df4c45c:net_weight;https://www.candywrapperarchive.com/candy-collector/1970s-kit-kat/#net_weight,,,,0,1,0,0,1,0
115,10,cwa_ingredient_priority_0397ab778fd3,kit_kat_bar,Kit Kat Bar,multi_era_lineage,1960s-2007,2,1970s,cwa_capture_round_66d33df4c45c,cwa_surface_1620c3a5bb78ab,www.candywrapperarchive.com,https://www.candywrapperarchive.com/candy-collector/1970s-kit-kat/,1970s Kit Kat - Maker or date cue,collector_archive_page,maker_or_date,Maker or date cue,5,supporting_label_text_photo,supporting_label_text_photo,medium,readable_panel_photo_needed,maker_distributor_or_date_cue,private_crop_needed,private_crop_path_needed,private_maker_or_date_crop_path,private_maker_or_date_crop,"Crop maker/distributor, copyright, lot, or date cue text.","Capture maker, distributor, copyright, lot, or date cues for identity and timeline confidence.",blocked_until_private_readable_crop_ocr_correction_and_manual_verification,source_link_only_until_rights_review_clears_reuse,rights_review_needed,cwa_surface_1620c3a5bb78ab;kit_kat_bar:cwa_surface_1620c3a5bb78ab;cwa_capture_round_66d33df4c45c:maker_or_date;https://www.candywrapperarchive.com/candy-collector/1970s-kit-kat/#maker_or_date,,,,0,1,0,0,1,0
116,11,cwa_ingredient_priority_f8e4165fa9f2,kit_kat_bar,Kit Kat Bar,multi_era_lineage,1960s-2007,3,2000,cwa_capture_round_ad589fa515c8,cwa_surface_af47e1cbe41d42,www.candywrapperarchive.com,https://www.candywrapperarchive.com/candy-collector/2000-kit-kat/,2000 Kit Kat - Ingredient panel,collector_archive_page,ingredient_panel,Ingredient panel,1,primary_ingredient_panel_photo,primary_ingredient_or_nutrition_photo,high,panel_capture_needed,ingredient_panel,private_crop_needed,private_crop_path_needed,private_ingredient_panel_crop_path,private_ingredient_panel_crop,Crop the ingredient statement with enough package context to preserve product/date cues.,"Capture the ingredient statement first, with enough wrapper context to preserve product and vintage cues.",blocked_until_private_readable_crop_ocr_correction_and_manual_verification,source_link_only_until_rights_review_clears_reuse,rights_review_needed,cwa_surface_af47e1cbe41d42;kit_kat_bar:cwa_surface_af47e1cbe41d42;cwa_capture_round_ad589fa515c8:ingredient_panel;https://www.candywrapperarchive.com/candy-collector/2000-kit-kat/#ingredient_panel,,,,1,0,0,0,1,0
117,12,cwa_ingredient_priority_76a9c8febe76,kit_kat_bar,Kit Kat Bar,multi_era_lineage,1960s-2007,3,2000,cwa_capture_round_ad589fa515c8,cwa_surface_f00a169092ba2c,www.candywrapperarchive.com,https://www.candywrapperarchive.com/candy-collector/2000-kit-kat/,2000 Kit Kat - Nutrition panel,collector_archive_page,nutrition_panel,Nutrition panel,2,primary_nutrition_panel_photo,primary_ingredient_or_nutrition_photo,high,panel_capture_needed,nutrition_panel,private_crop_needed,private_crop_path_needed,private_nutrition_panel_crop_path,private_nutrition_panel_crop,Crop the nutrition panel and serving-size text if visible.,Capture the nutrition facts and serving-size area after the ingredient panel or when ingredients are absent.,blocked_until_private_readable_crop_ocr_correction_and_manual_verification,source_link_only_until_rights_review_clears_reuse,rights_review_needed,cwa_surface_f00a169092ba2c;kit_kat_bar:cwa_surface_f00a169092ba2c;cwa_capture_round_ad589fa515c8:nutrition_panel;https://www.candywrapperarchive.com/candy-collector/2000-kit-kat/#nutrition_panel,,,,1,0,0,0,1,0
118,13,cwa_ingredient_priority_643dc1e8502e,kit_kat_bar,Kit Kat Bar,multi_era_lineage,1960s-2007,3,2000,cwa_capture_round_ad589fa515c8,cwa_surface_5de55960a0cbda,www.candywrapperarchive.com,https://www.candywrapperarchive.com/candy-collector/2000-kit-kat/,2000 Kit Kat - Wrapper back or side text,collector_archive_page,wrapper_back_or_side,Wrapper back or side text,3,supporting_label_text_photo,supporting_label_text_photo,medium,readable_panel_photo_needed,package_back_side_text,private_crop_needed,private_crop_path_needed,private_wrapper_back_or_side_crop_path,private_back_or_side_text_crop,"Crop readable wrapper back/side text, prioritizing ingredients, nutrition, net weight, maker, or date cues.",Capture readable back/side wrapper text only after checking for ingredient and nutrition panels.,blocked_until_private_readable_crop_ocr_correction_and_manual_verification,source_link_only_until_rights_review_clears_reuse,rights_review_needed,cwa_surface_5de55960a0cbda;kit_kat_bar:cwa_surface_5de55960a0cbda;cwa_capture_round_ad589fa515c8:wrapper_back_or_side;https://www.candywrapperarchive.com/candy-collector/2000-kit-kat/#wrapper_back_or_side,,,,0,1,0,0,1,0
119,14,cwa_ingredient_priority_f7e8335b38eb,kit_kat_bar,Kit Kat Bar,multi_era_lineage,1960s-2007,3,2000,cwa_capture_round_ad589fa515c8,cwa_surface_889b5f4055565c,www.candywrapperarchive.com,https://www.candywrapperarchive.com/candy-collector/2000-kit-kat/,2000 Kit Kat - Net weight,collector_archive_page,net_weight,Net weight,4,supporting_label_text_photo,supporting_label_text_photo,medium,readable_panel_photo_needed,net_weight,private_crop_needed,private_crop_path_needed,private_net_weight_crop_path,private_net_weight_crop,Crop net weight and package-size text.,Capture net weight as package-size evidence for later normalization.,blocked_until_private_readable_crop_ocr_correction_and_manual_verification,source_link_only_until_rights_review_clears_reuse,rights_review_needed,cwa_surface_889b5f4055565c;kit_kat_bar:cwa_surface_889b5f4055565c;cwa_capture_round_ad589fa515c8:net_weight;https://www.candywrapperarchive.com/candy-collector/2000-kit-kat/#net_weight,,,,0,1,0,0,1,0
120,15,cwa_ingredient_priority_e37f6c522ba9,kit_kat_bar,Kit Kat Bar,multi_era_lineage,1960s-2007,3,2000,cwa_capture_round_ad589fa515c8,cwa_surface_d4cc5dbc27066b,www.candywrapperarchive.com,https://www.candywrapperarchive.com/candy-collector/2000-kit-kat/,2000 Kit Kat - Maker or date cue,collector_archive_page,maker_or_date,Maker or date cue,5,supporting_label_text_photo,supporting_label_text_photo,medium,readable_panel_photo_needed,maker_distributor_or_date_cue,private_crop_needed,private_crop_path_needed,private_maker_or_date_crop_path,private_maker_or_date_crop,"Crop maker/distributor, copyright, lot, or date cue text.","Capture maker, distributor, copyright, lot, or date cues for identity and timeline confidence.",blocked_until_private_readable_crop_ocr_correction_and_manual_verification,source_link_only_until_rights_review_clears_reuse,rights_review_needed,cwa_surface_d4cc5dbc27066b;kit_kat_bar:cwa_surface_d4cc5dbc27066b;cwa_capture_round_ad589fa515c8:maker_or_date;https://www.candywrapperarchive.com/candy-collector/2000-kit-kat/#maker_or_date,,,,0,1,0,0,1,0
121,16,cwa_ingredient_priority_cbb37afa4fec,kit_kat_bar,Kit Kat Bar,multi_era_lineage,1960s-2007,4,2002,cwa_capture_round_1a504b43c6d5,cwa_surface_5df9cded5cf949,www.candywrapperarchive.com,https://www.candywrapperarchive.com/candy-collector/2002-kit-kat/,2002 Kit Kat - Ingredient panel,collector_archive_page,ingredient_panel,Ingredient panel,1,primary_ingredient_panel_photo,primary_ingredient_or_nutrition_photo,high,panel_capture_needed,ingredient_panel,private_crop_needed,private_crop_path_needed,private_ingredient_panel_crop_path,private_ingredient_panel_crop,Crop the ingredient statement with enough package context to preserve product/date cues.,"Capture the ingredient statement first, with enough wrapper context to preserve product and vintage cues.",blocked_until_private_readable_crop_ocr_correction_and_manual_verification,source_link_only_until_rights_review_clears_reuse,rights_review_needed,cwa_surface_5df9cded5cf949;kit_kat_bar:cwa_surface_5df9cded5cf949;cwa_capture_round_1a504b43c6d5:ingredient_panel;https://www.candywrapperarchive.com/candy-collector/2002-kit-kat/#ingredient_panel,,,,1,0,0,0,1,0
122,17,cwa_ingredient_priority_0cdb29f83997,kit_kat_bar,Kit Kat Bar,multi_era_lineage,1960s-2007,4,2002,cwa_capture_round_1a504b43c6d5,cwa_surface_4ec6857838d4e6,www.candywrapperarchive.com,https://www.candywrapperarchive.com/candy-collector/2002-kit-kat/,2002 Kit Kat - Nutrition panel,collector_archive_page,nutrition_panel,Nutrition panel,2,primary_nutrition_panel_photo,primary_ingredient_or_nutrition_photo,high,panel_capture_needed,nutrition_panel,private_crop_needed,private_crop_path_needed,private_nutrition_panel_crop_path,private_nutrition_panel_crop,Crop the nutrition panel and serving-size text if visible.,Capture the nutrition facts and serving-size area after the ingredient panel or when ingredients are absent.,blocked_until_private_readable_crop_ocr_correction_and_manual_verification,source_link_only_until_rights_review_clears_reuse,rights_review_needed,cwa_surface_4ec6857838d4e6;kit_kat_bar:cwa_surface_4ec6857838d4e6;cwa_capture_round_1a504b43c6d5:nutrition_panel;https://www.candywrapperarchive.com/candy-collector/2002-kit-kat/#nutrition_panel,,,,1,0,0,0,1,0
123,18,cwa_ingredient_priority_5a3486286b47,kit_kat_bar,Kit Kat Bar,multi_era_lineage,1960s-2007,4,2002,cwa_capture_round_1a504b43c6d5,cwa_surface_7c9e678b08f9d4,www.candywrapperarchive.com,https://www.candywrapperarchive.com/candy-collector/2002-kit-kat/,2002 Kit Kat - Wrapper back or side text,collector_archive_page,wrapper_back_or_side,Wrapper back or side text,3,supporting_label_text_photo,supporting_label_text_photo,medium,readable_panel_photo_needed,package_back_side_text,private_crop_needed,private_crop_path_needed,private_wrapper_back_or_side_crop_path,private_back_or_side_text_crop,"Crop readable wrapper back/side text, prioritizing ingredients, nutrition, net weight, maker, or date cues.",Capture readable back/side wrapper text only after checking for ingredient and nutrition panels.,blocked_until_private_readable_crop_ocr_correction_and_manual_verification,source_link_only_until_rights_review_clears_reuse,rights_review_needed,cwa_surface_7c9e678b08f9d4;kit_kat_bar:cwa_surface_7c9e678b08f9d4;cwa_capture_round_1a504b43c6d5:wrapper_back_or_side;https://www.candywrapperarchive.com/candy-collector/2002-kit-kat/#wrapper_back_or_side,,,,0,1,0,0,1,0
124,19,cwa_ingredient_priority_35c5d7cb981a,kit_kat_bar,Kit Kat Bar,multi_era_lineage,1960s-2007,4,2002,cwa_capture_round_1a504b43c6d5,cwa_surface_73348d446a03d3,www.candywrapperarchive.com,https://www.candywrapperarchive.com/candy-collector/2002-kit-kat/,2002 Kit Kat - Net weight,collector_archive_page,net_weight,Net weight,4,supporting_label_text_photo,supporting_label_text_photo,medium,readable_panel_photo_needed,net_weight,private_crop_needed,private_crop_path_needed,private_net_weight_crop_path,private_net_weight_crop,Crop net weight and package-size text.,Capture net weight as package-size evidence for later normalization.,blocked_until_private_readable_crop_ocr_correction_and_manual_verification,source_link_only_until_rights_review_clears_reuse,rights_review_needed,cwa_surface_73348d446a03d3;kit_kat_bar:cwa_surface_73348d446a03d3;cwa_capture_round_1a504b43c6d5:net_weight;https://www.candywrapperarchive.com/candy-collector/2002-kit-kat/#net_weight,,,,0,1,0,0,1,0
125,20,cwa_ingredient_priority_b7490f60145f,kit_kat_bar,Kit Kat Bar,multi_era_lineage,1960s-2007,4,2002,cwa_capture_round_1a504b43c6d5,cwa_surface_9418ddbc8297b0,www.candywrapperarchive.com,https://www.candywrapperarchive.com/candy-collector/2002-kit-kat/,2002 Kit Kat - Maker or date cue,collector_archive_page,maker_or_date,Maker or date cue,5,supporting_label_text_photo,supporting_label_text_photo,medium,readable_panel_photo_needed,maker_distributor_or_date_cue,private_crop_needed,private_crop_path_needed,private_maker_or_date_crop_path,private_maker_or_date_crop,"Crop maker/distributor, copyright, lot, or date cue text.","Capture maker, distributor, copyright, lot, or date cues for identity and timeline confidence.",blocked_until_private_readable_crop_ocr_correction_and_manual_verification,source_link_only_until_rights_review_clears_reuse,rights_review_needed,cwa_surface_9418ddbc8297b0;kit_kat_bar:cwa_surface_9418ddbc8297b0;cwa_capture_round_1a504b43c6d5:maker_or_date;https://www.candywrapperarchive.com/candy-collector/2002-kit-kat/#maker_or_date,,,,0,1,0,0,1,0
126,21,cwa_ingredient_priority_dded5fe28551,kit_kat_bar,Kit Kat Bar,multi_era_lineage,1960s-2007,5,2006,cwa_capture_round_3134983b023d,cwa_surface_0f4fb4cf3d456c,www.candywrapperarchive.com,https://www.candywrapperarchive.com/candy-collector/2006-kit-kat/,2006 Kit Kat - Ingredient panel,collector_archive_page,ingredient_panel,Ingredient panel,1,primary_ingredient_panel_photo,primary_ingredient_or_nutrition_photo,high,panel_capture_needed,ingredient_panel,private_crop_needed,private_crop_path_needed,private_ingredient_panel_crop_path,private_ingredient_panel_crop,Crop the ingredient statement with enough package context to preserve product/date cues.,"Capture the ingredient statement first, with enough wrapper context to preserve product and vintage cues.",blocked_until_private_readable_crop_ocr_correction_and_manual_verification,source_link_only_until_rights_review_clears_reuse,rights_review_needed,cwa_surface_0f4fb4cf3d456c;kit_kat_bar:cwa_surface_0f4fb4cf3d456c;cwa_capture_round_3134983b023d:ingredient_panel;https://www.candywrapperarchive.com/candy-collector/2006-kit-kat/#ingredient_panel,,,,1,0,0,0,1,0
127,22,cwa_ingredient_priority_eea8af585464,kit_kat_bar,Kit Kat Bar,multi_era_lineage,1960s-2007,5,2006,cwa_capture_round_3134983b023d,cwa_surface_6b65bdd91e9611,www.candywrapperarchive.com,https://www.candywrapperarchive.com/candy-collector/2006-kit-kat/,2006 Kit Kat - Nutrition panel,collector_archive_page,nutrition_panel,Nutrition panel,2,primary_nutrition_panel_photo,primary_ingredient_or_nutrition_photo,high,panel_capture_needed,nutrition_panel,private_crop_needed,private_crop_path_needed,private_nutrition_panel_crop_path,private_nutrition_panel_crop,Crop the nutrition panel and serving-size text if visible.,Capture the nutrition facts and serving-size area after the ingredient panel or when ingredients are absent.,blocked_until_private_readable_crop_ocr_correction_and_manual_verification,source_link_only_until_rights_review_clears_reuse,rights_review_needed,cwa_surface_6b65bdd91e9611;kit_kat_bar:cwa_surface_6b65bdd91e9611;cwa_capture_round_3134983b023d:nutrition_panel;https://www.candywrapperarchive.com/candy-collector/2006-kit-kat/#nutrition_panel,,,,1,0,0,0,1,0
128,23,cwa_ingredient_priority_e5cca3394a35,kit_kat_bar,Kit Kat Bar,multi_era_lineage,1960s-2007,5,2006,cwa_capture_round_3134983b023d,cwa_surface_9c5c75da0da24a,www.candywrapperarchive.com,https://www.candywrapperarchive.com/candy-collector/2006-kit-kat/,2006 Kit Kat - Wrapper back or side text,collector_archive_page,wrapper_back_or_side,Wrapper back or side text,3,supporting_label_text_photo,supporting_label_text_photo,medium,readable_panel_photo_needed,package_back_side_text,private_crop_needed,private_crop_path_needed,private_wrapper_back_or_side_crop_path,private_back_or_side_text_crop,"Crop readable wrapper back/side text, prioritizing ingredients, nutrition, net weight, maker, or date cues.",Capture readable back/side wrapper text only after checking for ingredient and nutrition panels.,blocked_until_private_readable_crop_ocr_correction_and_manual_verification,source_link_only_until_rights_review_clears_reuse,rights_review_needed,cwa_surface_9c5c75da0da24a;kit_kat_bar:cwa_surface_9c5c75da0da24a;cwa_capture_round_3134983b023d:wrapper_back_or_side;https://www.candywrapperarchive.com/candy-collector/2006-kit-kat/#wrapper_back_or_side,,,,0,1,0,0,1,0
129,24,cwa_ingredient_priority_7a20c5908f9d,kit_kat_bar,Kit Kat Bar,multi_era_lineage,1960s-2007,5,2006,cwa_capture_round_3134983b023d,cwa_surface_7e925ed008e4f8,www.candywrapperarchive.com,https://www.candywrapperarchive.com/candy-collector/2006-kit-kat/,2006 Kit Kat - Net weight,collector_archive_page,net_weight,Net weight,4,supporting_label_text_photo,supporting_label_text_photo,medium,readable_panel_photo_needed,net_weight,private_crop_needed,private_crop_path_needed,private_net_weight_crop_path,private_net_weight_crop,Crop net weight and package-size text.,Capture net weight as package-size evidence for later normalization.,blocked_until_private_readable_crop_ocr_correction_and_manual_verification,source_link_only_until_rights_review_clears_reuse,rights_review_needed,cwa_surface_7e925ed008e4f8;kit_kat_bar:cwa_surface_7e925ed008e4f8;cwa_capture_round_3134983b023d:net_weight;https://www.candywrapperarchive.com/candy-collector/2006-kit-kat/#net_weight,,,,0,1,0,0,1,0
130,25,cwa_ingredient_priority_28f89796131a,kit_kat_bar,Kit Kat Bar,multi_era_lineage,1960s-2007,5,2006,cwa_capture_round_3134983b023d,cwa_surface_baafc157bad9d7,www.candywrapperarchive.com,https://www.candywrapperarchive.com/candy-collector/2006-kit-kat/,2006 Kit Kat - Maker or date cue,collector_archive_page,maker_or_date,Maker or date cue,5,supporting_label_text_photo,supporting_label_text_photo,medium,readable_panel_photo_needed,maker_distributor_or_date_cue,private_crop_needed,private_crop_path_needed,private_maker_or_date_crop_path,private_maker_or_date_crop,"Crop maker/distributor, copyright, lot, or date cue text.","Capture maker, distributor, copyright, lot, or date cues for identity and timeline confidence.",blocked_until_private_readable_crop_ocr_correction_and_manual_verification,source_link_only_until_rights_review_clears_reuse,rights_review_needed,cwa_surface_baafc157bad9d7;kit_kat_bar:cwa_surface_baafc157bad9d7;cwa_capture_round_3134983b023d:maker_or_date;https://www.candywrapperarchive.com/candy-collector/2006-kit-kat/#maker_or_date,,,,0,1,0,0,1,0
131,26,cwa_ingredient_priority_963af3f02902,kit_kat_bar,Kit Kat Bar,multi_era_lineage,1960s-2007,6,2007,cwa_capture_round_7ea03b5bae43,cwa_surface_7bc042dee88127,www.candywrapperarchive.com,https://www.candywrapperarchive.com/candy-collector/2007-kit-kat/,2007 Kit Kat - Ingredient panel,collector_archive_page,ingredient_panel,Ingredient panel,1,primary_ingredient_panel_photo,primary_ingredient_or_nutrition_photo,high,panel_capture_needed,ingredient_panel,private_crop_needed,private_crop_path_needed,private_ingredient_panel_crop_path,private_ingredient_panel_crop,Crop the ingredient statement with enough package context to preserve product/date cues.,"Capture the ingredient statement first, with enough wrapper context to preserve product and vintage cues.",blocked_until_private_readable_crop_ocr_correction_and_manual_verification,source_link_only_until_rights_review_clears_reuse,rights_review_needed,cwa_surface_7bc042dee88127;kit_kat_bar:cwa_surface_7bc042dee88127;cwa_capture_round_7ea03b5bae43:ingredient_panel;https://www.candywrapperarchive.com/candy-collector/2007-kit-kat/#ingredient_panel,,,,1,0,0,0,1,0
132,27,cwa_ingredient_priority_e56a322c322c,kit_kat_bar,Kit Kat Bar,multi_era_lineage,1960s-2007,6,2007,cwa_capture_round_7ea03b5bae43,cwa_surface_1671da08f64fcc,www.candywrapperarchive.com,https://www.candywrapperarchive.com/candy-collector/2007-kit-kat/,2007 Kit Kat - Nutrition panel,collector_archive_page,nutrition_panel,Nutrition panel,2,primary_nutrition_panel_photo,primary_ingredient_or_nutrition_photo,high,panel_capture_needed,nutrition_panel,private_crop_needed,private_crop_path_needed,private_nutrition_panel_crop_path,private_nutrition_panel_crop,Crop the nutrition panel and serving-size text if visible.,Capture the nutrition facts and serving-size area after the ingredient panel or when ingredients are absent.,blocked_until_private_readable_crop_ocr_correction_and_manual_verification,source_link_only_until_rights_review_clears_reuse,rights_review_needed,cwa_surface_1671da08f64fcc;kit_kat_bar:cwa_surface_1671da08f64fcc;cwa_capture_round_7ea03b5bae43:nutrition_panel;https://www.candywrapperarchive.com/candy-collector/2007-kit-kat/#nutrition_panel,,,,1,0,0,0,1,0
133,28,cwa_ingredient_priority_3a29cb9cde46,kit_kat_bar,Kit Kat Bar,multi_era_lineage,1960s-2007,6,2007,cwa_capture_round_7ea03b5bae43,cwa_surface_931fb577211f8b,www.candywrapperarchive.com,https://www.candywrapperarchive.com/candy-collector/2007-kit-kat/,2007 Kit Kat - Wrapper back or side text,collector_archive_page,wrapper_back_or_side,Wrapper back or side text,3,supporting_label_text_photo,supporting_label_text_photo,medium,readable_panel_photo_needed,package_back_side_text,private_crop_needed,private_crop_path_needed,private_wrapper_back_or_side_crop_path,private_back_or_side_text_crop,"Crop readable wrapper back/side text, prioritizing ingredients, nutrition, net weight, maker, or date cues.",Capture readable back/side wrapper text only after checking for ingredient and nutrition panels.,blocked_until_private_readable_crop_ocr_correction_and_manual_verification,source_link_only_until_rights_review_clears_reuse,rights_review_needed,cwa_surface_931fb577211f8b;kit_kat_bar:cwa_surface_931fb577211f8b;cwa_capture_round_7ea03b5bae43:wrapper_back_or_side;https://www.candywrapperarchive.com/candy-collector/2007-kit-kat/#wrapper_back_or_side,,,,0,1,0,0,1,0
134,29,cwa_ingredient_priority_e994c328ac2f,kit_kat_bar,Kit Kat Bar,multi_era_lineage,1960s-2007,6,2007,cwa_capture_round_7ea03b5bae43,cwa_surface_0dd4d0c790f90e,www.candywrapperarchive.com,https://www.candywrapperarchive.com/candy-collector/2007-kit-kat/,2007 Kit Kat - Net weight,collector_archive_page,net_weight,Net weight,4,supporting_label_text_photo,supporting_label_text_photo,medium,readable_panel_photo_needed,net_weight,private_crop_needed,private_crop_path_needed,private_net_weight_crop_path,private_net_weight_crop,Crop net weight and package-size text.,Capture net weight as package-size evidence for later normalization.,blocked_until_private_readable_crop_ocr_correction_and_manual_verification,source_link_only_until_rights_review_clears_reuse,rights_review_needed,cwa_surface_0dd4d0c790f90e;kit_kat_bar:cwa_surface_0dd4d0c790f90e;cwa_capture_round_7ea03b5bae43:net_weight;https://www.candywrapperarchive.com/candy-collector/2007-kit-kat/#net_weight,,,,0,1,0,0,1,0
135,30,cwa_ingredient_priority_c1104515002e,kit_kat_bar,Kit Kat Bar,multi_era_lineage,1960s-2007,6,2007,cwa_capture_round_7ea03b5bae43,cwa_surface_e9300d179fbb88,www.candywrapperarchive.com,https://www.candywrapperarchive.com/candy-collector/2007-kit-kat/,2007 Kit Kat - Maker or date cue,collector_archive_page,maker_or_date,Maker or date cue,5,supporting_label_text_photo,supporting_label_text_photo,medium,readable_panel_photo_needed,maker_distributor_or_date_cue,private_crop_needed,private_crop_path_needed,private_maker_or_date_crop_path,private_maker_or_date_crop,"Crop maker/distributor, copyright, lot, or date cue text.","Capture maker, distributor, copyright, lot, or date cues for identity and timeline confidence.",blocked_until_private_readable_crop_ocr_correction_and_manual_verification,source_link_only_until_rights_review_clears_reuse,rights_review_needed,cwa_surface_e9300d179fbb88;kit_kat_bar:cwa_surface_e9300d179fbb88;cwa_capture_round_7ea03b5bae43:maker_or_date;https://www.candywrapperarchive.com/candy-collector/2007-kit-kat/#maker_or_date,,,,0,1,0,0,1,0
136,1,cwa_ingredient_priority_de3e86bb89f9,snickers_bar,Snickers Bar,dense_lineage_first,1939-2002,1,1939,cwa_capture_round_692553a418d6,cwa_surface_8c9ebea2dd9b0c,www.candywrapperarchive.com,https://www.candywrapperarchive.com/candy-collector/1940s-snickers/,1939 Snickers - Ingredient panel,collector_archive_page,ingredient_panel,Ingredient panel,1,primary_ingredient_panel_photo,primary_ingredient_or_nutrition_photo,high,panel_capture_needed,ingredient_panel,private_crop_needed,private_crop_path_needed,private_ingredient_panel_crop_path,private_ingredient_panel_crop,Crop the ingredient statement with enough package context to preserve product/date cues.,"Capture the ingredient statement first, with enough wrapper context to preserve product and vintage cues.",blocked_until_private_readable_crop_ocr_correction_and_manual_verification,source_link_only_until_rights_review_clears_reuse,rights_review_needed,cwa_surface_8c9ebea2dd9b0c;snickers_bar:cwa_surface_8c9ebea2dd9b0c;cwa_capture_round_692553a418d6:ingredient_panel;https://www.candywrapperarchive.com/candy-collector/1940s-snickers/#ingredient_panel,,,,1,0,0,0,1,0
137,2,cwa_ingredient_priority_ee52909736a5,snickers_bar,Snickers Bar,dense_lineage_first,1939-2002,1,1939,cwa_capture_round_692553a418d6,cwa_surface_a24cdd1836466e,www.candywrapperarchive.com,https://www.candywrapperarchive.com/candy-collector/1940s-snickers/,1939 Snickers - Nutrition panel,collector_archive_page,nutrition_panel,Nutrition panel,2,primary_nutrition_panel_photo,primary_ingredient_or_nutrition_photo,high,panel_capture_needed,nutrition_panel,private_crop_needed,private_crop_path_needed,private_nutrition_panel_crop_path,private_nutrition_panel_crop,Crop the nutrition panel and serving-size text if visible.,Capture the nutrition facts and serving-size area after the ingredient panel or when ingredients are absent.,blocked_until_private_readable_crop_ocr_correction_and_manual_verification,source_link_only_until_rights_review_clears_reuse,rights_review_needed,cwa_surface_a24cdd1836466e;snickers_bar:cwa_surface_a24cdd1836466e;cwa_capture_round_692553a418d6:nutrition_panel;https://www.candywrapperarchive.com/candy-collector/1940s-snickers/#nutrition_panel,,,,1,0,0,0,1,0
138,3,cwa_ingredient_priority_548537867d83,snickers_bar,Snickers Bar,dense_lineage_first,1939-2002,1,1939,cwa_capture_round_692553a418d6,cwa_surface_12092af18d1df5,www.candywrapperarchive.com,https://www.candywrapperarchive.com/candy-collector/1940s-snickers/,1939 Snickers - Wrapper back or side text,collector_archive_page,wrapper_back_or_side,Wrapper back or side text,3,supporting_label_text_photo,supporting_label_text_photo,medium,readable_panel_photo_needed,package_back_side_text,private_crop_needed,private_crop_path_needed,private_wrapper_back_or_side_crop_path,private_back_or_side_text_crop,"Crop readable wrapper back/side text, prioritizing ingredients, nutrition, net weight, maker, or date cues.",Capture readable back/side wrapper text only after checking for ingredient and nutrition panels.,blocked_until_private_readable_crop_ocr_correction_and_manual_verification,source_link_only_until_rights_review_clears_reuse,rights_review_needed,cwa_surface_12092af18d1df5;snickers_bar:cwa_surface_12092af18d1df5;cwa_capture_round_692553a418d6:wrapper_back_or_side;https://www.candywrapperarchive.com/candy-collector/1940s-snickers/#wrapper_back_or_side,,,,0,1,0,0,1,0
139,4,cwa_ingredient_priority_2e36f20f72ec,snickers_bar,Snickers Bar,dense_lineage_first,1939-2002,1,1939,cwa_capture_round_692553a418d6,cwa_surface_86e451113e2d67,www.candywrapperarchive.com,https://www.candywrapperarchive.com/candy-collector/1940s-snickers/,1939 Snickers - Net weight,collector_archive_page,net_weight,Net weight,4,supporting_label_text_photo,supporting_label_text_photo,medium,readable_panel_photo_needed,net_weight,private_crop_needed,private_crop_path_needed,private_net_weight_crop_path,private_net_weight_crop,Crop net weight and package-size text.,Capture net weight as package-size evidence for later normalization.,blocked_until_private_readable_crop_ocr_correction_and_manual_verification,source_link_only_until_rights_review_clears_reuse,rights_review_needed,cwa_surface_86e451113e2d67;snickers_bar:cwa_surface_86e451113e2d67;cwa_capture_round_692553a418d6:net_weight;https://www.candywrapperarchive.com/candy-collector/1940s-snickers/#net_weight,,,,0,1,0,0,1,0
140,5,cwa_ingredient_priority_6bec0c546315,snickers_bar,Snickers Bar,dense_lineage_first,1939-2002,1,1939,cwa_capture_round_692553a418d6,cwa_surface_2260397e1bd33f,www.candywrapperarchive.com,https://www.candywrapperarchive.com/candy-collector/1940s-snickers/,1939 Snickers - Maker or date cue,collector_archive_page,maker_or_date,Maker or date cue,5,supporting_label_text_photo,supporting_label_text_photo,medium,readable_panel_photo_needed,maker_distributor_or_date_cue,private_crop_needed,private_crop_path_needed,private_maker_or_date_crop_path,private_maker_or_date_crop,"Crop maker/distributor, copyright, lot, or date cue text.","Capture maker, distributor, copyright, lot, or date cues for identity and timeline confidence.",blocked_until_private_readable_crop_ocr_correction_and_manual_verification,source_link_only_until_rights_review_clears_reuse,rights_review_needed,cwa_surface_2260397e1bd33f;snickers_bar:cwa_surface_2260397e1bd33f;cwa_capture_round_692553a418d6:maker_or_date;https://www.candywrapperarchive.com/candy-collector/1940s-snickers/#maker_or_date,,,,0,1,0,0,1,0
141,6,cwa_ingredient_priority_93706b73b4c4,snickers_bar,Snickers Bar,dense_lineage_first,1939-2002,2,1940s,cwa_capture_round_318e9a774c5e,cwa_surface_f31376dcb1d0eb,www.candywrapperarchive.com,https://www.candywrapperarchive.com/candy-collector/1940s-snickers-2/,1940s Snickers - Ingredient panel,collector_archive_page,ingredient_panel,Ingredient panel,1,primary_ingredient_panel_photo,primary_ingredient_or_nutrition_photo,high,panel_capture_needed,ingredient_panel,private_crop_needed,private_crop_path_needed,private_ingredient_panel_crop_path,private_ingredient_panel_crop,Crop the ingredient statement with enough package context to preserve product/date cues.,"Capture the ingredient statement first, with enough wrapper context to preserve product and vintage cues.",blocked_until_private_readable_crop_ocr_correction_and_manual_verification,source_link_only_until_rights_review_clears_reuse,rights_review_needed,cwa_surface_f31376dcb1d0eb;snickers_bar:cwa_surface_f31376dcb1d0eb;cwa_capture_round_318e9a774c5e:ingredient_panel;https://www.candywrapperarchive.com/candy-collector/1940s-snickers-2/#ingredient_panel,,,,1,0,0,0,1,0
142,7,cwa_ingredient_priority_db97d48057a2,snickers_bar,Snickers Bar,dense_lineage_first,1939-2002,2,1940s,cwa_capture_round_318e9a774c5e,cwa_surface_02cdfa8d00292d,www.candywrapperarchive.com,https://www.candywrapperarchive.com/candy-collector/1940s-snickers-2/,1940s Snickers - Nutrition panel,collector_archive_page,nutrition_panel,Nutrition panel,2,primary_nutrition_panel_photo,primary_ingredient_or_nutrition_photo,high,panel_capture_needed,nutrition_panel,private_crop_needed,private_crop_path_needed,private_nutrition_panel_crop_path,private_nutrition_panel_crop,Crop the nutrition panel and serving-size text if visible.,Capture the nutrition facts and serving-size area after the ingredient panel or when ingredients are absent.,blocked_until_private_readable_crop_ocr_correction_and_manual_verification,source_link_only_until_rights_review_clears_reuse,rights_review_needed,cwa_surface_02cdfa8d00292d;snickers_bar:cwa_surface_02cdfa8d00292d;cwa_capture_round_318e9a774c5e:nutrition_panel;https://www.candywrapperarchive.com/candy-collector/1940s-snickers-2/#nutrition_panel,,,,1,0,0,0,1,0
143,8,cwa_ingredient_priority_eb6846e296e1,snickers_bar,Snickers Bar,dense_lineage_first,1939-2002,2,1940s,cwa_capture_round_318e9a774c5e,cwa_surface_05240ddd2e52a2,www.candywrapperarchive.com,https://www.candywrapperarchive.com/candy-collector/1940s-snickers-2/,1940s Snickers - Wrapper back or side text,collector_archive_page,wrapper_back_or_side,Wrapper back or side text,3,supporting_label_text_photo,supporting_label_text_photo,medium,readable_panel_photo_needed,package_back_side_text,private_crop_needed,private_crop_path_needed,private_wrapper_back_or_side_crop_path,private_back_or_side_text_crop,"Crop readable wrapper back/side text, prioritizing ingredients, nutrition, net weight, maker, or date cues.",Capture readable back/side wrapper text only after checking for ingredient and nutrition panels.,blocked_until_private_readable_crop_ocr_correction_and_manual_verification,source_link_only_until_rights_review_clears_reuse,rights_review_needed,cwa_surface_05240ddd2e52a2;snickers_bar:cwa_surface_05240ddd2e52a2;cwa_capture_round_318e9a774c5e:wrapper_back_or_side;https://www.candywrapperarchive.com/candy-collector/1940s-snickers-2/#wrapper_back_or_side,,,,0,1,0,0,1,0
144,9,cwa_ingredient_priority_6c55b939a75a,snickers_bar,Snickers Bar,dense_lineage_first,1939-2002,2,1940s,cwa_capture_round_318e9a774c5e,cwa_surface_c8bedab03b3d8c,www.candywrapperarchive.com,https://www.candywrapperarchive.com/candy-collector/1940s-snickers-2/,1940s Snickers - Net weight,collector_archive_page,net_weight,Net weight,4,supporting_label_text_photo,supporting_label_text_photo,medium,readable_panel_photo_needed,net_weight,private_crop_needed,private_crop_path_needed,private_net_weight_crop_path,private_net_weight_crop,Crop net weight and package-size text.,Capture net weight as package-size evidence for later normalization.,blocked_until_private_readable_crop_ocr_correction_and_manual_verification,source_link_only_until_rights_review_clears_reuse,rights_review_needed,cwa_surface_c8bedab03b3d8c;snickers_bar:cwa_surface_c8bedab03b3d8c;cwa_capture_round_318e9a774c5e:net_weight;https://www.candywrapperarchive.com/candy-collector/1940s-snickers-2/#net_weight,,,,0,1,0,0,1,0
145,10,cwa_ingredient_priority_72e6a28db510,snickers_bar,Snickers Bar,dense_lineage_first,1939-2002,2,1940s,cwa_capture_round_318e9a774c5e,cwa_surface_cf03a048305b61,www.candywrapperarchive.com,https://www.candywrapperarchive.com/candy-collector/1940s-snickers-2/,1940s Snickers - Maker or date cue,collector_archive_page,maker_or_date,Maker or date cue,5,supporting_label_text_photo,supporting_label_text_photo,medium,readable_panel_photo_needed,maker_distributor_or_date_cue,private_crop_needed,private_crop_path_needed,private_maker_or_date_crop_path,private_maker_or_date_crop,"Crop maker/distributor, copyright, lot, or date cue text.","Capture maker, distributor, copyright, lot, or date cues for identity and timeline confidence.",blocked_until_private_readable_crop_ocr_correction_and_manual_verification,source_link_only_until_rights_review_clears_reuse,rights_review_needed,cwa_surface_cf03a048305b61;snickers_bar:cwa_surface_cf03a048305b61;cwa_capture_round_318e9a774c5e:maker_or_date;https://www.candywrapperarchive.com/candy-collector/1940s-snickers-2/#maker_or_date,,,,0,1,0,0,1,0
146,11,cwa_ingredient_priority_077f61c0ae6b,snickers_bar,Snickers Bar,dense_lineage_first,1939-2002,3,1950s,cwa_capture_round_202d511b3960,cwa_surface_576bbad46b6867,www.candywrapperarchive.com,https://www.candywrapperarchive.com/candy-collector/1950s-snickers/,1950s Snickers - Ingredient panel,collector_archive_page,ingredient_panel,Ingredient panel,1,primary_ingredient_panel_photo,primary_ingredient_or_nutrition_photo,high,panel_capture_needed,ingredient_panel,private_crop_needed,private_crop_path_needed,private_ingredient_panel_crop_path,private_ingredient_panel_crop,Crop the ingredient statement with enough package context to preserve product/date cues.,"Capture the ingredient statement first, with enough wrapper context to preserve product and vintage cues.",blocked_until_private_readable_crop_ocr_correction_and_manual_verification,source_link_only_until_rights_review_clears_reuse,rights_review_needed,cwa_surface_576bbad46b6867;snickers_bar:cwa_surface_576bbad46b6867;cwa_capture_round_202d511b3960:ingredient_panel;https://www.candywrapperarchive.com/candy-collector/1950s-snickers/#ingredient_panel,,,,1,0,0,0,1,0
147,12,cwa_ingredient_priority_baacfb716d3f,snickers_bar,Snickers Bar,dense_lineage_first,1939-2002,3,1950s,cwa_capture_round_202d511b3960,cwa_surface_edbf7b798f577e,www.candywrapperarchive.com,https://www.candywrapperarchive.com/candy-collector/1950s-snickers/,1950s Snickers - Nutrition panel,collector_archive_page,nutrition_panel,Nutrition panel,2,primary_nutrition_panel_photo,primary_ingredient_or_nutrition_photo,high,panel_capture_needed,nutrition_panel,private_crop_needed,private_crop_path_needed,private_nutrition_panel_crop_path,private_nutrition_panel_crop,Crop the nutrition panel and serving-size text if visible.,Capture the nutrition facts and serving-size area after the ingredient panel or when ingredients are absent.,blocked_until_private_readable_crop_ocr_correction_and_manual_verification,source_link_only_until_rights_review_clears_reuse,rights_review_needed,cwa_surface_edbf7b798f577e;snickers_bar:cwa_surface_edbf7b798f577e;cwa_capture_round_202d511b3960:nutrition_panel;https://www.candywrapperarchive.com/candy-collector/1950s-snickers/#nutrition_panel,,,,1,0,0,0,1,0
148,13,cwa_ingredient_priority_4391a5681c1e,snickers_bar,Snickers Bar,dense_lineage_first,1939-2002,3,1950s,cwa_capture_round_202d511b3960,cwa_surface_13619e5a623184,www.candywrapperarchive.com,https://www.candywrapperarchive.com/candy-collector/1950s-snickers/,1950s Snickers - Wrapper back or side text,collector_archive_page,wrapper_back_or_side,Wrapper back or side text,3,supporting_label_text_photo,supporting_label_text_photo,medium,readable_panel_photo_needed,package_back_side_text,private_crop_needed,private_crop_path_needed,private_wrapper_back_or_side_crop_path,private_back_or_side_text_crop,"Crop readable wrapper back/side text, prioritizing ingredients, nutrition, net weight, maker, or date cues.",Capture readable back/side wrapper text only after checking for ingredient and nutrition panels.,blocked_until_private_readable_crop_ocr_correction_and_manual_verification,source_link_only_until_rights_review_clears_reuse,rights_review_needed,cwa_surface_13619e5a623184;snickers_bar:cwa_surface_13619e5a623184;cwa_capture_round_202d511b3960:wrapper_back_or_side;https://www.candywrapperarchive.com/candy-collector/1950s-snickers/#wrapper_back_or_side,,,,0,1,0,0,1,0
149,14,cwa_ingredient_priority_de9b75c17ce0,snickers_bar,Snickers Bar,dense_lineage_first,1939-2002,3,1950s,cwa_capture_round_202d511b3960,cwa_surface_1337764f361ee7,www.candywrapperarchive.com,https://www.candywrapperarchive.com/candy-collector/1950s-snickers/,1950s Snickers - Net weight,collector_archive_page,net_weight,Net weight,4,supporting_label_text_photo,supporting_label_text_photo,medium,readable_panel_photo_needed,net_weight,private_crop_needed,private_crop_path_needed,private_net_weight_crop_path,private_net_weight_crop,Crop net weight and package-size text.,Capture net weight as package-size evidence for later normalization.,blocked_until_private_readable_crop_ocr_correction_and_manual_verification,source_link_only_until_rights_review_clears_reuse,rights_review_needed,cwa_surface_1337764f361ee7;snickers_bar:cwa_surface_1337764f361ee7;cwa_capture_round_202d511b3960:net_weight;https://www.candywrapperarchive.com/candy-collector/1950s-snickers/#net_weight,,,,0,1,0,0,1,0
150,15,cwa_ingredient_priority_dd0dd39cdfc2,snickers_bar,Snickers Bar,dense_lineage_first,1939-2002,3,1950s,cwa_capture_round_202d511b3960,cwa_surface_370be1b4dd989a,www.candywrapperarchive.com,https://www.candywrapperarchive.com/candy-collector/1950s-snickers/,1950s Snickers - Maker or date cue,collector_archive_page,maker_or_date,Maker or date cue,5,supporting_label_text_photo,supporting_label_text_photo,medium,readable_panel_photo_needed,maker_distributor_or_date_cue,private_crop_needed,private_crop_path_needed,private_maker_or_date_crop_path,private_maker_or_date_crop,"Crop maker/distributor, copyright, lot, or date cue text.","Capture maker, distributor, copyright, lot, or date cues for identity and timeline confidence.",blocked_until_private_readable_crop_ocr_correction_and_manual_verification,source_link_only_until_rights_review_clears_reuse,rights_review_needed,cwa_surface_370be1b4dd989a;snickers_bar:cwa_surface_370be1b4dd989a;cwa_capture_round_202d511b3960:maker_or_date;https://www.candywrapperarchive.com/candy-collector/1950s-snickers/#maker_or_date,,,,0,1,0,0,1,0
151,16,cwa_ingredient_priority_a035923069d3,snickers_bar,Snickers Bar,dense_lineage_first,1939-2002,4,1983,cwa_capture_round_74301d6fffd3,cwa_surface_0f1a55799ad399,www.candywrapperarchive.com,https://www.candywrapperarchive.com/candy-collector/1983-snickers/,1983 Snickers - Ingredient panel,collector_archive_page,ingredient_panel,Ingredient panel,1,primary_ingredient_panel_photo,primary_ingredient_or_nutrition_photo,high,panel_capture_needed,ingredient_panel,private_crop_needed,private_crop_path_needed,private_ingredient_panel_crop_path,private_ingredient_panel_crop,Crop the ingredient statement with enough package context to preserve product/date cues.,"Capture the ingredient statement first, with enough wrapper context to preserve product and vintage cues.",blocked_until_private_readable_crop_ocr_correction_and_manual_verification,source_link_only_until_rights_review_clears_reuse,rights_review_needed,cwa_surface_0f1a55799ad399;snickers_bar:cwa_surface_0f1a55799ad399;cwa_capture_round_74301d6fffd3:ingredient_panel;https://www.candywrapperarchive.com/candy-collector/1983-snickers/#ingredient_panel,,,,1,0,0,0,1,0
152,17,cwa_ingredient_priority_934711f41af3,snickers_bar,Snickers Bar,dense_lineage_first,1939-2002,4,1983,cwa_capture_round_74301d6fffd3,cwa_surface_d8dd442b893e8c,www.candywrapperarchive.com,https://www.candywrapperarchive.com/candy-collector/1983-snickers/,1983 Snickers - Nutrition panel,collector_archive_page,nutrition_panel,Nutrition panel,2,primary_nutrition_panel_photo,primary_ingredient_or_nutrition_photo,high,panel_capture_needed,nutrition_panel,private_crop_needed,private_crop_path_needed,private_nutrition_panel_crop_path,private_nutrition_panel_crop,Crop the nutrition panel and serving-size text if visible.,Capture the nutrition facts and serving-size area after the ingredient panel or when ingredients are absent.,blocked_until_private_readable_crop_ocr_correction_and_manual_verification,source_link_only_until_rights_review_clears_reuse,rights_review_needed,cwa_surface_d8dd442b893e8c;snickers_bar:cwa_surface_d8dd442b893e8c;cwa_capture_round_74301d6fffd3:nutrition_panel;https://www.candywrapperarchive.com/candy-collector/1983-snickers/#nutrition_panel,,,,1,0,0,0,1,0
153,18,cwa_ingredient_priority_adc0c36657f1,snickers_bar,Snickers Bar,dense_lineage_first,1939-2002,4,1983,cwa_capture_round_74301d6fffd3,cwa_surface_7ea2b8f8a9a0e9,www.candywrapperarchive.com,https://www.candywrapperarchive.com/candy-collector/1983-snickers/,1983 Snickers - Wrapper back or side text,collector_archive_page,wrapper_back_or_side,Wrapper back or side text,3,supporting_label_text_photo,supporting_label_text_photo,medium,readable_panel_photo_needed,package_back_side_text,private_crop_needed,private_crop_path_needed,private_wrapper_back_or_side_crop_path,private_back_or_side_text_crop,"Crop readable wrapper back/side text, prioritizing ingredients, nutrition, net weight, maker, or date cues.",Capture readable back/side wrapper text only after checking for ingredient and nutrition panels.,blocked_until_private_readable_crop_ocr_correction_and_manual_verification,source_link_only_until_rights_review_clears_reuse,rights_review_needed,cwa_surface_7ea2b8f8a9a0e9;snickers_bar:cwa_surface_7ea2b8f8a9a0e9;cwa_capture_round_74301d6fffd3:wrapper_back_or_side;https://www.candywrapperarchive.com/candy-collector/1983-snickers/#wrapper_back_or_side,,,,0,1,0,0,1,0
154,19,cwa_ingredient_priority_7008eba1dc16,snickers_bar,Snickers Bar,dense_lineage_first,1939-2002,4,1983,cwa_capture_round_74301d6fffd3,cwa_surface_0e06d52a93acee,www.candywrapperarchive.com,https://www.candywrapperarchive.com/candy-collector/1983-snickers/,1983 Snickers - Net weight,collector_archive_page,net_weight,Net weight,4,supporting_label_text_photo,supporting_label_text_photo,medium,readable_panel_photo_needed,net_weight,private_crop_needed,private_crop_path_needed,private_net_weight_crop_path,private_net_weight_crop,Crop net weight and package-size text.,Capture net weight as package-size evidence for later normalization.,blocked_until_private_readable_crop_ocr_correction_and_manual_verification,source_link_only_until_rights_review_clears_reuse,rights_review_needed,cwa_surface_0e06d52a93acee;snickers_bar:cwa_surface_0e06d52a93acee;cwa_capture_round_74301d6fffd3:net_weight;https://www.candywrapperarchive.com/candy-collector/1983-snickers/#net_weight,,,,0,1,0,0,1,0
155,20,cwa_ingredient_priority_6bfc0dfc59a6,snickers_bar,Snickers Bar,dense_lineage_first,1939-2002,4,1983,cwa_capture_round_74301d6fffd3,cwa_surface_2b2a669e5aa8f4,www.candywrapperarchive.com,https://www.candywrapperarchive.com/candy-collector/1983-snickers/,1983 Snickers - Maker or date cue,collector_archive_page,maker_or_date,Maker or date cue,5,supporting_label_text_photo,supporting_label_text_photo,medium,readable_panel_photo_needed,maker_distributor_or_date_cue,private_crop_needed,private_crop_path_needed,private_maker_or_date_crop_path,private_maker_or_date_crop,"Crop maker/distributor, copyright, lot, or date cue text.","Capture maker, distributor, copyright, lot, or date cues for identity and timeline confidence.",blocked_until_private_readable_crop_ocr_correction_and_manual_verification,source_link_only_until_rights_review_clears_reuse,rights_review_needed,cwa_surface_2b2a669e5aa8f4;snickers_bar:cwa_surface_2b2a669e5aa8f4;cwa_capture_round_74301d6fffd3:maker_or_date;https://www.candywrapperarchive.com/candy-collector/1983-snickers/#maker_or_date,,,,0,1,0,0,1,0
156,21,cwa_ingredient_priority_548c9b17ee58,snickers_bar,Snickers Bar,dense_lineage_first,1939-2002,5,1990,cwa_capture_round_02a80815c583,cwa_surface_a6477149445aae,www.candywrapperarchive.com,https://www.candywrapperarchive.com/candy-collector/1990-snickers/,1990 Snickers - Ingredient panel,collector_archive_page,ingredient_panel,Ingredient panel,1,primary_ingredient_panel_photo,primary_ingredient_or_nutrition_photo,high,panel_capture_needed,ingredient_panel,private_crop_needed,private_crop_path_needed,private_ingredient_panel_crop_path,private_ingredient_panel_crop,Crop the ingredient statement with enough package context to preserve product/date cues.,"Capture the ingredient statement first, with enough wrapper context to preserve product and vintage cues.",blocked_until_private_readable_crop_ocr_correction_and_manual_verification,source_link_only_until_rights_review_clears_reuse,rights_review_needed,cwa_surface_a6477149445aae;snickers_bar:cwa_surface_a6477149445aae;cwa_capture_round_02a80815c583:ingredient_panel;https://www.candywrapperarchive.com/candy-collector/1990-snickers/#ingredient_panel,,,,1,0,0,0,1,0
157,22,cwa_ingredient_priority_9bfb3434bf28,snickers_bar,Snickers Bar,dense_lineage_first,1939-2002,5,1990,cwa_capture_round_02a80815c583,cwa_surface_e3714d96bab61d,www.candywrapperarchive.com,https://www.candywrapperarchive.com/candy-collector/1990-snickers/,1990 Snickers - Nutrition panel,collector_archive_page,nutrition_panel,Nutrition panel,2,primary_nutrition_panel_photo,primary_ingredient_or_nutrition_photo,high,panel_capture_needed,nutrition_panel,private_crop_needed,private_crop_path_needed,private_nutrition_panel_crop_path,private_nutrition_panel_crop,Crop the nutrition panel and serving-size text if visible.,Capture the nutrition facts and serving-size area after the ingredient panel or when ingredients are absent.,blocked_until_private_readable_crop_ocr_correction_and_manual_verification,source_link_only_until_rights_review_clears_reuse,rights_review_needed,cwa_surface_e3714d96bab61d;snickers_bar:cwa_surface_e3714d96bab61d;cwa_capture_round_02a80815c583:nutrition_panel;https://www.candywrapperarchive.com/candy-collector/1990-snickers/#nutrition_panel,,,,1,0,0,0,1,0
158,23,cwa_ingredient_priority_5f4e209a454a,snickers_bar,Snickers Bar,dense_lineage_first,1939-2002,5,1990,cwa_capture_round_02a80815c583,cwa_surface_ead351a7a4d78f,www.candywrapperarchive.com,https://www.candywrapperarchive.com/candy-collector/1990-snickers/,1990 Snickers - Wrapper back or side text,collector_archive_page,wrapper_back_or_side,Wrapper back or side text,3,supporting_label_text_photo,supporting_label_text_photo,medium,readable_panel_photo_needed,package_back_side_text,private_crop_needed,private_crop_path_needed,private_wrapper_back_or_side_crop_path,private_back_or_side_text_crop,"Crop readable wrapper back/side text, prioritizing ingredients, nutrition, net weight, maker, or date cues.",Capture readable back/side wrapper text only after checking for ingredient and nutrition panels.,blocked_until_private_readable_crop_ocr_correction_and_manual_verification,source_link_only_until_rights_review_clears_reuse,rights_review_needed,cwa_surface_ead351a7a4d78f;snickers_bar:cwa_surface_ead351a7a4d78f;cwa_capture_round_02a80815c583:wrapper_back_or_side;https://www.candywrapperarchive.com/candy-collector/1990-snickers/#wrapper_back_or_side,,,,0,1,0,0,1,0
159,24,cwa_ingredient_priority_d6d5e81bbbb5,snickers_bar,Snickers Bar,dense_lineage_first,1939-2002,5,1990,cwa_capture_round_02a80815c583,cwa_surface_4775897b347a03,www.candywrapperarchive.com,https://www.candywrapperarchive.com/candy-collector/1990-snickers/,1990 Snickers - Net weight,collector_archive_page,net_weight,Net weight,4,supporting_label_text_photo,supporting_label_text_photo,medium,readable_panel_photo_needed,net_weight,private_crop_needed,private_crop_path_needed,private_net_weight_crop_path,private_net_weight_crop,Crop net weight and package-size text.,Capture net weight as package-size evidence for later normalization.,blocked_until_private_readable_crop_ocr_correction_and_manual_verification,source_link_only_until_rights_review_clears_reuse,rights_review_needed,cwa_surface_4775897b347a03;snickers_bar:cwa_surface_4775897b347a03;cwa_capture_round_02a80815c583:net_weight;https://www.candywrapperarchive.com/candy-collector/1990-snickers/#net_weight,,,,0,1,0,0,1,0
160,25,cwa_ingredient_priority_38df597cd6b4,snickers_bar,Snickers Bar,dense_lineage_first,1939-2002,5,1990,cwa_capture_round_02a80815c583,cwa_surface_465c368200d499,www.candywrapperarchive.com,https://www.candywrapperarchive.com/candy-collector/1990-snickers/,1990 Snickers - Maker or date cue,collector_archive_page,maker_or_date,Maker or date cue,5,supporting_label_text_photo,supporting_label_text_photo,medium,readable_panel_photo_needed,maker_distributor_or_date_cue,private_crop_needed,private_crop_path_needed,private_maker_or_date_crop_path,private_maker_or_date_crop,"Crop maker/distributor, copyright, lot, or date cue text.","Capture maker, distributor, copyright, lot, or date cues for identity and timeline confidence.",blocked_until_private_readable_crop_ocr_correction_and_manual_verification,source_link_only_until_rights_review_clears_reuse,rights_review_needed,cwa_surface_465c368200d499;snickers_bar:cwa_surface_465c368200d499;cwa_capture_round_02a80815c583:maker_or_date;https://www.candywrapperarchive.com/candy-collector/1990-snickers/#maker_or_date,,,,0,1,0,0,1,0
161,26,cwa_ingredient_priority_69f44ad278cf,snickers_bar,Snickers Bar,dense_lineage_first,1939-2002,6,2002,cwa_capture_round_285ef8c63644,cwa_surface_2dbeb6865b0619,www.candywrapperarchive.com,https://www.candywrapperarchive.com/candy-collector/2002-snickers/,2002 Snickers - Ingredient panel,collector_archive_page,ingredient_panel,Ingredient panel,1,primary_ingredient_panel_photo,primary_ingredient_or_nutrition_photo,high,panel_capture_needed,ingredient_panel,private_crop_needed,private_crop_path_needed,private_ingredient_panel_crop_path,private_ingredient_panel_crop,Crop the ingredient statement with enough package context to preserve product/date cues.,"Capture the ingredient statement first, with enough wrapper context to preserve product and vintage cues.",blocked_until_private_readable_crop_ocr_correction_and_manual_verification,source_link_only_until_rights_review_clears_reuse,rights_review_needed,cwa_surface_2dbeb6865b0619;snickers_bar:cwa_surface_2dbeb6865b0619;cwa_capture_round_285ef8c63644:ingredient_panel;https://www.candywrapperarchive.com/candy-collector/2002-snickers/#ingredient_panel,,,,1,0,0,0,1,0
162,27,cwa_ingredient_priority_ea7855a23d27,snickers_bar,Snickers Bar,dense_lineage_first,1939-2002,6,2002,cwa_capture_round_285ef8c63644,cwa_surface_613bc14d10a5a3,www.candywrapperarchive.com,https://www.candywrapperarchive.com/candy-collector/2002-snickers/,2002 Snickers - Nutrition panel,collector_archive_page,nutrition_panel,Nutrition panel,2,primary_nutrition_panel_photo,primary_ingredient_or_nutrition_photo,high,panel_capture_needed,nutrition_panel,private_crop_needed,private_crop_path_needed,private_nutrition_panel_crop_path,private_nutrition_panel_crop,Crop the nutrition panel and serving-size text if visible.,Capture the nutrition facts and serving-size area after the ingredient panel or when ingredients are absent.,blocked_until_private_readable_crop_ocr_correction_and_manual_verification,source_link_only_until_rights_review_clears_reuse,rights_review_needed,cwa_surface_613bc14d10a5a3;snickers_bar:cwa_surface_613bc14d10a5a3;cwa_capture_round_285ef8c63644:nutrition_panel;https://www.candywrapperarchive.com/candy-collector/2002-snickers/#nutrition_panel,,,,1,0,0,0,1,0
163,28,cwa_ingredient_priority_e8c2cefb0163,snickers_bar,Snickers Bar,dense_lineage_first,1939-2002,6,2002,cwa_capture_round_285ef8c63644,cwa_surface_0e9c22e3513a65,www.candywrapperarchive.com,https://www.candywrapperarchive.com/candy-collector/2002-snickers/,2002 Snickers - Wrapper back or side text,collector_archive_page,wrapper_back_or_side,Wrapper back or side text,3,supporting_label_text_photo,supporting_label_text_photo,medium,readable_panel_photo_needed,package_back_side_text,private_crop_needed,private_crop_path_needed,private_wrapper_back_or_side_crop_path,private_back_or_side_text_crop,"Crop readable wrapper back/side text, prioritizing ingredients, nutrition, net weight, maker, or date cues.",Capture readable back/side wrapper text only after checking for ingredient and nutrition panels.,blocked_until_private_readable_crop_ocr_correction_and_manual_verification,source_link_only_until_rights_review_clears_reuse,rights_review_needed,cwa_surface_0e9c22e3513a65;snickers_bar:cwa_surface_0e9c22e3513a65;cwa_capture_round_285ef8c63644:wrapper_back_or_side;https://www.candywrapperarchive.com/candy-collector/2002-snickers/#wrapper_back_or_side,,,,0,1,0,0,1,0
164,29,cwa_ingredient_priority_5c46c3bd077d,snickers_bar,Snickers Bar,dense_lineage_first,1939-2002,6,2002,cwa_capture_round_285ef8c63644,cwa_surface_b40cbee5e72ca6,www.candywrapperarchive.com,https://www.candywrapperarchive.com/candy-collector/2002-snickers/,2002 Snickers - Net weight,collector_archive_page,net_weight,Net weight,4,supporting_label_text_photo,supporting_label_text_photo,medium,readable_panel_photo_needed,net_weight,private_crop_needed,private_crop_path_needed,private_net_weight_crop_path,private_net_weight_crop,Crop net weight and package-size text.,Capture net weight as package-size evidence for later normalization.,blocked_until_private_readable_crop_ocr_correction_and_manual_verification,source_link_only_until_rights_review_clears_reuse,rights_review_needed,cwa_surface_b40cbee5e72ca6;snickers_bar:cwa_surface_b40cbee5e72ca6;cwa_capture_round_285ef8c63644:net_weight;https://www.candywrapperarchive.com/candy-collector/2002-snickers/#net_weight,,,,0,1,0,0,1,0
165,30,cwa_ingredient_priority_5cd53ef4a8c0,snickers_bar,Snickers Bar,dense_lineage_first,1939-2002,6,2002,cwa_capture_round_285ef8c63644,cwa_surface_933811479ce0cf,www.candywrapperarchive.com,https://www.candywrapperarchive.com/candy-collector/2002-snickers/,2002 Snickers - Maker or date cue,collector_archive_page,maker_or_date,Maker or date cue,5,supporting_label_text_photo,supporting_label_text_photo,medium,readable_panel_photo_needed,maker_distributor_or_date_cue,private_crop_needed,private_crop_path_needed,private_maker_or_date_crop_path,private_maker_or_date_crop,"Crop maker/distributor, copyright, lot, or date cue text.","Capture maker, distributor, copyright, lot, or date cues for identity and timeline confidence.",blocked_until_private_readable_crop_ocr_correction_and_manual_verification,source_link_only_until_rights_review_clears_reuse,rights_review_needed,cwa_surface_933811479ce0cf;snickers_bar:cwa_surface_933811479ce0cf;cwa_capture_round_285ef8c63644:maker_or_date;https://www.candywrapperarchive.com/candy-collector/2002-snickers/#maker_or_date,,,,0,1,0,0,1,0
166,1,cwa_ingredient_priority_8c5613b99563,mms_milk_chocolate,M&M's Milk Chocolate Candies,multi_era_lineage,1970s-1998,1,1970s,cwa_capture_round_aa2b495293ec,cwa_surface_8dc0fb5d539b02,www.candywrapperarchive.com,https://www.candywrapperarchive.com/candy-collector/1970s-mms/,1970s M&Ms - Ingredient panel,collector_archive_page,ingredient_panel,Ingredient panel,1,primary_ingredient_panel_photo,primary_ingredient_or_nutrition_photo,high,panel_capture_needed,ingredient_panel,private_crop_needed,private_crop_path_needed,private_ingredient_panel_crop_path,private_ingredient_panel_crop,Crop the ingredient statement with enough package context to preserve product/date cues.,"Capture the ingredient statement first, with enough wrapper context to preserve product and vintage cues.",blocked_until_private_readable_crop_ocr_correction_and_manual_verification,source_link_only_until_rights_review_clears_reuse,rights_review_needed,cwa_surface_8dc0fb5d539b02;mms_milk_chocolate:cwa_surface_8dc0fb5d539b02;cwa_capture_round_aa2b495293ec:ingredient_panel;https://www.candywrapperarchive.com/candy-collector/1970s-mms/#ingredient_panel,,,,1,0,0,0,1,0
167,2,cwa_ingredient_priority_d5fbdae81fc4,mms_milk_chocolate,M&M's Milk Chocolate Candies,multi_era_lineage,1970s-1998,1,1970s,cwa_capture_round_aa2b495293ec,cwa_surface_62bfa9b9b015d9,www.candywrapperarchive.com,https://www.candywrapperarchive.com/candy-collector/1970s-mms/,1970s M&Ms - Nutrition panel,collector_archive_page,nutrition_panel,Nutrition panel,2,primary_nutrition_panel_photo,primary_ingredient_or_nutrition_photo,high,panel_capture_needed,nutrition_panel,private_crop_needed,private_crop_path_needed,private_nutrition_panel_crop_path,private_nutrition_panel_crop,Crop the nutrition panel and serving-size text if visible.,Capture the nutrition facts and serving-size area after the ingredient panel or when ingredients are absent.,blocked_until_private_readable_crop_ocr_correction_and_manual_verification,source_link_only_until_rights_review_clears_reuse,rights_review_needed,cwa_surface_62bfa9b9b015d9;mms_milk_chocolate:cwa_surface_62bfa9b9b015d9;cwa_capture_round_aa2b495293ec:nutrition_panel;https://www.candywrapperarchive.com/candy-collector/1970s-mms/#nutrition_panel,,,,1,0,0,0,1,0
168,3,cwa_ingredient_priority_d5c14607deb2,mms_milk_chocolate,M&M's Milk Chocolate Candies,multi_era_lineage,1970s-1998,1,1970s,cwa_capture_round_aa2b495293ec,cwa_surface_a1b2a3e2c92e42,www.candywrapperarchive.com,https://www.candywrapperarchive.com/candy-collector/1970s-mms/,1970s M&Ms - Wrapper back or side text,collector_archive_page,wrapper_back_or_side,Wrapper back or side text,3,supporting_label_text_photo,supporting_label_text_photo,medium,readable_panel_photo_needed,package_back_side_text,private_crop_needed,private_crop_path_needed,private_wrapper_back_or_side_crop_path,private_back_or_side_text_crop,"Crop readable wrapper back/side text, prioritizing ingredients, nutrition, net weight, maker, or date cues.",Capture readable back/side wrapper text only after checking for ingredient and nutrition panels.,blocked_until_private_readable_crop_ocr_correction_and_manual_verification,source_link_only_until_rights_review_clears_reuse,rights_review_needed,cwa_surface_a1b2a3e2c92e42;mms_milk_chocolate:cwa_surface_a1b2a3e2c92e42;cwa_capture_round_aa2b495293ec:wrapper_back_or_side;https://www.candywrapperarchive.com/candy-collector/1970s-mms/#wrapper_back_or_side,,,,0,1,0,0,1,0
169,4,cwa_ingredient_priority_4f50f10f2b5e,mms_milk_chocolate,M&M's Milk Chocolate Candies,multi_era_lineage,1970s-1998,1,1970s,cwa_capture_round_aa2b495293ec,cwa_surface_f4f7f01caffd86,www.candywrapperarchive.com,https://www.candywrapperarchive.com/candy-collector/1970s-mms/,1970s M&Ms - Net weight,collector_archive_page,net_weight,Net weight,4,supporting_label_text_photo,supporting_label_text_photo,medium,readable_panel_photo_needed,net_weight,private_crop_needed,private_crop_path_needed,private_net_weight_crop_path,private_net_weight_crop,Crop net weight and package-size text.,Capture net weight as package-size evidence for later normalization.,blocked_until_private_readable_crop_ocr_correction_and_manual_verification,source_link_only_until_rights_review_clears_reuse,rights_review_needed,cwa_surface_f4f7f01caffd86;mms_milk_chocolate:cwa_surface_f4f7f01caffd86;cwa_capture_round_aa2b495293ec:net_weight;https://www.candywrapperarchive.com/candy-collector/1970s-mms/#net_weight,,,,0,1,0,0,1,0
170,5,cwa_ingredient_priority_7621de30deff,mms_milk_chocolate,M&M's Milk Chocolate Candies,multi_era_lineage,1970s-1998,1,1970s,cwa_capture_round_aa2b495293ec,cwa_surface_c55224eaf3dffe,www.candywrapperarchive.com,https://www.candywrapperarchive.com/candy-collector/1970s-mms/,1970s M&Ms - Maker or date cue,collector_archive_page,maker_or_date,Maker or date cue,5,supporting_label_text_photo,supporting_label_text_photo,medium,readable_panel_photo_needed,maker_distributor_or_date_cue,private_crop_needed,private_crop_path_needed,private_maker_or_date_crop_path,private_maker_or_date_crop,"Crop maker/distributor, copyright, lot, or date cue text.","Capture maker, distributor, copyright, lot, or date cues for identity and timeline confidence.",blocked_until_private_readable_crop_ocr_correction_and_manual_verification,source_link_only_until_rights_review_clears_reuse,rights_review_needed,cwa_surface_c55224eaf3dffe;mms_milk_chocolate:cwa_surface_c55224eaf3dffe;cwa_capture_round_aa2b495293ec:maker_or_date;https://www.candywrapperarchive.com/candy-collector/1970s-mms/#maker_or_date,,,,0,1,0,0,1,0
171,6,cwa_ingredient_priority_737a6f6d1d20,mms_milk_chocolate,M&M's Milk Chocolate Candies,multi_era_lineage,1970s-1998,2,1997,cwa_capture_round_348bdfa9cb4c,cwa_surface_99c51d14dc8f89,www.candywrapperarchive.com,https://www.candywrapperarchive.com/candy-collector/1997-mm/,1997 M&M - Ingredient panel,collector_archive_page,ingredient_panel,Ingredient panel,1,primary_ingredient_panel_photo,primary_ingredient_or_nutrition_photo,high,panel_capture_needed,ingredient_panel,private_crop_needed,private_crop_path_needed,private_ingredient_panel_crop_path,private_ingredient_panel_crop,Crop the ingredient statement with enough package context to preserve product/date cues.,"Capture the ingredient statement first, with enough wrapper context to preserve product and vintage cues.",blocked_until_private_readable_crop_ocr_correction_and_manual_verification,source_link_only_until_rights_review_clears_reuse,rights_review_needed,cwa_surface_99c51d14dc8f89;mms_milk_chocolate:cwa_surface_99c51d14dc8f89;cwa_capture_round_348bdfa9cb4c:ingredient_panel;https://www.candywrapperarchive.com/candy-collector/1997-mm/#ingredient_panel,,,,1,0,0,0,1,0
172,7,cwa_ingredient_priority_60fe432db418,mms_milk_chocolate,M&M's Milk Chocolate Candies,multi_era_lineage,1970s-1998,2,1997,cwa_capture_round_348bdfa9cb4c,cwa_surface_b85fe5b69365d6,www.candywrapperarchive.com,https://www.candywrapperarchive.com/candy-collector/1997-mm/,1997 M&M - Nutrition panel,collector_archive_page,nutrition_panel,Nutrition panel,2,primary_nutrition_panel_photo,primary_ingredient_or_nutrition_photo,high,panel_capture_needed,nutrition_panel,private_crop_needed,private_crop_path_needed,private_nutrition_panel_crop_path,private_nutrition_panel_crop,Crop the nutrition panel and serving-size text if visible.,Capture the nutrition facts and serving-size area after the ingredient panel or when ingredients are absent.,blocked_until_private_readable_crop_ocr_correction_and_manual_verification,source_link_only_until_rights_review_clears_reuse,rights_review_needed,cwa_surface_b85fe5b69365d6;mms_milk_chocolate:cwa_surface_b85fe5b69365d6;cwa_capture_round_348bdfa9cb4c:nutrition_panel;https://www.candywrapperarchive.com/candy-collector/1997-mm/#nutrition_panel,,,,1,0,0,0,1,0
173,8,cwa_ingredient_priority_6db15ab1b72c,mms_milk_chocolate,M&M's Milk Chocolate Candies,multi_era_lineage,1970s-1998,2,1997,cwa_capture_round_348bdfa9cb4c,cwa_surface_26b9ad647ef323,www.candywrapperarchive.com,https://www.candywrapperarchive.com/candy-collector/1997-mm/,1997 M&M - Wrapper back or side text,collector_archive_page,wrapper_back_or_side,Wrapper back or side text,3,supporting_label_text_photo,supporting_label_text_photo,medium,readable_panel_photo_needed,package_back_side_text,private_crop_needed,private_crop_path_needed,private_wrapper_back_or_side_crop_path,private_back_or_side_text_crop,"Crop readable wrapper back/side text, prioritizing ingredients, nutrition, net weight, maker, or date cues.",Capture readable back/side wrapper text only after checking for ingredient and nutrition panels.,blocked_until_private_readable_crop_ocr_correction_and_manual_verification,source_link_only_until_rights_review_clears_reuse,rights_review_needed,cwa_surface_26b9ad647ef323;mms_milk_chocolate:cwa_surface_26b9ad647ef323;cwa_capture_round_348bdfa9cb4c:wrapper_back_or_side;https://www.candywrapperarchive.com/candy-collector/1997-mm/#wrapper_back_or_side,,,,0,1,0,0,1,0
174,9,cwa_ingredient_priority_ef1333596c5b,mms_milk_chocolate,M&M's Milk Chocolate Candies,multi_era_lineage,1970s-1998,2,1997,cwa_capture_round_348bdfa9cb4c,cwa_surface_a8ebd760ac4a2f,www.candywrapperarchive.com,https://www.candywrapperarchive.com/candy-collector/1997-mm/,1997 M&M - Net weight,collector_archive_page,net_weight,Net weight,4,supporting_label_text_photo,supporting_label_text_photo,medium,readable_panel_photo_needed,net_weight,private_crop_needed,private_crop_path_needed,private_net_weight_crop_path,private_net_weight_crop,Crop net weight and package-size text.,Capture net weight as package-size evidence for later normalization.,blocked_until_private_readable_crop_ocr_correction_and_manual_verification,source_link_only_until_rights_review_clears_reuse,rights_review_needed,cwa_surface_a8ebd760ac4a2f;mms_milk_chocolate:cwa_surface_a8ebd760ac4a2f;cwa_capture_round_348bdfa9cb4c:net_weight;https://www.candywrapperarchive.com/candy-collector/1997-mm/#net_weight,,,,0,1,0,0,1,0
175,10,cwa_ingredient_priority_e5bd18ef8e53,mms_milk_chocolate,M&M's Milk Chocolate Candies,multi_era_lineage,1970s-1998,2,1997,cwa_capture_round_348bdfa9cb4c,cwa_surface_2c179e3fec3e7a,www.candywrapperarchive.com,https://www.candywrapperarchive.com/candy-collector/1997-mm/,1997 M&M - Maker or date cue,collector_archive_page,maker_or_date,Maker or date cue,5,supporting_label_text_photo,supporting_label_text_photo,medium,readable_panel_photo_needed,maker_distributor_or_date_cue,private_crop_needed,private_crop_path_needed,private_maker_or_date_crop_path,private_maker_or_date_crop,"Crop maker/distributor, copyright, lot, or date cue text.","Capture maker, distributor, copyright, lot, or date cues for identity and timeline confidence.",blocked_until_private_readable_crop_ocr_correction_and_manual_verification,source_link_only_until_rights_review_clears_reuse,rights_review_needed,cwa_surface_2c179e3fec3e7a;mms_milk_chocolate:cwa_surface_2c179e3fec3e7a;cwa_capture_round_348bdfa9cb4c:maker_or_date;https://www.candywrapperarchive.com/candy-collector/1997-mm/#maker_or_date,,,,0,1,0,0,1,0
176,11,cwa_ingredient_priority_501c636cbeea,mms_milk_chocolate,M&M's Milk Chocolate Candies,multi_era_lineage,1970s-1998,3,1997,cwa_capture_round_fe755a01a3e0,cwa_surface_95418c2d5cbfcb,www.candywrapperarchive.com,https://www.candywrapperarchive.com/candy-collector/1997-mm-2/,1997 M&M - Ingredient panel,collector_archive_page,ingredient_panel,Ingredient panel,1,primary_ingredient_panel_photo,primary_ingredient_or_nutrition_photo,high,panel_capture_needed,ingredient_panel,private_crop_needed,private_crop_path_needed,private_ingredient_panel_crop_path,private_ingredient_panel_crop,Crop the ingredient statement with enough package context to preserve product/date cues.,"Capture the ingredient statement first, with enough wrapper context to preserve product and vintage cues.",blocked_until_private_readable_crop_ocr_correction_and_manual_verification,source_link_only_until_rights_review_clears_reuse,rights_review_needed,cwa_surface_95418c2d5cbfcb;mms_milk_chocolate:cwa_surface_95418c2d5cbfcb;cwa_capture_round_fe755a01a3e0:ingredient_panel;https://www.candywrapperarchive.com/candy-collector/1997-mm-2/#ingredient_panel,,,,1,0,0,0,1,0
177,12,cwa_ingredient_priority_6db55ca7095b,mms_milk_chocolate,M&M's Milk Chocolate Candies,multi_era_lineage,1970s-1998,3,1997,cwa_capture_round_fe755a01a3e0,cwa_surface_c879eeaf5fa25b,www.candywrapperarchive.com,https://www.candywrapperarchive.com/candy-collector/1997-mm-2/,1997 M&M - Nutrition panel,collector_archive_page,nutrition_panel,Nutrition panel,2,primary_nutrition_panel_photo,primary_ingredient_or_nutrition_photo,high,panel_capture_needed,nutrition_panel,private_crop_needed,private_crop_path_needed,private_nutrition_panel_crop_path,private_nutrition_panel_crop,Crop the nutrition panel and serving-size text if visible.,Capture the nutrition facts and serving-size area after the ingredient panel or when ingredients are absent.,blocked_until_private_readable_crop_ocr_correction_and_manual_verification,source_link_only_until_rights_review_clears_reuse,rights_review_needed,cwa_surface_c879eeaf5fa25b;mms_milk_chocolate:cwa_surface_c879eeaf5fa25b;cwa_capture_round_fe755a01a3e0:nutrition_panel;https://www.candywrapperarchive.com/candy-collector/1997-mm-2/#nutrition_panel,,,,1,0,0,0,1,0
178,13,cwa_ingredient_priority_a203fd441fd5,mms_milk_chocolate,M&M's Milk Chocolate Candies,multi_era_lineage,1970s-1998,3,1997,cwa_capture_round_fe755a01a3e0,cwa_surface_930f70821f7eea,www.candywrapperarchive.com,https://www.candywrapperarchive.com/candy-collector/1997-mm-2/,1997 M&M - Wrapper back or side text,collector_archive_page,wrapper_back_or_side,Wrapper back or side text,3,supporting_label_text_photo,supporting_label_text_photo,medium,readable_panel_photo_needed,package_back_side_text,private_crop_needed,private_crop_path_needed,private_wrapper_back_or_side_crop_path,private_back_or_side_text_crop,"Crop readable wrapper back/side text, prioritizing ingredients, nutrition, net weight, maker, or date cues.",Capture readable back/side wrapper text only after checking for ingredient and nutrition panels.,blocked_until_private_readable_crop_ocr_correction_and_manual_verification,source_link_only_until_rights_review_clears_reuse,rights_review_needed,cwa_surface_930f70821f7eea;mms_milk_chocolate:cwa_surface_930f70821f7eea;cwa_capture_round_fe755a01a3e0:wrapper_back_or_side;https://www.candywrapperarchive.com/candy-collector/1997-mm-2/#wrapper_back_or_side,,,,0,1,0,0,1,0
179,14,cwa_ingredient_priority_8bf39f8e2b64,mms_milk_chocolate,M&M's Milk Chocolate Candies,multi_era_lineage,1970s-1998,3,1997,cwa_capture_round_fe755a01a3e0,cwa_surface_e62dc30c513726,www.candywrapperarchive.com,https://www.candywrapperarchive.com/candy-collector/1997-mm-2/,1997 M&M - Net weight,collector_archive_page,net_weight,Net weight,4,supporting_label_text_photo,supporting_label_text_photo,medium,readable_panel_photo_needed,net_weight,private_crop_needed,private_crop_path_needed,private_net_weight_crop_path,private_net_weight_crop,Crop net weight and package-size text.,Capture net weight as package-size evidence for later normalization.,blocked_until_private_readable_crop_ocr_correction_and_manual_verification,source_link_only_until_rights_review_clears_reuse,rights_review_needed,cwa_surface_e62dc30c513726;mms_milk_chocolate:cwa_surface_e62dc30c513726;cwa_capture_round_fe755a01a3e0:net_weight;https://www.candywrapperarchive.com/candy-collector/1997-mm-2/#net_weight,,,,0,1,0,0,1,0
180,15,cwa_ingredient_priority_f97a8d067e50,mms_milk_chocolate,M&M's Milk Chocolate Candies,multi_era_lineage,1970s-1998,3,1997,cwa_capture_round_fe755a01a3e0,cwa_surface_c6724e841ef848,www.candywrapperarchive.com,https://www.candywrapperarchive.com/candy-collector/1997-mm-2/,1997 M&M - Maker or date cue,collector_archive_page,maker_or_date,Maker or date cue,5,supporting_label_text_photo,supporting_label_text_photo,medium,readable_panel_photo_needed,maker_distributor_or_date_cue,private_crop_needed,private_crop_path_needed,private_maker_or_date_crop_path,private_maker_or_date_crop,"Crop maker/distributor, copyright, lot, or date cue text.","Capture maker, distributor, copyright, lot, or date cues for identity and timeline confidence.",blocked_until_private_readable_crop_ocr_correction_and_manual_verification,source_link_only_until_rights_review_clears_reuse,rights_review_needed,cwa_surface_c6724e841ef848;mms_milk_chocolate:cwa_surface_c6724e841ef848;cwa_capture_round_fe755a01a3e0:maker_or_date;https://www.candywrapperarchive.com/candy-collector/1997-mm-2/#maker_or_date,,,,0,1,0,0,1,0
181,16,cwa_ingredient_priority_be3d5b433cf5,mms_milk_chocolate,M&M's Milk Chocolate Candies,multi_era_lineage,1970s-1998,4,1998,cwa_capture_round_340f34a25f9d,cwa_surface_568648b4da5d7c,www.candywrapperarchive.com,https://www.candywrapperarchive.com/candy-collector/1998-mm-2/,1998 M&M - Ingredient panel,collector_archive_page,ingredient_panel,Ingredient panel,1,primary_ingredient_panel_photo,primary_ingredient_or_nutrition_photo,high,panel_capture_needed,ingredient_panel,private_crop_needed,private_crop_path_needed,private_ingredient_panel_crop_path,private_ingredient_panel_crop,Crop the ingredient statement with enough package context to preserve product/date cues.,"Capture the ingredient statement first, with enough wrapper context to preserve product and vintage cues.",blocked_until_private_readable_crop_ocr_correction_and_manual_verification,source_link_only_until_rights_review_clears_reuse,rights_review_needed,cwa_surface_568648b4da5d7c;mms_milk_chocolate:cwa_surface_568648b4da5d7c;cwa_capture_round_340f34a25f9d:ingredient_panel;https://www.candywrapperarchive.com/candy-collector/1998-mm-2/#ingredient_panel,,,,1,0,0,0,1,0
182,17,cwa_ingredient_priority_7cfcae6f1aa3,mms_milk_chocolate,M&M's Milk Chocolate Candies,multi_era_lineage,1970s-1998,4,1998,cwa_capture_round_340f34a25f9d,cwa_surface_6c578dd8b244f1,www.candywrapperarchive.com,https://www.candywrapperarchive.com/candy-collector/1998-mm-2/,1998 M&M - Nutrition panel,collector_archive_page,nutrition_panel,Nutrition panel,2,primary_nutrition_panel_photo,primary_ingredient_or_nutrition_photo,high,panel_capture_needed,nutrition_panel,private_crop_needed,private_crop_path_needed,private_nutrition_panel_crop_path,private_nutrition_panel_crop,Crop the nutrition panel and serving-size text if visible.,Capture the nutrition facts and serving-size area after the ingredient panel or when ingredients are absent.,blocked_until_private_readable_crop_ocr_correction_and_manual_verification,source_link_only_until_rights_review_clears_reuse,rights_review_needed,cwa_surface_6c578dd8b244f1;mms_milk_chocolate:cwa_surface_6c578dd8b244f1;cwa_capture_round_340f34a25f9d:nutrition_panel;https://www.candywrapperarchive.com/candy-collector/1998-mm-2/#nutrition_panel,,,,1,0,0,0,1,0
183,18,cwa_ingredient_priority_f86fd54ee3b7,mms_milk_chocolate,M&M's Milk Chocolate Candies,multi_era_lineage,1970s-1998,4,1998,cwa_capture_round_340f34a25f9d,cwa_surface_fa28792de5e367,www.candywrapperarchive.com,https://www.candywrapperarchive.com/candy-collector/1998-mm-2/,1998 M&M - Wrapper back or side text,collector_archive_page,wrapper_back_or_side,Wrapper back or side text,3,supporting_label_text_photo,supporting_label_text_photo,medium,readable_panel_photo_needed,package_back_side_text,private_crop_needed,private_crop_path_needed,private_wrapper_back_or_side_crop_path,private_back_or_side_text_crop,"Crop readable wrapper back/side text, prioritizing ingredients, nutrition, net weight, maker, or date cues.",Capture readable back/side wrapper text only after checking for ingredient and nutrition panels.,blocked_until_private_readable_crop_ocr_correction_and_manual_verification,source_link_only_until_rights_review_clears_reuse,rights_review_needed,cwa_surface_fa28792de5e367;mms_milk_chocolate:cwa_surface_fa28792de5e367;cwa_capture_round_340f34a25f9d:wrapper_back_or_side;https://www.candywrapperarchive.com/candy-collector/1998-mm-2/#wrapper_back_or_side,,,,0,1,0,0,1,0
184,19,cwa_ingredient_priority_4b94cef6ddab,mms_milk_chocolate,M&M's Milk Chocolate Candies,multi_era_lineage,1970s-1998,4,1998,cwa_capture_round_340f34a25f9d,cwa_surface_f66edea2ad6a49,www.candywrapperarchive.com,https://www.candywrapperarchive.com/candy-collector/1998-mm-2/,1998 M&M - Net weight,collector_archive_page,net_weight,Net weight,4,supporting_label_text_photo,supporting_label_text_photo,medium,readable_panel_photo_needed,net_weight,private_crop_needed,private_crop_path_needed,private_net_weight_crop_path,private_net_weight_crop,Crop net weight and package-size text.,Capture net weight as package-size evidence for later normalization.,blocked_until_private_readable_crop_ocr_correction_and_manual_verification,source_link_only_until_rights_review_clears_reuse,rights_review_needed,cwa_surface_f66edea2ad6a49;mms_milk_chocolate:cwa_surface_f66edea2ad6a49;cwa_capture_round_340f34a25f9d:net_weight;https://www.candywrapperarchive.com/candy-collector/1998-mm-2/#net_weight,,,,0,1,0,0,1,0
185,20,cwa_ingredient_priority_ce32b73263a8,mms_milk_chocolate,M&M's Milk Chocolate Candies,multi_era_lineage,1970s-1998,4,1998,cwa_capture_round_340f34a25f9d,cwa_surface_698b688b1d43a8,www.candywrapperarchive.com,https://www.candywrapperarchive.com/candy-collector/1998-mm-2/,1998 M&M - Maker or date cue,collector_archive_page,maker_or_date,Maker or date cue,5,supporting_label_text_photo,supporting_label_text_photo,medium,readable_panel_photo_needed,maker_distributor_or_date_cue,private_crop_needed,private_crop_path_needed,private_maker_or_date_crop_path,private_maker_or_date_crop,"Crop maker/distributor, copyright, lot, or date cue text.","Capture maker, distributor, copyright, lot, or date cues for identity and timeline confidence.",blocked_until_private_readable_crop_ocr_correction_and_manual_verification,source_link_only_until_rights_review_clears_reuse,rights_review_needed,cwa_surface_698b688b1d43a8;mms_milk_chocolate:cwa_surface_698b688b1d43a8;cwa_capture_round_340f34a25f9d:maker_or_date;https://www.candywrapperarchive.com/candy-collector/1998-mm-2/#maker_or_date,,,,0,1,0,0,1,0
186,21,cwa_ingredient_priority_3aafa14068ec,mms_milk_chocolate,M&M's Milk Chocolate Candies,multi_era_lineage,1970s-1998,5,1998,cwa_capture_round_f95397fbf1e3,cwa_surface_d5471e5d5c6dad,www.candywrapperarchive.com,https://www.candywrapperarchive.com/candy-collector/1998-mm/,1998 M&M - Ingredient panel,collector_archive_page,ingredient_panel,Ingredient panel,1,primary_ingredient_panel_photo,primary_ingredient_or_nutrition_photo,high,panel_capture_needed,ingredient_panel,private_crop_needed,private_crop_path_needed,private_ingredient_panel_crop_path,private_ingredient_panel_crop,Crop the ingredient statement with enough package context to preserve product/date cues.,"Capture the ingredient statement first, with enough wrapper context to preserve product and vintage cues.",blocked_until_private_readable_crop_ocr_correction_and_manual_verification,source_link_only_until_rights_review_clears_reuse,rights_review_needed,cwa_surface_d5471e5d5c6dad;mms_milk_chocolate:cwa_surface_d5471e5d5c6dad;cwa_capture_round_f95397fbf1e3:ingredient_panel;https://www.candywrapperarchive.com/candy-collector/1998-mm/#ingredient_panel,,,,1,0,0,0,1,0
187,22,cwa_ingredient_priority_25e7e2bb4d46,mms_milk_chocolate,M&M's Milk Chocolate Candies,multi_era_lineage,1970s-1998,5,1998,cwa_capture_round_f95397fbf1e3,cwa_surface_7db09efff9edaa,www.candywrapperarchive.com,https://www.candywrapperarchive.com/candy-collector/1998-mm/,1998 M&M - Nutrition panel,collector_archive_page,nutrition_panel,Nutrition panel,2,primary_nutrition_panel_photo,primary_ingredient_or_nutrition_photo,high,panel_capture_needed,nutrition_panel,private_crop_needed,private_crop_path_needed,private_nutrition_panel_crop_path,private_nutrition_panel_crop,Crop the nutrition panel and serving-size text if visible.,Capture the nutrition facts and serving-size area after the ingredient panel or when ingredients are absent.,blocked_until_private_readable_crop_ocr_correction_and_manual_verification,source_link_only_until_rights_review_clears_reuse,rights_review_needed,cwa_surface_7db09efff9edaa;mms_milk_chocolate:cwa_surface_7db09efff9edaa;cwa_capture_round_f95397fbf1e3:nutrition_panel;https://www.candywrapperarchive.com/candy-collector/1998-mm/#nutrition_panel,,,,1,0,0,0,1,0
188,23,cwa_ingredient_priority_a265910ff54f,mms_milk_chocolate,M&M's Milk Chocolate Candies,multi_era_lineage,1970s-1998,5,1998,cwa_capture_round_f95397fbf1e3,cwa_surface_5058b493b5c41e,www.candywrapperarchive.com,https://www.candywrapperarchive.com/candy-collector/1998-mm/,1998 M&M - Wrapper back or side text,collector_archive_page,wrapper_back_or_side,Wrapper back or side text,3,supporting_label_text_photo,supporting_label_text_photo,medium,readable_panel_photo_needed,package_back_side_text,private_crop_needed,private_crop_path_needed,private_wrapper_back_or_side_crop_path,private_back_or_side_text_crop,"Crop readable wrapper back/side text, prioritizing ingredients, nutrition, net weight, maker, or date cues.",Capture readable back/side wrapper text only after checking for ingredient and nutrition panels.,blocked_until_private_readable_crop_ocr_correction_and_manual_verification,source_link_only_until_rights_review_clears_reuse,rights_review_needed,cwa_surface_5058b493b5c41e;mms_milk_chocolate:cwa_surface_5058b493b5c41e;cwa_capture_round_f95397fbf1e3:wrapper_back_or_side;https://www.candywrapperarchive.com/candy-collector/1998-mm/#wrapper_back_or_side,,,,0,1,0,0,1,0
189,24,cwa_ingredient_priority_d6577518b913,mms_milk_chocolate,M&M's Milk Chocolate Candies,multi_era_lineage,1970s-1998,5,1998,cwa_capture_round_f95397fbf1e3,cwa_surface_99ba5d8cc4996e,www.candywrapperarchive.com,https://www.candywrapperarchive.com/candy-collector/1998-mm/,1998 M&M - Net weight,collector_archive_page,net_weight,Net weight,4,supporting_label_text_photo,supporting_label_text_photo,medium,readable_panel_photo_needed,net_weight,private_crop_needed,private_crop_path_needed,private_net_weight_crop_path,private_net_weight_crop,Crop net weight and package-size text.,Capture net weight as package-size evidence for later normalization.,blocked_until_private_readable_crop_ocr_correction_and_manual_verification,source_link_only_until_rights_review_clears_reuse,rights_review_needed,cwa_surface_99ba5d8cc4996e;mms_milk_chocolate:cwa_surface_99ba5d8cc4996e;cwa_capture_round_f95397fbf1e3:net_weight;https://www.candywrapperarchive.com/candy-collector/1998-mm/#net_weight,,,,0,1,0,0,1,0
190,25,cwa_ingredient_priority_1fcea7bede7a,mms_milk_chocolate,M&M's Milk Chocolate Candies,multi_era_lineage,1970s-1998,5,1998,cwa_capture_round_f95397fbf1e3,cwa_surface_795133b9e322a3,www.candywrapperarchive.com,https://www.candywrapperarchive.com/candy-collector/1998-mm/,1998 M&M - Maker or date cue,collector_archive_page,maker_or_date,Maker or date cue,5,supporting_label_text_photo,supporting_label_text_photo,medium,readable_panel_photo_needed,maker_distributor_or_date_cue,private_crop_needed,private_crop_path_needed,private_maker_or_date_crop_path,private_maker_or_date_crop,"Crop maker/distributor, copyright, lot, or date cue text.","Capture maker, distributor, copyright, lot, or date cues for identity and timeline confidence.",blocked_until_private_readable_crop_ocr_correction_and_manual_verification,source_link_only_until_rights_review_clears_reuse,rights_review_needed,cwa_surface_795133b9e322a3;mms_milk_chocolate:cwa_surface_795133b9e322a3;cwa_capture_round_f95397fbf1e3:maker_or_date;https://www.candywrapperarchive.com/candy-collector/1998-mm/#maker_or_date,,,,0,1,0,0,1,0
191,1,cwa_ingredient_priority_6af3102e020d,twix_bar,Twix Bar,multi_era_lineage,2002-2009,1,2002,cwa_capture_round_69620a04a690,cwa_surface_b6e5c38cc2e1bf,www.candywrapperarchive.com,https://www.candywrapperarchive.com/candy-collector/2002-twix/,2002 Twix - Ingredient panel,collector_archive_page,ingredient_panel,Ingredient panel,1,primary_ingredient_panel_photo,primary_ingredient_or_nutrition_photo,high,panel_capture_needed,ingredient_panel,private_crop_needed,private_crop_path_needed,private_ingredient_panel_crop_path,private_ingredient_panel_crop,Crop the ingredient statement with enough package context to preserve product/date cues.,"Capture the ingredient statement first, with enough wrapper context to preserve product and vintage cues.",blocked_until_private_readable_crop_ocr_correction_and_manual_verification,source_link_only_until_rights_review_clears_reuse,rights_review_needed,cwa_surface_b6e5c38cc2e1bf;twix_bar:cwa_surface_b6e5c38cc2e1bf;cwa_capture_round_69620a04a690:ingredient_panel;https://www.candywrapperarchive.com/candy-collector/2002-twix/#ingredient_panel,,,,1,0,0,0,1,0
192,2,cwa_ingredient_priority_64c2dc132b32,twix_bar,Twix Bar,multi_era_lineage,2002-2009,1,2002,cwa_capture_round_69620a04a690,cwa_surface_f324b07b327ad4,www.candywrapperarchive.com,https://www.candywrapperarchive.com/candy-collector/2002-twix/,2002 Twix - Nutrition panel,collector_archive_page,nutrition_panel,Nutrition panel,2,primary_nutrition_panel_photo,primary_ingredient_or_nutrition_photo,high,panel_capture_needed,nutrition_panel,private_crop_needed,private_crop_path_needed,private_nutrition_panel_crop_path,private_nutrition_panel_crop,Crop the nutrition panel and serving-size text if visible.,Capture the nutrition facts and serving-size area after the ingredient panel or when ingredients are absent.,blocked_until_private_readable_crop_ocr_correction_and_manual_verification,source_link_only_until_rights_review_clears_reuse,rights_review_needed,cwa_surface_f324b07b327ad4;twix_bar:cwa_surface_f324b07b327ad4;cwa_capture_round_69620a04a690:nutrition_panel;https://www.candywrapperarchive.com/candy-collector/2002-twix/#nutrition_panel,,,,1,0,0,0,1,0
193,3,cwa_ingredient_priority_a4a0654283b9,twix_bar,Twix Bar,multi_era_lineage,2002-2009,1,2002,cwa_capture_round_69620a04a690,cwa_surface_faa5426400cac4,www.candywrapperarchive.com,https://www.candywrapperarchive.com/candy-collector/2002-twix/,2002 Twix - Wrapper back or side text,collector_archive_page,wrapper_back_or_side,Wrapper back or side text,3,supporting_label_text_photo,supporting_label_text_photo,medium,readable_panel_photo_needed,package_back_side_text,private_crop_needed,private_crop_path_needed,private_wrapper_back_or_side_crop_path,private_back_or_side_text_crop,"Crop readable wrapper back/side text, prioritizing ingredients, nutrition, net weight, maker, or date cues.",Capture readable back/side wrapper text only after checking for ingredient and nutrition panels.,blocked_until_private_readable_crop_ocr_correction_and_manual_verification,source_link_only_until_rights_review_clears_reuse,rights_review_needed,cwa_surface_faa5426400cac4;twix_bar:cwa_surface_faa5426400cac4;cwa_capture_round_69620a04a690:wrapper_back_or_side;https://www.candywrapperarchive.com/candy-collector/2002-twix/#wrapper_back_or_side,,,,0,1,0,0,1,0
194,4,cwa_ingredient_priority_37153af1e2f0,twix_bar,Twix Bar,multi_era_lineage,2002-2009,1,2002,cwa_capture_round_69620a04a690,cwa_surface_71951761ca84db,www.candywrapperarchive.com,https://www.candywrapperarchive.com/candy-collector/2002-twix/,2002 Twix - Net weight,collector_archive_page,net_weight,Net weight,4,supporting_label_text_photo,supporting_label_text_photo,medium,readable_panel_photo_needed,net_weight,private_crop_needed,private_crop_path_needed,private_net_weight_crop_path,private_net_weight_crop,Crop net weight and package-size text.,Capture net weight as package-size evidence for later normalization.,blocked_until_private_readable_crop_ocr_correction_and_manual_verification,source_link_only_until_rights_review_clears_reuse,rights_review_needed,cwa_surface_71951761ca84db;twix_bar:cwa_surface_71951761ca84db;cwa_capture_round_69620a04a690:net_weight;https://www.candywrapperarchive.com/candy-collector/2002-twix/#net_weight,,,,0,1,0,0,1,0
195,5,cwa_ingredient_priority_7366ccbaba42,twix_bar,Twix Bar,multi_era_lineage,2002-2009,1,2002,cwa_capture_round_69620a04a690,cwa_surface_4cba60f56e6055,www.candywrapperarchive.com,https://www.candywrapperarchive.com/candy-collector/2002-twix/,2002 Twix - Maker or date cue,collector_archive_page,maker_or_date,Maker or date cue,5,supporting_label_text_photo,supporting_label_text_photo,medium,readable_panel_photo_needed,maker_distributor_or_date_cue,private_crop_needed,private_crop_path_needed,private_maker_or_date_crop_path,private_maker_or_date_crop,"Crop maker/distributor, copyright, lot, or date cue text.","Capture maker, distributor, copyright, lot, or date cues for identity and timeline confidence.",blocked_until_private_readable_crop_ocr_correction_and_manual_verification,source_link_only_until_rights_review_clears_reuse,rights_review_needed,cwa_surface_4cba60f56e6055;twix_bar:cwa_surface_4cba60f56e6055;cwa_capture_round_69620a04a690:maker_or_date;https://www.candywrapperarchive.com/candy-collector/2002-twix/#maker_or_date,,,,0,1,0,0,1,0
196,6,cwa_ingredient_priority_97b5790f22a4,twix_bar,Twix Bar,multi_era_lineage,2002-2009,2,2003,cwa_capture_round_a6483cf04976,cwa_surface_02060dc6674c5b,www.candywrapperarchive.com,https://www.candywrapperarchive.com/candy-collector/2003-twix/,2003 Twix - Ingredient panel,collector_archive_page,ingredient_panel,Ingredient panel,1,primary_ingredient_panel_photo,primary_ingredient_or_nutrition_photo,high,panel_capture_needed,ingredient_panel,private_crop_needed,private_crop_path_needed,private_ingredient_panel_crop_path,private_ingredient_panel_crop,Crop the ingredient statement with enough package context to preserve product/date cues.,"Capture the ingredient statement first, with enough wrapper context to preserve product and vintage cues.",blocked_until_private_readable_crop_ocr_correction_and_manual_verification,source_link_only_until_rights_review_clears_reuse,rights_review_needed,cwa_surface_02060dc6674c5b;twix_bar:cwa_surface_02060dc6674c5b;cwa_capture_round_a6483cf04976:ingredient_panel;https://www.candywrapperarchive.com/candy-collector/2003-twix/#ingredient_panel,,,,1,0,0,0,1,0
197,7,cwa_ingredient_priority_47220e453fa9,twix_bar,Twix Bar,multi_era_lineage,2002-2009,2,2003,cwa_capture_round_a6483cf04976,cwa_surface_67c99e96069204,www.candywrapperarchive.com,https://www.candywrapperarchive.com/candy-collector/2003-twix/,2003 Twix - Nutrition panel,collector_archive_page,nutrition_panel,Nutrition panel,2,primary_nutrition_panel_photo,primary_ingredient_or_nutrition_photo,high,panel_capture_needed,nutrition_panel,private_crop_needed,private_crop_path_needed,private_nutrition_panel_crop_path,private_nutrition_panel_crop,Crop the nutrition panel and serving-size text if visible.,Capture the nutrition facts and serving-size area after the ingredient panel or when ingredients are absent.,blocked_until_private_readable_crop_ocr_correction_and_manual_verification,source_link_only_until_rights_review_clears_reuse,rights_review_needed,cwa_surface_67c99e96069204;twix_bar:cwa_surface_67c99e96069204;cwa_capture_round_a6483cf04976:nutrition_panel;https://www.candywrapperarchive.com/candy-collector/2003-twix/#nutrition_panel,,,,1,0,0,0,1,0
198,8,cwa_ingredient_priority_45ca19ce0317,twix_bar,Twix Bar,multi_era_lineage,2002-2009,2,2003,cwa_capture_round_a6483cf04976,cwa_surface_15a2bb8f567166,www.candywrapperarchive.com,https://www.candywrapperarchive.com/candy-collector/2003-twix/,2003 Twix - Wrapper back or side text,collector_archive_page,wrapper_back_or_side,Wrapper back or side text,3,supporting_label_text_photo,supporting_label_text_photo,medium,readable_panel_photo_needed,package_back_side_text,private_crop_needed,private_crop_path_needed,private_wrapper_back_or_side_crop_path,private_back_or_side_text_crop,"Crop readable wrapper back/side text, prioritizing ingredients, nutrition, net weight, maker, or date cues.",Capture readable back/side wrapper text only after checking for ingredient and nutrition panels.,blocked_until_private_readable_crop_ocr_correction_and_manual_verification,source_link_only_until_rights_review_clears_reuse,rights_review_needed,cwa_surface_15a2bb8f567166;twix_bar:cwa_surface_15a2bb8f567166;cwa_capture_round_a6483cf04976:wrapper_back_or_side;https://www.candywrapperarchive.com/candy-collector/2003-twix/#wrapper_back_or_side,,,,0,1,0,0,1,0
199,9,cwa_ingredient_priority_1184bad3287c,twix_bar,Twix Bar,multi_era_lineage,2002-2009,2,2003,cwa_capture_round_a6483cf04976,cwa_surface_1e344b8f5f6efa,www.candywrapperarchive.com,https://www.candywrapperarchive.com/candy-collector/2003-twix/,2003 Twix - Net weight,collector_archive_page,net_weight,Net weight,4,supporting_label_text_photo,supporting_label_text_photo,medium,readable_panel_photo_needed,net_weight,private_crop_needed,private_crop_path_needed,private_net_weight_crop_path,private_net_weight_crop,Crop net weight and package-size text.,Capture net weight as package-size evidence for later normalization.,blocked_until_private_readable_crop_ocr_correction_and_manual_verification,source_link_only_until_rights_review_clears_reuse,rights_review_needed,cwa_surface_1e344b8f5f6efa;twix_bar:cwa_surface_1e344b8f5f6efa;cwa_capture_round_a6483cf04976:net_weight;https://www.candywrapperarchive.com/candy-collector/2003-twix/#net_weight,,,,0,1,0,0,1,0
200,10,cwa_ingredient_priority_f9b56e883099,twix_bar,Twix Bar,multi_era_lineage,2002-2009,2,2003,cwa_capture_round_a6483cf04976,cwa_surface_87f2c572a6157e,www.candywrapperarchive.com,https://www.candywrapperarchive.com/candy-collector/2003-twix/,2003 Twix - Maker or date cue,collector_archive_page,maker_or_date,Maker or date cue,5,supporting_label_text_photo,supporting_label_text_photo,medium,readable_panel_photo_needed,maker_distributor_or_date_cue,private_crop_needed,private_crop_path_needed,private_maker_or_date_crop_path,private_maker_or_date_crop,"Crop maker/distributor, copyright, lot, or date cue text.","Capture maker, distributor, copyright, lot, or date cues for identity and timeline confidence.",blocked_until_private_readable_crop_ocr_correction_and_manual_verification,source_link_only_until_rights_review_clears_reuse,rights_review_needed,cwa_surface_87f2c572a6157e;twix_bar:cwa_surface_87f2c572a6157e;cwa_capture_round_a6483cf04976:maker_or_date;https://www.candywrapperarchive.com/candy-collector/2003-twix/#maker_or_date,,,,0,1,0,0,1,0
201,11,cwa_ingredient_priority_3be2eac6ff59,twix_bar,Twix Bar,multi_era_lineage,2002-2009,3,2004,cwa_capture_round_ad0bd9112f5e,cwa_surface_8f518af067429f,www.candywrapperarchive.com,https://www.candywrapperarchive.com/candy-collector/2004-twix/,2004 Twix - Ingredient panel,collector_archive_page,ingredient_panel,Ingredient panel,1,primary_ingredient_panel_photo,primary_ingredient_or_nutrition_photo,high,panel_capture_needed,ingredient_panel,private_crop_needed,private_crop_path_needed,private_ingredient_panel_crop_path,private_ingredient_panel_crop,Crop the ingredient statement with enough package context to preserve product/date cues.,"Capture the ingredient statement first, with enough wrapper context to preserve product and vintage cues.",blocked_until_private_readable_crop_ocr_correction_and_manual_verification,source_link_only_until_rights_review_clears_reuse,rights_review_needed,cwa_surface_8f518af067429f;twix_bar:cwa_surface_8f518af067429f;cwa_capture_round_ad0bd9112f5e:ingredient_panel;https://www.candywrapperarchive.com/candy-collector/2004-twix/#ingredient_panel,,,,1,0,0,0,1,0
202,12,cwa_ingredient_priority_31061937ab3d,twix_bar,Twix Bar,multi_era_lineage,2002-2009,3,2004,cwa_capture_round_ad0bd9112f5e,cwa_surface_9b33382958d1ea,www.candywrapperarchive.com,https://www.candywrapperarchive.com/candy-collector/2004-twix/,2004 Twix - Nutrition panel,collector_archive_page,nutrition_panel,Nutrition panel,2,primary_nutrition_panel_photo,primary_ingredient_or_nutrition_photo,high,panel_capture_needed,nutrition_panel,private_crop_needed,private_crop_path_needed,private_nutrition_panel_crop_path,private_nutrition_panel_crop,Crop the nutrition panel and serving-size text if visible.,Capture the nutrition facts and serving-size area after the ingredient panel or when ingredients are absent.,blocked_until_private_readable_crop_ocr_correction_and_manual_verification,source_link_only_until_rights_review_clears_reuse,rights_review_needed,cwa_surface_9b33382958d1ea;twix_bar:cwa_surface_9b33382958d1ea;cwa_capture_round_ad0bd9112f5e:nutrition_panel;https://www.candywrapperarchive.com/candy-collector/2004-twix/#nutrition_panel,,,,1,0,0,0,1,0
203,13,cwa_ingredient_priority_dffb5d3afc09,twix_bar,Twix Bar,multi_era_lineage,2002-2009,3,2004,cwa_capture_round_ad0bd9112f5e,cwa_surface_a9707d2f2ca1fa,www.candywrapperarchive.com,https://www.candywrapperarchive.com/candy-collector/2004-twix/,2004 Twix - Wrapper back or side text,collector_archive_page,wrapper_back_or_side,Wrapper back or side text,3,supporting_label_text_photo,supporting_label_text_photo,medium,readable_panel_photo_needed,package_back_side_text,private_crop_needed,private_crop_path_needed,private_wrapper_back_or_side_crop_path,private_back_or_side_text_crop,"Crop readable wrapper back/side text, prioritizing ingredients, nutrition, net weight, maker, or date cues.",Capture readable back/side wrapper text only after checking for ingredient and nutrition panels.,blocked_until_private_readable_crop_ocr_correction_and_manual_verification,source_link_only_until_rights_review_clears_reuse,rights_review_needed,cwa_surface_a9707d2f2ca1fa;twix_bar:cwa_surface_a9707d2f2ca1fa;cwa_capture_round_ad0bd9112f5e:wrapper_back_or_side;https://www.candywrapperarchive.com/candy-collector/2004-twix/#wrapper_back_or_side,,,,0,1,0,0,1,0
204,14,cwa_ingredient_priority_fddc3d2c7532,twix_bar,Twix Bar,multi_era_lineage,2002-2009,3,2004,cwa_capture_round_ad0bd9112f5e,cwa_surface_dce1b79fb2af05,www.candywrapperarchive.com,https://www.candywrapperarchive.com/candy-collector/2004-twix/,2004 Twix - Net weight,collector_archive_page,net_weight,Net weight,4,supporting_label_text_photo,supporting_label_text_photo,medium,readable_panel_photo_needed,net_weight,private_crop_needed,private_crop_path_needed,private_net_weight_crop_path,private_net_weight_crop,Crop net weight and package-size text.,Capture net weight as package-size evidence for later normalization.,blocked_until_private_readable_crop_ocr_correction_and_manual_verification,source_link_only_until_rights_review_clears_reuse,rights_review_needed,cwa_surface_dce1b79fb2af05;twix_bar:cwa_surface_dce1b79fb2af05;cwa_capture_round_ad0bd9112f5e:net_weight;https://www.candywrapperarchive.com/candy-collector/2004-twix/#net_weight,,,,0,1,0,0,1,0
205,15,cwa_ingredient_priority_201341d4bb0d,twix_bar,Twix Bar,multi_era_lineage,2002-2009,3,2004,cwa_capture_round_ad0bd9112f5e,cwa_surface_b798d10d327293,www.candywrapperarchive.com,https://www.candywrapperarchive.com/candy-collector/2004-twix/,2004 Twix - Maker or date cue,collector_archive_page,maker_or_date,Maker or date cue,5,supporting_label_text_photo,supporting_label_text_photo,medium,readable_panel_photo_needed,maker_distributor_or_date_cue,private_crop_needed,private_crop_path_needed,private_maker_or_date_crop_path,private_maker_or_date_crop,"Crop maker/distributor, copyright, lot, or date cue text.","Capture maker, distributor, copyright, lot, or date cues for identity and timeline confidence.",blocked_until_private_readable_crop_ocr_correction_and_manual_verification,source_link_only_until_rights_review_clears_reuse,rights_review_needed,cwa_surface_b798d10d327293;twix_bar:cwa_surface_b798d10d327293;cwa_capture_round_ad0bd9112f5e:maker_or_date;https://www.candywrapperarchive.com/candy-collector/2004-twix/#maker_or_date,,,,0,1,0,0,1,0
206,16,cwa_ingredient_priority_abe8d68f72ae,twix_bar,Twix Bar,multi_era_lineage,2002-2009,4,2006,cwa_capture_round_1ae89ad91df6,cwa_surface_81023ee04705fc,www.candywrapperarchive.com,https://www.candywrapperarchive.com/candy-collector/2006-twix/,2006 Twix - Ingredient panel,collector_archive_page,ingredient_panel,Ingredient panel,1,primary_ingredient_panel_photo,primary_ingredient_or_nutrition_photo,high,panel_capture_needed,ingredient_panel,private_crop_needed,private_crop_path_needed,private_ingredient_panel_crop_path,private_ingredient_panel_crop,Crop the ingredient statement with enough package context to preserve product/date cues.,"Capture the ingredient statement first, with enough wrapper context to preserve product and vintage cues.",blocked_until_private_readable_crop_ocr_correction_and_manual_verification,source_link_only_until_rights_review_clears_reuse,rights_review_needed,cwa_surface_81023ee04705fc;twix_bar:cwa_surface_81023ee04705fc;cwa_capture_round_1ae89ad91df6:ingredient_panel;https://www.candywrapperarchive.com/candy-collector/2006-twix/#ingredient_panel,,,,1,0,0,0,1,0
207,17,cwa_ingredient_priority_a43c2059b92d,twix_bar,Twix Bar,multi_era_lineage,2002-2009,4,2006,cwa_capture_round_1ae89ad91df6,cwa_surface_93bed4d1ea3a35,www.candywrapperarchive.com,https://www.candywrapperarchive.com/candy-collector/2006-twix/,2006 Twix - Nutrition panel,collector_archive_page,nutrition_panel,Nutrition panel,2,primary_nutrition_panel_photo,primary_ingredient_or_nutrition_photo,high,panel_capture_needed,nutrition_panel,private_crop_needed,private_crop_path_needed,private_nutrition_panel_crop_path,private_nutrition_panel_crop,Crop the nutrition panel and serving-size text if visible.,Capture the nutrition facts and serving-size area after the ingredient panel or when ingredients are absent.,blocked_until_private_readable_crop_ocr_correction_and_manual_verification,source_link_only_until_rights_review_clears_reuse,rights_review_needed,cwa_surface_93bed4d1ea3a35;twix_bar:cwa_surface_93bed4d1ea3a35;cwa_capture_round_1ae89ad91df6:nutrition_panel;https://www.candywrapperarchive.com/candy-collector/2006-twix/#nutrition_panel,,,,1,0,0,0,1,0
208,18,cwa_ingredient_priority_34bd6091f254,twix_bar,Twix Bar,multi_era_lineage,2002-2009,4,2006,cwa_capture_round_1ae89ad91df6,cwa_surface_d8faa2b4f2e4b1,www.candywrapperarchive.com,https://www.candywrapperarchive.com/candy-collector/2006-twix/,2006 Twix - Wrapper back or side text,collector_archive_page,wrapper_back_or_side,Wrapper back or side text,3,supporting_label_text_photo,supporting_label_text_photo,medium,readable_panel_photo_needed,package_back_side_text,private_crop_needed,private_crop_path_needed,private_wrapper_back_or_side_crop_path,private_back_or_side_text_crop,"Crop readable wrapper back/side text, prioritizing ingredients, nutrition, net weight, maker, or date cues.",Capture readable back/side wrapper text only after checking for ingredient and nutrition panels.,blocked_until_private_readable_crop_ocr_correction_and_manual_verification,source_link_only_until_rights_review_clears_reuse,rights_review_needed,cwa_surface_d8faa2b4f2e4b1;twix_bar:cwa_surface_d8faa2b4f2e4b1;cwa_capture_round_1ae89ad91df6:wrapper_back_or_side;https://www.candywrapperarchive.com/candy-collector/2006-twix/#wrapper_back_or_side,,,,0,1,0,0,1,0
209,19,cwa_ingredient_priority_f571c6b926c2,twix_bar,Twix Bar,multi_era_lineage,2002-2009,4,2006,cwa_capture_round_1ae89ad91df6,cwa_surface_f69bd222a3cf18,www.candywrapperarchive.com,https://www.candywrapperarchive.com/candy-collector/2006-twix/,2006 Twix - Net weight,collector_archive_page,net_weight,Net weight,4,supporting_label_text_photo,supporting_label_text_photo,medium,readable_panel_photo_needed,net_weight,private_crop_needed,private_crop_path_needed,private_net_weight_crop_path,private_net_weight_crop,Crop net weight and package-size text.,Capture net weight as package-size evidence for later normalization.,blocked_until_private_readable_crop_ocr_correction_and_manual_verification,source_link_only_until_rights_review_clears_reuse,rights_review_needed,cwa_surface_f69bd222a3cf18;twix_bar:cwa_surface_f69bd222a3cf18;cwa_capture_round_1ae89ad91df6:net_weight;https://www.candywrapperarchive.com/candy-collector/2006-twix/#net_weight,,,,0,1,0,0,1,0
210,20,cwa_ingredient_priority_37d8ba8f499c,twix_bar,Twix Bar,multi_era_lineage,2002-2009,4,2006,cwa_capture_round_1ae89ad91df6,cwa_surface_9f41dd9f1d02a6,www.candywrapperarchive.com,https://www.candywrapperarchive.com/candy-collector/2006-twix/,2006 Twix - Maker or date cue,collector_archive_page,maker_or_date,Maker or date cue,5,supporting_label_text_photo,supporting_label_text_photo,medium,readable_panel_photo_needed,maker_distributor_or_date_cue,private_crop_needed,private_crop_path_needed,private_maker_or_date_crop_path,private_maker_or_date_crop,"Crop maker/distributor, copyright, lot, or date cue text.","Capture maker, distributor, copyright, lot, or date cues for identity and timeline confidence.",blocked_until_private_readable_crop_ocr_correction_and_manual_verification,source_link_only_until_rights_review_clears_reuse,rights_review_needed,cwa_surface_9f41dd9f1d02a6;twix_bar:cwa_surface_9f41dd9f1d02a6;cwa_capture_round_1ae89ad91df6:maker_or_date;https://www.candywrapperarchive.com/candy-collector/2006-twix/#maker_or_date,,,,0,1,0,0,1,0
211,21,cwa_ingredient_priority_591e5e74bca4,twix_bar,Twix Bar,multi_era_lineage,2002-2009,5,2009,cwa_capture_round_da74e4fe16fb,cwa_surface_0585d4e30f6f50,www.candywrapperarchive.com,https://www.candywrapperarchive.com/candy-collector/2009-twix/,2009 Twix - Ingredient panel,collector_archive_page,ingredient_panel,Ingredient panel,1,primary_ingredient_panel_photo,primary_ingredient_or_nutrition_photo,high,panel_capture_needed,ingredient_panel,private_crop_needed,private_crop_path_needed,private_ingredient_panel_crop_path,private_ingredient_panel_crop,Crop the ingredient statement with enough package context to preserve product/date cues.,"Capture the ingredient statement first, with enough wrapper context to preserve product and vintage cues.",blocked_until_private_readable_crop_ocr_correction_and_manual_verification,source_link_only_until_rights_review_clears_reuse,rights_review_needed,cwa_surface_0585d4e30f6f50;twix_bar:cwa_surface_0585d4e30f6f50;cwa_capture_round_da74e4fe16fb:ingredient_panel;https://www.candywrapperarchive.com/candy-collector/2009-twix/#ingredient_panel,,,,1,0,0,0,1,0
212,22,cwa_ingredient_priority_ee0bd98be852,twix_bar,Twix Bar,multi_era_lineage,2002-2009,5,2009,cwa_capture_round_da74e4fe16fb,cwa_surface_0210700701d6c4,www.candywrapperarchive.com,https://www.candywrapperarchive.com/candy-collector/2009-twix/,2009 Twix - Nutrition panel,collector_archive_page,nutrition_panel,Nutrition panel,2,primary_nutrition_panel_photo,primary_ingredient_or_nutrition_photo,high,panel_capture_needed,nutrition_panel,private_crop_needed,private_crop_path_needed,private_nutrition_panel_crop_path,private_nutrition_panel_crop,Crop the nutrition panel and serving-size text if visible.,Capture the nutrition facts and serving-size area after the ingredient panel or when ingredients are absent.,blocked_until_private_readable_crop_ocr_correction_and_manual_verification,source_link_only_until_rights_review_clears_reuse,rights_review_needed,cwa_surface_0210700701d6c4;twix_bar:cwa_surface_0210700701d6c4;cwa_capture_round_da74e4fe16fb:nutrition_panel;https://www.candywrapperarchive.com/candy-collector/2009-twix/#nutrition_panel,,,,1,0,0,0,1,0
213,23,cwa_ingredient_priority_e02fa56a5972,twix_bar,Twix Bar,multi_era_lineage,2002-2009,5,2009,cwa_capture_round_da74e4fe16fb,cwa_surface_291dce842d172f,www.candywrapperarchive.com,https://www.candywrapperarchive.com/candy-collector/2009-twix/,2009 Twix - Wrapper back or side text,collector_archive_page,wrapper_back_or_side,Wrapper back or side text,3,supporting_label_text_photo,supporting_label_text_photo,medium,readable_panel_photo_needed,package_back_side_text,private_crop_needed,private_crop_path_needed,private_wrapper_back_or_side_crop_path,private_back_or_side_text_crop,"Crop readable wrapper back/side text, prioritizing ingredients, nutrition, net weight, maker, or date cues.",Capture readable back/side wrapper text only after checking for ingredient and nutrition panels.,blocked_until_private_readable_crop_ocr_correction_and_manual_verification,source_link_only_until_rights_review_clears_reuse,rights_review_needed,cwa_surface_291dce842d172f;twix_bar:cwa_surface_291dce842d172f;cwa_capture_round_da74e4fe16fb:wrapper_back_or_side;https://www.candywrapperarchive.com/candy-collector/2009-twix/#wrapper_back_or_side,,,,0,1,0,0,1,0
214,24,cwa_ingredient_priority_2ac8ad474df9,twix_bar,Twix Bar,multi_era_lineage,2002-2009,5,2009,cwa_capture_round_da74e4fe16fb,cwa_surface_8f9a9fc3a1b6c6,www.candywrapperarchive.com,https://www.candywrapperarchive.com/candy-collector/2009-twix/,2009 Twix - Net weight,collector_archive_page,net_weight,Net weight,4,supporting_label_text_photo,supporting_label_text_photo,medium,readable_panel_photo_needed,net_weight,private_crop_needed,private_crop_path_needed,private_net_weight_crop_path,private_net_weight_crop,Crop net weight and package-size text.,Capture net weight as package-size evidence for later normalization.,blocked_until_private_readable_crop_ocr_correction_and_manual_verification,source_link_only_until_rights_review_clears_reuse,rights_review_needed,cwa_surface_8f9a9fc3a1b6c6;twix_bar:cwa_surface_8f9a9fc3a1b6c6;cwa_capture_round_da74e4fe16fb:net_weight;https://www.candywrapperarchive.com/candy-collector/2009-twix/#net_weight,,,,0,1,0,0,1,0
215,25,cwa_ingredient_priority_42dc6d0a4ab9,twix_bar,Twix Bar,multi_era_lineage,2002-2009,5,2009,cwa_capture_round_da74e4fe16fb,cwa_surface_3cc708340b75de,www.candywrapperarchive.com,https://www.candywrapperarchive.com/candy-collector/2009-twix/,2009 Twix - Maker or date cue,collector_archive_page,maker_or_date,Maker or date cue,5,supporting_label_text_photo,supporting_label_text_photo,medium,readable_panel_photo_needed,maker_distributor_or_date_cue,private_crop_needed,private_crop_path_needed,private_maker_or_date_crop_path,private_maker_or_date_crop,"Crop maker/distributor, copyright, lot, or date cue text.","Capture maker, distributor, copyright, lot, or date cues for identity and timeline confidence.",blocked_until_private_readable_crop_ocr_correction_and_manual_verification,source_link_only_until_rights_review_clears_reuse,rights_review_needed,cwa_surface_3cc708340b75de;twix_bar:cwa_surface_3cc708340b75de;cwa_capture_round_da74e4fe16fb:maker_or_date;https://www.candywrapperarchive.com/candy-collector/2009-twix/#maker_or_date,,,,0,1,0,0,1,0
216,1,cwa_ingredient_priority_5b381ada3dc7,milky_way_bar,Milky Way Bar,multi_era_lineage,1939-1958,1,1939,cwa_capture_round_47744bc31a5f,cwa_surface_5a48f033a35336,www.candywrapperarchive.com,https://www.candywrapperarchive.com/candy-collector/1939-milky-way/,1939 Milky Way - Ingredient panel,collector_archive_page,ingredient_panel,Ingredient panel,1,primary_ingredient_panel_photo,primary_ingredient_or_nutrition_photo,high,panel_capture_needed,ingredient_panel,private_crop_needed,private_crop_path_needed,private_ingredient_panel_crop_path,private_ingredient_panel_crop,Crop the ingredient statement with enough package context to preserve product/date cues.,"Capture the ingredient statement first, with enough wrapper context to preserve product and vintage cues.",blocked_until_private_readable_crop_ocr_correction_and_manual_verification,source_link_only_until_rights_review_clears_reuse,rights_review_needed,cwa_surface_5a48f033a35336;milky_way_bar:cwa_surface_5a48f033a35336;cwa_capture_round_47744bc31a5f:ingredient_panel;https://www.candywrapperarchive.com/candy-collector/1939-milky-way/#ingredient_panel,,,,1,0,0,0,1,0
217,2,cwa_ingredient_priority_c5652c5d5e95,milky_way_bar,Milky Way Bar,multi_era_lineage,1939-1958,1,1939,cwa_capture_round_47744bc31a5f,cwa_surface_e0689e7367773f,www.candywrapperarchive.com,https://www.candywrapperarchive.com/candy-collector/1939-milky-way/,1939 Milky Way - Nutrition panel,collector_archive_page,nutrition_panel,Nutrition panel,2,primary_nutrition_panel_photo,primary_ingredient_or_nutrition_photo,high,panel_capture_needed,nutrition_panel,private_crop_needed,private_crop_path_needed,private_nutrition_panel_crop_path,private_nutrition_panel_crop,Crop the nutrition panel and serving-size text if visible.,Capture the nutrition facts and serving-size area after the ingredient panel or when ingredients are absent.,blocked_until_private_readable_crop_ocr_correction_and_manual_verification,source_link_only_until_rights_review_clears_reuse,rights_review_needed,cwa_surface_e0689e7367773f;milky_way_bar:cwa_surface_e0689e7367773f;cwa_capture_round_47744bc31a5f:nutrition_panel;https://www.candywrapperarchive.com/candy-collector/1939-milky-way/#nutrition_panel,,,,1,0,0,0,1,0
218,3,cwa_ingredient_priority_b29c882f499b,milky_way_bar,Milky Way Bar,multi_era_lineage,1939-1958,1,1939,cwa_capture_round_47744bc31a5f,cwa_surface_c36c11d70f27e4,www.candywrapperarchive.com,https://www.candywrapperarchive.com/candy-collector/1939-milky-way/,1939 Milky Way - Wrapper back or side text,collector_archive_page,wrapper_back_or_side,Wrapper back or side text,3,supporting_label_text_photo,supporting_label_text_photo,medium,readable_panel_photo_needed,package_back_side_text,private_crop_needed,private_crop_path_needed,private_wrapper_back_or_side_crop_path,private_back_or_side_text_crop,"Crop readable wrapper back/side text, prioritizing ingredients, nutrition, net weight, maker, or date cues.",Capture readable back/side wrapper text only after checking for ingredient and nutrition panels.,blocked_until_private_readable_crop_ocr_correction_and_manual_verification,source_link_only_until_rights_review_clears_reuse,rights_review_needed,cwa_surface_c36c11d70f27e4;milky_way_bar:cwa_surface_c36c11d70f27e4;cwa_capture_round_47744bc31a5f:wrapper_back_or_side;https://www.candywrapperarchive.com/candy-collector/1939-milky-way/#wrapper_back_or_side,,,,0,1,0,0,1,0
219,4,cwa_ingredient_priority_060f016fe119,milky_way_bar,Milky Way Bar,multi_era_lineage,1939-1958,1,1939,cwa_capture_round_47744bc31a5f,cwa_surface_f55c36335f9fe6,www.candywrapperarchive.com,https://www.candywrapperarchive.com/candy-collector/1939-milky-way/,1939 Milky Way - Net weight,collector_archive_page,net_weight,Net weight,4,supporting_label_text_photo,supporting_label_text_photo,medium,readable_panel_photo_needed,net_weight,private_crop_needed,private_crop_path_needed,private_net_weight_crop_path,private_net_weight_crop,Crop net weight and package-size text.,Capture net weight as package-size evidence for later normalization.,blocked_until_private_readable_crop_ocr_correction_and_manual_verification,source_link_only_until_rights_review_clears_reuse,rights_review_needed,cwa_surface_f55c36335f9fe6;milky_way_bar:cwa_surface_f55c36335f9fe6;cwa_capture_round_47744bc31a5f:net_weight;https://www.candywrapperarchive.com/candy-collector/1939-milky-way/#net_weight,,,,0,1,0,0,1,0
220,5,cwa_ingredient_priority_486772435128,milky_way_bar,Milky Way Bar,multi_era_lineage,1939-1958,1,1939,cwa_capture_round_47744bc31a5f,cwa_surface_d4661fffdb23d8,www.candywrapperarchive.com,https://www.candywrapperarchive.com/candy-collector/1939-milky-way/,1939 Milky Way - Maker or date cue,collector_archive_page,maker_or_date,Maker or date cue,5,supporting_label_text_photo,supporting_label_text_photo,medium,readable_panel_photo_needed,maker_distributor_or_date_cue,private_crop_needed,private_crop_path_needed,private_maker_or_date_crop_path,private_maker_or_date_crop,"Crop maker/distributor, copyright, lot, or date cue text.","Capture maker, distributor, copyright, lot, or date cues for identity and timeline confidence.",blocked_until_private_readable_crop_ocr_correction_and_manual_verification,source_link_only_until_rights_review_clears_reuse,rights_review_needed,cwa_surface_d4661fffdb23d8;milky_way_bar:cwa_surface_d4661fffdb23d8;cwa_capture_round_47744bc31a5f:maker_or_date;https://www.candywrapperarchive.com/candy-collector/1939-milky-way/#maker_or_date,,,,0,1,0,0,1,0
221,6,cwa_ingredient_priority_fff118da4272,milky_way_bar,Milky Way Bar,multi_era_lineage,1939-1958,2,1940s,cwa_capture_round_769541b1c79e,cwa_surface_2b0aae0585a04d,www.candywrapperarchive.com,https://www.candywrapperarchive.com/candy-collector/1940s-milky-way/,1940s Milky Way - Ingredient panel,collector_archive_page,ingredient_panel,Ingredient panel,1,primary_ingredient_panel_photo,primary_ingredient_or_nutrition_photo,high,panel_capture_needed,ingredient_panel,private_crop_needed,private_crop_path_needed,private_ingredient_panel_crop_path,private_ingredient_panel_crop,Crop the ingredient statement with enough package context to preserve product/date cues.,"Capture the ingredient statement first, with enough wrapper context to preserve product and vintage cues.",blocked_until_private_readable_crop_ocr_correction_and_manual_verification,source_link_only_until_rights_review_clears_reuse,rights_review_needed,cwa_surface_2b0aae0585a04d;milky_way_bar:cwa_surface_2b0aae0585a04d;cwa_capture_round_769541b1c79e:ingredient_panel;https://www.candywrapperarchive.com/candy-collector/1940s-milky-way/#ingredient_panel,,,,1,0,0,0,1,0
222,7,cwa_ingredient_priority_9ed0c09305be,milky_way_bar,Milky Way Bar,multi_era_lineage,1939-1958,2,1940s,cwa_capture_round_769541b1c79e,cwa_surface_a3e0ab382b961f,www.candywrapperarchive.com,https://www.candywrapperarchive.com/candy-collector/1940s-milky-way/,1940s Milky Way - Nutrition panel,collector_archive_page,nutrition_panel,Nutrition panel,2,primary_nutrition_panel_photo,primary_ingredient_or_nutrition_photo,high,panel_capture_needed,nutrition_panel,private_crop_needed,private_crop_path_needed,private_nutrition_panel_crop_path,private_nutrition_panel_crop,Crop the nutrition panel and serving-size text if visible.,Capture the nutrition facts and serving-size area after the ingredient panel or when ingredients are absent.,blocked_until_private_readable_crop_ocr_correction_and_manual_verification,source_link_only_until_rights_review_clears_reuse,rights_review_needed,cwa_surface_a3e0ab382b961f;milky_way_bar:cwa_surface_a3e0ab382b961f;cwa_capture_round_769541b1c79e:nutrition_panel;https://www.candywrapperarchive.com/candy-collector/1940s-milky-way/#nutrition_panel,,,,1,0,0,0,1,0
223,8,cwa_ingredient_priority_4e5e59f0ce80,milky_way_bar,Milky Way Bar,multi_era_lineage,1939-1958,2,1940s,cwa_capture_round_769541b1c79e,cwa_surface_a4a787a1e450d2,www.candywrapperarchive.com,https://www.candywrapperarchive.com/candy-collector/1940s-milky-way/,1940s Milky Way - Wrapper back or side text,collector_archive_page,wrapper_back_or_side,Wrapper back or side text,3,supporting_label_text_photo,supporting_label_text_photo,medium,readable_panel_photo_needed,package_back_side_text,private_crop_needed,private_crop_path_needed,private_wrapper_back_or_side_crop_path,private_back_or_side_text_crop,"Crop readable wrapper back/side text, prioritizing ingredients, nutrition, net weight, maker, or date cues.",Capture readable back/side wrapper text only after checking for ingredient and nutrition panels.,blocked_until_private_readable_crop_ocr_correction_and_manual_verification,source_link_only_until_rights_review_clears_reuse,rights_review_needed,cwa_surface_a4a787a1e450d2;milky_way_bar:cwa_surface_a4a787a1e450d2;cwa_capture_round_769541b1c79e:wrapper_back_or_side;https://www.candywrapperarchive.com/candy-collector/1940s-milky-way/#wrapper_back_or_side,,,,0,1,0,0,1,0
224,9,cwa_ingredient_priority_1af21cc400f8,milky_way_bar,Milky Way Bar,multi_era_lineage,1939-1958,2,1940s,cwa_capture_round_769541b1c79e,cwa_surface_a725c05e9f4def,www.candywrapperarchive.com,https://www.candywrapperarchive.com/candy-collector/1940s-milky-way/,1940s Milky Way - Net weight,collector_archive_page,net_weight,Net weight,4,supporting_label_text_photo,supporting_label_text_photo,medium,readable_panel_photo_needed,net_weight,private_crop_needed,private_crop_path_needed,private_net_weight_crop_path,private_net_weight_crop,Crop net weight and package-size text.,Capture net weight as package-size evidence for later normalization.,blocked_until_private_readable_crop_ocr_correction_and_manual_verification,source_link_only_until_rights_review_clears_reuse,rights_review_needed,cwa_surface_a725c05e9f4def;milky_way_bar:cwa_surface_a725c05e9f4def;cwa_capture_round_769541b1c79e:net_weight;https://www.candywrapperarchive.com/candy-collector/1940s-milky-way/#net_weight,,,,0,1,0,0,1,0
225,10,cwa_ingredient_priority_dfd75e5f2155,milky_way_bar,Milky Way Bar,multi_era_lineage,1939-1958,2,1940s,cwa_capture_round_769541b1c79e,cwa_surface_8e56fc4e289f5e,www.candywrapperarchive.com,https://www.candywrapperarchive.com/candy-collector/1940s-milky-way/,1940s Milky Way - Maker or date cue,collector_archive_page,maker_or_date,Maker or date cue,5,supporting_label_text_photo,supporting_label_text_photo,medium,readable_panel_photo_needed,maker_distributor_or_date_cue,private_crop_needed,private_crop_path_needed,private_maker_or_date_crop_path,private_maker_or_date_crop,"Crop maker/distributor, copyright, lot, or date cue text.","Capture maker, distributor, copyright, lot, or date cues for identity and timeline confidence.",blocked_until_private_readable_crop_ocr_correction_and_manual_verification,source_link_only_until_rights_review_clears_reuse,rights_review_needed,cwa_surface_8e56fc4e289f5e;milky_way_bar:cwa_surface_8e56fc4e289f5e;cwa_capture_round_769541b1c79e:maker_or_date;https://www.candywrapperarchive.com/candy-collector/1940s-milky-way/#maker_or_date,,,,0,1,0,0,1,0
226,11,cwa_ingredient_priority_a29e3531273a,milky_way_bar,Milky Way Bar,multi_era_lineage,1939-1958,3,1950s,cwa_capture_round_c651fff27a75,cwa_surface_f023592a204d58,www.candywrapperarchive.com,https://www.candywrapperarchive.com/candy-collector/1950s-milky-way-2/,1950s Milky Way - Ingredient panel,collector_archive_page,ingredient_panel,Ingredient panel,1,primary_ingredient_panel_photo,primary_ingredient_or_nutrition_photo,high,panel_capture_needed,ingredient_panel,private_crop_needed,private_crop_path_needed,private_ingredient_panel_crop_path,private_ingredient_panel_crop,Crop the ingredient statement with enough package context to preserve product/date cues.,"Capture the ingredient statement first, with enough wrapper context to preserve product and vintage cues.",blocked_until_private_readable_crop_ocr_correction_and_manual_verification,source_link_only_until_rights_review_clears_reuse,rights_review_needed,cwa_surface_f023592a204d58;milky_way_bar:cwa_surface_f023592a204d58;cwa_capture_round_c651fff27a75:ingredient_panel;https://www.candywrapperarchive.com/candy-collector/1950s-milky-way-2/#ingredient_panel,,,,1,0,0,0,1,0
227,12,cwa_ingredient_priority_9dc11a3e11a7,milky_way_bar,Milky Way Bar,multi_era_lineage,1939-1958,3,1950s,cwa_capture_round_c651fff27a75,cwa_surface_4efead8bf070d8,www.candywrapperarchive.com,https://www.candywrapperarchive.com/candy-collector/1950s-milky-way-2/,1950s Milky Way - Nutrition panel,collector_archive_page,nutrition_panel,Nutrition panel,2,primary_nutrition_panel_photo,primary_ingredient_or_nutrition_photo,high,panel_capture_needed,nutrition_panel,private_crop_needed,private_crop_path_needed,private_nutrition_panel_crop_path,private_nutrition_panel_crop,Crop the nutrition panel and serving-size text if visible.,Capture the nutrition facts and serving-size area after the ingredient panel or when ingredients are absent.,blocked_until_private_readable_crop_ocr_correction_and_manual_verification,source_link_only_until_rights_review_clears_reuse,rights_review_needed,cwa_surface_4efead8bf070d8;milky_way_bar:cwa_surface_4efead8bf070d8;cwa_capture_round_c651fff27a75:nutrition_panel;https://www.candywrapperarchive.com/candy-collector/1950s-milky-way-2/#nutrition_panel,,,,1,0,0,0,1,0
228,13,cwa_ingredient_priority_02bddb50715f,milky_way_bar,Milky Way Bar,multi_era_lineage,1939-1958,3,1950s,cwa_capture_round_c651fff27a75,cwa_surface_d39d479b3a31c4,www.candywrapperarchive.com,https://www.candywrapperarchive.com/candy-collector/1950s-milky-way-2/,1950s Milky Way - Wrapper back or side text,collector_archive_page,wrapper_back_or_side,Wrapper back or side text,3,supporting_label_text_photo,supporting_label_text_photo,medium,readable_panel_photo_needed,package_back_side_text,private_crop_needed,private_crop_path_needed,private_wrapper_back_or_side_crop_path,private_back_or_side_text_crop,"Crop readable wrapper back/side text, prioritizing ingredients, nutrition, net weight, maker, or date cues.",Capture readable back/side wrapper text only after checking for ingredient and nutrition panels.,blocked_until_private_readable_crop_ocr_correction_and_manual_verification,source_link_only_until_rights_review_clears_reuse,rights_review_needed,cwa_surface_d39d479b3a31c4;milky_way_bar:cwa_surface_d39d479b3a31c4;cwa_capture_round_c651fff27a75:wrapper_back_or_side;https://www.candywrapperarchive.com/candy-collector/1950s-milky-way-2/#wrapper_back_or_side,,,,0,1,0,0,1,0
229,14,cwa_ingredient_priority_7263500321b1,milky_way_bar,Milky Way Bar,multi_era_lineage,1939-1958,3,1950s,cwa_capture_round_c651fff27a75,cwa_surface_96e6b8aab86d7f,www.candywrapperarchive.com,https://www.candywrapperarchive.com/candy-collector/1950s-milky-way-2/,1950s Milky Way - Net weight,collector_archive_page,net_weight,Net weight,4,supporting_label_text_photo,supporting_label_text_photo,medium,readable_panel_photo_needed,net_weight,private_crop_needed,private_crop_path_needed,private_net_weight_crop_path,private_net_weight_crop,Crop net weight and package-size text.,Capture net weight as package-size evidence for later normalization.,blocked_until_private_readable_crop_ocr_correction_and_manual_verification,source_link_only_until_rights_review_clears_reuse,rights_review_needed,cwa_surface_96e6b8aab86d7f;milky_way_bar:cwa_surface_96e6b8aab86d7f;cwa_capture_round_c651fff27a75:net_weight;https://www.candywrapperarchive.com/candy-collector/1950s-milky-way-2/#net_weight,,,,0,1,0,0,1,0
230,15,cwa_ingredient_priority_552fa71bbad3,milky_way_bar,Milky Way Bar,multi_era_lineage,1939-1958,3,1950s,cwa_capture_round_c651fff27a75,cwa_surface_f0eaac8891e425,www.candywrapperarchive.com,https://www.candywrapperarchive.com/candy-collector/1950s-milky-way-2/,1950s Milky Way - Maker or date cue,collector_archive_page,maker_or_date,Maker or date cue,5,supporting_label_text_photo,supporting_label_text_photo,medium,readable_panel_photo_needed,maker_distributor_or_date_cue,private_crop_needed,private_crop_path_needed,private_maker_or_date_crop_path,private_maker_or_date_crop,"Crop maker/distributor, copyright, lot, or date cue text.","Capture maker, distributor, copyright, lot, or date cues for identity and timeline confidence.",blocked_until_private_readable_crop_ocr_correction_and_manual_verification,source_link_only_until_rights_review_clears_reuse,rights_review_needed,cwa_surface_f0eaac8891e425;milky_way_bar:cwa_surface_f0eaac8891e425;cwa_capture_round_c651fff27a75:maker_or_date;https://www.candywrapperarchive.com/candy-collector/1950s-milky-way-2/#maker_or_date,,,,0,1,0,0,1,0
231,16,cwa_ingredient_priority_6da1a5bc9d5d,milky_way_bar,Milky Way Bar,multi_era_lineage,1939-1958,4,1958,cwa_capture_round_e4cc1da5f5f2,cwa_surface_0ab1fa13406e1c,www.candywrapperarchive.com,https://www.candywrapperarchive.com/candy-collector/1958-milky-way/,1958 Milky Way - Ingredient panel,collector_archive_page,ingredient_panel,Ingredient panel,1,primary_ingredient_panel_photo,primary_ingredient_or_nutrition_photo,high,panel_capture_needed,ingredient_panel,private_crop_needed,private_crop_path_needed,private_ingredient_panel_crop_path,private_ingredient_panel_crop,Crop the ingredient statement with enough package context to preserve product/date cues.,"Capture the ingredient statement first, with enough wrapper context to preserve product and vintage cues.",blocked_until_private_readable_crop_ocr_correction_and_manual_verification,source_link_only_until_rights_review_clears_reuse,rights_review_needed,cwa_surface_0ab1fa13406e1c;milky_way_bar:cwa_surface_0ab1fa13406e1c;cwa_capture_round_e4cc1da5f5f2:ingredient_panel;https://www.candywrapperarchive.com/candy-collector/1958-milky-way/#ingredient_panel,,,,1,0,0,0,1,0
232,17,cwa_ingredient_priority_3c1c01cd5801,milky_way_bar,Milky Way Bar,multi_era_lineage,1939-1958,4,1958,cwa_capture_round_e4cc1da5f5f2,cwa_surface_807938cb91b298,www.candywrapperarchive.com,https://www.candywrapperarchive.com/candy-collector/1958-milky-way/,1958 Milky Way - Nutrition panel,collector_archive_page,nutrition_panel,Nutrition panel,2,primary_nutrition_panel_photo,primary_ingredient_or_nutrition_photo,high,panel_capture_needed,nutrition_panel,private_crop_needed,private_crop_path_needed,private_nutrition_panel_crop_path,private_nutrition_panel_crop,Crop the nutrition panel and serving-size text if visible.,Capture the nutrition facts and serving-size area after the ingredient panel or when ingredients are absent.,blocked_until_private_readable_crop_ocr_correction_and_manual_verification,source_link_only_until_rights_review_clears_reuse,rights_review_needed,cwa_surface_807938cb91b298;milky_way_bar:cwa_surface_807938cb91b298;cwa_capture_round_e4cc1da5f5f2:nutrition_panel;https://www.candywrapperarchive.com/candy-collector/1958-milky-way/#nutrition_panel,,,,1,0,0,0,1,0
233,18,cwa_ingredient_priority_4060de92106b,milky_way_bar,Milky Way Bar,multi_era_lineage,1939-1958,4,1958,cwa_capture_round_e4cc1da5f5f2,cwa_surface_b2c7150f78c65a,www.candywrapperarchive.com,https://www.candywrapperarchive.com/candy-collector/1958-milky-way/,1958 Milky Way - Wrapper back or side text,collector_archive_page,wrapper_back_or_side,Wrapper back or side text,3,supporting_label_text_photo,supporting_label_text_photo,medium,readable_panel_photo_needed,package_back_side_text,private_crop_needed,private_crop_path_needed,private_wrapper_back_or_side_crop_path,private_back_or_side_text_crop,"Crop readable wrapper back/side text, prioritizing ingredients, nutrition, net weight, maker, or date cues.",Capture readable back/side wrapper text only after checking for ingredient and nutrition panels.,blocked_until_private_readable_crop_ocr_correction_and_manual_verification,source_link_only_until_rights_review_clears_reuse,rights_review_needed,cwa_surface_b2c7150f78c65a;milky_way_bar:cwa_surface_b2c7150f78c65a;cwa_capture_round_e4cc1da5f5f2:wrapper_back_or_side;https://www.candywrapperarchive.com/candy-collector/1958-milky-way/#wrapper_back_or_side,,,,0,1,0,0,1,0
234,19,cwa_ingredient_priority_a579f7e6dc61,milky_way_bar,Milky Way Bar,multi_era_lineage,1939-1958,4,1958,cwa_capture_round_e4cc1da5f5f2,cwa_surface_4db8632b35baec,www.candywrapperarchive.com,https://www.candywrapperarchive.com/candy-collector/1958-milky-way/,1958 Milky Way - Net weight,collector_archive_page,net_weight,Net weight,4,supporting_label_text_photo,supporting_label_text_photo,medium,readable_panel_photo_needed,net_weight,private_crop_needed,private_crop_path_needed,private_net_weight_crop_path,private_net_weight_crop,Crop net weight and package-size text.,Capture net weight as package-size evidence for later normalization.,blocked_until_private_readable_crop_ocr_correction_and_manual_verification,source_link_only_until_rights_review_clears_reuse,rights_review_needed,cwa_surface_4db8632b35baec;milky_way_bar:cwa_surface_4db8632b35baec;cwa_capture_round_e4cc1da5f5f2:net_weight;https://www.candywrapperarchive.com/candy-collector/1958-milky-way/#net_weight,,,,0,1,0,0,1,0
235,20,cwa_ingredient_priority_fa12ab81ce5c,milky_way_bar,Milky Way Bar,multi_era_lineage,1939-1958,4,1958,cwa_capture_round_e4cc1da5f5f2,cwa_surface_e954f7f9a6fa9b,www.candywrapperarchive.com,https://www.candywrapperarchive.com/candy-collector/1958-milky-way/,1958 Milky Way - Maker or date cue,collector_archive_page,maker_or_date,Maker or date cue,5,supporting_label_text_photo,supporting_label_text_photo,medium,readable_panel_photo_needed,maker_distributor_or_date_cue,private_crop_needed,private_crop_path_needed,private_maker_or_date_crop_path,private_maker_or_date_crop,"Crop maker/distributor, copyright, lot, or date cue text.","Capture maker, distributor, copyright, lot, or date cues for identity and timeline confidence.",blocked_until_private_readable_crop_ocr_correction_and_manual_verification,source_link_only_until_rights_review_clears_reuse,rights_review_needed,cwa_surface_e954f7f9a6fa9b;milky_way_bar:cwa_surface_e954f7f9a6fa9b;cwa_capture_round_e4cc1da5f5f2:maker_or_date;https://www.candywrapperarchive.com/candy-collector/1958-milky-way/#maker_or_date,,,,0,1,0,0,1,0
236,1,cwa_ingredient_priority_f8f52599a78b,tootsie_roll,Tootsie Roll,promising_lineage,1940s-1960s,1,1940s,cwa_capture_round_08d575d24077,cwa_surface_57f51deff42155,www.candywrapperarchive.com,https://www.candywrapperarchive.com/candy-collector/1940s-tootsie-roll/,1940s Tootsie Roll - Ingredient panel,collector_archive_page,ingredient_panel,Ingredient panel,1,primary_ingredient_panel_photo,primary_ingredient_or_nutrition_photo,high,panel_capture_needed,ingredient_panel,private_crop_needed,private_crop_path_needed,private_ingredient_panel_crop_path,private_ingredient_panel_crop,Crop the ingredient statement with enough package context to preserve product/date cues.,"Capture the ingredient statement first, with enough wrapper context to preserve product and vintage cues.",blocked_until_private_readable_crop_ocr_correction_and_manual_verification,source_link_only_until_rights_review_clears_reuse,rights_review_needed,cwa_surface_57f51deff42155;tootsie_roll:cwa_surface_57f51deff42155;cwa_capture_round_08d575d24077:ingredient_panel;https://www.candywrapperarchive.com/candy-collector/1940s-tootsie-roll/#ingredient_panel,,,,1,0,0,0,1,0
237,2,cwa_ingredient_priority_0abfe6fecedf,tootsie_roll,Tootsie Roll,promising_lineage,1940s-1960s,1,1940s,cwa_capture_round_08d575d24077,cwa_surface_11819d5ae00d9a,www.candywrapperarchive.com,https://www.candywrapperarchive.com/candy-collector/1940s-tootsie-roll/,1940s Tootsie Roll - Nutrition panel,collector_archive_page,nutrition_panel,Nutrition panel,2,primary_nutrition_panel_photo,primary_ingredient_or_nutrition_photo,high,panel_capture_needed,nutrition_panel,private_crop_needed,private_crop_path_needed,private_nutrition_panel_crop_path,private_nutrition_panel_crop,Crop the nutrition panel and serving-size text if visible.,Capture the nutrition facts and serving-size area after the ingredient panel or when ingredients are absent.,blocked_until_private_readable_crop_ocr_correction_and_manual_verification,source_link_only_until_rights_review_clears_reuse,rights_review_needed,cwa_surface_11819d5ae00d9a;tootsie_roll:cwa_surface_11819d5ae00d9a;cwa_capture_round_08d575d24077:nutrition_panel;https://www.candywrapperarchive.com/candy-collector/1940s-tootsie-roll/#nutrition_panel,,,,1,0,0,0,1,0
238,3,cwa_ingredient_priority_dcdfe9131aae,tootsie_roll,Tootsie Roll,promising_lineage,1940s-1960s,1,1940s,cwa_capture_round_08d575d24077,cwa_surface_0983b1dc6c200b,www.candywrapperarchive.com,https://www.candywrapperarchive.com/candy-collector/1940s-tootsie-roll/,1940s Tootsie Roll - Wrapper back or side text,collector_archive_page,wrapper_back_or_side,Wrapper back or side text,3,supporting_label_text_photo,supporting_label_text_photo,medium,readable_panel_photo_needed,package_back_side_text,private_crop_needed,private_crop_path_needed,private_wrapper_back_or_side_crop_path,private_back_or_side_text_crop,"Crop readable wrapper back/side text, prioritizing ingredients, nutrition, net weight, maker, or date cues.",Capture readable back/side wrapper text only after checking for ingredient and nutrition panels.,blocked_until_private_readable_crop_ocr_correction_and_manual_verification,source_link_only_until_rights_review_clears_reuse,rights_review_needed,cwa_surface_0983b1dc6c200b;tootsie_roll:cwa_surface_0983b1dc6c200b;cwa_capture_round_08d575d24077:wrapper_back_or_side;https://www.candywrapperarchive.com/candy-collector/1940s-tootsie-roll/#wrapper_back_or_side,,,,0,1,0,0,1,0
239,4,cwa_ingredient_priority_817964cb4644,tootsie_roll,Tootsie Roll,promising_lineage,1940s-1960s,1,1940s,cwa_capture_round_08d575d24077,cwa_surface_18ca5e35923239,www.candywrapperarchive.com,https://www.candywrapperarchive.com/candy-collector/1940s-tootsie-roll/,1940s Tootsie Roll - Net weight,collector_archive_page,net_weight,Net weight,4,supporting_label_text_photo,supporting_label_text_photo,medium,readable_panel_photo_needed,net_weight,private_crop_needed,private_crop_path_needed,private_net_weight_crop_path,private_net_weight_crop,Crop net weight and package-size text.,Capture net weight as package-size evidence for later normalization.,blocked_until_private_readable_crop_ocr_correction_and_manual_verification,source_link_only_until_rights_review_clears_reuse,rights_review_needed,cwa_surface_18ca5e35923239;tootsie_roll:cwa_surface_18ca5e35923239;cwa_capture_round_08d575d24077:net_weight;https://www.candywrapperarchive.com/candy-collector/1940s-tootsie-roll/#net_weight,,,,0,1,0,0,1,0
240,5,cwa_ingredient_priority_afc0e3cc812d,tootsie_roll,Tootsie Roll,promising_lineage,1940s-1960s,1,1940s,cwa_capture_round_08d575d24077,cwa_surface_93ddb7db9330d3,www.candywrapperarchive.com,https://www.candywrapperarchive.com/candy-collector/1940s-tootsie-roll/,1940s Tootsie Roll - Maker or date cue,collector_archive_page,maker_or_date,Maker or date cue,5,supporting_label_text_photo,supporting_label_text_photo,medium,readable_panel_photo_needed,maker_distributor_or_date_cue,private_crop_needed,private_crop_path_needed,private_maker_or_date_crop_path,private_maker_or_date_crop,"Crop maker/distributor, copyright, lot, or date cue text.","Capture maker, distributor, copyright, lot, or date cues for identity and timeline confidence.",blocked_until_private_readable_crop_ocr_correction_and_manual_verification,source_link_only_until_rights_review_clears_reuse,rights_review_needed,cwa_surface_93ddb7db9330d3;tootsie_roll:cwa_surface_93ddb7db9330d3;cwa_capture_round_08d575d24077:maker_or_date;https://www.candywrapperarchive.com/candy-collector/1940s-tootsie-roll/#maker_or_date,,,,0,1,0,0,1,0
241,6,cwa_ingredient_priority_e070f99f2b4d,tootsie_roll,Tootsie Roll,promising_lineage,1940s-1960s,2,1960s,cwa_capture_round_c5c40cd1a490,cwa_surface_4e5de5a4d0e4a5,www.candywrapperarchive.com,https://www.candywrapperarchive.com/candy-collector/1960s-tootsie-roll-2/,1960s Tootsie Roll - Ingredient panel,collector_archive_page,ingredient_panel,Ingredient panel,1,primary_ingredient_panel_photo,primary_ingredient_or_nutrition_photo,high,panel_capture_needed,ingredient_panel,private_crop_needed,private_crop_path_needed,private_ingredient_panel_crop_path,private_ingredient_panel_crop,Crop the ingredient statement with enough package context to preserve product/date cues.,"Capture the ingredient statement first, with enough wrapper context to preserve product and vintage cues.",blocked_until_private_readable_crop_ocr_correction_and_manual_verification,source_link_only_until_rights_review_clears_reuse,rights_review_needed,cwa_surface_4e5de5a4d0e4a5;tootsie_roll:cwa_surface_4e5de5a4d0e4a5;cwa_capture_round_c5c40cd1a490:ingredient_panel;https://www.candywrapperarchive.com/candy-collector/1960s-tootsie-roll-2/#ingredient_panel,,,,1,0,0,0,1,0
242,7,cwa_ingredient_priority_76388f54f6d4,tootsie_roll,Tootsie Roll,promising_lineage,1940s-1960s,2,1960s,cwa_capture_round_c5c40cd1a490,cwa_surface_922af5c7f3fe46,www.candywrapperarchive.com,https://www.candywrapperarchive.com/candy-collector/1960s-tootsie-roll-2/,1960s Tootsie Roll - Nutrition panel,collector_archive_page,nutrition_panel,Nutrition panel,2,primary_nutrition_panel_photo,primary_ingredient_or_nutrition_photo,high,panel_capture_needed,nutrition_panel,private_crop_needed,private_crop_path_needed,private_nutrition_panel_crop_path,private_nutrition_panel_crop,Crop the nutrition panel and serving-size text if visible.,Capture the nutrition facts and serving-size area after the ingredient panel or when ingredients are absent.,blocked_until_private_readable_crop_ocr_correction_and_manual_verification,source_link_only_until_rights_review_clears_reuse,rights_review_needed,cwa_surface_922af5c7f3fe46;tootsie_roll:cwa_surface_922af5c7f3fe46;cwa_capture_round_c5c40cd1a490:nutrition_panel;https://www.candywrapperarchive.com/candy-collector/1960s-tootsie-roll-2/#nutrition_panel,,,,1,0,0,0,1,0
243,8,cwa_ingredient_priority_f7a000865ed5,tootsie_roll,Tootsie Roll,promising_lineage,1940s-1960s,2,1960s,cwa_capture_round_c5c40cd1a490,cwa_surface_7a826dce263078,www.candywrapperarchive.com,https://www.candywrapperarchive.com/candy-collector/1960s-tootsie-roll-2/,1960s Tootsie Roll - Wrapper back or side text,collector_archive_page,wrapper_back_or_side,Wrapper back or side text,3,supporting_label_text_photo,supporting_label_text_photo,medium,readable_panel_photo_needed,package_back_side_text,private_crop_needed,private_crop_path_needed,private_wrapper_back_or_side_crop_path,private_back_or_side_text_crop,"Crop readable wrapper back/side text, prioritizing ingredients, nutrition, net weight, maker, or date cues.",Capture readable back/side wrapper text only after checking for ingredient and nutrition panels.,blocked_until_private_readable_crop_ocr_correction_and_manual_verification,source_link_only_until_rights_review_clears_reuse,rights_review_needed,cwa_surface_7a826dce263078;tootsie_roll:cwa_surface_7a826dce263078;cwa_capture_round_c5c40cd1a490:wrapper_back_or_side;https://www.candywrapperarchive.com/candy-collector/1960s-tootsie-roll-2/#wrapper_back_or_side,,,,0,1,0,0,1,0
244,9,cwa_ingredient_priority_bed02bda3c2c,tootsie_roll,Tootsie Roll,promising_lineage,1940s-1960s,2,1960s,cwa_capture_round_c5c40cd1a490,cwa_surface_47f124230e743a,www.candywrapperarchive.com,https://www.candywrapperarchive.com/candy-collector/1960s-tootsie-roll-2/,1960s Tootsie Roll - Net weight,collector_archive_page,net_weight,Net weight,4,supporting_label_text_photo,supporting_label_text_photo,medium,readable_panel_photo_needed,net_weight,private_crop_needed,private_crop_path_needed,private_net_weight_crop_path,private_net_weight_crop,Crop net weight and package-size text.,Capture net weight as package-size evidence for later normalization.,blocked_until_private_readable_crop_ocr_correction_and_manual_verification,source_link_only_until_rights_review_clears_reuse,rights_review_needed,cwa_surface_47f124230e743a;tootsie_roll:cwa_surface_47f124230e743a;cwa_capture_round_c5c40cd1a490:net_weight;https://www.candywrapperarchive.com/candy-collector/1960s-tootsie-roll-2/#net_weight,,,,0,1,0,0,1,0
245,10,cwa_ingredient_priority_0bca9763115e,tootsie_roll,Tootsie Roll,promising_lineage,1940s-1960s,2,1960s,cwa_capture_round_c5c40cd1a490,cwa_surface_2ad0cdabf951b2,www.candywrapperarchive.com,https://www.candywrapperarchive.com/candy-collector/1960s-tootsie-roll-2/,1960s Tootsie Roll - Maker or date cue,collector_archive_page,maker_or_date,Maker or date cue,5,supporting_label_text_photo,supporting_label_text_photo,medium,readable_panel_photo_needed,maker_distributor_or_date_cue,private_crop_needed,private_crop_path_needed,private_maker_or_date_crop_path,private_maker_or_date_crop,"Crop maker/distributor, copyright, lot, or date cue text.","Capture maker, distributor, copyright, lot, or date cues for identity and timeline confidence.",blocked_until_private_readable_crop_ocr_correction_and_manual_verification,source_link_only_until_rights_review_clears_reuse,rights_review_needed,cwa_surface_2ad0cdabf951b2;tootsie_roll:cwa_surface_2ad0cdabf951b2;cwa_capture_round_c5c40cd1a490:maker_or_date;https://www.candywrapperarchive.com/candy-collector/1960s-tootsie-roll-2/#maker_or_date,,,,0,1,0,0,1,0
