run_id,evidence_id,product_id,product_name,vintage_label,source_domain,source_url,source_type,ocr_gap_category,ocr_priority,capture_strategy,key_count,private_path_supplied,private_path_exists,extension_ok,audit_status,recommended_next_action,candidate_only,manual_verified
hybrid-ocr-v1,coca_cola_classic__current_2020s__249__1,coca_cola_classic,Coca-Cola Classic,current_2020s,www.coca-cola.com,https://www.coca-cola.com/us/en/brands/coca-cola/products/original?redirect=true,brand_label_page,panel_capture_needed,high,capture_private_panel_crop_from_source_then_run_native_vision_ocr,3,0,0,0,no_private_path_supplied,"Capture or crop the source privately, then fill local_private_image_path or processed_private_image_path.",1,0
hybrid-ocr-v1,oreo_original_chocolate_sandwich_cookies__current_2020s__1__5,oreo_original_chocolate_sandwich_cookies,Oreo Original Chocolate Sandwich Cookies,current_2020s,smartlabel.mondelez.info,https://smartlabel.mondelez.info/00044000033262-0001-en-US/index.html,brand_label_page,panel_capture_needed,high,capture_private_panel_crop_from_source_then_run_native_vision_ocr,3,0,0,0,no_private_path_supplied,"Capture or crop the source privately, then fill local_private_image_path or processed_private_image_path.",1,0
hybrid-ocr-v1,doritos_nacho_cheese__current_2020s__727__4,doritos_nacho_cheese,Doritos Nacho Cheese,current_2020s,smartlabel.pepsico.info,https://smartlabel.pepsico.info/028400017305-0007-en-US/index.html,brand_label_page,panel_capture_needed,high,capture_private_panel_crop_from_source_then_run_native_vision_ocr,3,0,0,0,no_private_path_supplied,"Capture or crop the source privately, then fill local_private_image_path or processed_private_image_path.",1,0
hybrid-ocr-v1,twinkies__current_2020s__16__2,twinkies,Hostess Twinkies,current_2020s,www.kroger.com,https://www.kroger.com/p/hostess-twinkies-single-serve-chocolate-cakes/0088810901090,retailer_page,panel_capture_needed,high,capture_private_panel_crop_from_source_then_run_native_vision_ocr,3,0,0,0,no_private_path_supplied,"Capture or crop the source privately, then fill local_private_image_path or processed_private_image_path.",1,0
hybrid-ocr-v1,kraft_macaroni_and_cheese_original__current_2020s__6__4,kraft_macaroni_and_cheese_original,Kraft Macaroni & Cheese Original,current_2020s,www.walmart.com,https://www.walmart.com/ip/10295759,retailer_page,panel_capture_needed,high,capture_private_panel_crop_from_source_then_run_native_vision_ocr,3,0,0,0,no_private_path_supplied,"Capture or crop the source privately, then fill local_private_image_path or processed_private_image_path.",1,0
hybrid-ocr-v1,oreo_original_chocolate_sandwich_cookies__current_2020s__2__6,oreo_original_chocolate_sandwich_cookies,Oreo Original Chocolate Sandwich Cookies,current_2020s,www.ewg.org,https://www.ewg.org/foodscores/products/0044000051617-OreoChocolateOriginalFlavorSandwichCookies/,label_database_record,panel_capture_needed,high,capture_private_panel_crop_from_source_then_run_native_vision_ocr,3,0,0,0,no_private_path_supplied,"Capture or crop the source privately, then fill local_private_image_path or processed_private_image_path.",1,0
hybrid-ocr-v1,hersheys_milk_chocolate_bar__current_2020s__25__1,hersheys_milk_chocolate_bar,Hershey's Milk Chocolate Bar,current_2020s,smartlabel.hersheys.com,https://smartlabel.hersheys.com/034000290055-0051-en-US/index.html,brand_label_page,panel_capture_needed,high,capture_private_panel_crop_from_source_then_run_native_vision_ocr,3,0,0,0,no_private_path_supplied,"Capture or crop the source privately, then fill local_private_image_path or processed_private_image_path.",1,0
hybrid-ocr-v1,oreo_original_chocolate_sandwich_cookies__2010s__3__3,oreo_original_chocolate_sandwich_cookies,Oreo Original Chocolate Sandwich Cookies,2010s,www.ewg.org,https://www.ewg.org/foodscores/products/044000081034-OreoChocolateSandwichCookiesOriginalWinter/,label_database_record,panel_capture_needed,high,capture_private_panel_crop_from_source_then_run_native_vision_ocr,3,0,0,0,no_private_path_supplied,"Capture or crop the source privately, then fill local_private_image_path or processed_private_image_path.",1,0
hybrid-ocr-v1,poptarts_frosted_strawberry__current_2020s__13__3,poptarts_frosted_strawberry,Pop-Tarts Frosted Strawberry,current_2020s,smartlabel.kelloggs.com,https://smartlabel.kelloggs.com/Product/Index/038000317316,brand_label_page,panel_capture_needed,high,capture_private_panel_crop_from_source_then_run_native_vision_ocr,3,0,0,0,no_private_path_supplied,"Capture or crop the source privately, then fill local_private_image_path or processed_private_image_path.",1,0
hybrid-ocr-v1,ritz_original_crackers__current_2020s__30__2,ritz_original_crackers,Ritz Original Crackers,current_2020s,smartlabel.mondelez.info,https://smartlabel.mondelez.info/044000031121-0001-en-US/index.html,common_crawl_capture,panel_capture_needed,high,capture_private_panel_crop_from_source_then_run_native_vision_ocr,3,0,0,0,no_private_path_supplied,"Capture or crop the source privately, then fill local_private_image_path or processed_private_image_path.",1,0
hybrid-ocr-v1,hersheys_milk_chocolate_bar__current_2020s__496__2,hersheys_milk_chocolate_bar,Hershey's Milk Chocolate Bar,current_2020s,smartlabel.hersheys.com,https://smartlabel.hersheys.com/034000859474-0050-en-US/index.html,brand_label_page,panel_capture_needed,high,capture_private_panel_crop_from_source_then_run_native_vision_ocr,3,0,0,0,no_private_path_supplied,"Capture or crop the source privately, then fill local_private_image_path or processed_private_image_path.",1,0
hybrid-ocr-v1,lays_classic__current_2020s__28__2,lays_classic,Lay's Classic Potato Chips,current_2020s,smartlabel.pepsico.info,https://smartlabel.pepsico.info/028400017145-0003-en-US/index.html,common_crawl_capture,panel_capture_needed,high,capture_private_panel_crop_from_source_then_run_native_vision_ocr,3,0,0,0,no_private_path_supplied,"Capture or crop the source privately, then fill local_private_image_path or processed_private_image_path.",1,0
hybrid-ocr-v1,poptarts_frosted_strawberry__current_2020s__14__4,poptarts_frosted_strawberry,Pop-Tarts Frosted Strawberry,current_2020s,www.poptarts.com,https://www.poptarts.com/en_US/products/all-flavors/pop-tarts-frosted-strawberry-product.html,current_web_page,panel_capture_needed,high,capture_private_panel_crop_from_source_then_run_native_vision_ocr,3,0,0,0,no_private_path_supplied,"Capture or crop the source privately, then fill local_private_image_path or processed_private_image_path.",1,0
hybrid-ocr-v1,ritz_original_crackers__current_2020s__29__3,ritz_original_crackers,Ritz Original Crackers,current_2020s,smartlabel.mondelez.info,https://smartlabel.mondelez.info/044000031121-0001-en-US/index.html,common_crawl_capture,panel_capture_needed,high,capture_private_panel_crop_from_source_then_run_native_vision_ocr,3,0,0,0,no_private_path_supplied,"Capture or crop the source privately, then fill local_private_image_path or processed_private_image_path.",1,0
hybrid-ocr-v1,chips_ahoy_original__earliest_verified_label__448__3,chips_ahoy_original,Chips Ahoy! Original Cookies,earliest_verified_label,upcfoodsearch.com,https://upcfoodsearch.com/food-products/chocolate-chip-cookies/044000032197/,label_database_record,panel_capture_needed,high,capture_private_panel_crop_from_source_then_run_native_vision_ocr,3,0,0,0,no_private_path_supplied,"Capture or crop the source privately, then fill local_private_image_path or processed_private_image_path.",1,0
hybrid-ocr-v1,twinkies__2010s__15__1,twinkies,Hostess Twinkies,2010s,upcfoodsearch.com,https://upcfoodsearch.com/food-products/other-pastries/045000001008/,label_database_record,panel_capture_needed,high,capture_private_panel_crop_from_source_then_run_native_vision_ocr,3,0,0,0,no_private_path_supplied,"Capture or crop the source privately, then fill local_private_image_path or processed_private_image_path.",1,0
hybrid-ocr-v1,lays_classic__current_2020s__26__3,lays_classic,Lay's Classic Potato Chips,current_2020s,smartlabel.pepsico.info,https://smartlabel.pepsico.info/028400017145-0003-en-US/index.html,brand_label_page,panel_capture_needed,high,capture_private_panel_crop_from_source_then_run_native_vision_ocr,3,0,0,0,no_private_path_supplied,"Capture or crop the source privately, then fill local_private_image_path or processed_private_image_path.",1,0
hybrid-ocr-v1,oreo_original_chocolate_sandwich_cookies__current_2020s__445__1,oreo_original_chocolate_sandwich_cookies,Oreo Original Chocolate Sandwich Cookies,current_2020s,www.kroger.com,https://www.kroger.com/p/nabisco-original-oreos/0004400003202,retailer_page,panel_capture_needed,high,capture_private_panel_crop_from_source_then_run_native_vision_ocr,3,0,0,0,no_private_path_supplied,"Capture or crop the source privately, then fill local_private_image_path or processed_private_image_path.",1,0
hybrid-ocr-v1,pepsi_cola__current_2020s__33__3,pepsi_cola,Pepsi Cola,current_2020s,smartlabel.pepsico.info,https://smartlabel.pepsico.info/012000809941-0001-en-US/index.html,brand_label_page,panel_capture_needed,high,capture_private_panel_crop_from_source_then_run_native_vision_ocr,3,0,0,0,no_private_path_supplied,"Capture or crop the source privately, then fill local_private_image_path or processed_private_image_path.",1,0
hybrid-ocr-v1,poptarts_frosted_strawberry__2010s__449__1,poptarts_frosted_strawberry,Pop-Tarts Frosted Strawberry,2010s,www.foodrepo.org,https://www.foodrepo.org/en/products/47947,label_database_record,panel_capture_needed,high,capture_private_panel_crop_from_source_then_run_native_vision_ocr,3,0,0,0,no_private_path_supplied,"Capture or crop the source privately, then fill local_private_image_path or processed_private_image_path.",1,0
hybrid-ocr-v1,poptarts_frosted_strawberry__current_2020s__449__5,poptarts_frosted_strawberry,Pop-Tarts Frosted Strawberry,current_2020s,www.foodrepo.org,https://www.foodrepo.org/en/products/47947,label_database_record,panel_capture_needed,high,capture_private_panel_crop_from_source_then_run_native_vision_ocr,3,0,0,0,no_private_path_supplied,"Capture or crop the source privately, then fill local_private_image_path or processed_private_image_path.",1,0
hybrid-ocr-v1,ritz_original_crackers__current_2020s__20__4,ritz_original_crackers,Ritz Original Crackers,current_2020s,smartlabel.mondelez.info,https://smartlabel.mondelez.info/044000031121-0001-en-US/index.html,brand_label_page,panel_capture_needed,high,capture_private_panel_crop_from_source_then_run_native_vision_ocr,3,0,0,0,no_private_path_supplied,"Capture or crop the source privately, then fill local_private_image_path or processed_private_image_path.",1,0
hybrid-ocr-v1,cheetos_crunchy__current_2020s__38__2,cheetos_crunchy,Cheetos Crunchy,current_2020s,smartlabel.pepsico.info,https://smartlabel.pepsico.info/028400589501-0001-en-US/index.html,brand_label_page,panel_capture_needed,high,capture_private_panel_crop_from_source_then_run_native_vision_ocr,3,0,0,0,no_private_path_supplied,"Capture or crop the source privately, then fill local_private_image_path or processed_private_image_path.",1,0
hybrid-ocr-v1,cheez_it_original__current_2020s__22__4,cheez_it_original,Cheez-It Original Crackers,current_2020s,smartlabel.kelloggs.com,https://smartlabel.kelloggs.com/Product/Index/024100106844,brand_label_page,panel_capture_needed,high,capture_private_panel_crop_from_source_then_run_native_vision_ocr,3,0,0,0,no_private_path_supplied,"Capture or crop the source privately, then fill local_private_image_path or processed_private_image_path.",1,0
hybrid-ocr-v1,chips_ahoy_original__current_2020s__409__6,chips_ahoy_original,Chips Ahoy! Original Cookies,current_2020s,www.upcitemdb.com,https://www.upcitemdb.com/upc/44000032197,current_web_page,panel_capture_needed,high,capture_private_panel_crop_from_source_then_run_native_vision_ocr,3,0,0,0,no_private_path_supplied,"Capture or crop the source privately, then fill local_private_image_path or processed_private_image_path.",1,0
hybrid-ocr-v1,froot_loops__current_2020s__40__2,froot_loops,Kellogg's Froot Loops,current_2020s,smartlabel.kelloggs.com,https://smartlabel.kelloggs.com/Product/Index/038000198645,brand_label_page,panel_capture_needed,high,capture_private_panel_crop_from_source_then_run_native_vision_ocr,3,0,0,0,no_private_path_supplied,"Capture or crop the source privately, then fill local_private_image_path or processed_private_image_path.",1,0
hybrid-ocr-v1,frosted_flakes__current_2020s__41__2,frosted_flakes,Kellogg's Frosted Flakes,current_2020s,smartlabel.kelloggs.com,https://smartlabel.kelloggs.com/Product/Index/038000001299,brand_label_page,panel_capture_needed,high,capture_private_panel_crop_from_source_then_run_native_vision_ocr,3,0,0,0,no_private_path_supplied,"Capture or crop the source privately, then fill local_private_image_path or processed_private_image_path.",1,0
hybrid-ocr-v1,lays_classic__current_2020s__493__4,lays_classic,Lay's Classic Potato Chips,current_2020s,smartlabel.pepsico.info,https://smartlabel.pepsico.info/028400090858-0020-en-US/index.html,brand_label_page,panel_capture_needed,high,capture_private_panel_crop_from_source_then_run_native_vision_ocr,3,0,0,0,no_private_path_supplied,"Capture or crop the source privately, then fill local_private_image_path or processed_private_image_path.",1,0
hybrid-ocr-v1,oreo_original_chocolate_sandwich_cookies__current_2020s__607__2,oreo_original_chocolate_sandwich_cookies,Oreo Original Chocolate Sandwich Cookies,current_2020s,business.walmart.com,https://business.walmart.com/ip/Oreo-Original-Cookie-13-29-oz/16255757318,retailer_page,panel_capture_needed,high,capture_private_panel_crop_from_source_then_run_native_vision_ocr,3,0,0,0,no_private_path_supplied,"Capture or crop the source privately, then fill local_private_image_path or processed_private_image_path.",1,0
hybrid-ocr-v1,poptarts_frosted_strawberry__current_2020s__721__6,poptarts_frosted_strawberry,Pop-Tarts Frosted Strawberry,current_2020s,www.poptarts.com,https://www.poptarts.com/en_US/products/all-flavors/pop-tarts-frosted-strawberry-product.html?bvstate=pg%3A15%2Fct%3Ar,current_web_page,panel_capture_needed,high,capture_private_panel_crop_from_source_then_run_native_vision_ocr,3,0,0,0,no_private_path_supplied,"Capture or crop the source privately, then fill local_private_image_path or processed_private_image_path.",1,0
hybrid-ocr-v1,reeses_peanut_butter_cups__current_2020s__1052__4,reeses_peanut_butter_cups,Reese's Peanut Butter Cups,current_2020s,smartlabel.hersheys.com,https://smartlabel.hersheys.com/00034000004409-0005#ingredients,brand_label_page,panel_capture_needed,high,capture_private_panel_crop_from_source_then_run_native_vision_ocr,3,0,0,0,no_private_path_supplied,"Capture or crop the source privately, then fill local_private_image_path or processed_private_image_path.",1,0
hybrid-ocr-v1,ritz_original_crackers__current_2020s__19__5,ritz_original_crackers,Ritz Original Crackers,current_2020s,smartlabel.mondelez.info,https://smartlabel.mondelez.info/044000069056-0001-en-US/index.html,brand_label_page,panel_capture_needed,high,capture_private_panel_crop_from_source_then_run_native_vision_ocr,3,0,0,0,no_private_path_supplied,"Capture or crop the source privately, then fill local_private_image_path or processed_private_image_path.",1,0
hybrid-ocr-v1,campbells_chicken_noodle_soup__current_2020s__529__3,campbells_chicken_noodle_soup,Campbell's Chicken Noodle Soup,current_2020s,www.thefreshgrocer.com,https://www.thefreshgrocer.com/product/campbells-condensed-chicken-noodle-soup-1075-oz-00051000012517,current_web_page,panel_capture_needed,high,capture_private_panel_crop_from_source_then_run_native_vision_ocr,3,0,0,0,no_private_path_supplied,"Capture or crop the source privately, then fill local_private_image_path or processed_private_image_path.",1,0
hybrid-ocr-v1,cheerios_original__earliest_verified_label__368__1,cheerios_original,Cheerios Original,earliest_verified_label,www.flickr.com,https://www.flickr.com/photos/25692985%40N07/3523833856,collector_package_photo,panel_capture_needed,high,capture_private_panel_crop_from_source_then_run_native_vision_ocr,3,0,0,0,no_private_path_supplied,"Capture or crop the source privately, then fill local_private_image_path or processed_private_image_path.",1,0
hybrid-ocr-v1,cheetos_crunchy__current_2020s__495__3,cheetos_crunchy,Cheetos Crunchy,current_2020s,smartlabel.pepsico.info,https://smartlabel.pepsico.info/028400329453-0021-en-US/index.html,brand_label_page,panel_capture_needed,high,capture_private_panel_crop_from_source_then_run_native_vision_ocr,3,0,0,0,no_private_path_supplied,"Capture or crop the source privately, then fill local_private_image_path or processed_private_image_path.",1,0
hybrid-ocr-v1,chips_ahoy_original__2010s__448__3,chips_ahoy_original,Chips Ahoy! Original Cookies,2010s,upcfoodsearch.com,https://upcfoodsearch.com/food-products/chocolate-chip-cookies/044000032197/,label_database_record,panel_capture_needed,high,capture_private_panel_crop_from_source_then_run_native_vision_ocr,3,0,0,0,no_private_path_supplied,"Capture or crop the source privately, then fill local_private_image_path or processed_private_image_path.",1,0
hybrid-ocr-v1,chips_ahoy_original__current_2020s__11__7,chips_ahoy_original,Chips Ahoy! Original Cookies,current_2020s,smartlabel.mondelez.info,https://smartlabel.mondelez.info/044000073336-0001-en-US/index.html,brand_label_page,panel_capture_needed,high,capture_private_panel_crop_from_source_then_run_native_vision_ocr,3,0,0,0,no_private_path_supplied,"Capture or crop the source privately, then fill local_private_image_path or processed_private_image_path.",1,0
hybrid-ocr-v1,coca_cola_classic__earliest_verified_label__725__1,coca_cola_classic,Coca-Cola Classic,earliest_verified_label,www.flickr.com,https://www.flickr.com/photos/studioz7/29453244726,collector_package_photo,panel_capture_needed,high,capture_private_panel_crop_from_source_then_run_native_vision_ocr,3,0,0,0,no_private_path_supplied,"Capture or crop the source privately, then fill local_private_image_path or processed_private_image_path.",1,0
hybrid-ocr-v1,doritos_nacho_cheese__current_2020s__407__1,doritos_nacho_cheese,Doritos Nacho Cheese,current_2020s,wvww.gardengrocer.com,https://wvww.gardengrocer.com/product/1762-doritos-tortilla-chips-nacho-cheese-975oz-bag,current_web_page,panel_capture_needed,high,capture_private_panel_crop_from_source_then_run_native_vision_ocr,3,0,0,0,no_private_path_supplied,"Capture or crop the source privately, then fill local_private_image_path or processed_private_image_path.",1,0
hybrid-ocr-v1,corn_flakes__current_2020s__39__3,corn_flakes,Kellogg's Corn Flakes,current_2020s,smartlabel.kelloggs.com,https://smartlabel.kelloggs.com/Product/Index/038000001305,brand_label_page,panel_capture_needed,high,capture_private_panel_crop_from_source_then_run_native_vision_ocr,3,0,0,0,no_private_path_supplied,"Capture or crop the source privately, then fill local_private_image_path or processed_private_image_path.",1,0
hybrid-ocr-v1,kraft_macaroni_and_cheese_original__current_2020s__464__1,kraft_macaroni_and_cheese_original,Kraft Macaroni & Cheese Original,current_2020s,www.walmart.com,https://www.walmart.com/ip/1178903502,retailer_page,panel_capture_needed,high,capture_private_panel_crop_from_source_then_run_native_vision_ocr,3,0,0,0,no_private_path_supplied,"Capture or crop the source privately, then fill local_private_image_path or processed_private_image_path.",1,0
hybrid-ocr-v1,lays_classic__2010s__27__1,lays_classic,Lay's Classic Potato Chips,2010s,lays.backend.headless.majestic.dev,https://lays.backend.headless.majestic.dev/products/lays-classic-potato-chips,current_web_page,panel_capture_needed,high,capture_private_panel_crop_from_source_then_run_native_vision_ocr,3,0,0,0,no_private_path_supplied,"Capture or crop the source privately, then fill local_private_image_path or processed_private_image_path.",1,0
hybrid-ocr-v1,lays_classic__current_2020s__492__5,lays_classic,Lay's Classic Potato Chips,current_2020s,smartlabel.pepsico.info,https://smartlabel.pepsico.info/028400199148-0033-en-US/index.html,brand_label_page,panel_capture_needed,high,capture_private_panel_crop_from_source_then_run_native_vision_ocr,3,0,0,0,no_private_path_supplied,"Capture or crop the source privately, then fill local_private_image_path or processed_private_image_path.",1,0
hybrid-ocr-v1,poptarts_frosted_strawberry__current_2020s__722__7,poptarts_frosted_strawberry,Pop-Tarts Frosted Strawberry,current_2020s,smartlabel.kelloggs.com,https://smartlabel.kelloggs.com/en_US/Product/Index/00038000317316,brand_label_page,panel_capture_needed,high,capture_private_panel_crop_from_source_then_run_native_vision_ocr,3,0,0,0,no_private_path_supplied,"Capture or crop the source privately, then fill local_private_image_path or processed_private_image_path.",1,0
hybrid-ocr-v1,ritz_original_crackers__2010s__446__2,ritz_original_crackers,Ritz Original Crackers,2010s,www.foodrepo.org,https://www.foodrepo.org/en/products/55269,label_database_record,panel_capture_needed,high,capture_private_panel_crop_from_source_then_run_native_vision_ocr,3,0,0,0,no_private_path_supplied,"Capture or crop the source privately, then fill local_private_image_path or processed_private_image_path.",1,0
hybrid-ocr-v1,campbells_chicken_noodle_soup__current_2020s__37__4,campbells_chicken_noodle_soup,Campbell's Chicken Noodle Soup,current_2020s,www.walmart.com,https://www.walmart.com/ip/Campbell-s-Condensed-Chicken-Noodle-Soup-10-75-oz-Can/10321681,retailer_page,panel_capture_needed,high,capture_private_panel_crop_from_source_then_run_native_vision_ocr,3,0,0,0,no_private_path_supplied,"Capture or crop the source privately, then fill local_private_image_path or processed_private_image_path.",1,0
hybrid-ocr-v1,doritos_nacho_cheese__current_2020s__250__2,doritos_nacho_cheese,Doritos Nacho Cheese,current_2020s,www.kroger.com,https://www.kroger.com/p/doritos-nacho-cheese-flavored-tortilla-chips/0002840033579,retailer_page,panel_capture_needed,high,capture_private_panel_crop_from_source_then_run_native_vision_ocr,3,0,0,0,no_private_path_supplied,"Capture or crop the source privately, then fill local_private_image_path or processed_private_image_path.",1,0
hybrid-ocr-v1,kraft_macaroni_and_cheese_original__current_2020s__465__2,kraft_macaroni_and_cheese_original,Kraft Macaroni & Cheese Original,current_2020s,giantfood.com,https://giantfood.com/groceries/rice-pasta-beans/packaged-meals-sides/macaroni-cheese/macaroni-cheese-boxed/kraft-original-flavor-mac-cheese-dinner-725-oz-box.html,current_web_page,panel_capture_needed,high,capture_private_panel_crop_from_source_then_run_native_vision_ocr,3,0,0,0,no_private_path_supplied,"Capture or crop the source privately, then fill local_private_image_path or processed_private_image_path.",1,0
hybrid-ocr-v1,oreo_original_chocolate_sandwich_cookies__current_2020s__372__4,oreo_original_chocolate_sandwich_cookies,Oreo Original Chocolate Sandwich Cookies,current_2020s,smartlabel.mondelez.info,https://smartlabel.mondelez.info/00044000032029-0001-en-US/index.html,brand_label_page,panel_capture_needed,high,capture_private_panel_crop_from_source_then_run_native_vision_ocr,3,0,0,0,no_private_path_supplied,"Capture or crop the source privately, then fill local_private_image_path or processed_private_image_path.",1,0
hybrid-ocr-v1,ritz_original_crackers__2000s__446__1,ritz_original_crackers,Ritz Original Crackers,2000s,www.foodrepo.org,https://www.foodrepo.org/en/products/55269,label_database_record,panel_capture_needed,high,capture_private_panel_crop_from_source_then_run_native_vision_ocr,3,0,0,0,no_private_path_supplied,"Capture or crop the source privately, then fill local_private_image_path or processed_private_image_path.",1,0
hybrid-ocr-v1,ritz_original_crackers__2010s__447__3,ritz_original_crackers,Ritz Original Crackers,2010s,www.foodrepo.org,https://www.foodrepo.org/en/products/243058,label_database_record,panel_capture_needed,high,capture_private_panel_crop_from_source_then_run_native_vision_ocr,3,0,0,0,no_private_path_supplied,"Capture or crop the source privately, then fill local_private_image_path or processed_private_image_path.",1,0
hybrid-ocr-v1,ritz_original_crackers__current_2020s__447__7,ritz_original_crackers,Ritz Original Crackers,current_2020s,www.foodrepo.org,https://www.foodrepo.org/en/products/243058,label_database_record,panel_capture_needed,high,capture_private_panel_crop_from_source_then_run_native_vision_ocr,3,0,0,0,no_private_path_supplied,"Capture or crop the source privately, then fill local_private_image_path or processed_private_image_path.",1,0
hybrid-ocr-v1,campbells_chicken_noodle_soup__current_2020s__36__5,campbells_chicken_noodle_soup,Campbell's Chicken Noodle Soup,current_2020s,www.campbells.com,https://www.campbells.com/products/condensed/chicken-noodle-soup/,current_web_page,panel_capture_needed,high,capture_private_panel_crop_from_source_then_run_native_vision_ocr,3,0,0,0,no_private_path_supplied,"Capture or crop the source privately, then fill local_private_image_path or processed_private_image_path.",1,0
hybrid-ocr-v1,cheerios_original__current_2020s__10__1,cheerios_original,Cheerios Original,current_2020s,www.cheerios.com,https://www.cheerios.com/products/original-cheerios,current_web_page,panel_capture_needed,high,capture_private_panel_crop_from_source_then_run_native_vision_ocr,3,0,0,0,no_private_path_supplied,"Capture or crop the source privately, then fill local_private_image_path or processed_private_image_path.",1,0
hybrid-ocr-v1,chips_ahoy_original__current_2020s__12__1,chips_ahoy_original,Chips Ahoy! Original Cookies,current_2020s,www.kroger.com,https://www.kroger.com/p/chips-ahoy-original-chocolate-chip-cookies/0004400003219,retailer_page,panel_capture_needed,high,capture_private_panel_crop_from_source_then_run_native_vision_ocr,3,0,0,0,no_private_path_supplied,"Capture or crop the source privately, then fill local_private_image_path or processed_private_image_path.",1,0
hybrid-ocr-v1,doritos_nacho_cheese__current_2020s__469__3,doritos_nacho_cheese,Doritos Nacho Cheese,current_2020s,www.heb.com,https://www.heb.com/product-detail/doritos-nacho-cheese-flavored-tortilla-chips/1530760,current_web_page,panel_capture_needed,high,capture_private_panel_crop_from_source_then_run_native_vision_ocr,3,0,0,0,no_private_path_supplied,"Capture or crop the source privately, then fill local_private_image_path or processed_private_image_path.",1,0
hybrid-ocr-v1,heinz_tomato_ketchup__current_2020s__848__7,heinz_tomato_ketchup,Heinz Tomato Ketchup,current_2020s,www.walmart.com,https://www.walmart.com/ip/149302230,retailer_page,panel_capture_needed,high,capture_private_panel_crop_from_source_then_run_native_vision_ocr,3,0,0,0,no_private_path_supplied,"Capture or crop the source privately, then fill local_private_image_path or processed_private_image_path.",1,0
hybrid-ocr-v1,honey_nut_cheerios__earliest_verified_label__370__1,honey_nut_cheerios,Honey Nut Cheerios,earliest_verified_label,www.flickr.com,https://www.flickr.com/photos/jasonliebigstuff/3214563110,collector_package_photo,panel_capture_needed,high,capture_private_panel_crop_from_source_then_run_native_vision_ocr,3,0,0,0,no_private_path_supplied,"Capture or crop the source privately, then fill local_private_image_path or processed_private_image_path.",1,0
hybrid-ocr-v1,twinkies__current_2020s__299__1,twinkies,Hostess Twinkies,current_2020s,www.walmart.com,https://www.walmart.com/ip/36462419,retailer_page,panel_capture_needed,high,capture_private_panel_crop_from_source_then_run_native_vision_ocr,3,0,0,0,no_private_path_supplied,"Capture or crop the source privately, then fill local_private_image_path or processed_private_image_path.",1,0
hybrid-ocr-v1,kraft_macaroni_and_cheese_original__current_2020s__252__3,kraft_macaroni_and_cheese_original,Kraft Macaroni & Cheese Original,current_2020s,www.kroger.com,https://www.kroger.com/p/kraft-original-mac-n-cheese-macaroni-and-cheese-dinner/0002100065883,retailer_page,panel_capture_needed,high,capture_private_panel_crop_from_source_then_run_native_vision_ocr,3,0,0,0,no_private_path_supplied,"Capture or crop the source privately, then fill local_private_image_path or processed_private_image_path.",1,0
hybrid-ocr-v1,mountain_dew_original__current_2020s__34__3,mountain_dew_original,Mountain Dew Original,current_2020s,smartlabel.pepsico.info,https://smartlabel.pepsico.info/012000809897-0001-en-US/index.html,brand_label_page,panel_capture_needed,high,capture_private_panel_crop_from_source_then_run_native_vision_ocr,3,0,0,0,no_private_path_supplied,"Capture or crop the source privately, then fill local_private_image_path or processed_private_image_path.",1,0
hybrid-ocr-v1,poptarts_brown_sugar_cinnamon__current_2020s__43__5,poptarts_brown_sugar_cinnamon,Pop-Tarts Frosted Brown Sugar Cinnamon,current_2020s,smartlabel.kelloggs.com,https://smartlabel.kelloggs.com/Product/Index/038000317309,brand_label_page,panel_capture_needed,high,capture_private_panel_crop_from_source_then_run_native_vision_ocr,3,0,0,0,no_private_path_supplied,"Capture or crop the source privately, then fill local_private_image_path or processed_private_image_path.",1,0
hybrid-ocr-v1,poptarts_frosted_strawberry__current_2020s__254__1,poptarts_frosted_strawberry,Pop-Tarts Frosted Strawberry,current_2020s,www.walmart.com,https://www.walmart.com/ip/759722026,retailer_page,panel_capture_needed,high,capture_private_panel_crop_from_source_then_run_native_vision_ocr,3,0,0,0,no_private_path_supplied,"Capture or crop the source privately, then fill local_private_image_path or processed_private_image_path.",1,0
hybrid-ocr-v1,ritz_original_crackers__earliest_verified_label__401__2,ritz_original_crackers,Ritz Original Crackers,earliest_verified_label,www.flickr.com,https://www.flickr.com/photos/25692985%40N07/3780750883/,collector_package_photo,panel_capture_needed,high,capture_private_panel_crop_from_source_then_run_native_vision_ocr,3,0,0,0,no_private_path_supplied,"Capture or crop the source privately, then fill local_private_image_path or processed_private_image_path.",1,0
hybrid-ocr-v1,campbells_chicken_noodle_soup__current_2020s__858__6,campbells_chicken_noodle_soup,Campbell's Chicken Noodle Soup,current_2020s,www.thefreshgrocer.com,https://www.thefreshgrocer.com/sm/pickup/rsid/2000/product/campbells-condensed-chicken-noodle-soup-1075-oz-id-00051000012511,current_web_page,panel_capture_needed,high,capture_private_panel_crop_from_source_then_run_native_vision_ocr,3,0,0,0,no_private_path_supplied,"Capture or crop the source privately, then fill local_private_image_path or processed_private_image_path.",1,0
hybrid-ocr-v1,campbells_tomato_soup__current_2020s__726__8,campbells_tomato_soup,Campbell's Condensed Tomato Soup,current_2020s,www.campbells.com,https://www.campbells.com/products/condensed/family-size-tomato-soup/,current_web_page,panel_capture_needed,high,capture_private_panel_crop_from_source_then_run_native_vision_ocr,3,0,0,0,no_private_path_supplied,"Capture or crop the source privately, then fill local_private_image_path or processed_private_image_path.",1,0
hybrid-ocr-v1,campbells_tomato_soup__current_2020s__971__10,campbells_tomato_soup,Campbell's Condensed Tomato Soup,current_2020s,www.ingredientinspector.org,https://www.ingredientinspector.org/home/campbells-tomato-soup-ingredients,current_web_page,panel_capture_needed,high,capture_private_panel_crop_from_source_then_run_native_vision_ocr,3,0,0,0,no_private_path_supplied,"Capture or crop the source privately, then fill local_private_image_path or processed_private_image_path.",1,0
hybrid-ocr-v1,cheerios_original__earliest_verified_label__460__11,cheerios_original,Cheerios Original,earliest_verified_label,www.mashed.com,https://www.mashed.com/1561524/first-cheerios-unrecognizable/,ad_or_trade_catalog,panel_capture_needed,high,capture_private_panel_crop_from_source_then_run_native_vision_ocr,3,0,0,0,no_private_path_supplied,"Capture or crop the source privately, then fill local_private_image_path or processed_private_image_path.",1,0
hybrid-ocr-v1,chips_ahoy_original__current_2020s__253__2,chips_ahoy_original,Chips Ahoy! Original Cookies,current_2020s,www.walmart.com,https://www.walmart.com/ip/17176252,retailer_page,panel_capture_needed,high,capture_private_panel_crop_from_source_then_run_native_vision_ocr,3,0,0,0,no_private_path_supplied,"Capture or crop the source privately, then fill local_private_image_path or processed_private_image_path.",1,0
hybrid-ocr-v1,pepperidge_farm_goldfish_cheddar__current_2020s__47__4,pepperidge_farm_goldfish_cheddar,Pepperidge Farm Goldfish Cheddar,current_2020s,www.pepperidgefarm.com,https://www.pepperidgefarm.com/product/goldfish-cheddar-crackers/,current_web_page,panel_capture_needed,high,capture_private_panel_crop_from_source_then_run_native_vision_ocr,3,0,0,0,no_private_path_supplied,"Capture or crop the source privately, then fill local_private_image_path or processed_private_image_path.",1,0
hybrid-ocr-v1,poptarts_brown_sugar_cinnamon__current_2020s__536__6,poptarts_brown_sugar_cinnamon,Pop-Tarts Frosted Brown Sugar Cinnamon,current_2020s,smartlabel.kelloggs.com,https://smartlabel.kelloggs.com/Product/Index/038000311307,brand_label_page,panel_capture_needed,high,capture_private_panel_crop_from_source_then_run_native_vision_ocr,3,0,0,0,no_private_path_supplied,"Capture or crop the source privately, then fill local_private_image_path or processed_private_image_path.",1,0
hybrid-ocr-v1,ritz_original_crackers__current_2020s__318__1,ritz_original_crackers,Ritz Original Crackers,current_2020s,www.walmart.com,https://www.walmart.com/ip/34632324,retailer_page,panel_capture_needed,high,capture_private_panel_crop_from_source_then_run_native_vision_ocr,3,0,0,0,no_private_path_supplied,"Capture or crop the source privately, then fill local_private_image_path or processed_private_image_path.",1,0
hybrid-ocr-v1,campbells_tomato_soup__current_2020s__501__1,campbells_tomato_soup,Campbell's Condensed Tomato Soup,current_2020s,www.campbells.com,https://www.campbells.com/products/condensed/tomato-soup/,current_web_page,panel_capture_needed,high,capture_private_panel_crop_from_source_then_run_native_vision_ocr,3,0,0,0,no_private_path_supplied,"Capture or crop the source privately, then fill local_private_image_path or processed_private_image_path.",1,0
hybrid-ocr-v1,capn_crunch_original__current_2020s__440__3,capn_crunch_original,Cap'n Crunch Original,current_2020s,underunderstood.com,https://underunderstood.com/podcast/episode/capn-crunch-smaller/,current_web_page,panel_capture_needed,high,capture_private_panel_crop_from_source_then_run_native_vision_ocr,3,0,0,0,no_private_path_supplied,"Capture or crop the source privately, then fill local_private_image_path or processed_private_image_path.",1,0
hybrid-ocr-v1,cheez_it_original__current_2020s__21__1,cheez_it_original,Cheez-It Original Crackers,current_2020s,www.cheezit.com,https://www.cheezit.com/en-us/products/cheez-it-original-crackers-product.html,current_web_page,panel_capture_needed,high,capture_private_panel_crop_from_source_then_run_native_vision_ocr,3,0,0,0,no_private_path_supplied,"Capture or crop the source privately, then fill local_private_image_path or processed_private_image_path.",1,0
hybrid-ocr-v1,chips_ahoy_original__current_2020s__408__3,chips_ahoy_original,Chips Ahoy! Original Cookies,current_2020s,www.thefreshgrocer.com,https://www.thefreshgrocer.com/sm/planning/rsid/484/product/nabisco-chips-ahoy-original-real-chocolate-chip-cookies-13-oz-id-00044000032197,current_web_page,panel_capture_needed,high,capture_private_panel_crop_from_source_then_run_native_vision_ocr,3,0,0,0,no_private_path_supplied,"Capture or crop the source privately, then fill local_private_image_path or processed_private_image_path.",1,0
hybrid-ocr-v1,heinz_tomato_ketchup__current_2020s__505__1,heinz_tomato_ketchup,Heinz Tomato Ketchup,current_2020s,www.walmart.com,https://www.walmart.com/ip/20971263,retailer_page,panel_capture_needed,high,capture_private_panel_crop_from_source_then_run_native_vision_ocr,3,0,0,0,no_private_path_supplied,"Capture or crop the source privately, then fill local_private_image_path or processed_private_image_path.",1,0
hybrid-ocr-v1,honey_nut_cheerios__current_2020s__31__1,honey_nut_cheerios,Honey Nut Cheerios,current_2020s,www.cheerios.com,https://www.cheerios.com/products/honey-nut-cheerios,current_web_page,panel_capture_needed,high,capture_private_panel_crop_from_source_then_run_native_vision_ocr,3,0,0,0,no_private_path_supplied,"Capture or crop the source privately, then fill local_private_image_path or processed_private_image_path.",1,0
hybrid-ocr-v1,jello_strawberry_gelatin__current_2020s__53__3,jello_strawberry_gelatin,Jell-O Strawberry Gelatin,current_2020s,www.kroger.com,https://www.kroger.com/p/jello-strawberry-gelatin-dessert-mix-family-size-box/0004300020051,retailer_page,panel_capture_needed,high,capture_private_panel_crop_from_source_then_run_native_vision_ocr,3,0,0,0,no_private_path_supplied,"Capture or crop the source privately, then fill local_private_image_path or processed_private_image_path.",1,0
hybrid-ocr-v1,froot_loops__earliest_verified_label__330__1,froot_loops,Kellogg's Froot Loops,earliest_verified_label,www.flickr.com,https://www.flickr.com/photos/25692985%40N07/3502316339,collector_package_photo,panel_capture_needed,high,capture_private_panel_crop_from_source_then_run_native_vision_ocr,3,0,0,0,no_private_path_supplied,"Capture or crop the source privately, then fill local_private_image_path or processed_private_image_path.",1,0
hybrid-ocr-v1,frosted_flakes__earliest_verified_label__405__1,frosted_flakes,Kellogg's Frosted Flakes,earliest_verified_label,www.flickr.com,https://www.flickr.com/photos/25692985%40N07/3544406888,collector_package_photo,panel_capture_needed,high,capture_private_panel_crop_from_source_then_run_native_vision_ocr,3,0,0,0,no_private_path_supplied,"Capture or crop the source privately, then fill local_private_image_path or processed_private_image_path.",1,0
hybrid-ocr-v1,rice_krispies__current_2020s__55__3,rice_krispies,Kellogg's Rice Krispies,current_2020s,smartlabel.wkkellogg.com,https://smartlabel.wkkellogg.com/Product/Index?gtin=00038000005657,brand_label_page,panel_capture_needed,high,capture_private_panel_crop_from_source_then_run_native_vision_ocr,3,0,0,0,no_private_path_supplied,"Capture or crop the source privately, then fill local_private_image_path or processed_private_image_path.",1,0
hybrid-ocr-v1,kraft_macaroni_and_cheese_original__current_2020s__411__5,kraft_macaroni_and_cheese_original,Kraft Macaroni & Cheese Original,current_2020s,www.super99.com,https://www.super99.com/20113956-kraft-macaroni-and-cheese-original-156g,current_web_page,panel_capture_needed,high,capture_private_panel_crop_from_source_then_run_native_vision_ocr,3,0,0,0,no_private_path_supplied,"Capture or crop the source privately, then fill local_private_image_path or processed_private_image_path.",1,0
hybrid-ocr-v1,lays_classic__current_2020s__311__1,lays_classic,Lay's Classic Potato Chips,current_2020s,www.walmart.com,https://www.walmart.com/ip/33282303,retailer_page,panel_capture_needed,high,capture_private_panel_crop_from_source_then_run_native_vision_ocr,3,0,0,0,no_private_path_supplied,"Capture or crop the source privately, then fill local_private_image_path or processed_private_image_path.",1,0
hybrid-ocr-v1,mountain_dew_original__current_2020s__862__5,mountain_dew_original,Mountain Dew Original,current_2020s,smartlabel.pepsico.info,https://smartlabel.pepsico.info/012000001574-0001-en-US/index.html,brand_label_page,panel_capture_needed,high,capture_private_panel_crop_from_source_then_run_native_vision_ocr,3,0,0,0,no_private_path_supplied,"Capture or crop the source privately, then fill local_private_image_path or processed_private_image_path.",1,0
hybrid-ocr-v1,pepsi_cola__current_2020s__259__1,pepsi_cola,Pepsi Cola,current_2020s,smartlabel.pepsico.info,https://smartlabel.pepsico.info/012000192524-0014-en-US/index.html,brand_label_page,panel_capture_needed,high,capture_private_panel_crop_from_source_then_run_native_vision_ocr,3,0,0,0,no_private_path_supplied,"Capture or crop the source privately, then fill local_private_image_path or processed_private_image_path.",1,0
hybrid-ocr-v1,poptarts_brown_sugar_cinnamon__current_2020s__853__7,poptarts_brown_sugar_cinnamon,Pop-Tarts Frosted Brown Sugar Cinnamon,current_2020s,smartlabel.kelloggs.com,https://smartlabel.kelloggs.com/Product/Index/00038000311307,brand_label_page,panel_capture_needed,high,capture_private_panel_crop_from_source_then_run_native_vision_ocr,3,0,0,0,no_private_path_supplied,"Capture or crop the source privately, then fill local_private_image_path or processed_private_image_path.",1,0
hybrid-ocr-v1,pringles_original__current_2020s__48__5,pringles_original,Pringles Original Crisps,current_2020s,www.pringles.com,https://www.pringles.com/en-us/products/pringles-original-crisps.html,current_web_page,panel_capture_needed,high,capture_private_panel_crop_from_source_then_run_native_vision_ocr,3,0,0,0,no_private_path_supplied,"Capture or crop the source privately, then fill local_private_image_path or processed_private_image_path.",1,0
hybrid-ocr-v1,reeses_peanut_butter_cups__current_2020s__35__1,reeses_peanut_butter_cups,Reese's Peanut Butter Cups,current_2020s,smartlabel.hersheys.com,https://smartlabel.hersheys.com/034000430000-0001-en-US/index.html,brand_label_page,panel_capture_needed,high,capture_private_panel_crop_from_source_then_run_native_vision_ocr,3,0,0,0,no_private_path_supplied,"Capture or crop the source privately, then fill local_private_image_path or processed_private_image_path.",1,0
hybrid-ocr-v1,wheat_thins_original__current_2020s__56__3,wheat_thins_original,Wheat Thins Original,current_2020s,www.kroger.com,https://www.kroger.com/p/wheat-thins-original-whole-grain-wheat-crackers/0004400006918,retailer_page,panel_capture_needed,high,capture_private_panel_crop_from_source_then_run_native_vision_ocr,3,0,0,0,no_private_path_supplied,"Capture or crop the source privately, then fill local_private_image_path or processed_private_image_path.",1,0
hybrid-ocr-v1,campbells_tomato_soup__current_2020s__845__2,campbells_tomato_soup,Campbell's Condensed Tomato Soup,current_2020s,www.walmart.com,https://www.walmart.com/ip/43346748,retailer_page,panel_capture_needed,high,capture_private_panel_crop_from_source_then_run_native_vision_ocr,3,0,0,0,no_private_path_supplied,"Capture or crop the source privately, then fill local_private_image_path or processed_private_image_path.",1,0
hybrid-ocr-v1,cheez_it_original__current_2020s__509__2,cheez_it_original,Cheez-It Original Crackers,current_2020s,www.kroger.com,https://www.kroger.com/p/cheez-ita-original-cheese-crackers/0002410010685,retailer_page,panel_capture_needed,high,capture_private_panel_crop_from_source_then_run_native_vision_ocr,3,0,0,0,no_private_path_supplied,"Capture or crop the source privately, then fill local_private_image_path or processed_private_image_path.",1,0
hybrid-ocr-v1,chips_ahoy_original__current_2020s__482__4,chips_ahoy_original,Chips Ahoy! Original Cookies,current_2020s,www.walmart.com,https://www.walmart.com/ip/10292127,retailer_page,panel_capture_needed,high,capture_private_panel_crop_from_source_then_run_native_vision_ocr,3,0,0,0,no_private_path_supplied,"Capture or crop the source privately, then fill local_private_image_path or processed_private_image_path.",1,0
hybrid-ocr-v1,doritos_nacho_cheese__2010s__469__2,doritos_nacho_cheese,Doritos Nacho Cheese,2010s,www.heb.com,https://www.heb.com/product-detail/doritos-nacho-cheese-flavored-tortilla-chips/1530760,current_web_page,panel_capture_needed,high,capture_private_panel_crop_from_source_then_run_native_vision_ocr,3,0,0,0,no_private_path_supplied,"Capture or crop the source privately, then fill local_private_image_path or processed_private_image_path.",1,0
hybrid-ocr-v1,dr_pepper_original__current_2020s__52__4,dr_pepper_original,Dr Pepper Original,current_2020s,www.kroger.com,https://www.kroger.com/p/dr-pepper/0007800008216,retailer_page,panel_capture_needed,high,capture_private_panel_crop_from_source_then_run_native_vision_ocr,3,0,0,0,no_private_path_supplied,"Capture or crop the source privately, then fill local_private_image_path or processed_private_image_path.",1,0
hybrid-ocr-v1,heinz_tomato_ketchup__current_2020s__504__2,heinz_tomato_ketchup,Heinz Tomato Ketchup,current_2020s,www.walmart.com,https://www.walmart.com/ip/19362103123,retailer_page,panel_capture_needed,high,capture_private_panel_crop_from_source_then_run_native_vision_ocr,3,0,0,0,no_private_path_supplied,"Capture or crop the source privately, then fill local_private_image_path or processed_private_image_path.",1,0
hybrid-ocr-v1,frosted_flakes__earliest_verified_label__478__2,frosted_flakes,Kellogg's Frosted Flakes,earliest_verified_label,www.flickr.com,https://www.flickr.com/photos/25692985%40N07/3598792821,collector_package_photo,panel_capture_needed,high,capture_private_panel_crop_from_source_then_run_native_vision_ocr,3,0,0,0,no_private_path_supplied,"Capture or crop the source privately, then fill local_private_image_path or processed_private_image_path.",1,0
hybrid-ocr-v1,mountain_dew_original__current_2020s__992__6,mountain_dew_original,Mountain Dew Original,current_2020s,smartlabel.pepsico.info,https://smartlabel.pepsico.info/012000002977-0001-en-US/index.html,brand_label_page,panel_capture_needed,high,capture_private_panel_crop_from_source_then_run_native_vision_ocr,3,0,0,0,no_private_path_supplied,"Capture or crop the source privately, then fill local_private_image_path or processed_private_image_path.",1,0
hybrid-ocr-v1,pepsi_cola__current_2020s__666__2,pepsi_cola,Pepsi Cola,current_2020s,www.wegmans.com,https://www.wegmans.com/shop/product/18297-Cola,retailer_page,panel_capture_needed,high,capture_private_panel_crop_from_source_then_run_native_vision_ocr,3,0,0,0,no_private_path_supplied,"Capture or crop the source privately, then fill local_private_image_path or processed_private_image_path.",1,0
hybrid-ocr-v1,poptarts_brown_sugar_cinnamon__current_2020s__854__4,poptarts_brown_sugar_cinnamon,Pop-Tarts Frosted Brown Sugar Cinnamon,current_2020s,www.kroger.com,https://www.kroger.com/p/pop-tarts-frosted-brown-sugar-cinnamon-toaster-pastries/0003800022261,retailer_page,panel_capture_needed,high,capture_private_panel_crop_from_source_then_run_native_vision_ocr,3,0,0,0,no_private_path_supplied,"Capture or crop the source privately, then fill local_private_image_path or processed_private_image_path.",1,0
hybrid-ocr-v1,pringles_original__current_2020s__860__6,pringles_original,Pringles Original Crisps,current_2020s,www.pringles.com,https://www.pringles.com/en-us/products/crisps/pringles-original.html,current_web_page,panel_capture_needed,high,capture_private_panel_crop_from_source_then_run_native_vision_ocr,3,0,0,0,no_private_path_supplied,"Capture or crop the source privately, then fill local_private_image_path or processed_private_image_path.",1,0
hybrid-ocr-v1,reeses_peanut_butter_cups__current_2020s__1067__2,reeses_peanut_butter_cups,Reese's Peanut Butter Cups,current_2020s,www.walmart.com,https://www.walmart.com/ip/15937621010,retailer_page,panel_capture_needed,high,capture_private_panel_crop_from_source_then_run_native_vision_ocr,3,0,0,0,no_private_path_supplied,"Capture or crop the source privately, then fill local_private_image_path or processed_private_image_path.",1,0
hybrid-ocr-v1,wheat_thins_original__current_2020s__57__4,wheat_thins_original,Wheat Thins Original,current_2020s,www.directionsforme.org,https://www.directionsforme.org/product/75431,label_database_record,panel_capture_needed,high,capture_private_panel_crop_from_source_then_run_native_vision_ocr,3,0,0,0,no_private_path_supplied,"Capture or crop the source privately, then fill local_private_image_path or processed_private_image_path.",1,0
hybrid-ocr-v1,campbells_chicken_noodle_soup__current_2020s__312__1,campbells_chicken_noodle_soup,Campbell's Chicken Noodle Soup,current_2020s,www.walmart.com,https://www.walmart.com/ip/10321674,retailer_page,panel_capture_needed,high,capture_private_panel_crop_from_source_then_run_native_vision_ocr,3,0,0,0,no_private_path_supplied,"Capture or crop the source privately, then fill local_private_image_path or processed_private_image_path.",1,0
hybrid-ocr-v1,campbells_tomato_soup__current_2020s__281__3,campbells_tomato_soup,Campbell's Condensed Tomato Soup,current_2020s,www.walmart.com,https://www.walmart.com/ip/10321636,retailer_page,panel_capture_needed,high,capture_private_panel_crop_from_source_then_run_native_vision_ocr,3,0,0,0,no_private_path_supplied,"Capture or crop the source privately, then fill local_private_image_path or processed_private_image_path.",1,0
hybrid-ocr-v1,cheetos_crunchy__current_2020s__267__1,cheetos_crunchy,Cheetos Crunchy,current_2020s,www.walmart.com,https://www.walmart.com/ip/16306222837,retailer_page,panel_capture_needed,high,capture_private_panel_crop_from_source_then_run_native_vision_ocr,3,0,0,0,no_private_path_supplied,"Capture or crop the source privately, then fill local_private_image_path or processed_private_image_path.",1,0
hybrid-ocr-v1,cheez_it_original__current_2020s__510__3,cheez_it_original,Cheez-It Original Crackers,current_2020s,www.kroger.com,https://www.kroger.com/p/cheezit-original-baked-snack-crackers/0002410012464,retailer_page,panel_capture_needed,high,capture_private_panel_crop_from_source_then_run_native_vision_ocr,3,0,0,0,no_private_path_supplied,"Capture or crop the source privately, then fill local_private_image_path or processed_private_image_path.",1,0
hybrid-ocr-v1,chips_ahoy_original__2010s__482__1,chips_ahoy_original,Chips Ahoy! Original Cookies,2010s,www.walmart.com,https://www.walmart.com/ip/10292127,retailer_page,panel_capture_needed,high,capture_private_panel_crop_from_source_then_run_native_vision_ocr,3,0,0,0,no_private_path_supplied,"Capture or crop the source privately, then fill local_private_image_path or processed_private_image_path.",1,0
hybrid-ocr-v1,chips_ahoy_original__current_2020s__481__5,chips_ahoy_original,Chips Ahoy! Original Cookies,current_2020s,www.walmart.com,https://www.walmart.com/ip/174419753,retailer_page,panel_capture_needed,high,capture_private_panel_crop_from_source_then_run_native_vision_ocr,3,0,0,0,no_private_path_supplied,"Capture or crop the source privately, then fill local_private_image_path or processed_private_image_path.",1,0
hybrid-ocr-v1,heinz_tomato_ketchup__current_2020s__251__3,heinz_tomato_ketchup,Heinz Tomato Ketchup,current_2020s,www.heinz.com,https://www.heinz.com/products/00013000006408-tomato-ketchup,current_web_page,panel_capture_needed,high,capture_private_panel_crop_from_source_then_run_native_vision_ocr,3,0,0,0,no_private_path_supplied,"Capture or crop the source privately, then fill local_private_image_path or processed_private_image_path.",1,0
hybrid-ocr-v1,jif_creamy_peanut_butter__current_2020s__60__3,jif_creamy_peanut_butter,Jif Creamy Peanut Butter,current_2020s,www.jif.com,https://www.jif.com/products/creamy/creamy-peanut-butter,current_web_page,panel_capture_needed,high,capture_private_panel_crop_from_source_then_run_native_vision_ocr,3,0,0,0,no_private_path_supplied,"Capture or crop the source privately, then fill local_private_image_path or processed_private_image_path.",1,0
hybrid-ocr-v1,corn_flakes__current_2020s__255__1,corn_flakes,Kellogg's Corn Flakes,current_2020s,www.wkkellogg.com,https://www.wkkellogg.com/products/kellogg-s-corn-flakes-cereal-product,current_web_page,panel_capture_needed,high,capture_private_panel_crop_from_source_then_run_native_vision_ocr,3,0,0,0,no_private_path_supplied,"Capture or crop the source privately, then fill local_private_image_path or processed_private_image_path.",1,0
hybrid-ocr-v1,froot_loops__current_2020s__256__1,froot_loops,Kellogg's Froot Loops,current_2020s,www.wkkellogg.com,https://www.wkkellogg.com/products/froot-loops-cereal,current_web_page,panel_capture_needed,high,capture_private_panel_crop_from_source_then_run_native_vision_ocr,3,0,0,0,no_private_path_supplied,"Capture or crop the source privately, then fill local_private_image_path or processed_private_image_path.",1,0
hybrid-ocr-v1,frosted_flakes__current_2020s__257__1,frosted_flakes,Kellogg's Frosted Flakes,current_2020s,www.wkkellogg.com,https://www.wkkellogg.com/products/kellogg-s-frosted-flakes-cereal-product,current_web_page,panel_capture_needed,high,capture_private_panel_crop_from_source_then_run_native_vision_ocr,3,0,0,0,no_private_path_supplied,"Capture or crop the source privately, then fill local_private_image_path or processed_private_image_path.",1,0
hybrid-ocr-v1,lucky_charms__current_2020s__42__1,lucky_charms,Lucky Charms,current_2020s,www.luckycharms.com,https://www.luckycharms.com/products/lucky-charms-original-cereal,current_web_page,panel_capture_needed,high,capture_private_panel_crop_from_source_then_run_native_vision_ocr,3,0,0,0,no_private_path_supplied,"Capture or crop the source privately, then fill local_private_image_path or processed_private_image_path.",1,0
hybrid-ocr-v1,lucky_charms__earliest_verified_label__276__3,lucky_charms,Lucky Charms,earliest_verified_label,www.flickr.com,https://www.flickr.com/photos/neatocoolville/423218445,collector_package_photo,panel_capture_needed,high,capture_private_panel_crop_from_source_then_run_native_vision_ocr,3,0,0,0,no_private_path_supplied,"Capture or crop the source privately, then fill local_private_image_path or processed_private_image_path.",1,0
hybrid-ocr-v1,mountain_dew_original__current_2020s__993__7,mountain_dew_original,Mountain Dew Original,current_2020s,smartlabel.myproduct.info,https://smartlabel.myproduct.info/012000001314-0010-en-US/index.html,brand_label_page,panel_capture_needed,high,capture_private_panel_crop_from_source_then_run_native_vision_ocr,3,0,0,0,no_private_path_supplied,"Capture or crop the source privately, then fill local_private_image_path or processed_private_image_path.",1,0
hybrid-ocr-v1,poptarts_brown_sugar_cinnamon__current_2020s__537__1,poptarts_brown_sugar_cinnamon,Pop-Tarts Frosted Brown Sugar Cinnamon,current_2020s,www.poptarts.com,https://www.poptarts.com/en_US/products/all-flavors/pop-tarts-frosted-brown-sugar-cinnamon-product.html,current_web_page,panel_capture_needed,high,capture_private_panel_crop_from_source_then_run_native_vision_ocr,3,0,0,0,no_private_path_supplied,"Capture or crop the source privately, then fill local_private_image_path or processed_private_image_path.",1,0
hybrid-ocr-v1,pringles_original__current_2020s__996__7,pringles_original,Pringles Original Crisps,current_2020s,www.pringles.com,https://www.pringles.com/en-us/products/pringles-the-original-product.html?bvstate=pg%3A5%2Fct%3Ar,current_web_page,panel_capture_needed,high,capture_private_panel_crop_from_source_then_run_native_vision_ocr,3,0,0,0,no_private_path_supplied,"Capture or crop the source privately, then fill local_private_image_path or processed_private_image_path.",1,0
hybrid-ocr-v1,reeses_peanut_butter_cups__current_2020s__855__3,reeses_peanut_butter_cups,Reese's Peanut Butter Cups,current_2020s,www.walmart.com,https://www.walmart.com/ip/953919024,retailer_page,panel_capture_needed,high,capture_private_panel_crop_from_source_then_run_native_vision_ocr,3,0,0,0,no_private_path_supplied,"Capture or crop the source privately, then fill local_private_image_path or processed_private_image_path.",1,0
hybrid-ocr-v1,triscuit_original__current_2020s__936__3,triscuit_original,Triscuit Original Crackers,current_2020s,smartlabel.mondelez.info,https://smartlabel.mondelez.info/044000050986-0002-en-US/index.html,brand_label_page,panel_capture_needed,high,capture_private_panel_crop_from_source_then_run_native_vision_ocr,3,0,0,0,no_private_path_supplied,"Capture or crop the source privately, then fill local_private_image_path or processed_private_image_path.",1,0
hybrid-ocr-v1,wheat_thins_original__current_2020s__1000__5,wheat_thins_original,Wheat Thins Original,current_2020s,smartlabel.mondelez.info,https://smartlabel.mondelez.info/044000009625-0003-en-US/index.html,brand_label_page,panel_capture_needed,high,capture_private_panel_crop_from_source_then_run_native_vision_ocr,3,0,0,0,no_private_path_supplied,"Capture or crop the source privately, then fill local_private_image_path or processed_private_image_path.",1,0
hybrid-ocr-v1,cheerios_original__1980s_or_earlier__368__1,cheerios_original,Cheerios Original,1980s_or_earlier,www.flickr.com,https://www.flickr.com/photos/25692985%40N07/3523833856,collector_package_photo,panel_capture_needed,high,capture_private_panel_crop_from_source_then_run_native_vision_ocr,3,0,0,0,no_private_path_supplied,"Capture or crop the source privately, then fill local_private_image_path or processed_private_image_path.",1,0
hybrid-ocr-v1,chips_ahoy_original__2010s__481__2,chips_ahoy_original,Chips Ahoy! Original Cookies,2010s,www.walmart.com,https://www.walmart.com/ip/174419753,retailer_page,panel_capture_needed,high,capture_private_panel_crop_from_source_then_run_native_vision_ocr,3,0,0,0,no_private_path_supplied,"Capture or crop the source privately, then fill local_private_image_path or processed_private_image_path.",1,0
hybrid-ocr-v1,coca_cola_classic__1980s_or_earlier__725__1,coca_cola_classic,Coca-Cola Classic,1980s_or_earlier,www.flickr.com,https://www.flickr.com/photos/studioz7/29453244726,collector_package_photo,panel_capture_needed,high,capture_private_panel_crop_from_source_then_run_native_vision_ocr,3,0,0,0,no_private_path_supplied,"Capture or crop the source privately, then fill local_private_image_path or processed_private_image_path.",1,0
hybrid-ocr-v1,fig_newtons__current_2020s__58__4,fig_newtons,Fig Newtons,current_2020s,smartlabel.mondelez.info,https://smartlabel.mondelez.info/044000078348-0001-en-US/index.html,brand_label_page,panel_capture_needed,high,capture_private_panel_crop_from_source_then_run_native_vision_ocr,3,0,0,0,no_private_path_supplied,"Capture or crop the source privately, then fill local_private_image_path or processed_private_image_path.",1,0
hybrid-ocr-v1,heinz_tomato_ketchup__current_2020s__847__4,heinz_tomato_ketchup,Heinz Tomato Ketchup,current_2020s,www.walmart.com,https://www.walmart.com/ip/22217916,retailer_page,panel_capture_needed,high,capture_private_panel_crop_from_source_then_run_native_vision_ocr,3,0,0,0,no_private_path_supplied,"Capture or crop the source privately, then fill local_private_image_path or processed_private_image_path.",1,0
hybrid-ocr-v1,hostess_cupcakes__current_2020s__74__4,hostess_cupcakes,Hostess CupCakes,current_2020s,www.walmart.com,https://www.walmart.com/ip/35772686,retailer_page,panel_capture_needed,high,capture_private_panel_crop_from_source_then_run_native_vision_ocr,3,0,0,0,no_private_path_supplied,"Capture or crop the source privately, then fill local_private_image_path or processed_private_image_path.",1,0
hybrid-ocr-v1,corn_flakes__current_2020s__514__2,corn_flakes,Kellogg's Corn Flakes,current_2020s,www.walmart.com,https://www.walmart.com/ip/10818608,retailer_page,panel_capture_needed,high,capture_private_panel_crop_from_source_then_run_native_vision_ocr,3,0,0,0,no_private_path_supplied,"Capture or crop the source privately, then fill local_private_image_path or processed_private_image_path.",1,0
hybrid-ocr-v1,froot_loops__earliest_verified_label__435__4,froot_loops,Kellogg's Froot Loops,earliest_verified_label,www.flickr.com,https://www.flickr.com/photos/bolio88/7323343912/,collector_package_photo,panel_capture_needed,high,capture_private_panel_crop_from_source_then_run_native_vision_ocr,3,0,0,0,no_private_path_supplied,"Capture or crop the source privately, then fill local_private_image_path or processed_private_image_path.",1,0
hybrid-ocr-v1,lucky_charms__current_2020s__901__2,lucky_charms,Lucky Charms,current_2020s,www.walmart.com,https://www.walmart.com/ip/394624478,retailer_page,panel_capture_needed,high,capture_private_panel_crop_from_source_then_run_native_vision_ocr,3,0,0,0,no_private_path_supplied,"Capture or crop the source privately, then fill local_private_image_path or processed_private_image_path.",1,0
hybrid-ocr-v1,poptarts_brown_sugar_cinnamon__current_2020s__279__2,poptarts_brown_sugar_cinnamon,Pop-Tarts Frosted Brown Sugar Cinnamon,current_2020s,www.walmart.com,https://www.walmart.com/ip/15462074871,retailer_page,panel_capture_needed,high,capture_private_panel_crop_from_source_then_run_native_vision_ocr,3,0,0,0,no_private_path_supplied,"Capture or crop the source privately, then fill local_private_image_path or processed_private_image_path.",1,0
hybrid-ocr-v1,ritz_original_crackers__2010s__468__1,ritz_original_crackers,Ritz Original Crackers,2010s,www.snackworks.com,https://www.snackworks.com/products/ritz-original-crackers-family-size-206-oz/index.html,current_web_page,panel_capture_needed,high,capture_private_panel_crop_from_source_then_run_native_vision_ocr,3,0,0,0,no_private_path_supplied,"Capture or crop the source privately, then fill local_private_image_path or processed_private_image_path.",1,0
hybrid-ocr-v1,triscuit_original__current_2020s__937__4,triscuit_original,Triscuit Original Crackers,current_2020s,smartlabel.mondelez.info,https://smartlabel.mondelez.info/044000050986-0001-en-US/index.html,brand_label_page,panel_capture_needed,high,capture_private_panel_crop_from_source_then_run_native_vision_ocr,3,0,0,0,no_private_path_supplied,"Capture or crop the source privately, then fill local_private_image_path or processed_private_image_path.",1,0
hybrid-ocr-v1,wheat_thins_original__current_2020s__517__6,wheat_thins_original,Wheat Thins Original,current_2020s,spoonfulapp.com,https://spoonfulapp.com/products/wheat-thins-original-whole-grain-wheat-crackers-family-size-16-oz/MDA0NDAwMDAwMjI1MQ%3D%3D,current_web_page,panel_capture_needed,high,capture_private_panel_crop_from_source_then_run_native_vision_ocr,3,0,0,0,no_private_path_supplied,"Capture or crop the source privately, then fill local_private_image_path or processed_private_image_path.",1,0
hybrid-ocr-v1,campbells_tomato_soup__1980s_or_earlier__971__4,campbells_tomato_soup,Campbell's Condensed Tomato Soup,1980s_or_earlier,www.ingredientinspector.org,https://www.ingredientinspector.org/home/campbells-tomato-soup-ingredients,current_web_page,panel_capture_needed,high,capture_private_panel_crop_from_source_then_run_native_vision_ocr,3,0,0,0,no_private_path_supplied,"Capture or crop the source privately, then fill local_private_image_path or processed_private_image_path.",1,0
hybrid-ocr-v1,chef_boyardee_beefaroni__current_2020s__69__1,chef_boyardee_beefaroni,Chef Boyardee Beefaroni,current_2020s,www.chefboyardee.com,https://www.chefboyardee.com/products/classics/beefaroni,current_web_page,panel_capture_needed,high,capture_private_panel_crop_from_source_then_run_native_vision_ocr,3,0,0,0,no_private_path_supplied,"Capture or crop the source privately, then fill local_private_image_path or processed_private_image_path.",1,0
hybrid-ocr-v1,cinnamon_toast_crunch__current_2020s__44__1,cinnamon_toast_crunch,Cinnamon Toast Crunch,current_2020s,www.cinnamontoastcrunch.com,https://www.cinnamontoastcrunch.com/products/cinnamon-toast-crunch-cereal,current_web_page,panel_capture_needed,high,capture_private_panel_crop_from_source_then_run_native_vision_ocr,3,0,0,0,no_private_path_supplied,"Capture or crop the source privately, then fill local_private_image_path or processed_private_image_path.",1,0
hybrid-ocr-v1,cocoa_puffs__current_2020s__76__3,cocoa_puffs,Cocoa Puffs,current_2020s,www.cvs.com,https://www.cvs.com/shop/ingredients/general-mills-cocoa-puffs-whole-grain-cereal-10-4-oz-prodid-558865,current_web_page,panel_capture_needed,high,capture_private_panel_crop_from_source_then_run_native_vision_ocr,3,0,0,0,no_private_path_supplied,"Capture or crop the source privately, then fill local_private_image_path or processed_private_image_path.",1,0
hybrid-ocr-v1,fig_newtons__2010s__59__1,fig_newtons,Fig Newtons,2010s,www.walmart.com,https://www.walmart.com/ip/13281445,retailer_page,panel_capture_needed,high,capture_private_panel_crop_from_source_then_run_native_vision_ocr,3,0,0,0,no_private_path_supplied,"Capture or crop the source privately, then fill local_private_image_path or processed_private_image_path.",1,0
hybrid-ocr-v1,honey_nut_cheerios__1990s__370__1,honey_nut_cheerios,Honey Nut Cheerios,1990s,www.flickr.com,https://www.flickr.com/photos/jasonliebigstuff/3214563110,collector_package_photo,panel_capture_needed,high,capture_private_panel_crop_from_source_then_run_native_vision_ocr,3,0,0,0,no_private_path_supplied,"Capture or crop the source privately, then fill local_private_image_path or processed_private_image_path.",1,0
hybrid-ocr-v1,jello_strawberry_gelatin__earliest_verified_label__185__1,jello_strawberry_gelatin,Jell-O Strawberry Gelatin,earliest_verified_label,www.flickr.com,https://www.flickr.com/photos/jasonliebigstuff/2629782517,collector_package_photo,panel_capture_needed,high,capture_private_panel_crop_from_source_then_run_native_vision_ocr,3,0,0,0,no_private_path_supplied,"Capture or crop the source privately, then fill local_private_image_path or processed_private_image_path.",1,0
hybrid-ocr-v1,mms_milk_chocolate__current_2020s__1082__1,mms_milk_chocolate,M&M's Milk Chocolate Candies,current_2020s,www.walmart.com,https://www.walmart.com/ip/15430114556,retailer_page,panel_capture_needed,high,capture_private_panel_crop_from_source_then_run_native_vision_ocr,3,0,0,0,no_private_path_supplied,"Capture or crop the source privately, then fill local_private_image_path or processed_private_image_path.",1,0
hybrid-ocr-v1,mountain_dew_original__current_2020s__260__1,mountain_dew_original,Mountain Dew Original,current_2020s,smartlabel.pepsico.info,https://smartlabel.pepsico.info/012000106064-0011-en-US/index.html,brand_label_page,panel_capture_needed,high,capture_private_panel_crop_from_source_then_run_native_vision_ocr,3,0,0,0,no_private_path_supplied,"Capture or crop the source privately, then fill local_private_image_path or processed_private_image_path.",1,0
hybrid-ocr-v1,pepperidge_farm_goldfish_cheddar__current_2020s__280__1,pepperidge_farm_goldfish_cheddar,Pepperidge Farm Goldfish Cheddar,current_2020s,www.walmart.com,https://www.walmart.com/ip/957662616,retailer_page,panel_capture_needed,high,capture_private_panel_crop_from_source_then_run_native_vision_ocr,3,0,0,0,no_private_path_supplied,"Capture or crop the source privately, then fill local_private_image_path or processed_private_image_path.",1,0
hybrid-ocr-v1,poptarts_brown_sugar_cinnamon__current_2020s__960__3,poptarts_brown_sugar_cinnamon,Pop-Tarts Frosted Brown Sugar Cinnamon,current_2020s,www.walmart.com,https://www.walmart.com/ip/181775429,retailer_page,panel_capture_needed,high,capture_private_panel_crop_from_source_then_run_native_vision_ocr,3,0,0,0,no_private_path_supplied,"Capture or crop the source privately, then fill local_private_image_path or processed_private_image_path.",1,0
hybrid-ocr-v1,pringles_original__current_2020s__282__1,pringles_original,Pringles Original Crisps,current_2020s,www.walmart.com,https://www.walmart.com/ip/47217461,retailer_page,panel_capture_needed,high,capture_private_panel_crop_from_source_then_run_native_vision_ocr,3,0,0,0,no_private_path_supplied,"Capture or crop the source privately, then fill local_private_image_path or processed_private_image_path.",1,0
hybrid-ocr-v1,ritz_original_crackers__current_2020s__468__6,ritz_original_crackers,Ritz Original Crackers,current_2020s,www.snackworks.com,https://www.snackworks.com/products/ritz-original-crackers-family-size-206-oz/index.html,current_web_page,panel_capture_needed,high,capture_private_panel_crop_from_source_then_run_native_vision_ocr,3,0,0,0,no_private_path_supplied,"Capture or crop the source privately, then fill local_private_image_path or processed_private_image_path.",1,0
hybrid-ocr-v1,ruffles_original__current_2020s__79__3,ruffles_original,Ruffles Original Potato Chips,current_2020s,smartlabel.pepsico.info,https://smartlabel.pepsico.info/028400020893-0003-en-US/index.html,brand_label_page,panel_capture_needed,high,capture_private_panel_crop_from_source_then_run_native_vision_ocr,3,0,0,0,no_private_path_supplied,"Capture or crop the source privately, then fill local_private_image_path or processed_private_image_path.",1,0
hybrid-ocr-v1,snickers_bar__current_2020s__49__1,snickers_bar,Snickers Bar,current_2020s,www.snickers.com,https://www.snickers.com/products/chocolate/snickers-singles-size-chocolate-candy-bar-186-oz,current_web_page,panel_capture_needed,high,capture_private_panel_crop_from_source_then_run_native_vision_ocr,3,0,0,0,no_private_path_supplied,"Capture or crop the source privately, then fill local_private_image_path or processed_private_image_path.",1,0
hybrid-ocr-v1,spam_classic__earliest_verified_label__733__1,spam_classic,SPAM Classic,earliest_verified_label,www.spam.com,https://www.spam.com/what-is-spam-brand,brand_label_page,panel_capture_needed,high,capture_private_panel_crop_from_source_then_run_native_vision_ocr,3,0,0,0,no_private_path_supplied,"Capture or crop the source privately, then fill local_private_image_path or processed_private_image_path.",1,0
hybrid-ocr-v1,triscuit_original__2010s__937__1,triscuit_original,Triscuit Original Crackers,2010s,smartlabel.mondelez.info,https://smartlabel.mondelez.info/044000050986-0001-en-US/index.html,brand_label_page,panel_capture_needed,high,capture_private_panel_crop_from_source_then_run_native_vision_ocr,3,0,0,0,no_private_path_supplied,"Capture or crop the source privately, then fill local_private_image_path or processed_private_image_path.",1,0
hybrid-ocr-v1,triscuit_original__current_2020s__754__5,triscuit_original,Triscuit Original Crackers,current_2020s,www.walmart.com,https://www.walmart.com/ip/534402624,retailer_page,panel_capture_needed,high,capture_private_panel_crop_from_source_then_run_native_vision_ocr,3,0,0,0,no_private_path_supplied,"Capture or crop the source privately, then fill local_private_image_path or processed_private_image_path.",1,0
hybrid-ocr-v1,wheat_thins_original__current_2020s__870__7,wheat_thins_original,Wheat Thins Original,current_2020s,smartlabel.mondelez.info,https://smartlabel.mondelez.info/00044000027117-0001-en-US/index.html,brand_label_page,panel_capture_needed,high,capture_private_panel_crop_from_source_then_run_native_vision_ocr,3,0,0,0,no_private_path_supplied,"Capture or crop the source privately, then fill local_private_image_path or processed_private_image_path.",1,0
hybrid-ocr-v1,campbells_tomato_soup__current_2020s__1077__9,campbells_tomato_soup,Campbell's Condensed Tomato Soup,current_2020s,www.campbells.com,https://www.campbells.com/tomato-soup/,current_web_page,panel_capture_needed,high,capture_private_panel_crop_from_source_then_run_native_vision_ocr,3,0,0,0,no_private_path_supplied,"Capture or crop the source privately, then fill local_private_image_path or processed_private_image_path.",1,0
hybrid-ocr-v1,capn_crunch_original__current_2020s__50__2,capn_crunch_original,Cap'n Crunch Original,current_2020s,www.capncrunch.com,https://www.capncrunch.com/products/cap-n-crunch-original,current_web_page,panel_capture_needed,high,capture_private_panel_crop_from_source_then_run_native_vision_ocr,3,0,0,0,no_private_path_supplied,"Capture or crop the source privately, then fill local_private_image_path or processed_private_image_path.",1,0
hybrid-ocr-v1,chef_boyardee_beefaroni__current_2020s__290__2,chef_boyardee_beefaroni,Chef Boyardee Beefaroni,current_2020s,www.walmart.com,https://www.walmart.com/ip/10308533,retailer_page,panel_capture_needed,high,capture_private_panel_crop_from_source_then_run_native_vision_ocr,3,0,0,0,no_private_path_supplied,"Capture or crop the source privately, then fill local_private_image_path or processed_private_image_path.",1,0
hybrid-ocr-v1,cinnamon_toast_crunch__current_2020s__511__2,cinnamon_toast_crunch,Cinnamon Toast Crunch,current_2020s,www.generalmillsconvenience.com,https://www.generalmillsconvenience.com/products/cinnamon-toast-crunch-12oz,current_web_page,panel_capture_needed,high,capture_private_panel_crop_from_source_then_run_native_vision_ocr,3,0,0,0,no_private_path_supplied,"Capture or crop the source privately, then fill local_private_image_path or processed_private_image_path.",1,0
hybrid-ocr-v1,cocoa_puffs__current_2020s__75__4,cocoa_puffs,Cocoa Puffs,current_2020s,www.generalmills.com,https://www.generalmills.com/food-we-make/brands/cocoa-puffs,brand_label_page,panel_capture_needed,high,capture_private_panel_crop_from_source_then_run_native_vision_ocr,3,0,0,0,no_private_path_supplied,"Capture or crop the source privately, then fill local_private_image_path or processed_private_image_path.",1,0
hybrid-ocr-v1,eggo_homestyle_waffles__current_2020s__68__2,eggo_homestyle_waffles,Eggo Homestyle Waffles,current_2020s,www.leggomyeggo.com,https://www.leggomyeggo.com/en-us/products/waffles/homestyle-waffles-product.html,current_web_page,panel_capture_needed,high,capture_private_panel_crop_from_source_then_run_native_vision_ocr,3,0,0,0,no_private_path_supplied,"Capture or crop the source privately, then fill local_private_image_path or processed_private_image_path.",1,0
hybrid-ocr-v1,fritos_original__current_2020s__77__4,fritos_original,Fritos Original Corn Chips,current_2020s,smartlabel.pepsico.info,https://smartlabel.pepsico.info/028400017206-0003-en-US/index.html,brand_label_page,panel_capture_needed,high,capture_private_panel_crop_from_source_then_run_native_vision_ocr,3,0,0,0,no_private_path_supplied,"Capture or crop the source privately, then fill local_private_image_path or processed_private_image_path.",1,0
hybrid-ocr-v1,hot_pockets_pepperoni_pizza__current_2020s__83__2,hot_pockets_pepperoni_pizza,Hot Pockets Pepperoni Pizza,current_2020s,www.walmart.com,https://www.walmart.com/ip/14122459,retailer_page,panel_capture_needed,high,capture_private_panel_crop_from_source_then_run_native_vision_ocr,3,0,0,0,no_private_path_supplied,"Capture or crop the source privately, then fill local_private_image_path or processed_private_image_path.",1,0
hybrid-ocr-v1,jello_strawberry_gelatin__earliest_verified_label__562__2,jello_strawberry_gelatin,Jell-O Strawberry Gelatin,earliest_verified_label,www.etsy.com,https://www.etsy.com/listing/1780879043/vintage-jell-o-strawberry-gelatin,marketplace_listing,panel_capture_needed,high,capture_private_panel_crop_from_source_then_run_native_vision_ocr,3,0,0,0,no_private_path_supplied,"Capture or crop the source privately, then fill local_private_image_path or processed_private_image_path.",1,0
hybrid-ocr-v1,kraft_singles_american__current_2020s__78__4,kraft_singles_american,Kraft Singles American Cheese,current_2020s,www.kraftheinz.com,https://www.kraftheinz.com/kraft-singles/products/00021000604739-singles-american-pasteurized-prepared-cheese-product-slices/,brand_label_page,panel_capture_needed,high,capture_private_panel_crop_from_source_then_run_native_vision_ocr,3,0,0,0,no_private_path_supplied,"Capture or crop the source privately, then fill local_private_image_path or processed_private_image_path.",1,0
hybrid-ocr-v1,mms_milk_chocolate__current_2020s__497__2,mms_milk_chocolate,M&M's Milk Chocolate Candies,current_2020s,www.mms.com,https://www.mms.com/en-us/holiday-collection/mms-christmas-bulk-candy/ct1217-p.html,current_web_page,panel_capture_needed,high,capture_private_panel_crop_from_source_then_run_native_vision_ocr,3,0,0,0,no_private_path_supplied,"Capture or crop the source privately, then fill local_private_image_path or processed_private_image_path.",1,0
hybrid-ocr-v1,mountain_dew_original__current_2020s__760__2,mountain_dew_original,Mountain Dew Original,current_2020s,smartlabel.pepsico.info,https://smartlabel.pepsico.info/012000809965-0017-en-US/index.html,brand_label_page,panel_capture_needed,high,capture_private_panel_crop_from_source_then_run_native_vision_ocr,3,0,0,0,no_private_path_supplied,"Capture or crop the source privately, then fill local_private_image_path or processed_private_image_path.",1,0
hybrid-ocr-v1,pepperidge_farm_goldfish_cheddar__current_2020s__522__2,pepperidge_farm_goldfish_cheddar,Pepperidge Farm Goldfish Cheddar,current_2020s,www.target.com,https://www.target.com/p/-/A-89409907,retailer_page,panel_capture_needed,high,capture_private_panel_crop_from_source_then_run_native_vision_ocr,3,0,0,0,no_private_path_supplied,"Capture or crop the source privately, then fill local_private_image_path or processed_private_image_path.",1,0
hybrid-ocr-v1,pringles_original__current_2020s__861__2,pringles_original,Pringles Original Crisps,current_2020s,www.walmart.com,https://www.walmart.com/ip/10818683,retailer_page,panel_capture_needed,high,capture_private_panel_crop_from_source_then_run_native_vision_ocr,3,0,0,0,no_private_path_supplied,"Capture or crop the source privately, then fill local_private_image_path or processed_private_image_path.",1,0
hybrid-ocr-v1,ruffles_original__current_2020s__494__4,ruffles_original,Ruffles Original Potato Chips,current_2020s,smartlabel.pepsico.info,https://smartlabel.pepsico.info/028400077910-0012-en-US/index.html,brand_label_page,panel_capture_needed,high,capture_private_panel_crop_from_source_then_run_native_vision_ocr,3,0,0,0,no_private_path_supplied,"Capture or crop the source privately, then fill local_private_image_path or processed_private_image_path.",1,0
hybrid-ocr-v1,skippy_creamy_peanut_butter__current_2020s__66__4,skippy_creamy_peanut_butter,Skippy Creamy Peanut Butter,current_2020s,www.peanutbutter.com,https://www.peanutbutter.com/product/creamy-peanut-butter/,current_web_page,panel_capture_needed,high,capture_private_panel_crop_from_source_then_run_native_vision_ocr,3,0,0,0,no_private_path_supplied,"Capture or crop the source privately, then fill local_private_image_path or processed_private_image_path.",1,0
hybrid-ocr-v1,snickers_bar__current_2020s__526__2,snickers_bar,Snickers Bar,current_2020s,www.walmart.com,https://www.walmart.com/ip/38253488,retailer_page,panel_capture_needed,high,capture_private_panel_crop_from_source_then_run_native_vision_ocr,3,0,0,0,no_private_path_supplied,"Capture or crop the source privately, then fill local_private_image_path or processed_private_image_path.",1,0
hybrid-ocr-v1,totinos_pizza_rolls__current_2020s__749__2,totinos_pizza_rolls,Totino's Pizza Rolls,current_2020s,www.super1foods.com,https://www.super1foods.com/sm/pickup/rsid/617/product/totinos-pepperoni-pizza-rolls-0496-ounce-50-count-id-00042800109538,current_web_page,panel_capture_needed,high,capture_private_panel_crop_from_source_then_run_native_vision_ocr,3,0,0,0,no_private_path_supplied,"Capture or crop the source privately, then fill local_private_image_path or processed_private_image_path.",1,0
hybrid-ocr-v1,triscuit_original__current_2020s__62__6,triscuit_original,Triscuit Original Crackers,current_2020s,smartlabel.mondelez.info,https://smartlabel.mondelez.info/044000077143-0001-en-US/index.html,brand_label_page,panel_capture_needed,high,capture_private_panel_crop_from_source_then_run_native_vision_ocr,3,0,0,0,no_private_path_supplied,"Capture or crop the source privately, then fill local_private_image_path or processed_private_image_path.",1,0
hybrid-ocr-v1,velveeta_shells_and_cheese__current_2020s__94__2,velveeta_shells_and_cheese,Velveeta Shells & Cheese,current_2020s,www.walmart.com,https://www.walmart.com/ip/10295758,retailer_page,panel_capture_needed,high,capture_private_panel_crop_from_source_then_run_native_vision_ocr,3,0,0,0,no_private_path_supplied,"Capture or crop the source privately, then fill local_private_image_path or processed_private_image_path.",1,0
hybrid-ocr-v1,wheat_thins_original__current_2020s__1001__8,wheat_thins_original,Wheat Thins Original,current_2020s,www.ewg.org,https://www.ewg.org/foodscores/products/019320007989-WheatThinsOriginalSnacksOriginal/,label_database_record,panel_capture_needed,high,capture_private_panel_crop_from_source_then_run_native_vision_ocr,3,0,0,0,no_private_path_supplied,"Capture or crop the source privately, then fill local_private_image_path or processed_private_image_path.",1,0
hybrid-ocr-v1,capn_crunch_original__current_2020s__51__1,capn_crunch_original,Cap'n Crunch Original,current_2020s,www.kroger.com,https://www.kroger.com/p/cap-n-crunch-original-bag-cereal/0003000031378,retailer_page,panel_capture_needed,high,capture_private_panel_crop_from_source_then_run_native_vision_ocr,3,0,0,0,no_private_path_supplied,"Capture or crop the source privately, then fill local_private_image_path or processed_private_image_path.",1,0
hybrid-ocr-v1,capn_crunch_original__earliest_verified_label__440__7,capn_crunch_original,Cap'n Crunch Original,earliest_verified_label,underunderstood.com,https://underunderstood.com/podcast/episode/capn-crunch-smaller/,current_web_page,panel_capture_needed,high,capture_private_panel_crop_from_source_then_run_native_vision_ocr,3,0,0,0,no_private_path_supplied,"Capture or crop the source privately, then fill local_private_image_path or processed_private_image_path.",1,0
hybrid-ocr-v1,dr_pepper_original__current_2020s__261__1,dr_pepper_original,Dr Pepper Original,current_2020s,www.target.com,https://www.target.com/p/-/A-12965290,retailer_page,panel_capture_needed,high,capture_private_panel_crop_from_source_then_run_native_vision_ocr,3,0,0,0,no_private_path_supplied,"Capture or crop the source privately, then fill local_private_image_path or processed_private_image_path.",1,0
hybrid-ocr-v1,eggo_homestyle_waffles__current_2020s__773__3,eggo_homestyle_waffles,Eggo Homestyle Waffles,current_2020s,www.kellanovaawayfromhome.com,https://www.kellanovaawayfromhome.com/en-us/products/eggo-homestyle-waffles-product.00038000178672.html,current_web_page,panel_capture_needed,high,capture_private_panel_crop_from_source_then_run_native_vision_ocr,3,0,0,0,no_private_path_supplied,"Capture or crop the source privately, then fill local_private_image_path or processed_private_image_path.",1,0
hybrid-ocr-v1,gatorade_lemon_lime__current_2020s__81__3,gatorade_lemon_lime,Gatorade Lemon-Lime,current_2020s,smartlabel.pepsico.info,https://smartlabel.pepsico.info/052000208054-0012-en-US/index.html,brand_label_page,panel_capture_needed,high,capture_private_panel_crop_from_source_then_run_native_vision_ocr,3,0,0,0,no_private_path_supplied,"Capture or crop the source privately, then fill local_private_image_path or processed_private_image_path.",1,0
hybrid-ocr-v1,jello_strawberry_gelatin__current_2020s__283__1,jello_strawberry_gelatin,Jell-O Strawberry Gelatin,current_2020s,www.walmart.com,https://www.walmart.com/ip/13812780,retailer_page,panel_capture_needed,high,capture_private_panel_crop_from_source_then_run_native_vision_ocr,3,0,0,0,no_private_path_supplied,"Capture or crop the source privately, then fill local_private_image_path or processed_private_image_path.",1,0
hybrid-ocr-v1,froot_loops__1990s__330__1,froot_loops,Kellogg's Froot Loops,1990s,www.flickr.com,https://www.flickr.com/photos/25692985%40N07/3502316339,collector_package_photo,panel_capture_needed,high,capture_private_panel_crop_from_source_then_run_native_vision_ocr,3,0,0,0,no_private_path_supplied,"Capture or crop the source privately, then fill local_private_image_path or processed_private_image_path.",1,0
hybrid-ocr-v1,frosted_flakes__1990s__405__1,frosted_flakes,Kellogg's Frosted Flakes,1990s,www.flickr.com,https://www.flickr.com/photos/25692985%40N07/3544406888,collector_package_photo,panel_capture_needed,high,capture_private_panel_crop_from_source_then_run_native_vision_ocr,3,0,0,0,no_private_path_supplied,"Capture or crop the source privately, then fill local_private_image_path or processed_private_image_path.",1,0
hybrid-ocr-v1,rice_krispies__current_2020s__54__1,rice_krispies,Kellogg's Rice Krispies,current_2020s,www.wkkellogg.com,https://www.wkkellogg.com/products/kelloggs-rice-krispies-cereal-product,current_web_page,panel_capture_needed,high,capture_private_panel_crop_from_source_then_run_native_vision_ocr,3,0,0,0,no_private_path_supplied,"Capture or crop the source privately, then fill local_private_image_path or processed_private_image_path.",1,0
hybrid-ocr-v1,kraft_singles_american__current_2020s__868__5,kraft_singles_american,Kraft Singles American Cheese,current_2020s,www.kraftheinz.com,https://www.kraftheinz.com/kraft-singles/products/00021000615262-kraft-singles-american-cheese-slices,brand_label_page,panel_capture_needed,high,capture_private_panel_crop_from_source_then_run_native_vision_ocr,3,0,0,0,no_private_path_supplied,"Capture or crop the source privately, then fill local_private_image_path or processed_private_image_path.",1,0
hybrid-ocr-v1,mms_milk_chocolate__current_2020s__45__3,mms_milk_chocolate,M&M's Milk Chocolate Candies,current_2020s,www.mms.com,https://www.mms.com/en-us/mms-milk-chocolate-candy/p/milk-chocolate-candy,current_web_page,panel_capture_needed,high,capture_private_panel_crop_from_source_then_run_native_vision_ocr,3,0,0,0,no_private_path_supplied,"Capture or crop the source privately, then fill local_private_image_path or processed_private_image_path.",1,0
hybrid-ocr-v1,nilla_wafers__2010s__865__1,nilla_wafers,Nilla Wafers,2010s,www.directionsforme.org,https://www.directionsforme.org/product/6135,label_database_record,panel_capture_needed,high,capture_private_panel_crop_from_source_then_run_native_vision_ocr,3,0,0,0,no_private_path_supplied,"Capture or crop the source privately, then fill local_private_image_path or processed_private_image_path.",1,0
hybrid-ocr-v1,nilla_wafers__current_2020s__64__5,nilla_wafers,Nilla Wafers,current_2020s,www.walmart.com,https://www.walmart.com/ip/17176262,retailer_page,panel_capture_needed,high,capture_private_panel_crop_from_source_then_run_native_vision_ocr,3,0,0,0,no_private_path_supplied,"Capture or crop the source privately, then fill local_private_image_path or processed_private_image_path.",1,0
hybrid-ocr-v1,pringles_original__current_2020s__507__3,pringles_original,Pringles Original Crisps,current_2020s,www.kroger.com,https://www.kroger.com/p/pringles-original-potato-crisps-chips/0003800013841,retailer_page,panel_capture_needed,high,capture_private_panel_crop_from_source_then_run_native_vision_ocr,3,0,0,0,no_private_path_supplied,"Capture or crop the source privately, then fill local_private_image_path or processed_private_image_path.",1,0
hybrid-ocr-v1,quaker_old_fashioned_oats__current_2020s__1091__3,quaker_old_fashioned_oats,Quaker Old Fashioned Oats,current_2020s,smartlabel.pepsico.info,https://smartlabel.pepsico.info/030000010204-0004-en-US/index.html,brand_label_page,panel_capture_needed,high,capture_private_panel_crop_from_source_then_run_native_vision_ocr,3,0,0,0,no_private_path_supplied,"Capture or crop the source privately, then fill local_private_image_path or processed_private_image_path.",1,0
hybrid-ocr-v1,totinos_pizza_rolls__current_2020s__91__3,totinos_pizza_rolls,Totino's Pizza Rolls,current_2020s,www.totinos.com,https://www.totinos.com/products/pepperoni-pizza-rolls/,current_web_page,panel_capture_needed,high,capture_private_panel_crop_from_source_then_run_native_vision_ocr,3,0,0,0,no_private_path_supplied,"Capture or crop the source privately, then fill local_private_image_path or processed_private_image_path.",1,0
hybrid-ocr-v1,velveeta_shells_and_cheese__earliest_verified_label__680__1,velveeta_shells_and_cheese,Velveeta Shells & Cheese,earliest_verified_label,upcfoodsearch.com,https://upcfoodsearch.com/food-products/pasta-side-mixes/021000045129/,label_database_record,panel_capture_needed,high,capture_private_panel_crop_from_source_then_run_native_vision_ocr,3,0,0,0,no_private_path_supplied,"Capture or crop the source privately, then fill local_private_image_path or processed_private_image_path.",1,0
hybrid-ocr-v1,wheat_thins_original__current_2020s__313__1,wheat_thins_original,Wheat Thins Original,current_2020s,www.walmart.com,https://www.walmart.com/ip/16632570806,retailer_page,panel_capture_needed,high,capture_private_panel_crop_from_source_then_run_native_vision_ocr,3,0,0,0,no_private_path_supplied,"Capture or crop the source privately, then fill local_private_image_path or processed_private_image_path.",1,0
hybrid-ocr-v1,capn_crunch_original__1990s__440__2,capn_crunch_original,Cap'n Crunch Original,1990s,underunderstood.com,https://underunderstood.com/podcast/episode/capn-crunch-smaller/,current_web_page,panel_capture_needed,high,capture_private_panel_crop_from_source_then_run_native_vision_ocr,3,0,0,0,no_private_path_supplied,"Capture or crop the source privately, then fill local_private_image_path or processed_private_image_path.",1,0
hybrid-ocr-v1,capn_crunch_original__earliest_verified_label__277__4,capn_crunch_original,Cap'n Crunch Original,earliest_verified_label,www.flickr.com,https://www.flickr.com/photos/25692985%40N07/3461366520,collector_package_photo,panel_capture_needed,high,capture_private_panel_crop_from_source_then_run_native_vision_ocr,3,0,0,0,no_private_path_supplied,"Capture or crop the source privately, then fill local_private_image_path or processed_private_image_path.",1,0
hybrid-ocr-v1,chef_boyardee_beefaroni__current_2020s__1016__4,chef_boyardee_beefaroni,Chef Boyardee Beefaroni,current_2020s,www.chefboyardee.com,https://www.chefboyardee.com/products/beefaroni/beefaroni-40-oz,current_web_page,panel_capture_needed,high,capture_private_panel_crop_from_source_then_run_native_vision_ocr,3,0,0,0,no_private_path_supplied,"Capture or crop the source privately, then fill local_private_image_path or processed_private_image_path.",1,0
hybrid-ocr-v1,dr_pepper_original__current_2020s__506__2,dr_pepper_original,Dr Pepper Original,current_2020s,www.kroger.com,https://www.kroger.com/p/dr-pepper-soda/0007800008246,retailer_page,panel_capture_needed,high,capture_private_panel_crop_from_source_then_run_native_vision_ocr,3,0,0,0,no_private_path_supplied,"Capture or crop the source privately, then fill local_private_image_path or processed_private_image_path.",1,0
hybrid-ocr-v1,eggo_homestyle_waffles__current_2020s__626__4,eggo_homestyle_waffles,Eggo Homestyle Waffles,current_2020s,www.leggomyeggo.com,https://www.leggomyeggo.com/en_US/eggo-homestyle-waffles-product.html,current_web_page,panel_capture_needed,high,capture_private_panel_crop_from_source_then_run_native_vision_ocr,3,0,0,0,no_private_path_supplied,"Capture or crop the source privately, then fill local_private_image_path or processed_private_image_path.",1,0
hybrid-ocr-v1,gatorade_lemon_lime__current_2020s__1021__4,gatorade_lemon_lime,Gatorade Lemon-Lime,current_2020s,smartlabel.pepsico.info,https://smartlabel.pepsico.info/052000058987-0001-en-US/index.html,brand_label_page,panel_capture_needed,high,capture_private_panel_crop_from_source_then_run_native_vision_ocr,3,0,0,0,no_private_path_supplied,"Capture or crop the source privately, then fill local_private_image_path or processed_private_image_path.",1,0
hybrid-ocr-v1,jello_strawberry_gelatin__current_2020s__560__2,jello_strawberry_gelatin,Jell-O Strawberry Gelatin,current_2020s,www.walmart.com,https://www.walmart.com/ip/13812769,retailer_page,panel_capture_needed,high,capture_private_panel_crop_from_source_then_run_native_vision_ocr,3,0,0,0,no_private_path_supplied,"Capture or crop the source privately, then fill local_private_image_path or processed_private_image_path.",1,0
hybrid-ocr-v1,frosted_flakes__1980s_or_earlier__478__1,frosted_flakes,Kellogg's Frosted Flakes,1980s_or_earlier,www.flickr.com,https://www.flickr.com/photos/25692985%40N07/3598792821,collector_package_photo,panel_capture_needed,high,capture_private_panel_crop_from_source_then_run_native_vision_ocr,3,0,0,0,no_private_path_supplied,"Capture or crop the source privately, then fill local_private_image_path or processed_private_image_path.",1,0
hybrid-ocr-v1,rice_krispies__current_2020s__513__2,rice_krispies,Kellogg's Rice Krispies,current_2020s,www.walmart.com,https://www.walmart.com/ip/171865464,retailer_page,panel_capture_needed,high,capture_private_panel_crop_from_source_then_run_native_vision_ocr,3,0,0,0,no_private_path_supplied,"Capture or crop the source privately, then fill local_private_image_path or processed_private_image_path.",1,0
hybrid-ocr-v1,kraft_singles_american__current_2020s__286__6,kraft_singles_american,Kraft Singles American Cheese,current_2020s,www.walmart.com,https://www.walmart.com/ip/11964619,retailer_page,panel_capture_needed,high,capture_private_panel_crop_from_source_then_run_native_vision_ocr,3,0,0,0,no_private_path_supplied,"Capture or crop the source privately, then fill local_private_image_path or processed_private_image_path.",1,0
hybrid-ocr-v1,mountain_dew_original__current_2020s__761__4,mountain_dew_original,Mountain Dew Original,current_2020s,smartlabel.pepsico.info,https://smartlabel.pepsico.info/012000100499-0001-en-US/index.html,brand_label_page,panel_capture_needed,high,capture_private_panel_crop_from_source_then_run_native_vision_ocr,3,0,0,0,no_private_path_supplied,"Capture or crop the source privately, then fill local_private_image_path or processed_private_image_path.",1,0
hybrid-ocr-v1,nilla_wafers__current_2020s__63__6,nilla_wafers,Nilla Wafers,current_2020s,www.directionsforme.org,https://www.directionsforme.org/product/75544,label_database_record,panel_capture_needed,high,capture_private_panel_crop_from_source_then_run_native_vision_ocr,3,0,0,0,no_private_path_supplied,"Capture or crop the source privately, then fill local_private_image_path or processed_private_image_path.",1,0
hybrid-ocr-v1,nutella_hazelnut_spread__current_2020s__65__6,nutella_hazelnut_spread,Nutella Hazelnut Spread,current_2020s,www.nutella.com,https://www.nutella.com/us/en/products/spread/nutella,current_web_page,panel_capture_needed,high,capture_private_panel_crop_from_source_then_run_native_vision_ocr,3,0,0,0,no_private_path_supplied,"Capture or crop the source privately, then fill local_private_image_path or processed_private_image_path.",1,0
hybrid-ocr-v1,quaker_old_fashioned_oats__current_2020s__931__4,quaker_old_fashioned_oats,Quaker Old Fashioned Oats,current_2020s,smartlabel.pepsico.info,https://smartlabel.pepsico.info/030000010402-0001-en-US/index.html,brand_label_page,panel_capture_needed,high,capture_private_panel_crop_from_source_then_run_native_vision_ocr,3,0,0,0,no_private_path_supplied,"Capture or crop the source privately, then fill local_private_image_path or processed_private_image_path.",1,0
hybrid-ocr-v1,spam_classic__2010s__686__2,spam_classic,SPAM Classic,2010s,osm-us.com,https://osm-us.com/index.php?main_page=product_info&products_id=3529,current_web_page,panel_capture_needed,high,capture_private_panel_crop_from_source_then_run_native_vision_ocr,3,0,0,0,no_private_path_supplied,"Capture or crop the source privately, then fill local_private_image_path or processed_private_image_path.",1,0
hybrid-ocr-v1,tostitos_original__current_2020s__90__4,tostitos_original,Tostitos Original Restaurant Style,current_2020s,smartlabel.pepsico.info,https://smartlabel.pepsico.info/028400517997-0005-en-US/index.html?stylekey=tostitos-10,brand_label_page,panel_capture_needed,high,capture_private_panel_crop_from_source_then_run_native_vision_ocr,3,0,0,0,no_private_path_supplied,"Capture or crop the source privately, then fill local_private_image_path or processed_private_image_path.",1,0
hybrid-ocr-v1,totinos_pizza_rolls__current_2020s__557__4,totinos_pizza_rolls,Totino's Pizza Rolls,current_2020s,www.walmart.com,https://www.walmart.com/ip/51259445,retailer_page,panel_capture_needed,high,capture_private_panel_crop_from_source_then_run_native_vision_ocr,3,0,0,0,no_private_path_supplied,"Capture or crop the source privately, then fill local_private_image_path or processed_private_image_path.",1,0
hybrid-ocr-v1,velveeta_shells_and_cheese__earliest_verified_label__679__2,velveeta_shells_and_cheese,Velveeta Shells & Cheese,earliest_verified_label,upcfoodsearch.com,https://upcfoodsearch.com/food-products/pasta-side-mixes/021000023226/,label_database_record,panel_capture_needed,high,capture_private_panel_crop_from_source_then_run_native_vision_ocr,3,0,0,0,no_private_path_supplied,"Capture or crop the source privately, then fill local_private_image_path or processed_private_image_path.",1,0
hybrid-ocr-v1,wheat_thins_original__current_2020s__516__2,wheat_thins_original,Wheat Thins Original,current_2020s,business.walmart.com,https://business.walmart.com/ip/Wheat-Thins-Original-Whole-Grain-Wheat-Crackers-Family-Size-16-oz/10292635,retailer_page,panel_capture_needed,high,capture_private_panel_crop_from_source_then_run_native_vision_ocr,3,0,0,0,no_private_path_supplied,"Capture or crop the source privately, then fill local_private_image_path or processed_private_image_path.",1,0
hybrid-ocr-v1,chef_boyardee_beefaroni__current_2020s__755__5,chef_boyardee_beefaroni,Chef Boyardee Beefaroni,current_2020s,www.chefboyardee.com,https://www.chefboyardee.com/products/classics/beefaroni-can,current_web_page,panel_capture_needed,high,capture_private_panel_crop_from_source_then_run_native_vision_ocr,3,0,0,0,no_private_path_supplied,"Capture or crop the source privately, then fill local_private_image_path or processed_private_image_path.",1,0
hybrid-ocr-v1,dr_pepper_original__current_2020s__1085__3,dr_pepper_original,Dr Pepper Original,current_2020s,www.walmart.com,https://www.walmart.com/ip/121314773,retailer_page,panel_capture_needed,high,capture_private_panel_crop_from_source_then_run_native_vision_ocr,3,0,0,0,no_private_path_supplied,"Capture or crop the source privately, then fill local_private_image_path or processed_private_image_path.",1,0
hybrid-ocr-v1,eggo_homestyle_waffles__2010s__775__1,eggo_homestyle_waffles,Eggo Homestyle Waffles,2010s,www.upcitemdb.com,https://www.upcitemdb.com/upc/38000017148,current_web_page,panel_capture_needed,high,capture_private_panel_crop_from_source_then_run_native_vision_ocr,3,0,0,0,no_private_path_supplied,"Capture or crop the source privately, then fill local_private_image_path or processed_private_image_path.",1,0
hybrid-ocr-v1,eggo_homestyle_waffles__current_2020s__776__5,eggo_homestyle_waffles,Eggo Homestyle Waffles,current_2020s,www.upcitemdb.com,https://www.upcitemdb.com/upc/38000402807,current_web_page,panel_capture_needed,high,capture_private_panel_crop_from_source_then_run_native_vision_ocr,3,0,0,0,no_private_path_supplied,"Capture or crop the source privately, then fill local_private_image_path or processed_private_image_path.",1,0
hybrid-ocr-v1,fig_newtons__current_2020s__300__1,fig_newtons,Fig Newtons,current_2020s,www.walmart.com,https://www.walmart.com/ip/16893752394,retailer_page,panel_capture_needed,high,capture_private_panel_crop_from_source_then_run_native_vision_ocr,3,0,0,0,no_private_path_supplied,"Capture or crop the source privately, then fill local_private_image_path or processed_private_image_path.",1,0
hybrid-ocr-v1,gatorade_lemon_lime__current_2020s__659__5,gatorade_lemon_lime,Gatorade Lemon-Lime,current_2020s,www.gatorade.com,https://www.gatorade.com/products/gatorade-thirst-quencher,current_web_page,panel_capture_needed,high,capture_private_panel_crop_from_source_then_run_native_vision_ocr,3,0,0,0,no_private_path_supplied,"Capture or crop the source privately, then fill local_private_image_path or processed_private_image_path.",1,0
hybrid-ocr-v1,hellmanns_mayonnaise_real__current_2020s__1023__5,hellmanns_mayonnaise_real,Hellmann's Real Mayonnaise,current_2020s,www.qualityfoods.com,https://www.qualityfoods.com/product/hellmanns-real-mayonnaise-id-00068400662105,current_web_page,panel_capture_needed,high,capture_private_panel_crop_from_source_then_run_native_vision_ocr,3,0,0,0,no_private_path_supplied,"Capture or crop the source privately, then fill local_private_image_path or processed_private_image_path.",1,0
hybrid-ocr-v1,hidden_valley_ranch_original__current_2020s__95__3,hidden_valley_ranch_original,Hidden Valley Original Ranch,current_2020s,www.hiddenvalley.com,https://www.hiddenvalley.com/products/bottled-dressings/original-ranch/original-ranch/,brand_label_page,panel_capture_needed,high,capture_private_panel_crop_from_source_then_run_native_vision_ocr,3,0,0,0,no_private_path_supplied,"Capture or crop the source privately, then fill local_private_image_path or processed_private_image_path.",1,0
hybrid-ocr-v1,hostess_cupcakes__current_2020s__284__1,hostess_cupcakes,Hostess CupCakes,current_2020s,www.walmart.com,https://www.walmart.com/ip/42679339,retailer_page,panel_capture_needed,high,capture_private_panel_crop_from_source_then_run_native_vision_ocr,3,0,0,0,no_private_path_supplied,"Capture or crop the source privately, then fill local_private_image_path or processed_private_image_path.",1,0
hybrid-ocr-v1,hot_pockets_pepperoni_pizza__2010s__84__1,hot_pockets_pepperoni_pizza,Hot Pockets Pepperoni Pizza,2010s,www.walmart.com,https://www.walmart.com/ip/49866144,retailer_page,panel_capture_needed,high,capture_private_panel_crop_from_source_then_run_native_vision_ocr,3,0,0,0,no_private_path_supplied,"Capture or crop the source privately, then fill local_private_image_path or processed_private_image_path.",1,0
hybrid-ocr-v1,jif_creamy_peanut_butter__current_2020s__518__1,jif_creamy_peanut_butter,Jif Creamy Peanut Butter,current_2020s,www.kroger.com,https://www.kroger.com/p/jif-creamy-peanut-butter/0005150024177,retailer_page,panel_capture_needed,high,capture_private_panel_crop_from_source_then_run_native_vision_ocr,3,0,0,0,no_private_path_supplied,"Capture or crop the source privately, then fill local_private_image_path or processed_private_image_path.",1,0
hybrid-ocr-v1,froot_loops__1980s_or_earlier__435__2,froot_loops,Kellogg's Froot Loops,1980s_or_earlier,www.flickr.com,https://www.flickr.com/photos/bolio88/7323343912/,collector_package_photo,panel_capture_needed,high,capture_private_panel_crop_from_source_then_run_native_vision_ocr,3,0,0,0,no_private_path_supplied,"Capture or crop the source privately, then fill local_private_image_path or processed_private_image_path.",1,0
hybrid-ocr-v1,kit_kat_bar__current_2020s__61__1,kit_kat_bar,Kit Kat Bar,current_2020s,smartlabel.hersheys.com,https://smartlabel.hersheys.com/034000002467-0011-en-US/index.html,brand_label_page,panel_capture_needed,high,capture_private_panel_crop_from_source_then_run_native_vision_ocr,3,0,0,0,no_private_path_supplied,"Capture or crop the source privately, then fill local_private_image_path or processed_private_image_path.",1,0
hybrid-ocr-v1,lucky_charms__1980s_or_earlier__276__2,lucky_charms,Lucky Charms,1980s_or_earlier,www.flickr.com,https://www.flickr.com/photos/neatocoolville/423218445,collector_package_photo,panel_capture_needed,high,capture_private_panel_crop_from_source_then_run_native_vision_ocr,3,0,0,0,no_private_path_supplied,"Capture or crop the source privately, then fill local_private_image_path or processed_private_image_path.",1,0
hybrid-ocr-v1,nilla_wafers__2000s__865__1,nilla_wafers,Nilla Wafers,2000s,www.directionsforme.org,https://www.directionsforme.org/product/6135,label_database_record,panel_capture_needed,high,capture_private_panel_crop_from_source_then_run_native_vision_ocr,3,0,0,0,no_private_path_supplied,"Capture or crop the source privately, then fill local_private_image_path or processed_private_image_path.",1,0
hybrid-ocr-v1,nutella_hazelnut_spread__current_2020s__641__7,nutella_hazelnut_spread,Nutella Hazelnut Spread,current_2020s,www.nutella.com,https://www.nutella.com/us/en/nutellar-jar-nutellar-united-states-official-website,current_web_page,panel_capture_needed,high,capture_private_panel_crop_from_source_then_run_native_vision_ocr,3,0,0,0,no_private_path_supplied,"Capture or crop the source privately, then fill local_private_image_path or processed_private_image_path.",1,0
hybrid-ocr-v1,quaker_old_fashioned_oats__2010s__933__1,quaker_old_fashioned_oats,Quaker Old Fashioned Oats,2010s,upcfoodsearch.com,https://upcfoodsearch.com/food-products/hot-oatmeal-cereal/030000010402/,label_database_record,panel_capture_needed,high,capture_private_panel_crop_from_source_then_run_native_vision_ocr,3,0,0,0,no_private_path_supplied,"Capture or crop the source privately, then fill local_private_image_path or processed_private_image_path.",1,0
hybrid-ocr-v1,spam_classic__current_2020s__67__7,spam_classic,SPAM Classic,current_2020s,www.spam.com,https://www.spam.com/varieties/spam-classic,brand_label_page,panel_capture_needed,high,capture_private_panel_crop_from_source_then_run_native_vision_ocr,3,0,0,0,no_private_path_supplied,"Capture or crop the source privately, then fill local_private_image_path or processed_private_image_path.",1,0
hybrid-ocr-v1,sprite_original__earliest_verified_label__417__1,sprite_original,Sprite Original,earliest_verified_label,www.flickr.com,https://www.flickr.com/photos/jasonliebigstuff/581987504,collector_package_photo,panel_capture_needed,high,capture_private_panel_crop_from_source_then_run_native_vision_ocr,3,0,0,0,no_private_path_supplied,"Capture or crop the source privately, then fill local_private_image_path or processed_private_image_path.",1,0
hybrid-ocr-v1,tostitos_original__2010s__1065__1,tostitos_original,Tostitos Original Restaurant Style,2010s,www.foodrepo.org,https://www.foodrepo.org/en/products/53357,label_database_record,panel_capture_needed,high,capture_private_panel_crop_from_source_then_run_native_vision_ocr,3,0,0,0,no_private_path_supplied,"Capture or crop the source privately, then fill local_private_image_path or processed_private_image_path.",1,0
hybrid-ocr-v1,totinos_pizza_rolls__2010s__557__1,totinos_pizza_rolls,Totino's Pizza Rolls,2010s,www.walmart.com,https://www.walmart.com/ip/51259445,retailer_page,panel_capture_needed,high,capture_private_panel_crop_from_source_then_run_native_vision_ocr,3,0,0,0,no_private_path_supplied,"Capture or crop the source privately, then fill local_private_image_path or processed_private_image_path.",1,0
hybrid-ocr-v1,triscuit_original__current_2020s__319__1,triscuit_original,Triscuit Original Crackers,current_2020s,www.walmart.com,https://www.walmart.com/ip/5229071936,retailer_page,panel_capture_needed,high,capture_private_panel_crop_from_source_then_run_native_vision_ocr,3,0,0,0,no_private_path_supplied,"Capture or crop the source privately, then fill local_private_image_path or processed_private_image_path.",1,0
hybrid-ocr-v1,velveeta_shells_and_cheese__2010s__680__1,velveeta_shells_and_cheese,Velveeta Shells & Cheese,2010s,upcfoodsearch.com,https://upcfoodsearch.com/food-products/pasta-side-mixes/021000045129/,label_database_record,panel_capture_needed,high,capture_private_panel_crop_from_source_then_run_native_vision_ocr,3,0,0,0,no_private_path_supplied,"Capture or crop the source privately, then fill local_private_image_path or processed_private_image_path.",1,0
hybrid-ocr-v1,capn_crunch_original__earliest_verified_label__1084__6,capn_crunch_original,Cap'n Crunch Original,earliest_verified_label,www.reddit.com,https://www.reddit.com/r/GrandmasPantry/comments/1t9hrxl/old_capn_crunch/,current_web_page,panel_capture_needed,high,capture_private_panel_crop_from_source_then_run_native_vision_ocr,3,0,0,0,no_private_path_supplied,"Capture or crop the source privately, then fill local_private_image_path or processed_private_image_path.",1,0
hybrid-ocr-v1,fig_newtons__current_2020s__520__2,fig_newtons,Fig Newtons,current_2020s,www.walmart.com,https://www.walmart.com/ip/108444023,retailer_page,panel_capture_needed,high,capture_private_panel_crop_from_source_then_run_native_vision_ocr,3,0,0,0,no_private_path_supplied,"Capture or crop the source privately, then fill local_private_image_path or processed_private_image_path.",1,0
hybrid-ocr-v1,gatorade_lemon_lime__current_2020s__1022__6,gatorade_lemon_lime,Gatorade Lemon-Lime,current_2020s,smartlabel.pepsico.info,https://smartlabel.pepsico.info/052000328684-0011-en-US/index.html,brand_label_page,panel_capture_needed,high,capture_private_panel_crop_from_source_then_run_native_vision_ocr,3,0,0,0,no_private_path_supplied,"Capture or crop the source privately, then fill local_private_image_path or processed_private_image_path.",1,0
hybrid-ocr-v1,hellmanns_mayonnaise_real__current_2020s__850__6,hellmanns_mayonnaise_real,Hellmann's Real Mayonnaise,current_2020s,smartlabel.unileverusa.com,https://smartlabel.unileverusa.com/048001213388-0001-en-US/index.html,brand_label_page,panel_capture_needed,high,capture_private_panel_crop_from_source_then_run_native_vision_ocr,3,0,0,0,no_private_path_supplied,"Capture or crop the source privately, then fill local_private_image_path or processed_private_image_path.",1,0
hybrid-ocr-v1,hidden_valley_ranch_original__earliest_verified_label__454__2,hidden_valley_ranch_original,Hidden Valley Original Ranch,earliest_verified_label,upcfoodsearch.com,https://upcfoodsearch.com/food-products/ranch-dressing/071100000214/,label_database_record,panel_capture_needed,high,capture_private_panel_crop_from_source_then_run_native_vision_ocr,3,0,0,0,no_private_path_supplied,"Capture or crop the source privately, then fill local_private_image_path or processed_private_image_path.",1,0
hybrid-ocr-v1,hostess_cupcakes__current_2020s__540__2,hostess_cupcakes,Hostess CupCakes,current_2020s,www.walmart.com,https://www.walmart.com/ip/27047495,retailer_page,panel_capture_needed,high,capture_private_panel_crop_from_source_then_run_native_vision_ocr,3,0,0,0,no_private_path_supplied,"Capture or crop the source privately, then fill local_private_image_path or processed_private_image_path.",1,0
hybrid-ocr-v1,jif_creamy_peanut_butter__current_2020s__285__2,jif_creamy_peanut_butter,Jif Creamy Peanut Butter,current_2020s,www.walmart.com,https://www.walmart.com/ip/17901350703,retailer_page,panel_capture_needed,high,capture_private_panel_crop_from_source_then_run_native_vision_ocr,3,0,0,0,no_private_path_supplied,"Capture or crop the source privately, then fill local_private_image_path or processed_private_image_path.",1,0
hybrid-ocr-v1,kit_kat_bar__current_2020s__903__2,kit_kat_bar,Kit Kat Bar,current_2020s,www.hersheyland.com,https://www.hersheyland.com/products/kit-kat-milk-chocolate-candy-bar-1-5-oz.html,brand_label_page,panel_capture_needed,high,capture_private_panel_crop_from_source_then_run_native_vision_ocr,3,0,0,0,no_private_path_supplied,"Capture or crop the source privately, then fill local_private_image_path or processed_private_image_path.",1,0
hybrid-ocr-v1,kraft_singles_american__current_2020s__1042__10,kraft_singles_american,Kraft Singles American Cheese,current_2020s,www.ewg.org,https://www.ewg.org/foodscores/products/0021000024834-KraftSinglesSingles2MilkAmericanCheeseSlices/,label_database_record,panel_capture_needed,high,capture_private_panel_crop_from_source_then_run_native_vision_ocr,3,0,0,0,no_private_path_supplied,"Capture or crop the source privately, then fill local_private_image_path or processed_private_image_path.",1,0
hybrid-ocr-v1,kraft_singles_american__current_2020s__753__8,kraft_singles_american,Kraft Singles American Cheese,current_2020s,www.kraftheinz.com,https://www.kraftheinz.com/kraft-singles/products/00021000604739-singles-american-pasteurized-prepared-cheese-product-slices,brand_label_page,panel_capture_needed,high,capture_private_panel_crop_from_source_then_run_native_vision_ocr,3,0,0,0,no_private_path_supplied,"Capture or crop the source privately, then fill local_private_image_path or processed_private_image_path.",1,0
hybrid-ocr-v1,kraft_singles_american__current_2020s__961__9,kraft_singles_american,Kraft Singles American Cheese,current_2020s,www.kraftheinz.com,https://www.kraftheinz.com/kraft-singles/products/00021000604913-american-slices,brand_label_page,panel_capture_needed,high,capture_private_panel_crop_from_source_then_run_native_vision_ocr,3,0,0,0,no_private_path_supplied,"Capture or crop the source privately, then fill local_private_image_path or processed_private_image_path.",1,0
hybrid-ocr-v1,nutella_hazelnut_spread__current_2020s__744__8,nutella_hazelnut_spread,Nutella Hazelnut Spread,current_2020s,www.nutella.com,https://www.nutella.com/us/en/inside-nutella/faqs,current_web_page,panel_capture_needed,high,capture_private_panel_crop_from_source_then_run_native_vision_ocr,3,0,0,0,no_private_path_supplied,"Capture or crop the source privately, then fill local_private_image_path or processed_private_image_path.",1,0
hybrid-ocr-v1,oscar_mayer_wieners__current_2020s__110__2,oscar_mayer_wieners,Oscar Mayer Wieners,current_2020s,www.oscarmayer.com,https://www.oscarmayer.com/products/00044700097014-classic-wieners-hot-dogs-mega-pack/,current_web_page,panel_capture_needed,high,capture_private_panel_crop_from_source_then_run_native_vision_ocr,3,0,0,0,no_private_path_supplied,"Capture or crop the source privately, then fill local_private_image_path or processed_private_image_path.",1,0
hybrid-ocr-v1,poptarts_brown_sugar_cinnamon__current_2020s__959__8,poptarts_brown_sugar_cinnamon,Pop-Tarts Frosted Brown Sugar Cinnamon,current_2020s,www.kroger.com,https://www.kroger.com/p/kellogg-s-pop-tarts-frosted-brown-sugar-cinnamon-toaster-pastries/0003800022261,retailer_page,panel_capture_needed,high,capture_private_panel_crop_from_source_then_run_native_vision_ocr,3,0,0,0,no_private_path_supplied,"Capture or crop the source privately, then fill local_private_image_path or processed_private_image_path.",1,0
hybrid-ocr-v1,quaker_old_fashioned_oats__current_2020s__86__6,quaker_old_fashioned_oats,Quaker Old Fashioned Oats,current_2020s,www.quakeroats.com,https://www.quakeroats.com/products/hot-cereals/old-fashioned-oats-quick-oats,current_web_page,panel_capture_needed,high,capture_private_panel_crop_from_source_then_run_native_vision_ocr,3,0,0,0,no_private_path_supplied,"Capture or crop the source privately, then fill local_private_image_path or processed_private_image_path.",1,0
