run_id,evidence_id,product_id,product_name,vintage_label,source_domain,source_url,source_title,source_type,ocr_gap_category,ocr_priority,capture_strategy,crop_target,ocr_expected_surface,image_map_keys,local_private_image_path,processed_private_image_path,panel_crop_note,rights_review_status,publication_image_policy,candidate_only,manual_verified
hybrid-ocr-v1,coca_cola_classic__current_2020s__249__1,coca_cola_classic,Coca-Cola Classic,current_2020s,www.coca-cola.com,https://www.coca-cola.com/us/en/brands/coca-cola/products/original?redirect=true,Coca-Cola Original Soda current US product page,brand_label_page,panel_capture_needed,high,capture_private_panel_crop_from_source_then_run_native_vision_ocr,"front_or_primary_panel,package_weight_or_size,manufacturer_or_distributor,archive_or_capture_coordinates",,coca_cola_classic__current_2020s__249__1;coca_cola_classic:coca_cola_classic__current_2020s__249__1;https://www.coca-cola.com/us/en/brands/coca-cola/products/original?redirect=true,,,,rights_review_needed,source_link_only_no_public_image,1,0
hybrid-ocr-v1,oreo_original_chocolate_sandwich_cookies__current_2020s__1__5,oreo_original_chocolate_sandwich_cookies,Oreo Original Chocolate Sandwich Cookies,current_2020s,smartlabel.mondelez.info,https://smartlabel.mondelez.info/00044000033262-0001-en-US/index.html,Nabisco Oreo Sandwich Cookies 14.3 oz - SmartLabel,brand_label_page,panel_capture_needed,high,capture_private_panel_crop_from_source_then_run_native_vision_ocr,"front_or_primary_panel,manufacturer_or_distributor,archive_or_capture_coordinates",,oreo_original_chocolate_sandwich_cookies__current_2020s__1__5;oreo_original_chocolate_sandwich_cookies:oreo_original_chocolate_sandwich_cookies__current_2020s__1__5;https://smartlabel.mondelez.info/00044000033262-0001-en-US/index.html,,,,rights_review_needed,source_link_only_no_public_image,1,0
hybrid-ocr-v1,doritos_nacho_cheese__current_2020s__727__4,doritos_nacho_cheese,Doritos Nacho Cheese,current_2020s,smartlabel.pepsico.info,https://smartlabel.pepsico.info/028400017305-0007-en-US/index.html,Doritos Nacho Cheese SmartLabel current page,brand_label_page,panel_capture_needed,high,capture_private_panel_crop_from_source_then_run_native_vision_ocr,"front_or_primary_panel,package_weight_or_size,manufacturer_or_distributor,archive_or_capture_coordinates",,doritos_nacho_cheese__current_2020s__727__4;doritos_nacho_cheese:doritos_nacho_cheese__current_2020s__727__4;https://smartlabel.pepsico.info/028400017305-0007-en-US/index.html,,,,rights_review_needed,source_link_only_no_public_image,1,0
hybrid-ocr-v1,twinkies__current_2020s__16__2,twinkies,Hostess Twinkies,current_2020s,www.kroger.com,https://www.kroger.com/p/hostess-twinkies-single-serve-chocolate-cakes/0088810901090,"Hostess Twinkies Single-Serve Chocolate Cakes, 2 ct / 2.7 oz - Kroger",retailer_page,panel_capture_needed,high,capture_private_panel_crop_from_source_then_run_native_vision_ocr,"front_or_primary_panel,manufacturer_or_distributor,archive_or_capture_coordinates",,twinkies__current_2020s__16__2;twinkies:twinkies__current_2020s__16__2;https://www.kroger.com/p/hostess-twinkies-single-serve-chocolate-cakes/0088810901090,,,,rights_review_needed,source_link_only_no_public_image,1,0
hybrid-ocr-v1,kraft_macaroni_and_cheese_original__current_2020s__6__4,kraft_macaroni_and_cheese_original,Kraft Macaroni & Cheese Original,current_2020s,www.walmart.com,https://www.walmart.com/ip/10295759,"Kraft Original Mac & Cheese Dinner, Family Size Value Pack, 14.5 oz Box - Walmart",retailer_page,panel_capture_needed,high,capture_private_panel_crop_from_source_then_run_native_vision_ocr,"front_or_primary_panel,manufacturer_or_distributor,archive_or_capture_coordinates",,kraft_macaroni_and_cheese_original__current_2020s__6__4;kraft_macaroni_and_cheese_original:kraft_macaroni_and_cheese_original__current_2020s__6__4;https://www.walmart.com/ip/10295759,,,,rights_review_needed,source_link_only_no_public_image,1,0
hybrid-ocr-v1,oreo_original_chocolate_sandwich_cookies__current_2020s__2__6,oreo_original_chocolate_sandwich_cookies,Oreo Original Chocolate Sandwich Cookies,current_2020s,www.ewg.org,https://www.ewg.org/foodscores/products/0044000051617-OreoChocolateOriginalFlavorSandwichCookies/,EWG Food Scores - Oreo Chocolate Original Flavor Sandwich Cookies,label_database_record,panel_capture_needed,high,capture_private_panel_crop_from_source_then_run_native_vision_ocr,"front_or_primary_panel,manufacturer_or_distributor,archive_or_capture_coordinates",,oreo_original_chocolate_sandwich_cookies__current_2020s__2__6;oreo_original_chocolate_sandwich_cookies:oreo_original_chocolate_sandwich_cookies__current_2020s__2__6;https://www.ewg.org/foodscores/products/0044000051617-OreoChocolateOriginalFlavorSandwichCookies/,,,,rights_review_needed,source_link_only_no_public_image,1,0
hybrid-ocr-v1,hersheys_milk_chocolate_bar__current_2020s__25__1,hersheys_milk_chocolate_bar,Hershey's Milk Chocolate Bar,current_2020s,smartlabel.hersheys.com,https://smartlabel.hersheys.com/034000290055-0051-en-US/index.html,"HERSHEY'S Milk Chocolate 6 full size bars 9.3 oz SmartLabel, updated 2024",brand_label_page,panel_capture_needed,high,capture_private_panel_crop_from_source_then_run_native_vision_ocr,"front_or_primary_panel,archive_or_capture_coordinates",,hersheys_milk_chocolate_bar__current_2020s__25__1;hersheys_milk_chocolate_bar:hersheys_milk_chocolate_bar__current_2020s__25__1;https://smartlabel.hersheys.com/034000290055-0051-en-US/index.html,,,,rights_review_needed,source_link_only_no_public_image,1,0
hybrid-ocr-v1,oreo_original_chocolate_sandwich_cookies__2010s__3__3,oreo_original_chocolate_sandwich_cookies,Oreo Original Chocolate Sandwich Cookies,2010s,www.ewg.org,https://www.ewg.org/foodscores/products/044000081034-OreoChocolateSandwichCookiesOriginalWinter/,"EWG Food Scores - Oreo Chocolate Sandwich Cookies, Original, Winter",label_database_record,panel_capture_needed,high,capture_private_panel_crop_from_source_then_run_native_vision_ocr,"front_or_primary_panel,manufacturer_or_distributor,archive_or_capture_coordinates",,oreo_original_chocolate_sandwich_cookies__2010s__3__3;oreo_original_chocolate_sandwich_cookies:oreo_original_chocolate_sandwich_cookies__2010s__3__3;https://www.ewg.org/foodscores/products/044000081034-OreoChocolateSandwichCookiesOriginalWinter/,,,,rights_review_needed,source_link_only_no_public_image,1,0
hybrid-ocr-v1,poptarts_frosted_strawberry__current_2020s__13__3,poptarts_frosted_strawberry,Pop-Tarts Frosted Strawberry,current_2020s,smartlabel.kelloggs.com,https://smartlabel.kelloggs.com/Product/Index/038000317316,Frosted Strawberry Pop-Tarts - SmartLabel,brand_label_page,panel_capture_needed,high,capture_private_panel_crop_from_source_then_run_native_vision_ocr,"front_or_primary_panel,manufacturer_or_distributor,archive_or_capture_coordinates",,poptarts_frosted_strawberry__current_2020s__13__3;poptarts_frosted_strawberry:poptarts_frosted_strawberry__current_2020s__13__3;https://smartlabel.kelloggs.com/Product/Index/038000317316,,,,rights_review_needed,source_link_only_no_public_image,1,0
hybrid-ocr-v1,ritz_original_crackers__current_2020s__30__2,ritz_original_crackers,Ritz Original Crackers,current_2020s,smartlabel.mondelez.info,https://smartlabel.mondelez.info/044000031121-0001-en-US/index.html,"RITZ, The Original, Crackers, 10.3 oz - SmartLabel",common_crawl_capture,panel_capture_needed,high,capture_private_panel_crop_from_source_then_run_native_vision_ocr,"front_or_primary_panel,manufacturer_or_distributor",,ritz_original_crackers__current_2020s__30__2;ritz_original_crackers:ritz_original_crackers__current_2020s__30__2;https://smartlabel.mondelez.info/044000031121-0001-en-US/index.html,,,,rights_review_needed,source_link_only_no_public_image,1,0
hybrid-ocr-v1,hersheys_milk_chocolate_bar__current_2020s__496__2,hersheys_milk_chocolate_bar,Hershey's Milk Chocolate Bar,current_2020s,smartlabel.hersheys.com,https://smartlabel.hersheys.com/034000859474-0050-en-US/index.html,"HERSHEY'S Milk Chocolate Bar 1.55 oz SmartLabel, updated 2023",brand_label_page,panel_capture_needed,high,capture_private_panel_crop_from_source_then_run_native_vision_ocr,"front_or_primary_panel,archive_or_capture_coordinates",,hersheys_milk_chocolate_bar__current_2020s__496__2;hersheys_milk_chocolate_bar:hersheys_milk_chocolate_bar__current_2020s__496__2;https://smartlabel.hersheys.com/034000859474-0050-en-US/index.html,,,,rights_review_needed,source_link_only_no_public_image,1,0
hybrid-ocr-v1,lays_classic__current_2020s__28__2,lays_classic,Lay's Classic Potato Chips,current_2020s,smartlabel.pepsico.info,https://smartlabel.pepsico.info/028400017145-0003-en-US/index.html,Lay's Classic Potato Chips - SmartLabel,common_crawl_capture,panel_capture_needed,high,capture_private_panel_crop_from_source_then_run_native_vision_ocr,"front_or_primary_panel,manufacturer_or_distributor",,lays_classic__current_2020s__28__2;lays_classic:lays_classic__current_2020s__28__2;https://smartlabel.pepsico.info/028400017145-0003-en-US/index.html,,,,rights_review_needed,source_link_only_no_public_image,1,0
hybrid-ocr-v1,poptarts_frosted_strawberry__current_2020s__14__4,poptarts_frosted_strawberry,Pop-Tarts Frosted Strawberry,current_2020s,www.poptarts.com,https://www.poptarts.com/en_US/products/all-flavors/pop-tarts-frosted-strawberry-product.html,Frosted Strawberry Pop-Tarts - Pop-Tarts,current_web_page,panel_capture_needed,high,capture_private_panel_crop_from_source_then_run_native_vision_ocr,"front_or_primary_panel,manufacturer_or_distributor,archive_or_capture_coordinates",,poptarts_frosted_strawberry__current_2020s__14__4;poptarts_frosted_strawberry:poptarts_frosted_strawberry__current_2020s__14__4;https://www.poptarts.com/en_US/products/all-flavors/pop-tarts-frosted-strawberry-product.html,,,,rights_review_needed,source_link_only_no_public_image,1,0
hybrid-ocr-v1,ritz_original_crackers__current_2020s__29__3,ritz_original_crackers,Ritz Original Crackers,current_2020s,smartlabel.mondelez.info,https://smartlabel.mondelez.info/044000031121-0001-en-US/index.html,"RITZ, The Original, Crackers, 10.3 oz - SmartLabel",common_crawl_capture,panel_capture_needed,high,capture_private_panel_crop_from_source_then_run_native_vision_ocr,"front_or_primary_panel,manufacturer_or_distributor",,ritz_original_crackers__current_2020s__29__3;ritz_original_crackers:ritz_original_crackers__current_2020s__29__3;https://smartlabel.mondelez.info/044000031121-0001-en-US/index.html,,,,rights_review_needed,source_link_only_no_public_image,1,0
hybrid-ocr-v1,chips_ahoy_original__earliest_verified_label__448__3,chips_ahoy_original,Chips Ahoy! Original Cookies,earliest_verified_label,upcfoodsearch.com,https://upcfoodsearch.com/food-products/chocolate-chip-cookies/044000032197/,"Nabisco Chips Ahoy! Cookies Original, UPC 044000032197 - UPC Food Search",label_database_record,panel_capture_needed,high,capture_private_panel_crop_from_source_then_run_native_vision_ocr,"front_or_primary_panel,archive_or_capture_coordinates",,chips_ahoy_original__earliest_verified_label__448__3;chips_ahoy_original:chips_ahoy_original__earliest_verified_label__448__3;https://upcfoodsearch.com/food-products/chocolate-chip-cookies/044000032197/,,,,rights_review_needed,source_link_only_no_public_image,1,0
hybrid-ocr-v1,twinkies__2010s__15__1,twinkies,Hostess Twinkies,2010s,upcfoodsearch.com,https://upcfoodsearch.com/food-products/other-pastries/045000001008/,Hostess Twinkies (045000001008) - UPC Food Search,label_database_record,panel_capture_needed,high,capture_private_panel_crop_from_source_then_run_native_vision_ocr,"front_or_primary_panel,manufacturer_or_distributor,archive_or_capture_coordinates",,twinkies__2010s__15__1;twinkies:twinkies__2010s__15__1;https://upcfoodsearch.com/food-products/other-pastries/045000001008/,,,,rights_review_needed,source_link_only_no_public_image,1,0
hybrid-ocr-v1,lays_classic__current_2020s__26__3,lays_classic,Lay's Classic Potato Chips,current_2020s,smartlabel.pepsico.info,https://smartlabel.pepsico.info/028400017145-0003-en-US/index.html,Lay's Classic Potato Chips - SmartLabel,brand_label_page,panel_capture_needed,high,capture_private_panel_crop_from_source_then_run_native_vision_ocr,"front_or_primary_panel,manufacturer_or_distributor,archive_or_capture_coordinates",,lays_classic__current_2020s__26__3;lays_classic:lays_classic__current_2020s__26__3;https://smartlabel.pepsico.info/028400017145-0003-en-US/index.html,,,,rights_review_needed,source_link_only_no_public_image,1,0
hybrid-ocr-v1,oreo_original_chocolate_sandwich_cookies__current_2020s__445__1,oreo_original_chocolate_sandwich_cookies,Oreo Original Chocolate Sandwich Cookies,current_2020s,www.kroger.com,https://www.kroger.com/p/nabisco-original-oreos/0004400003202,"OREO Chocolate Sandwich Cookies, 14.3 oz - Kroger",retailer_page,panel_capture_needed,high,capture_private_panel_crop_from_source_then_run_native_vision_ocr,"manufacturer_or_distributor,archive_or_capture_coordinates",,oreo_original_chocolate_sandwich_cookies__current_2020s__445__1;oreo_original_chocolate_sandwich_cookies:oreo_original_chocolate_sandwich_cookies__current_2020s__445__1;https://www.kroger.com/p/nabisco-original-oreos/0004400003202,,,,rights_review_needed,source_link_only_no_public_image,1,0
hybrid-ocr-v1,pepsi_cola__current_2020s__33__3,pepsi_cola,Pepsi Cola,current_2020s,smartlabel.pepsico.info,https://smartlabel.pepsico.info/012000809941-0001-en-US/index.html,Pepsi Cola SmartLabel product record,brand_label_page,panel_capture_needed,high,capture_private_panel_crop_from_source_then_run_native_vision_ocr,"front_or_primary_panel,package_weight_or_size,manufacturer_or_distributor,archive_or_capture_coordinates",,pepsi_cola__current_2020s__33__3;pepsi_cola:pepsi_cola__current_2020s__33__3;https://smartlabel.pepsico.info/012000809941-0001-en-US/index.html,,,,rights_review_needed,source_link_only_no_public_image,1,0
hybrid-ocr-v1,poptarts_frosted_strawberry__2010s__449__1,poptarts_frosted_strawberry,Pop-Tarts Frosted Strawberry,2010s,www.foodrepo.org,https://www.foodrepo.org/en/products/47947,Kellogg's Pop-Tarts Frosted Strawberry 58.6 oz - FoodRepo,label_database_record,panel_capture_needed,high,capture_private_panel_crop_from_source_then_run_native_vision_ocr,"front_or_primary_panel,manufacturer_or_distributor,archive_or_capture_coordinates",,poptarts_frosted_strawberry__2010s__449__1;poptarts_frosted_strawberry:poptarts_frosted_strawberry__2010s__449__1;https://www.foodrepo.org/en/products/47947,,,,rights_review_needed,source_link_only_no_public_image,1,0
hybrid-ocr-v1,poptarts_frosted_strawberry__current_2020s__449__5,poptarts_frosted_strawberry,Pop-Tarts Frosted Strawberry,current_2020s,www.foodrepo.org,https://www.foodrepo.org/en/products/47947,Kellogg's Pop-Tarts Frosted Strawberry 58.6 oz - FoodRepo,label_database_record,panel_capture_needed,high,capture_private_panel_crop_from_source_then_run_native_vision_ocr,"front_or_primary_panel,manufacturer_or_distributor,archive_or_capture_coordinates",,poptarts_frosted_strawberry__current_2020s__449__5;poptarts_frosted_strawberry:poptarts_frosted_strawberry__current_2020s__449__5;https://www.foodrepo.org/en/products/47947,,,,rights_review_needed,source_link_only_no_public_image,1,0
hybrid-ocr-v1,ritz_original_crackers__current_2020s__20__4,ritz_original_crackers,Ritz Original Crackers,current_2020s,smartlabel.mondelez.info,https://smartlabel.mondelez.info/044000031121-0001-en-US/index.html,"RITZ, The Original, Crackers, 10.3 oz - SmartLabel",brand_label_page,panel_capture_needed,high,capture_private_panel_crop_from_source_then_run_native_vision_ocr,"front_or_primary_panel,manufacturer_or_distributor,archive_or_capture_coordinates",,ritz_original_crackers__current_2020s__20__4;ritz_original_crackers:ritz_original_crackers__current_2020s__20__4;https://smartlabel.mondelez.info/044000031121-0001-en-US/index.html,,,,rights_review_needed,source_link_only_no_public_image,1,0
hybrid-ocr-v1,cheetos_crunchy__current_2020s__38__2,cheetos_crunchy,Cheetos Crunchy,current_2020s,smartlabel.pepsico.info,https://smartlabel.pepsico.info/028400589501-0001-en-US/index.html,Cheetos Crunchy Cheese Flavored Snacks - SmartLabel,brand_label_page,panel_capture_needed,high,capture_private_panel_crop_from_source_then_run_native_vision_ocr,"front_or_primary_panel,manufacturer_or_distributor,archive_or_capture_coordinates",,cheetos_crunchy__current_2020s__38__2;cheetos_crunchy:cheetos_crunchy__current_2020s__38__2;https://smartlabel.pepsico.info/028400589501-0001-en-US/index.html,,,,rights_review_needed,source_link_only_no_public_image,1,0
hybrid-ocr-v1,cheez_it_original__current_2020s__22__4,cheez_it_original,Cheez-It Original Crackers,current_2020s,smartlabel.kelloggs.com,https://smartlabel.kelloggs.com/Product/Index/024100106844,Cheez-It Original Snack Crackers - SmartLabel,brand_label_page,panel_capture_needed,high,capture_private_panel_crop_from_source_then_run_native_vision_ocr,"front_or_primary_panel,manufacturer_or_distributor,archive_or_capture_coordinates",,cheez_it_original__current_2020s__22__4;cheez_it_original:cheez_it_original__current_2020s__22__4;https://smartlabel.kelloggs.com/Product/Index/024100106844,,,,rights_review_needed,source_link_only_no_public_image,1,0
hybrid-ocr-v1,chips_ahoy_original__current_2020s__409__6,chips_ahoy_original,Chips Ahoy! Original Cookies,current_2020s,www.upcitemdb.com,https://www.upcitemdb.com/upc/44000032197,UPC 044000032197 - Chips Ahoy! Original Chocolate Chip Cookies 13 oz - UPCitemdb,current_web_page,panel_capture_needed,high,capture_private_panel_crop_from_source_then_run_native_vision_ocr,"front_or_primary_panel,manufacturer_or_distributor,archive_or_capture_coordinates",,chips_ahoy_original__current_2020s__409__6;chips_ahoy_original:chips_ahoy_original__current_2020s__409__6;https://www.upcitemdb.com/upc/44000032197,,,,rights_review_needed,source_link_only_no_public_image,1,0
hybrid-ocr-v1,froot_loops__current_2020s__40__2,froot_loops,Kellogg's Froot Loops,current_2020s,smartlabel.kelloggs.com,https://smartlabel.kelloggs.com/Product/Index/038000198645,Kellogg's Froot Loops Original - SmartLabel,brand_label_page,panel_capture_needed,high,capture_private_panel_crop_from_source_then_run_native_vision_ocr,"front_or_primary_panel,manufacturer_or_distributor,archive_or_capture_coordinates",,froot_loops__current_2020s__40__2;froot_loops:froot_loops__current_2020s__40__2;https://smartlabel.kelloggs.com/Product/Index/038000198645,,,,rights_review_needed,source_link_only_no_public_image,1,0
hybrid-ocr-v1,frosted_flakes__current_2020s__41__2,frosted_flakes,Kellogg's Frosted Flakes,current_2020s,smartlabel.kelloggs.com,https://smartlabel.kelloggs.com/Product/Index/038000001299,Kellogg's Frosted Flakes Original - SmartLabel,brand_label_page,panel_capture_needed,high,capture_private_panel_crop_from_source_then_run_native_vision_ocr,"front_or_primary_panel,manufacturer_or_distributor,archive_or_capture_coordinates",,frosted_flakes__current_2020s__41__2;frosted_flakes:frosted_flakes__current_2020s__41__2;https://smartlabel.kelloggs.com/Product/Index/038000001299,,,,rights_review_needed,source_link_only_no_public_image,1,0
hybrid-ocr-v1,lays_classic__current_2020s__493__4,lays_classic,Lay's Classic Potato Chips,current_2020s,smartlabel.pepsico.info,https://smartlabel.pepsico.info/028400090858-0020-en-US/index.html,"Lay's Classic Potato Chips 1 oz SmartLabel, updated 2025",brand_label_page,panel_capture_needed,high,capture_private_panel_crop_from_source_then_run_native_vision_ocr,"front_or_primary_panel,archive_or_capture_coordinates",,lays_classic__current_2020s__493__4;lays_classic:lays_classic__current_2020s__493__4;https://smartlabel.pepsico.info/028400090858-0020-en-US/index.html,,,,rights_review_needed,source_link_only_no_public_image,1,0
hybrid-ocr-v1,oreo_original_chocolate_sandwich_cookies__current_2020s__607__2,oreo_original_chocolate_sandwich_cookies,Oreo Original Chocolate Sandwich Cookies,current_2020s,business.walmart.com,https://business.walmart.com/ip/Oreo-Original-Cookie-13-29-oz/16255757318,Oreo Original Cookie 13.29 oz - Walmart Business,retailer_page,panel_capture_needed,high,capture_private_panel_crop_from_source_then_run_native_vision_ocr,"manufacturer_or_distributor,archive_or_capture_coordinates",,oreo_original_chocolate_sandwich_cookies__current_2020s__607__2;oreo_original_chocolate_sandwich_cookies:oreo_original_chocolate_sandwich_cookies__current_2020s__607__2;https://business.walmart.com/ip/Oreo-Original-Cookie-13-29-oz/16255757318,,,,rights_review_needed,source_link_only_no_public_image,1,0
hybrid-ocr-v1,poptarts_frosted_strawberry__current_2020s__721__6,poptarts_frosted_strawberry,Pop-Tarts Frosted Strawberry,current_2020s,www.poptarts.com,https://www.poptarts.com/en_US/products/all-flavors/pop-tarts-frosted-strawberry-product.html?bvstate=pg%3A15%2Fct%3Ar,Frosted Strawberry Pop-Tarts current product page,current_web_page,panel_capture_needed,high,capture_private_panel_crop_from_source_then_run_native_vision_ocr,"front_or_primary_panel,package_weight_or_size,manufacturer_or_distributor,archive_or_capture_coordinates",,poptarts_frosted_strawberry__current_2020s__721__6;poptarts_frosted_strawberry:poptarts_frosted_strawberry__current_2020s__721__6;https://www.poptarts.com/en_US/products/all-flavors/pop-tarts-frosted-strawberry-product.html?bvstate=pg%3A15%2Fct%3Ar,,,,rights_review_needed,source_link_only_no_public_image,1,0
hybrid-ocr-v1,reeses_peanut_butter_cups__current_2020s__1052__4,reeses_peanut_butter_cups,Reese's Peanut Butter Cups,current_2020s,smartlabel.hersheys.com,https://smartlabel.hersheys.com/00034000004409-0005#ingredients,Hershey SmartLabel Reese's Peanut Butter Cups ingredients page,brand_label_page,panel_capture_needed,high,capture_private_panel_crop_from_source_then_run_native_vision_ocr,"front_or_primary_panel,package_weight_or_size,manufacturer_or_distributor,archive_or_capture_coordinates",,reeses_peanut_butter_cups__current_2020s__1052__4;reeses_peanut_butter_cups:reeses_peanut_butter_cups__current_2020s__1052__4;https://smartlabel.hersheys.com/00034000004409-0005#ingredients,,,,rights_review_needed,source_link_only_no_public_image,1,0
hybrid-ocr-v1,ritz_original_crackers__current_2020s__19__5,ritz_original_crackers,Ritz Original Crackers,current_2020s,smartlabel.mondelez.info,https://smartlabel.mondelez.info/044000069056-0001-en-US/index.html,"Ritz, The Original Crackers - SmartLabel",brand_label_page,panel_capture_needed,high,capture_private_panel_crop_from_source_then_run_native_vision_ocr,"front_or_primary_panel,manufacturer_or_distributor,archive_or_capture_coordinates",,ritz_original_crackers__current_2020s__19__5;ritz_original_crackers:ritz_original_crackers__current_2020s__19__5;https://smartlabel.mondelez.info/044000069056-0001-en-US/index.html,,,,rights_review_needed,source_link_only_no_public_image,1,0
hybrid-ocr-v1,campbells_chicken_noodle_soup__current_2020s__529__3,campbells_chicken_noodle_soup,Campbell's Chicken Noodle Soup,current_2020s,www.thefreshgrocer.com,https://www.thefreshgrocer.com/product/campbells-condensed-chicken-noodle-soup-1075-oz-00051000012517,Campbell's Condensed Chicken Noodle Soup 10.75 oz The Fresh Grocer page,current_web_page,panel_capture_needed,high,capture_private_panel_crop_from_source_then_run_native_vision_ocr,"front_or_primary_panel,manufacturer_or_distributor,archive_or_capture_coordinates",,campbells_chicken_noodle_soup__current_2020s__529__3;campbells_chicken_noodle_soup:campbells_chicken_noodle_soup__current_2020s__529__3;https://www.thefreshgrocer.com/product/campbells-condensed-chicken-noodle-soup-1075-oz-00051000012517,,,,rights_review_needed,source_link_only_no_public_image,1,0
hybrid-ocr-v1,cheerios_original__earliest_verified_label__368__1,cheerios_original,Cheerios Original,earliest_verified_label,www.flickr.com,https://www.flickr.com/photos/25692985%40N07/3523833856,1985 General Mills Cheerios Cereal Box Back - Flickr,collector_package_photo,panel_capture_needed,high,capture_private_panel_crop_from_source_then_run_native_vision_ocr,"transcribed_label_text,package_weight_or_size,manufacturer_or_distributor,archive_or_capture_coordinates",,cheerios_original__earliest_verified_label__368__1;cheerios_original:cheerios_original__earliest_verified_label__368__1;https://www.flickr.com/photos/25692985%40N07/3523833856,,,,rights_review_needed,source_link_only_no_public_image,1,0
hybrid-ocr-v1,cheetos_crunchy__current_2020s__495__3,cheetos_crunchy,Cheetos Crunchy,current_2020s,smartlabel.pepsico.info,https://smartlabel.pepsico.info/028400329453-0021-en-US/index.html,"Cheetos Crunchy Cheese Flavored Snacks 3.25 oz SmartLabel, updated 2024",brand_label_page,panel_capture_needed,high,capture_private_panel_crop_from_source_then_run_native_vision_ocr,"front_or_primary_panel,archive_or_capture_coordinates",,cheetos_crunchy__current_2020s__495__3;cheetos_crunchy:cheetos_crunchy__current_2020s__495__3;https://smartlabel.pepsico.info/028400329453-0021-en-US/index.html,,,,rights_review_needed,source_link_only_no_public_image,1,0
hybrid-ocr-v1,chips_ahoy_original__2010s__448__3,chips_ahoy_original,Chips Ahoy! Original Cookies,2010s,upcfoodsearch.com,https://upcfoodsearch.com/food-products/chocolate-chip-cookies/044000032197/,"Nabisco Chips Ahoy! Cookies Original, UPC 044000032197 - UPC Food Search",label_database_record,panel_capture_needed,high,capture_private_panel_crop_from_source_then_run_native_vision_ocr,"front_or_primary_panel,archive_or_capture_coordinates",,chips_ahoy_original__2010s__448__3;chips_ahoy_original:chips_ahoy_original__2010s__448__3;https://upcfoodsearch.com/food-products/chocolate-chip-cookies/044000032197/,,,,rights_review_needed,source_link_only_no_public_image,1,0
hybrid-ocr-v1,chips_ahoy_original__current_2020s__11__7,chips_ahoy_original,Chips Ahoy! Original Cookies,current_2020s,smartlabel.mondelez.info,https://smartlabel.mondelez.info/044000073336-0001-en-US/index.html,Chips Ahoy! Original Real Chocolate Chip Cookies - SmartLabel,brand_label_page,panel_capture_needed,high,capture_private_panel_crop_from_source_then_run_native_vision_ocr,"front_or_primary_panel,package_weight_or_size,manufacturer_or_distributor,archive_or_capture_coordinates",,chips_ahoy_original__current_2020s__11__7;chips_ahoy_original:chips_ahoy_original__current_2020s__11__7;https://smartlabel.mondelez.info/044000073336-0001-en-US/index.html,,,,rights_review_needed,source_link_only_no_public_image,1,0
hybrid-ocr-v1,coca_cola_classic__earliest_verified_label__725__1,coca_cola_classic,Coca-Cola Classic,earliest_verified_label,www.flickr.com,https://www.flickr.com/photos/studioz7/29453244726,1960s Coca-Cola syrup label collector photo,collector_package_photo,panel_capture_needed,high,capture_private_panel_crop_from_source_then_run_native_vision_ocr,"package_weight_or_size,manufacturer_or_distributor,archive_or_capture_coordinates",,coca_cola_classic__earliest_verified_label__725__1;coca_cola_classic:coca_cola_classic__earliest_verified_label__725__1;https://www.flickr.com/photos/studioz7/29453244726,,,,rights_review_needed,source_link_only_no_public_image,1,0
hybrid-ocr-v1,doritos_nacho_cheese__current_2020s__407__1,doritos_nacho_cheese,Doritos Nacho Cheese,current_2020s,wvww.gardengrocer.com,https://wvww.gardengrocer.com/product/1762-doritos-tortilla-chips-nacho-cheese-975oz-bag,Doritos Tortilla Chips Nacho Cheese 9.75oz Bag - Garden Grocer,current_web_page,panel_capture_needed,high,capture_private_panel_crop_from_source_then_run_native_vision_ocr,"manufacturer_or_distributor,archive_or_capture_coordinates",,doritos_nacho_cheese__current_2020s__407__1;doritos_nacho_cheese:doritos_nacho_cheese__current_2020s__407__1;https://wvww.gardengrocer.com/product/1762-doritos-tortilla-chips-nacho-cheese-975oz-bag,,,,rights_review_needed,source_link_only_no_public_image,1,0
hybrid-ocr-v1,corn_flakes__current_2020s__39__3,corn_flakes,Kellogg's Corn Flakes,current_2020s,smartlabel.kelloggs.com,https://smartlabel.kelloggs.com/Product/Index/038000001305,Kellogg's Corn Flakes Original - SmartLabel,brand_label_page,panel_capture_needed,high,capture_private_panel_crop_from_source_then_run_native_vision_ocr,"front_or_primary_panel,manufacturer_or_distributor,archive_or_capture_coordinates",,corn_flakes__current_2020s__39__3;corn_flakes:corn_flakes__current_2020s__39__3;https://smartlabel.kelloggs.com/Product/Index/038000001305,,,,rights_review_needed,source_link_only_no_public_image,1,0
hybrid-ocr-v1,kraft_macaroni_and_cheese_original__current_2020s__464__1,kraft_macaroni_and_cheese_original,Kraft Macaroni & Cheese Original,current_2020s,www.walmart.com,https://www.walmart.com/ip/1178903502,"Kraft Mac and Cheese, Original Flavor, 7.25 oz - Walmart",retailer_page,panel_capture_needed,high,capture_private_panel_crop_from_source_then_run_native_vision_ocr,"manufacturer_or_distributor,archive_or_capture_coordinates",,kraft_macaroni_and_cheese_original__current_2020s__464__1;kraft_macaroni_and_cheese_original:kraft_macaroni_and_cheese_original__current_2020s__464__1;https://www.walmart.com/ip/1178903502,,,,rights_review_needed,source_link_only_no_public_image,1,0
hybrid-ocr-v1,lays_classic__2010s__27__1,lays_classic,Lay's Classic Potato Chips,2010s,lays.backend.headless.majestic.dev,https://lays.backend.headless.majestic.dev/products/lays-classic-potato-chips,LAY'S Classic Potato Chips - brand backend product page,current_web_page,panel_capture_needed,high,capture_private_panel_crop_from_source_then_run_native_vision_ocr,"front_or_primary_panel,manufacturer_or_distributor,archive_or_capture_coordinates",,lays_classic__2010s__27__1;lays_classic:lays_classic__2010s__27__1;https://lays.backend.headless.majestic.dev/products/lays-classic-potato-chips,,,,rights_review_needed,source_link_only_no_public_image,1,0
hybrid-ocr-v1,lays_classic__current_2020s__492__5,lays_classic,Lay's Classic Potato Chips,current_2020s,smartlabel.pepsico.info,https://smartlabel.pepsico.info/028400199148-0033-en-US/index.html,"Lay's Classic Potato Chips 8 oz SmartLabel, updated 2024",brand_label_page,panel_capture_needed,high,capture_private_panel_crop_from_source_then_run_native_vision_ocr,"front_or_primary_panel,archive_or_capture_coordinates",,lays_classic__current_2020s__492__5;lays_classic:lays_classic__current_2020s__492__5;https://smartlabel.pepsico.info/028400199148-0033-en-US/index.html,,,,rights_review_needed,source_link_only_no_public_image,1,0
hybrid-ocr-v1,poptarts_frosted_strawberry__current_2020s__722__7,poptarts_frosted_strawberry,Pop-Tarts Frosted Strawberry,current_2020s,smartlabel.kelloggs.com,https://smartlabel.kelloggs.com/en_US/Product/Index/00038000317316,Pop-Tarts Frosted Strawberry SmartLabel page,brand_label_page,panel_capture_needed,high,capture_private_panel_crop_from_source_then_run_native_vision_ocr,"front_or_primary_panel,package_weight_or_size,manufacturer_or_distributor,archive_or_capture_coordinates",,poptarts_frosted_strawberry__current_2020s__722__7;poptarts_frosted_strawberry:poptarts_frosted_strawberry__current_2020s__722__7;https://smartlabel.kelloggs.com/en_US/Product/Index/00038000317316,,,,rights_review_needed,source_link_only_no_public_image,1,0
hybrid-ocr-v1,ritz_original_crackers__2010s__446__2,ritz_original_crackers,Ritz Original Crackers,2010s,www.foodrepo.org,https://www.foodrepo.org/en/products/55269,NABISCO RITZ CRACKERS ORIGINAL 1X13.7 OZ - FoodRepo,label_database_record,panel_capture_needed,high,capture_private_panel_crop_from_source_then_run_native_vision_ocr,"front_or_primary_panel,manufacturer_or_distributor,archive_or_capture_coordinates",,ritz_original_crackers__2010s__446__2;ritz_original_crackers:ritz_original_crackers__2010s__446__2;https://www.foodrepo.org/en/products/55269,,,,rights_review_needed,source_link_only_no_public_image,1,0
hybrid-ocr-v1,campbells_chicken_noodle_soup__current_2020s__37__4,campbells_chicken_noodle_soup,Campbell's Chicken Noodle Soup,current_2020s,www.walmart.com,https://www.walmart.com/ip/Campbell-s-Condensed-Chicken-Noodle-Soup-10-75-oz-Can/10321681,"Campbell's Condensed Chicken Noodle Soup, 10.75 oz Can - Walmart",retailer_page,panel_capture_needed,high,capture_private_panel_crop_from_source_then_run_native_vision_ocr,"front_or_primary_panel,manufacturer_or_distributor,archive_or_capture_coordinates",,campbells_chicken_noodle_soup__current_2020s__37__4;campbells_chicken_noodle_soup:campbells_chicken_noodle_soup__current_2020s__37__4;https://www.walmart.com/ip/Campbell-s-Condensed-Chicken-Noodle-Soup-10-75-oz-Can/10321681,,,,rights_review_needed,source_link_only_no_public_image,1,0
hybrid-ocr-v1,doritos_nacho_cheese__current_2020s__250__2,doritos_nacho_cheese,Doritos Nacho Cheese,current_2020s,www.kroger.com,https://www.kroger.com/p/doritos-nacho-cheese-flavored-tortilla-chips/0002840033579,"Doritos Nacho Cheese Flavored Tortilla Chips, 10.5 oz - Kroger",retailer_page,panel_capture_needed,high,capture_private_panel_crop_from_source_then_run_native_vision_ocr,"manufacturer_or_distributor,archive_or_capture_coordinates",,doritos_nacho_cheese__current_2020s__250__2;doritos_nacho_cheese:doritos_nacho_cheese__current_2020s__250__2;https://www.kroger.com/p/doritos-nacho-cheese-flavored-tortilla-chips/0002840033579,,,,rights_review_needed,source_link_only_no_public_image,1,0
hybrid-ocr-v1,kraft_macaroni_and_cheese_original__current_2020s__465__2,kraft_macaroni_and_cheese_original,Kraft Macaroni & Cheese Original,current_2020s,giantfood.com,https://giantfood.com/groceries/rice-pasta-beans/packaged-meals-sides/macaroni-cheese/macaroni-cheese-boxed/kraft-original-flavor-mac-cheese-dinner-725-oz-box.html,"Kraft Original Flavor Mac & Cheese Dinner, 7.25 oz - Giant",current_web_page,panel_capture_needed,high,capture_private_panel_crop_from_source_then_run_native_vision_ocr,"manufacturer_or_distributor,archive_or_capture_coordinates",,kraft_macaroni_and_cheese_original__current_2020s__465__2;kraft_macaroni_and_cheese_original:kraft_macaroni_and_cheese_original__current_2020s__465__2;https://giantfood.com/groceries/rice-pasta-beans/packaged-meals-sides/macaroni-cheese/macaroni-cheese-boxed/kraft-original-flavor-mac-cheese-dinner-725-oz-box.html,,,,rights_review_needed,source_link_only_no_public_image,1,0
hybrid-ocr-v1,oreo_original_chocolate_sandwich_cookies__current_2020s__372__4,oreo_original_chocolate_sandwich_cookies,Oreo Original Chocolate Sandwich Cookies,current_2020s,smartlabel.mondelez.info,https://smartlabel.mondelez.info/00044000032029-0001-en-US/index.html,Nabisco Oreo Sandwich Cookies Chocolate 14.3 oz - SmartLabel,brand_label_page,panel_capture_needed,high,capture_private_panel_crop_from_source_then_run_native_vision_ocr,"manufacturer_or_distributor,archive_or_capture_coordinates",,oreo_original_chocolate_sandwich_cookies__current_2020s__372__4;oreo_original_chocolate_sandwich_cookies:oreo_original_chocolate_sandwich_cookies__current_2020s__372__4;https://smartlabel.mondelez.info/00044000032029-0001-en-US/index.html,,,,rights_review_needed,source_link_only_no_public_image,1,0
hybrid-ocr-v1,ritz_original_crackers__2000s__446__1,ritz_original_crackers,Ritz Original Crackers,2000s,www.foodrepo.org,https://www.foodrepo.org/en/products/55269,NABISCO RITZ CRACKERS ORIGINAL 1X13.7 OZ - FoodRepo,label_database_record,panel_capture_needed,high,capture_private_panel_crop_from_source_then_run_native_vision_ocr,"front_or_primary_panel,manufacturer_or_distributor,archive_or_capture_coordinates",,ritz_original_crackers__2000s__446__1;ritz_original_crackers:ritz_original_crackers__2000s__446__1;https://www.foodrepo.org/en/products/55269,,,,rights_review_needed,source_link_only_no_public_image,1,0
hybrid-ocr-v1,ritz_original_crackers__2010s__447__3,ritz_original_crackers,Ritz Original Crackers,2010s,www.foodrepo.org,https://www.foodrepo.org/en/products/243058,RITZ CRACKERS - FoodRepo,label_database_record,panel_capture_needed,high,capture_private_panel_crop_from_source_then_run_native_vision_ocr,"front_or_primary_panel,manufacturer_or_distributor,archive_or_capture_coordinates",,ritz_original_crackers__2010s__447__3;ritz_original_crackers:ritz_original_crackers__2010s__447__3;https://www.foodrepo.org/en/products/243058,,,,rights_review_needed,source_link_only_no_public_image,1,0
hybrid-ocr-v1,ritz_original_crackers__current_2020s__447__7,ritz_original_crackers,Ritz Original Crackers,current_2020s,www.foodrepo.org,https://www.foodrepo.org/en/products/243058,RITZ CRACKERS - FoodRepo,label_database_record,panel_capture_needed,high,capture_private_panel_crop_from_source_then_run_native_vision_ocr,"front_or_primary_panel,manufacturer_or_distributor,archive_or_capture_coordinates",,ritz_original_crackers__current_2020s__447__7;ritz_original_crackers:ritz_original_crackers__current_2020s__447__7;https://www.foodrepo.org/en/products/243058,,,,rights_review_needed,source_link_only_no_public_image,1,0
hybrid-ocr-v1,campbells_chicken_noodle_soup__current_2020s__36__5,campbells_chicken_noodle_soup,Campbell's Chicken Noodle Soup,current_2020s,www.campbells.com,https://www.campbells.com/products/condensed/chicken-noodle-soup/,Campbell's Condensed Chicken Noodle Soup official product page,current_web_page,panel_capture_needed,high,capture_private_panel_crop_from_source_then_run_native_vision_ocr,"front_or_primary_panel,manufacturer_or_distributor,archive_or_capture_coordinates",,campbells_chicken_noodle_soup__current_2020s__36__5;campbells_chicken_noodle_soup:campbells_chicken_noodle_soup__current_2020s__36__5;https://www.campbells.com/products/condensed/chicken-noodle-soup/,,,,rights_review_needed,source_link_only_no_public_image,1,0
hybrid-ocr-v1,cheerios_original__current_2020s__10__1,cheerios_original,Cheerios Original,current_2020s,www.cheerios.com,https://www.cheerios.com/products/original-cheerios,Original Cheerios - Cheerios,current_web_page,panel_capture_needed,high,capture_private_panel_crop_from_source_then_run_native_vision_ocr,"manufacturer_or_distributor,archive_or_capture_coordinates",,cheerios_original__current_2020s__10__1;cheerios_original:cheerios_original__current_2020s__10__1;https://www.cheerios.com/products/original-cheerios,,,,rights_review_needed,source_link_only_no_public_image,1,0
hybrid-ocr-v1,chips_ahoy_original__current_2020s__12__1,chips_ahoy_original,Chips Ahoy! Original Cookies,current_2020s,www.kroger.com,https://www.kroger.com/p/chips-ahoy-original-chocolate-chip-cookies/0004400003219,"CHIPS AHOY! Original Chocolate Chip Cookies, 13 oz - Kroger",retailer_page,panel_capture_needed,high,capture_private_panel_crop_from_source_then_run_native_vision_ocr,"manufacturer_or_distributor,archive_or_capture_coordinates",,chips_ahoy_original__current_2020s__12__1;chips_ahoy_original:chips_ahoy_original__current_2020s__12__1;https://www.kroger.com/p/chips-ahoy-original-chocolate-chip-cookies/0004400003219,,,,rights_review_needed,source_link_only_no_public_image,1,0
hybrid-ocr-v1,doritos_nacho_cheese__current_2020s__469__3,doritos_nacho_cheese,Doritos Nacho Cheese,current_2020s,www.heb.com,https://www.heb.com/product-detail/doritos-nacho-cheese-flavored-tortilla-chips/1530760,Doritos Nacho Cheese Flavored Tortilla Chips - H-E-B,current_web_page,panel_capture_needed,high,capture_private_panel_crop_from_source_then_run_native_vision_ocr,"manufacturer_or_distributor,archive_or_capture_coordinates",,doritos_nacho_cheese__current_2020s__469__3;doritos_nacho_cheese:doritos_nacho_cheese__current_2020s__469__3;https://www.heb.com/product-detail/doritos-nacho-cheese-flavored-tortilla-chips/1530760,,,,rights_review_needed,source_link_only_no_public_image,1,0
hybrid-ocr-v1,heinz_tomato_ketchup__current_2020s__848__7,heinz_tomato_ketchup,Heinz Tomato Ketchup,current_2020s,www.walmart.com,https://www.walmart.com/ip/149302230,Heinz Tomato Ketchup 20 oz 12 pack Walmart page,retailer_page,panel_capture_needed,high,capture_private_panel_crop_from_source_then_run_native_vision_ocr,"front_or_primary_panel,manufacturer_or_distributor,archive_or_capture_coordinates",,heinz_tomato_ketchup__current_2020s__848__7;heinz_tomato_ketchup:heinz_tomato_ketchup__current_2020s__848__7;https://www.walmart.com/ip/149302230,,,,rights_review_needed,source_link_only_no_public_image,1,0
hybrid-ocr-v1,honey_nut_cheerios__earliest_verified_label__370__1,honey_nut_cheerios,Honey Nut Cheerios,earliest_verified_label,www.flickr.com,https://www.flickr.com/photos/jasonliebigstuff/3214563110,"Honey Nut Cheerios McDonald's Mac Tonight box back, 1990 - Flickr",collector_package_photo,panel_capture_needed,high,capture_private_panel_crop_from_source_then_run_native_vision_ocr,"transcribed_label_text,package_weight_or_size,manufacturer_or_distributor,archive_or_capture_coordinates",,honey_nut_cheerios__earliest_verified_label__370__1;honey_nut_cheerios:honey_nut_cheerios__earliest_verified_label__370__1;https://www.flickr.com/photos/jasonliebigstuff/3214563110,,,,rights_review_needed,source_link_only_no_public_image,1,0
hybrid-ocr-v1,twinkies__current_2020s__299__1,twinkies,Hostess Twinkies,current_2020s,www.walmart.com,https://www.walmart.com/ip/36462419,"HOSTESS Banana Flavored Twinkies, 13.58 oz, 10 Count - Walmart",retailer_page,panel_capture_needed,high,capture_private_panel_crop_from_source_then_run_native_vision_ocr,"manufacturer_or_distributor,archive_or_capture_coordinates",,twinkies__current_2020s__299__1;twinkies:twinkies__current_2020s__299__1;https://www.walmart.com/ip/36462419,,,,rights_review_needed,source_link_only_no_public_image,1,0
hybrid-ocr-v1,kraft_macaroni_and_cheese_original__current_2020s__252__3,kraft_macaroni_and_cheese_original,Kraft Macaroni & Cheese Original,current_2020s,www.kroger.com,https://www.kroger.com/p/kraft-original-mac-n-cheese-macaroni-and-cheese-dinner/0002100065883,"Kraft Original Mac N Cheese Macaroni and Cheese Dinner, 7.25 oz - Kroger",retailer_page,panel_capture_needed,high,capture_private_panel_crop_from_source_then_run_native_vision_ocr,"manufacturer_or_distributor,archive_or_capture_coordinates",,kraft_macaroni_and_cheese_original__current_2020s__252__3;kraft_macaroni_and_cheese_original:kraft_macaroni_and_cheese_original__current_2020s__252__3;https://www.kroger.com/p/kraft-original-mac-n-cheese-macaroni-and-cheese-dinner/0002100065883,,,,rights_review_needed,source_link_only_no_public_image,1,0
hybrid-ocr-v1,mountain_dew_original__current_2020s__34__3,mountain_dew_original,Mountain Dew Original,current_2020s,smartlabel.pepsico.info,https://smartlabel.pepsico.info/012000809897-0001-en-US/index.html,"Mountain Dew, 12 fl oz can - SmartLabel",brand_label_page,panel_capture_needed,high,capture_private_panel_crop_from_source_then_run_native_vision_ocr,"front_or_primary_panel,manufacturer_or_distributor,archive_or_capture_coordinates",,mountain_dew_original__current_2020s__34__3;mountain_dew_original:mountain_dew_original__current_2020s__34__3;https://smartlabel.pepsico.info/012000809897-0001-en-US/index.html,,,,rights_review_needed,source_link_only_no_public_image,1,0
hybrid-ocr-v1,poptarts_brown_sugar_cinnamon__current_2020s__43__5,poptarts_brown_sugar_cinnamon,Pop-Tarts Frosted Brown Sugar Cinnamon,current_2020s,smartlabel.kelloggs.com,https://smartlabel.kelloggs.com/Product/Index/038000317309,Frosted Brown Sugar Cinnamon Pop-Tarts - SmartLabel,brand_label_page,panel_capture_needed,high,capture_private_panel_crop_from_source_then_run_native_vision_ocr,"front_or_primary_panel,manufacturer_or_distributor,archive_or_capture_coordinates",,poptarts_brown_sugar_cinnamon__current_2020s__43__5;poptarts_brown_sugar_cinnamon:poptarts_brown_sugar_cinnamon__current_2020s__43__5;https://smartlabel.kelloggs.com/Product/Index/038000317309,,,,rights_review_needed,source_link_only_no_public_image,1,0
hybrid-ocr-v1,poptarts_frosted_strawberry__current_2020s__254__1,poptarts_frosted_strawberry,Pop-Tarts Frosted Strawberry,current_2020s,www.walmart.com,https://www.walmart.com/ip/759722026,"Pop-Tarts Frosted Strawberry Toaster Pastries, 13.5 oz - Walmart",retailer_page,panel_capture_needed,high,capture_private_panel_crop_from_source_then_run_native_vision_ocr,"manufacturer_or_distributor,archive_or_capture_coordinates",,poptarts_frosted_strawberry__current_2020s__254__1;poptarts_frosted_strawberry:poptarts_frosted_strawberry__current_2020s__254__1;https://www.walmart.com/ip/759722026,,,,rights_review_needed,source_link_only_no_public_image,1,0
hybrid-ocr-v1,ritz_original_crackers__earliest_verified_label__401__2,ritz_original_crackers,Ritz Original Crackers,earliest_verified_label,www.flickr.com,https://www.flickr.com/photos/25692985%40N07/3780750883/,1975 Nabisco Ritz Crackers Box Back - Flickr,collector_package_photo,panel_capture_needed,high,capture_private_panel_crop_from_source_then_run_native_vision_ocr,"transcribed_label_text,package_weight_or_size,manufacturer_or_distributor,archive_or_capture_coordinates",,ritz_original_crackers__earliest_verified_label__401__2;ritz_original_crackers:ritz_original_crackers__earliest_verified_label__401__2;https://www.flickr.com/photos/25692985%40N07/3780750883/,,,,rights_review_needed,source_link_only_no_public_image,1,0
hybrid-ocr-v1,campbells_chicken_noodle_soup__current_2020s__858__6,campbells_chicken_noodle_soup,Campbell's Chicken Noodle Soup,current_2020s,www.thefreshgrocer.com,https://www.thefreshgrocer.com/sm/pickup/rsid/2000/product/campbells-condensed-chicken-noodle-soup-1075-oz-id-00051000012511,Campbell's Condensed Chicken Noodle Soup 10.75 oz Fresh Grocer page,current_web_page,panel_capture_needed,high,capture_private_panel_crop_from_source_then_run_native_vision_ocr,"front_or_primary_panel,manufacturer_or_distributor,archive_or_capture_coordinates",,campbells_chicken_noodle_soup__current_2020s__858__6;campbells_chicken_noodle_soup:campbells_chicken_noodle_soup__current_2020s__858__6;https://www.thefreshgrocer.com/sm/pickup/rsid/2000/product/campbells-condensed-chicken-noodle-soup-1075-oz-id-00051000012511,,,,rights_review_needed,source_link_only_no_public_image,1,0
hybrid-ocr-v1,campbells_tomato_soup__current_2020s__726__8,campbells_tomato_soup,Campbell's Condensed Tomato Soup,current_2020s,www.campbells.com,https://www.campbells.com/products/condensed/family-size-tomato-soup/,Campbell's Tomato Soup current product page,current_web_page,panel_capture_needed,high,capture_private_panel_crop_from_source_then_run_native_vision_ocr,"front_or_primary_panel,package_weight_or_size,manufacturer_or_distributor,archive_or_capture_coordinates",,campbells_tomato_soup__current_2020s__726__8;campbells_tomato_soup:campbells_tomato_soup__current_2020s__726__8;https://www.campbells.com/products/condensed/family-size-tomato-soup/,,,,rights_review_needed,source_link_only_no_public_image,1,0
hybrid-ocr-v1,campbells_tomato_soup__current_2020s__971__10,campbells_tomato_soup,Campbell's Condensed Tomato Soup,current_2020s,www.ingredientinspector.org,https://www.ingredientinspector.org/home/campbells-tomato-soup-ingredients,Ingredient Inspector Campbell's Tomato Soup ingredients article,current_web_page,panel_capture_needed,high,capture_private_panel_crop_from_source_then_run_native_vision_ocr,"front_or_primary_panel,package_weight_or_size,manufacturer_or_distributor,archive_or_capture_coordinates",,campbells_tomato_soup__current_2020s__971__10;campbells_tomato_soup:campbells_tomato_soup__current_2020s__971__10;https://www.ingredientinspector.org/home/campbells-tomato-soup-ingredients,,,,rights_review_needed,source_link_only_no_public_image,1,0
hybrid-ocr-v1,cheerios_original__earliest_verified_label__460__11,cheerios_original,Cheerios Original,earliest_verified_label,www.mashed.com,https://www.mashed.com/1561524/first-cheerios-unrecognizable/,You Wouldn't Recognize The First Cheerios Box And Label - Mashed,ad_or_trade_catalog,panel_capture_needed,high,capture_private_panel_crop_from_source_then_run_native_vision_ocr,"front_or_primary_panel,package_weight_or_size,manufacturer_or_distributor,archive_or_capture_coordinates",,cheerios_original__earliest_verified_label__460__11;cheerios_original:cheerios_original__earliest_verified_label__460__11;https://www.mashed.com/1561524/first-cheerios-unrecognizable/,,,,rights_review_needed,source_link_only_no_public_image,1,0
hybrid-ocr-v1,chips_ahoy_original__current_2020s__253__2,chips_ahoy_original,Chips Ahoy! Original Cookies,current_2020s,www.walmart.com,https://www.walmart.com/ip/17176252,"CHIPS AHOY! Original Chocolate Chip Cookies, 13 oz - Walmart",retailer_page,panel_capture_needed,high,capture_private_panel_crop_from_source_then_run_native_vision_ocr,"manufacturer_or_distributor,archive_or_capture_coordinates",,chips_ahoy_original__current_2020s__253__2;chips_ahoy_original:chips_ahoy_original__current_2020s__253__2;https://www.walmart.com/ip/17176252,,,,rights_review_needed,source_link_only_no_public_image,1,0
hybrid-ocr-v1,pepperidge_farm_goldfish_cheddar__current_2020s__47__4,pepperidge_farm_goldfish_cheddar,Pepperidge Farm Goldfish Cheddar,current_2020s,www.pepperidgefarm.com,https://www.pepperidgefarm.com/product/goldfish-cheddar-crackers/,Goldfish Cheddar Crackers - Pepperidge Farm,current_web_page,panel_capture_needed,high,capture_private_panel_crop_from_source_then_run_native_vision_ocr,"front_or_primary_panel,manufacturer_or_distributor,archive_or_capture_coordinates",,pepperidge_farm_goldfish_cheddar__current_2020s__47__4;pepperidge_farm_goldfish_cheddar:pepperidge_farm_goldfish_cheddar__current_2020s__47__4;https://www.pepperidgefarm.com/product/goldfish-cheddar-crackers/,,,,rights_review_needed,source_link_only_no_public_image,1,0
hybrid-ocr-v1,poptarts_brown_sugar_cinnamon__current_2020s__536__6,poptarts_brown_sugar_cinnamon,Pop-Tarts Frosted Brown Sugar Cinnamon,current_2020s,smartlabel.kelloggs.com,https://smartlabel.kelloggs.com/Product/Index/038000311307,Pop-Tarts Frosted Brown Sugar Cinnamon SmartLabel page,brand_label_page,panel_capture_needed,high,capture_private_panel_crop_from_source_then_run_native_vision_ocr,"front_or_primary_panel,manufacturer_or_distributor,archive_or_capture_coordinates",,poptarts_brown_sugar_cinnamon__current_2020s__536__6;poptarts_brown_sugar_cinnamon:poptarts_brown_sugar_cinnamon__current_2020s__536__6;https://smartlabel.kelloggs.com/Product/Index/038000311307,,,,rights_review_needed,source_link_only_no_public_image,1,0
hybrid-ocr-v1,ritz_original_crackers__current_2020s__318__1,ritz_original_crackers,Ritz Original Crackers,current_2020s,www.walmart.com,https://www.walmart.com/ip/34632324,"RITZ Original Crackers, 13.7 oz - Walmart",retailer_page,panel_capture_needed,high,capture_private_panel_crop_from_source_then_run_native_vision_ocr,"manufacturer_or_distributor,archive_or_capture_coordinates",,ritz_original_crackers__current_2020s__318__1;ritz_original_crackers:ritz_original_crackers__current_2020s__318__1;https://www.walmart.com/ip/34632324,,,,rights_review_needed,source_link_only_no_public_image,1,0
hybrid-ocr-v1,campbells_tomato_soup__current_2020s__501__1,campbells_tomato_soup,Campbell's Condensed Tomato Soup,current_2020s,www.campbells.com,https://www.campbells.com/products/condensed/tomato-soup/,Campbell's Condensed Tomato Soup 10.75 oz current product page,current_web_page,panel_capture_needed,high,capture_private_panel_crop_from_source_then_run_native_vision_ocr,"manufacturer_or_distributor,archive_or_capture_coordinates",,campbells_tomato_soup__current_2020s__501__1;campbells_tomato_soup:campbells_tomato_soup__current_2020s__501__1;https://www.campbells.com/products/condensed/tomato-soup/,,,,rights_review_needed,source_link_only_no_public_image,1,0
hybrid-ocr-v1,capn_crunch_original__current_2020s__440__3,capn_crunch_original,Cap'n Crunch Original,current_2020s,underunderstood.com,https://underunderstood.com/podcast/episode/capn-crunch-smaller/,The Incredible Shrinking Cap'n - Underunderstood,current_web_page,panel_capture_needed,high,capture_private_panel_crop_from_source_then_run_native_vision_ocr,"front_or_primary_panel,package_weight_or_size,manufacturer_or_distributor,archive_or_capture_coordinates",,capn_crunch_original__current_2020s__440__3;capn_crunch_original:capn_crunch_original__current_2020s__440__3;https://underunderstood.com/podcast/episode/capn-crunch-smaller/,,,,rights_review_needed,source_link_only_no_public_image,1,0
hybrid-ocr-v1,cheez_it_original__current_2020s__21__1,cheez_it_original,Cheez-It Original Crackers,current_2020s,www.cheezit.com,https://www.cheezit.com/en-us/products/cheez-it-original-crackers-product.html,Cheez-It Original Snack Crackers - Cheez-It,current_web_page,panel_capture_needed,high,capture_private_panel_crop_from_source_then_run_native_vision_ocr,"manufacturer_or_distributor,archive_or_capture_coordinates",,cheez_it_original__current_2020s__21__1;cheez_it_original:cheez_it_original__current_2020s__21__1;https://www.cheezit.com/en-us/products/cheez-it-original-crackers-product.html,,,,rights_review_needed,source_link_only_no_public_image,1,0
hybrid-ocr-v1,chips_ahoy_original__current_2020s__408__3,chips_ahoy_original,Chips Ahoy! Original Cookies,current_2020s,www.thefreshgrocer.com,https://www.thefreshgrocer.com/sm/planning/rsid/484/product/nabisco-chips-ahoy-original-real-chocolate-chip-cookies-13-oz-id-00044000032197,"Nabisco Chips Ahoy! Original Real Chocolate Chip Cookies, 13 oz - The Fresh Grocer",current_web_page,panel_capture_needed,high,capture_private_panel_crop_from_source_then_run_native_vision_ocr,"manufacturer_or_distributor,archive_or_capture_coordinates",,chips_ahoy_original__current_2020s__408__3;chips_ahoy_original:chips_ahoy_original__current_2020s__408__3;https://www.thefreshgrocer.com/sm/planning/rsid/484/product/nabisco-chips-ahoy-original-real-chocolate-chip-cookies-13-oz-id-00044000032197,,,,rights_review_needed,source_link_only_no_public_image,1,0
hybrid-ocr-v1,heinz_tomato_ketchup__current_2020s__505__1,heinz_tomato_ketchup,Heinz Tomato Ketchup,current_2020s,www.walmart.com,https://www.walmart.com/ip/20971263,Heinz Tomato Ketchup 14 oz bottle Walmart page,retailer_page,panel_capture_needed,high,capture_private_panel_crop_from_source_then_run_native_vision_ocr,"manufacturer_or_distributor,archive_or_capture_coordinates",,heinz_tomato_ketchup__current_2020s__505__1;heinz_tomato_ketchup:heinz_tomato_ketchup__current_2020s__505__1;https://www.walmart.com/ip/20971263,,,,rights_review_needed,source_link_only_no_public_image,1,0
hybrid-ocr-v1,honey_nut_cheerios__current_2020s__31__1,honey_nut_cheerios,Honey Nut Cheerios,current_2020s,www.cheerios.com,https://www.cheerios.com/products/honey-nut-cheerios,Honey Nut Cheerios - Cheerios,current_web_page,panel_capture_needed,high,capture_private_panel_crop_from_source_then_run_native_vision_ocr,"manufacturer_or_distributor,archive_or_capture_coordinates",,honey_nut_cheerios__current_2020s__31__1;honey_nut_cheerios:honey_nut_cheerios__current_2020s__31__1;https://www.cheerios.com/products/honey-nut-cheerios,,,,rights_review_needed,source_link_only_no_public_image,1,0
hybrid-ocr-v1,jello_strawberry_gelatin__current_2020s__53__3,jello_strawberry_gelatin,Jell-O Strawberry Gelatin,current_2020s,www.kroger.com,https://www.kroger.com/p/jello-strawberry-gelatin-dessert-mix-family-size-box/0004300020051,"Jell-O Strawberry Gelatin Dessert Mix, Family Size, 6 oz - Kroger",retailer_page,panel_capture_needed,high,capture_private_panel_crop_from_source_then_run_native_vision_ocr,"front_or_primary_panel,manufacturer_or_distributor,archive_or_capture_coordinates",,jello_strawberry_gelatin__current_2020s__53__3;jello_strawberry_gelatin:jello_strawberry_gelatin__current_2020s__53__3;https://www.kroger.com/p/jello-strawberry-gelatin-dessert-mix-family-size-box/0004300020051,,,,rights_review_needed,source_link_only_no_public_image,1,0
hybrid-ocr-v1,froot_loops__earliest_verified_label__330__1,froot_loops,Kellogg's Froot Loops,earliest_verified_label,www.flickr.com,https://www.flickr.com/photos/25692985%40N07/3502316339,1990 Kellogg's Froot Loops Cereal Box Back - Flickr,collector_package_photo,panel_capture_needed,high,capture_private_panel_crop_from_source_then_run_native_vision_ocr,"transcribed_label_text,package_weight_or_size,manufacturer_or_distributor,archive_or_capture_coordinates",,froot_loops__earliest_verified_label__330__1;froot_loops:froot_loops__earliest_verified_label__330__1;https://www.flickr.com/photos/25692985%40N07/3502316339,,,,rights_review_needed,source_link_only_no_public_image,1,0
hybrid-ocr-v1,frosted_flakes__earliest_verified_label__405__1,frosted_flakes,Kellogg's Frosted Flakes,earliest_verified_label,www.flickr.com,https://www.flickr.com/photos/25692985%40N07/3544406888,"Kellogg's Frosted Flakes Cereal Box Back, Early 1990's - Flickr",collector_package_photo,panel_capture_needed,high,capture_private_panel_crop_from_source_then_run_native_vision_ocr,"transcribed_label_text,package_weight_or_size,manufacturer_or_distributor,archive_or_capture_coordinates",,frosted_flakes__earliest_verified_label__405__1;frosted_flakes:frosted_flakes__earliest_verified_label__405__1;https://www.flickr.com/photos/25692985%40N07/3544406888,,,,rights_review_needed,source_link_only_no_public_image,1,0
hybrid-ocr-v1,rice_krispies__current_2020s__55__3,rice_krispies,Kellogg's Rice Krispies,current_2020s,smartlabel.wkkellogg.com,https://smartlabel.wkkellogg.com/Product/Index?gtin=00038000005657,Kellogg's Rice Krispies Cereal - SmartLabel,brand_label_page,panel_capture_needed,high,capture_private_panel_crop_from_source_then_run_native_vision_ocr,"front_or_primary_panel,manufacturer_or_distributor,archive_or_capture_coordinates",,rice_krispies__current_2020s__55__3;rice_krispies:rice_krispies__current_2020s__55__3;https://smartlabel.wkkellogg.com/Product/Index?gtin=00038000005657,,,,rights_review_needed,source_link_only_no_public_image,1,0
hybrid-ocr-v1,kraft_macaroni_and_cheese_original__current_2020s__411__5,kraft_macaroni_and_cheese_original,Kraft Macaroni & Cheese Original,current_2020s,www.super99.com,https://www.super99.com/20113956-kraft-macaroni-and-cheese-original-156g,Kraft Macaroni and Cheese Original 156g - Super 99,current_web_page,panel_capture_needed,high,capture_private_panel_crop_from_source_then_run_native_vision_ocr,"manufacturer_or_distributor,archive_or_capture_coordinates",,kraft_macaroni_and_cheese_original__current_2020s__411__5;kraft_macaroni_and_cheese_original:kraft_macaroni_and_cheese_original__current_2020s__411__5;https://www.super99.com/20113956-kraft-macaroni-and-cheese-original-156g,,,,rights_review_needed,source_link_only_no_public_image,1,0
hybrid-ocr-v1,lays_classic__current_2020s__311__1,lays_classic,Lay's Classic Potato Chips,current_2020s,www.walmart.com,https://www.walmart.com/ip/33282303,"Lay's Classic Potato Chips, 8 oz Bag - Walmart",retailer_page,panel_capture_needed,high,capture_private_panel_crop_from_source_then_run_native_vision_ocr,"manufacturer_or_distributor,archive_or_capture_coordinates",,lays_classic__current_2020s__311__1;lays_classic:lays_classic__current_2020s__311__1;https://www.walmart.com/ip/33282303,,,,rights_review_needed,source_link_only_no_public_image,1,0
hybrid-ocr-v1,mountain_dew_original__current_2020s__862__5,mountain_dew_original,Mountain Dew Original,current_2020s,smartlabel.pepsico.info,https://smartlabel.pepsico.info/012000001574-0001-en-US/index.html,Mountain Dew Original SmartLabel page,brand_label_page,panel_capture_needed,high,capture_private_panel_crop_from_source_then_run_native_vision_ocr,"front_or_primary_panel,manufacturer_or_distributor,archive_or_capture_coordinates",,mountain_dew_original__current_2020s__862__5;mountain_dew_original:mountain_dew_original__current_2020s__862__5;https://smartlabel.pepsico.info/012000001574-0001-en-US/index.html,,,,rights_review_needed,source_link_only_no_public_image,1,0
hybrid-ocr-v1,pepsi_cola__current_2020s__259__1,pepsi_cola,Pepsi Cola,current_2020s,smartlabel.pepsico.info,https://smartlabel.pepsico.info/012000192524-0014-en-US/index.html,"Pepsi-Cola SmartLabel, UPC 012000192524",brand_label_page,panel_capture_needed,high,capture_private_panel_crop_from_source_then_run_native_vision_ocr,"manufacturer_or_distributor,archive_or_capture_coordinates",,pepsi_cola__current_2020s__259__1;pepsi_cola:pepsi_cola__current_2020s__259__1;https://smartlabel.pepsico.info/012000192524-0014-en-US/index.html,,,,rights_review_needed,source_link_only_no_public_image,1,0
hybrid-ocr-v1,poptarts_brown_sugar_cinnamon__current_2020s__853__7,poptarts_brown_sugar_cinnamon,Pop-Tarts Frosted Brown Sugar Cinnamon,current_2020s,smartlabel.kelloggs.com,https://smartlabel.kelloggs.com/Product/Index/00038000311307,Frosted Brown Sugar Cinnamon Pop-Tarts SmartLabel 20.3 oz,brand_label_page,panel_capture_needed,high,capture_private_panel_crop_from_source_then_run_native_vision_ocr,"front_or_primary_panel,manufacturer_or_distributor,archive_or_capture_coordinates",,poptarts_brown_sugar_cinnamon__current_2020s__853__7;poptarts_brown_sugar_cinnamon:poptarts_brown_sugar_cinnamon__current_2020s__853__7;https://smartlabel.kelloggs.com/Product/Index/00038000311307,,,,rights_review_needed,source_link_only_no_public_image,1,0
hybrid-ocr-v1,pringles_original__current_2020s__48__5,pringles_original,Pringles Original Crisps,current_2020s,www.pringles.com,https://www.pringles.com/en-us/products/pringles-original-crisps.html,Pringles Original Crisps - Pringles,current_web_page,panel_capture_needed,high,capture_private_panel_crop_from_source_then_run_native_vision_ocr,"front_or_primary_panel,manufacturer_or_distributor,archive_or_capture_coordinates",,pringles_original__current_2020s__48__5;pringles_original:pringles_original__current_2020s__48__5;https://www.pringles.com/en-us/products/pringles-original-crisps.html,,,,rights_review_needed,source_link_only_no_public_image,1,0
hybrid-ocr-v1,reeses_peanut_butter_cups__current_2020s__35__1,reeses_peanut_butter_cups,Reese's Peanut Butter Cups,current_2020s,smartlabel.hersheys.com,https://smartlabel.hersheys.com/034000430000-0001-en-US/index.html,"REESE'S Milk Chocolate Peanut Butter Cups, 1.5 oz - SmartLabel",brand_label_page,panel_capture_needed,high,capture_private_panel_crop_from_source_then_run_native_vision_ocr,"manufacturer_or_distributor,archive_or_capture_coordinates",,reeses_peanut_butter_cups__current_2020s__35__1;reeses_peanut_butter_cups:reeses_peanut_butter_cups__current_2020s__35__1;https://smartlabel.hersheys.com/034000430000-0001-en-US/index.html,,,,rights_review_needed,source_link_only_no_public_image,1,0
hybrid-ocr-v1,wheat_thins_original__current_2020s__56__3,wheat_thins_original,Wheat Thins Original,current_2020s,www.kroger.com,https://www.kroger.com/p/wheat-thins-original-whole-grain-wheat-crackers/0004400006918,"Wheat Thins Original Whole Grain Wheat Crackers, 20 oz - Kroger",retailer_page,panel_capture_needed,high,capture_private_panel_crop_from_source_then_run_native_vision_ocr,"front_or_primary_panel,manufacturer_or_distributor,archive_or_capture_coordinates",,wheat_thins_original__current_2020s__56__3;wheat_thins_original:wheat_thins_original__current_2020s__56__3;https://www.kroger.com/p/wheat-thins-original-whole-grain-wheat-crackers/0004400006918,,,,rights_review_needed,source_link_only_no_public_image,1,0
hybrid-ocr-v1,campbells_tomato_soup__current_2020s__845__2,campbells_tomato_soup,Campbell's Condensed Tomato Soup,current_2020s,www.walmart.com,https://www.walmart.com/ip/43346748,Campbell's Condensed Tomato Soup 10.75 oz 4 pack Walmart page,retailer_page,panel_capture_needed,high,capture_private_panel_crop_from_source_then_run_native_vision_ocr,"manufacturer_or_distributor,archive_or_capture_coordinates",,campbells_tomato_soup__current_2020s__845__2;campbells_tomato_soup:campbells_tomato_soup__current_2020s__845__2;https://www.walmart.com/ip/43346748,,,,rights_review_needed,source_link_only_no_public_image,1,0
hybrid-ocr-v1,cheez_it_original__current_2020s__509__2,cheez_it_original,Cheez-It Original Crackers,current_2020s,www.kroger.com,https://www.kroger.com/p/cheez-ita-original-cheese-crackers/0002410010685,Cheez-It Original Cheese Crackers 12.4 oz Kroger page,retailer_page,panel_capture_needed,high,capture_private_panel_crop_from_source_then_run_native_vision_ocr,"manufacturer_or_distributor,archive_or_capture_coordinates",,cheez_it_original__current_2020s__509__2;cheez_it_original:cheez_it_original__current_2020s__509__2;https://www.kroger.com/p/cheez-ita-original-cheese-crackers/0002410010685,,,,rights_review_needed,source_link_only_no_public_image,1,0
hybrid-ocr-v1,chips_ahoy_original__current_2020s__482__4,chips_ahoy_original,Chips Ahoy! Original Cookies,current_2020s,www.walmart.com,https://www.walmart.com/ip/10292127,"Nabisco Chips Ahoy Original Chocolate Chip Cookie 1.4 oz, 12 count - Walmart",retailer_page,panel_capture_needed,high,capture_private_panel_crop_from_source_then_run_native_vision_ocr,"manufacturer_or_distributor,archive_or_capture_coordinates",,chips_ahoy_original__current_2020s__482__4;chips_ahoy_original:chips_ahoy_original__current_2020s__482__4;https://www.walmart.com/ip/10292127,,,,rights_review_needed,source_link_only_no_public_image,1,0
hybrid-ocr-v1,doritos_nacho_cheese__2010s__469__2,doritos_nacho_cheese,Doritos Nacho Cheese,2010s,www.heb.com,https://www.heb.com/product-detail/doritos-nacho-cheese-flavored-tortilla-chips/1530760,Doritos Nacho Cheese Flavored Tortilla Chips - H-E-B,current_web_page,panel_capture_needed,high,capture_private_panel_crop_from_source_then_run_native_vision_ocr,"manufacturer_or_distributor,archive_or_capture_coordinates",,doritos_nacho_cheese__2010s__469__2;doritos_nacho_cheese:doritos_nacho_cheese__2010s__469__2;https://www.heb.com/product-detail/doritos-nacho-cheese-flavored-tortilla-chips/1530760,,,,rights_review_needed,source_link_only_no_public_image,1,0
hybrid-ocr-v1,dr_pepper_original__current_2020s__52__4,dr_pepper_original,Dr Pepper Original,current_2020s,www.kroger.com,https://www.kroger.com/p/dr-pepper/0007800008216,"Dr Pepper Soda Cans, 12 pk / 12 fl oz - Kroger",retailer_page,panel_capture_needed,high,capture_private_panel_crop_from_source_then_run_native_vision_ocr,"front_or_primary_panel,manufacturer_or_distributor,archive_or_capture_coordinates",,dr_pepper_original__current_2020s__52__4;dr_pepper_original:dr_pepper_original__current_2020s__52__4;https://www.kroger.com/p/dr-pepper/0007800008216,,,,rights_review_needed,source_link_only_no_public_image,1,0
hybrid-ocr-v1,heinz_tomato_ketchup__current_2020s__504__2,heinz_tomato_ketchup,Heinz Tomato Ketchup,current_2020s,www.walmart.com,https://www.walmart.com/ip/19362103123,Heinz Tomato Ketchup 20 oz bottle Walmart page,retailer_page,panel_capture_needed,high,capture_private_panel_crop_from_source_then_run_native_vision_ocr,"manufacturer_or_distributor,archive_or_capture_coordinates",,heinz_tomato_ketchup__current_2020s__504__2;heinz_tomato_ketchup:heinz_tomato_ketchup__current_2020s__504__2;https://www.walmart.com/ip/19362103123,,,,rights_review_needed,source_link_only_no_public_image,1,0
hybrid-ocr-v1,frosted_flakes__earliest_verified_label__478__2,frosted_flakes,Kellogg's Frosted Flakes,earliest_verified_label,www.flickr.com,https://www.flickr.com/photos/25692985%40N07/3598792821,1985 Kellogg's Frosted Flakes Cereal Box Back - Flickr,collector_package_photo,panel_capture_needed,high,capture_private_panel_crop_from_source_then_run_native_vision_ocr,"transcribed_label_text,package_weight_or_size,manufacturer_or_distributor,archive_or_capture_coordinates",,frosted_flakes__earliest_verified_label__478__2;frosted_flakes:frosted_flakes__earliest_verified_label__478__2;https://www.flickr.com/photos/25692985%40N07/3598792821,,,,rights_review_needed,source_link_only_no_public_image,1,0
hybrid-ocr-v1,mountain_dew_original__current_2020s__992__6,mountain_dew_original,Mountain Dew Original,current_2020s,smartlabel.pepsico.info,https://smartlabel.pepsico.info/012000002977-0001-en-US/index.html,Mountain Dew SmartLabel 1 L bottle UPC 012000002977,brand_label_page,panel_capture_needed,high,capture_private_panel_crop_from_source_then_run_native_vision_ocr,"front_or_primary_panel,manufacturer_or_distributor,archive_or_capture_coordinates",,mountain_dew_original__current_2020s__992__6;mountain_dew_original:mountain_dew_original__current_2020s__992__6;https://smartlabel.pepsico.info/012000002977-0001-en-US/index.html,,,,rights_review_needed,source_link_only_no_public_image,1,0
hybrid-ocr-v1,pepsi_cola__current_2020s__666__2,pepsi_cola,Pepsi Cola,current_2020s,www.wegmans.com,https://www.wegmans.com/shop/product/18297-Cola,Pepsi Cola 12 x 12 fl oz - Wegmans,retailer_page,panel_capture_needed,high,capture_private_panel_crop_from_source_then_run_native_vision_ocr,"manufacturer_or_distributor,archive_or_capture_coordinates",,pepsi_cola__current_2020s__666__2;pepsi_cola:pepsi_cola__current_2020s__666__2;https://www.wegmans.com/shop/product/18297-Cola,,,,rights_review_needed,source_link_only_no_public_image,1,0
hybrid-ocr-v1,poptarts_brown_sugar_cinnamon__current_2020s__854__4,poptarts_brown_sugar_cinnamon,Pop-Tarts Frosted Brown Sugar Cinnamon,current_2020s,www.kroger.com,https://www.kroger.com/p/pop-tarts-frosted-brown-sugar-cinnamon-toaster-pastries/0003800022261,Pop-Tarts Frosted Brown Sugar Cinnamon 13.5 oz Kroger page,retailer_page,panel_capture_needed,high,capture_private_panel_crop_from_source_then_run_native_vision_ocr,"transcribed_label_text,manufacturer_or_distributor,archive_or_capture_coordinates",,poptarts_brown_sugar_cinnamon__current_2020s__854__4;poptarts_brown_sugar_cinnamon:poptarts_brown_sugar_cinnamon__current_2020s__854__4;https://www.kroger.com/p/pop-tarts-frosted-brown-sugar-cinnamon-toaster-pastries/0003800022261,,,,rights_review_needed,source_link_only_no_public_image,1,0
hybrid-ocr-v1,pringles_original__current_2020s__860__6,pringles_original,Pringles Original Crisps,current_2020s,www.pringles.com,https://www.pringles.com/en-us/products/crisps/pringles-original.html,Pringles Original Crisps official product page,current_web_page,panel_capture_needed,high,capture_private_panel_crop_from_source_then_run_native_vision_ocr,"front_or_primary_panel,manufacturer_or_distributor,archive_or_capture_coordinates",,pringles_original__current_2020s__860__6;pringles_original:pringles_original__current_2020s__860__6;https://www.pringles.com/en-us/products/crisps/pringles-original.html,,,,rights_review_needed,source_link_only_no_public_image,1,0
hybrid-ocr-v1,reeses_peanut_butter_cups__current_2020s__1067__2,reeses_peanut_butter_cups,Reese's Peanut Butter Cups,current_2020s,www.walmart.com,https://www.walmart.com/ip/15937621010,"Reese's Milk Chocolate Snack Size Peanut Butter Cups Candy, Jumbo Bag 19.5 oz - Walmart",retailer_page,panel_capture_needed,high,capture_private_panel_crop_from_source_then_run_native_vision_ocr,"manufacturer_or_distributor,archive_or_capture_coordinates",,reeses_peanut_butter_cups__current_2020s__1067__2;reeses_peanut_butter_cups:reeses_peanut_butter_cups__current_2020s__1067__2;https://www.walmart.com/ip/15937621010,,,,rights_review_needed,source_link_only_no_public_image,1,0
hybrid-ocr-v1,wheat_thins_original__current_2020s__57__4,wheat_thins_original,Wheat Thins Original,current_2020s,www.directionsforme.org,https://www.directionsforme.org/product/75431,Wheat Thins Original Family Size - Directions for Me,label_database_record,panel_capture_needed,high,capture_private_panel_crop_from_source_then_run_native_vision_ocr,"front_or_primary_panel,manufacturer_or_distributor,archive_or_capture_coordinates",,wheat_thins_original__current_2020s__57__4;wheat_thins_original:wheat_thins_original__current_2020s__57__4;https://www.directionsforme.org/product/75431,,,,rights_review_needed,source_link_only_no_public_image,1,0
hybrid-ocr-v1,campbells_chicken_noodle_soup__current_2020s__312__1,campbells_chicken_noodle_soup,Campbell's Chicken Noodle Soup,current_2020s,www.walmart.com,https://www.walmart.com/ip/10321674,"Campbell's Condensed Chicken Noodle Soup, 10.75 oz Can - Walmart",retailer_page,panel_capture_needed,high,capture_private_panel_crop_from_source_then_run_native_vision_ocr,"manufacturer_or_distributor,archive_or_capture_coordinates",,campbells_chicken_noodle_soup__current_2020s__312__1;campbells_chicken_noodle_soup:campbells_chicken_noodle_soup__current_2020s__312__1;https://www.walmart.com/ip/10321674,,,,rights_review_needed,source_link_only_no_public_image,1,0
hybrid-ocr-v1,campbells_tomato_soup__current_2020s__281__3,campbells_tomato_soup,Campbell's Condensed Tomato Soup,current_2020s,www.walmart.com,https://www.walmart.com/ip/10321636,Campbell's Condensed Tomato Soup 10.75 oz Walmart product page,retailer_page,panel_capture_needed,high,capture_private_panel_crop_from_source_then_run_native_vision_ocr,"manufacturer_or_distributor,archive_or_capture_coordinates",,campbells_tomato_soup__current_2020s__281__3;campbells_tomato_soup:campbells_tomato_soup__current_2020s__281__3;https://www.walmart.com/ip/10321636,,,,rights_review_needed,source_link_only_no_public_image,1,0
hybrid-ocr-v1,cheetos_crunchy__current_2020s__267__1,cheetos_crunchy,Cheetos Crunchy,current_2020s,www.walmart.com,https://www.walmart.com/ip/16306222837,"Cheetos Crunchy Cheese Flavored Snack Chips, 8.5 oz Bag - Walmart",retailer_page,panel_capture_needed,high,capture_private_panel_crop_from_source_then_run_native_vision_ocr,"manufacturer_or_distributor,archive_or_capture_coordinates",,cheetos_crunchy__current_2020s__267__1;cheetos_crunchy:cheetos_crunchy__current_2020s__267__1;https://www.walmart.com/ip/16306222837,,,,rights_review_needed,source_link_only_no_public_image,1,0
hybrid-ocr-v1,cheez_it_original__current_2020s__510__3,cheez_it_original,Cheez-It Original Crackers,current_2020s,www.kroger.com,https://www.kroger.com/p/cheezit-original-baked-snack-crackers/0002410012464,Cheez-It Original baked snack crackers 12.4 oz Kroger page variant/limited box,retailer_page,panel_capture_needed,high,capture_private_panel_crop_from_source_then_run_native_vision_ocr,"manufacturer_or_distributor,archive_or_capture_coordinates",,cheez_it_original__current_2020s__510__3;cheez_it_original:cheez_it_original__current_2020s__510__3;https://www.kroger.com/p/cheezit-original-baked-snack-crackers/0002410012464,,,,rights_review_needed,source_link_only_no_public_image,1,0
hybrid-ocr-v1,chips_ahoy_original__2010s__482__1,chips_ahoy_original,Chips Ahoy! Original Cookies,2010s,www.walmart.com,https://www.walmart.com/ip/10292127,"Nabisco Chips Ahoy Original Chocolate Chip Cookie 1.4 oz, 12 count - Walmart",retailer_page,panel_capture_needed,high,capture_private_panel_crop_from_source_then_run_native_vision_ocr,"manufacturer_or_distributor,archive_or_capture_coordinates",,chips_ahoy_original__2010s__482__1;chips_ahoy_original:chips_ahoy_original__2010s__482__1;https://www.walmart.com/ip/10292127,,,,rights_review_needed,source_link_only_no_public_image,1,0
hybrid-ocr-v1,chips_ahoy_original__current_2020s__481__5,chips_ahoy_original,Chips Ahoy! Original Cookies,current_2020s,www.walmart.com,https://www.walmart.com/ip/174419753,"Nabisco Chips Ahoy Original Cookies, 3.4 lb - Walmart",retailer_page,panel_capture_needed,high,capture_private_panel_crop_from_source_then_run_native_vision_ocr,"manufacturer_or_distributor,archive_or_capture_coordinates",,chips_ahoy_original__current_2020s__481__5;chips_ahoy_original:chips_ahoy_original__current_2020s__481__5;https://www.walmart.com/ip/174419753,,,,rights_review_needed,source_link_only_no_public_image,1,0
hybrid-ocr-v1,heinz_tomato_ketchup__current_2020s__251__3,heinz_tomato_ketchup,Heinz Tomato Ketchup,current_2020s,www.heinz.com,https://www.heinz.com/products/00013000006408-tomato-ketchup,Tomato Ketchup - Heinz,current_web_page,panel_capture_needed,high,capture_private_panel_crop_from_source_then_run_native_vision_ocr,"manufacturer_or_distributor,archive_or_capture_coordinates",,heinz_tomato_ketchup__current_2020s__251__3;heinz_tomato_ketchup:heinz_tomato_ketchup__current_2020s__251__3;https://www.heinz.com/products/00013000006408-tomato-ketchup,,,,rights_review_needed,source_link_only_no_public_image,1,0
hybrid-ocr-v1,jif_creamy_peanut_butter__current_2020s__60__3,jif_creamy_peanut_butter,Jif Creamy Peanut Butter,current_2020s,www.jif.com,https://www.jif.com/products/creamy/creamy-peanut-butter,Jif Creamy Peanut Butter - Jif,current_web_page,panel_capture_needed,high,capture_private_panel_crop_from_source_then_run_native_vision_ocr,"front_or_primary_panel,manufacturer_or_distributor,archive_or_capture_coordinates",,jif_creamy_peanut_butter__current_2020s__60__3;jif_creamy_peanut_butter:jif_creamy_peanut_butter__current_2020s__60__3;https://www.jif.com/products/creamy/creamy-peanut-butter,,,,rights_review_needed,source_link_only_no_public_image,1,0
hybrid-ocr-v1,corn_flakes__current_2020s__255__1,corn_flakes,Kellogg's Corn Flakes,current_2020s,www.wkkellogg.com,https://www.wkkellogg.com/products/kellogg-s-corn-flakes-cereal-product,Kellogg's Corn Flakes Cereal - WK Kellogg,current_web_page,panel_capture_needed,high,capture_private_panel_crop_from_source_then_run_native_vision_ocr,"manufacturer_or_distributor,archive_or_capture_coordinates",,corn_flakes__current_2020s__255__1;corn_flakes:corn_flakes__current_2020s__255__1;https://www.wkkellogg.com/products/kellogg-s-corn-flakes-cereal-product,,,,rights_review_needed,source_link_only_no_public_image,1,0
hybrid-ocr-v1,froot_loops__current_2020s__256__1,froot_loops,Kellogg's Froot Loops,current_2020s,www.wkkellogg.com,https://www.wkkellogg.com/products/froot-loops-cereal,Kellogg's Froot Loops Breakfast Cereal - WK Kellogg,current_web_page,panel_capture_needed,high,capture_private_panel_crop_from_source_then_run_native_vision_ocr,"manufacturer_or_distributor,archive_or_capture_coordinates",,froot_loops__current_2020s__256__1;froot_loops:froot_loops__current_2020s__256__1;https://www.wkkellogg.com/products/froot-loops-cereal,,,,rights_review_needed,source_link_only_no_public_image,1,0
hybrid-ocr-v1,frosted_flakes__current_2020s__257__1,frosted_flakes,Kellogg's Frosted Flakes,current_2020s,www.wkkellogg.com,https://www.wkkellogg.com/products/kellogg-s-frosted-flakes-cereal-product,Kellogg's Frosted Flakes Cereal - WK Kellogg,current_web_page,panel_capture_needed,high,capture_private_panel_crop_from_source_then_run_native_vision_ocr,"manufacturer_or_distributor,archive_or_capture_coordinates",,frosted_flakes__current_2020s__257__1;frosted_flakes:frosted_flakes__current_2020s__257__1;https://www.wkkellogg.com/products/kellogg-s-frosted-flakes-cereal-product,,,,rights_review_needed,source_link_only_no_public_image,1,0
hybrid-ocr-v1,lucky_charms__current_2020s__42__1,lucky_charms,Lucky Charms,current_2020s,www.luckycharms.com,https://www.luckycharms.com/products/lucky-charms-original-cereal,Lucky Charms Original Cereal - Lucky Charms,current_web_page,panel_capture_needed,high,capture_private_panel_crop_from_source_then_run_native_vision_ocr,"manufacturer_or_distributor,archive_or_capture_coordinates",,lucky_charms__current_2020s__42__1;lucky_charms:lucky_charms__current_2020s__42__1;https://www.luckycharms.com/products/lucky-charms-original-cereal,,,,rights_review_needed,source_link_only_no_public_image,1,0
hybrid-ocr-v1,lucky_charms__earliest_verified_label__276__3,lucky_charms,Lucky Charms,earliest_verified_label,www.flickr.com,https://www.flickr.com/photos/neatocoolville/423218445,"Lucky Charms Box Character Cutouts Back, 1980 - Flickr",collector_package_photo,panel_capture_needed,high,capture_private_panel_crop_from_source_then_run_native_vision_ocr,"transcribed_label_text,package_weight_or_size,manufacturer_or_distributor,archive_or_capture_coordinates",,lucky_charms__earliest_verified_label__276__3;lucky_charms:lucky_charms__earliest_verified_label__276__3;https://www.flickr.com/photos/neatocoolville/423218445,,,,rights_review_needed,source_link_only_no_public_image,1,0
hybrid-ocr-v1,mountain_dew_original__current_2020s__993__7,mountain_dew_original,Mountain Dew Original,current_2020s,smartlabel.myproduct.info,https://smartlabel.myproduct.info/012000001314-0010-en-US/index.html,Mountain Dew SmartLabel 20 fl oz bottle UPC 012000001314,brand_label_page,panel_capture_needed,high,capture_private_panel_crop_from_source_then_run_native_vision_ocr,"front_or_primary_panel,manufacturer_or_distributor,archive_or_capture_coordinates",,mountain_dew_original__current_2020s__993__7;mountain_dew_original:mountain_dew_original__current_2020s__993__7;https://smartlabel.myproduct.info/012000001314-0010-en-US/index.html,,,,rights_review_needed,source_link_only_no_public_image,1,0
hybrid-ocr-v1,poptarts_brown_sugar_cinnamon__current_2020s__537__1,poptarts_brown_sugar_cinnamon,Pop-Tarts Frosted Brown Sugar Cinnamon,current_2020s,www.poptarts.com,https://www.poptarts.com/en_US/products/all-flavors/pop-tarts-frosted-brown-sugar-cinnamon-product.html,Pop-Tarts Frosted Brown Sugar Cinnamon official product page,current_web_page,panel_capture_needed,high,capture_private_panel_crop_from_source_then_run_native_vision_ocr,"manufacturer_or_distributor,archive_or_capture_coordinates",,poptarts_brown_sugar_cinnamon__current_2020s__537__1;poptarts_brown_sugar_cinnamon:poptarts_brown_sugar_cinnamon__current_2020s__537__1;https://www.poptarts.com/en_US/products/all-flavors/pop-tarts-frosted-brown-sugar-cinnamon-product.html,,,,rights_review_needed,source_link_only_no_public_image,1,0
hybrid-ocr-v1,pringles_original__current_2020s__996__7,pringles_original,Pringles Original Crisps,current_2020s,www.pringles.com,https://www.pringles.com/en-us/products/pringles-the-original-product.html?bvstate=pg%3A5%2Fct%3Ar,Pringles Original official product page,current_web_page,panel_capture_needed,high,capture_private_panel_crop_from_source_then_run_native_vision_ocr,"front_or_primary_panel,package_weight_or_size,manufacturer_or_distributor,archive_or_capture_coordinates",,pringles_original__current_2020s__996__7;pringles_original:pringles_original__current_2020s__996__7;https://www.pringles.com/en-us/products/pringles-the-original-product.html?bvstate=pg%3A5%2Fct%3Ar,,,,rights_review_needed,source_link_only_no_public_image,1,0
hybrid-ocr-v1,reeses_peanut_butter_cups__current_2020s__855__3,reeses_peanut_butter_cups,Reese's Peanut Butter Cups,current_2020s,www.walmart.com,https://www.walmart.com/ip/953919024,Reese's Peanut Butter Cups 36 count Walmart page,retailer_page,panel_capture_needed,high,capture_private_panel_crop_from_source_then_run_native_vision_ocr,"manufacturer_or_distributor,archive_or_capture_coordinates",,reeses_peanut_butter_cups__current_2020s__855__3;reeses_peanut_butter_cups:reeses_peanut_butter_cups__current_2020s__855__3;https://www.walmart.com/ip/953919024,,,,rights_review_needed,source_link_only_no_public_image,1,0
hybrid-ocr-v1,triscuit_original__current_2020s__936__3,triscuit_original,Triscuit Original Crackers,current_2020s,smartlabel.mondelez.info,https://smartlabel.mondelez.info/044000050986-0002-en-US/index.html,Triscuit Original Made with Sea Salt SmartLabel 8.5 oz page,brand_label_page,panel_capture_needed,high,capture_private_panel_crop_from_source_then_run_native_vision_ocr,"front_or_primary_panel,manufacturer_or_distributor,archive_or_capture_coordinates",,triscuit_original__current_2020s__936__3;triscuit_original:triscuit_original__current_2020s__936__3;https://smartlabel.mondelez.info/044000050986-0002-en-US/index.html,,,,rights_review_needed,source_link_only_no_public_image,1,0
hybrid-ocr-v1,wheat_thins_original__current_2020s__1000__5,wheat_thins_original,Wheat Thins Original,current_2020s,smartlabel.mondelez.info,https://smartlabel.mondelez.info/044000009625-0003-en-US/index.html,Wheat Thins Original SmartLabel 2 x 20 oz bags UPC 044000009625,brand_label_page,panel_capture_needed,high,capture_private_panel_crop_from_source_then_run_native_vision_ocr,"front_or_primary_panel,manufacturer_or_distributor,archive_or_capture_coordinates",,wheat_thins_original__current_2020s__1000__5;wheat_thins_original:wheat_thins_original__current_2020s__1000__5;https://smartlabel.mondelez.info/044000009625-0003-en-US/index.html,,,,rights_review_needed,source_link_only_no_public_image,1,0
hybrid-ocr-v1,cheerios_original__1980s_or_earlier__368__1,cheerios_original,Cheerios Original,1980s_or_earlier,www.flickr.com,https://www.flickr.com/photos/25692985%40N07/3523833856,1985 General Mills Cheerios Cereal Box Back - Flickr,collector_package_photo,panel_capture_needed,high,capture_private_panel_crop_from_source_then_run_native_vision_ocr,"transcribed_label_text,package_weight_or_size,manufacturer_or_distributor,archive_or_capture_coordinates",,cheerios_original__1980s_or_earlier__368__1;cheerios_original:cheerios_original__1980s_or_earlier__368__1;https://www.flickr.com/photos/25692985%40N07/3523833856,,,,rights_review_needed,source_link_only_no_public_image,1,0
hybrid-ocr-v1,chips_ahoy_original__2010s__481__2,chips_ahoy_original,Chips Ahoy! Original Cookies,2010s,www.walmart.com,https://www.walmart.com/ip/174419753,"Nabisco Chips Ahoy Original Cookies, 3.4 lb - Walmart",retailer_page,panel_capture_needed,high,capture_private_panel_crop_from_source_then_run_native_vision_ocr,"manufacturer_or_distributor,archive_or_capture_coordinates",,chips_ahoy_original__2010s__481__2;chips_ahoy_original:chips_ahoy_original__2010s__481__2;https://www.walmart.com/ip/174419753,,,,rights_review_needed,source_link_only_no_public_image,1,0
hybrid-ocr-v1,coca_cola_classic__1980s_or_earlier__725__1,coca_cola_classic,Coca-Cola Classic,1980s_or_earlier,www.flickr.com,https://www.flickr.com/photos/studioz7/29453244726,1960s Coca-Cola syrup label collector photo,collector_package_photo,panel_capture_needed,high,capture_private_panel_crop_from_source_then_run_native_vision_ocr,"package_weight_or_size,manufacturer_or_distributor,archive_or_capture_coordinates",,coca_cola_classic__1980s_or_earlier__725__1;coca_cola_classic:coca_cola_classic__1980s_or_earlier__725__1;https://www.flickr.com/photos/studioz7/29453244726,,,,rights_review_needed,source_link_only_no_public_image,1,0
hybrid-ocr-v1,fig_newtons__current_2020s__58__4,fig_newtons,Fig Newtons,current_2020s,smartlabel.mondelez.info,https://smartlabel.mondelez.info/044000078348-0001-en-US/index.html,Newtons Soft & Chewy Fig Fruit Chewy Cookies - SmartLabel,brand_label_page,panel_capture_needed,high,capture_private_panel_crop_from_source_then_run_native_vision_ocr,"front_or_primary_panel,manufacturer_or_distributor,archive_or_capture_coordinates",,fig_newtons__current_2020s__58__4;fig_newtons:fig_newtons__current_2020s__58__4;https://smartlabel.mondelez.info/044000078348-0001-en-US/index.html,,,,rights_review_needed,source_link_only_no_public_image,1,0
hybrid-ocr-v1,heinz_tomato_ketchup__current_2020s__847__4,heinz_tomato_ketchup,Heinz Tomato Ketchup,current_2020s,www.walmart.com,https://www.walmart.com/ip/22217916,Heinz Tomato Ketchup 38 oz Walmart product page,retailer_page,panel_capture_needed,high,capture_private_panel_crop_from_source_then_run_native_vision_ocr,"manufacturer_or_distributor,archive_or_capture_coordinates",,heinz_tomato_ketchup__current_2020s__847__4;heinz_tomato_ketchup:heinz_tomato_ketchup__current_2020s__847__4;https://www.walmart.com/ip/22217916,,,,rights_review_needed,source_link_only_no_public_image,1,0
hybrid-ocr-v1,hostess_cupcakes__current_2020s__74__4,hostess_cupcakes,Hostess CupCakes,current_2020s,www.walmart.com,https://www.walmart.com/ip/35772686,"Hostess Chocolate CupCakes, 3.17 oz Sleeve - Walmart",retailer_page,panel_capture_needed,high,capture_private_panel_crop_from_source_then_run_native_vision_ocr,"front_or_primary_panel,manufacturer_or_distributor,archive_or_capture_coordinates",,hostess_cupcakes__current_2020s__74__4;hostess_cupcakes:hostess_cupcakes__current_2020s__74__4;https://www.walmart.com/ip/35772686,,,,rights_review_needed,source_link_only_no_public_image,1,0
hybrid-ocr-v1,corn_flakes__current_2020s__514__2,corn_flakes,Kellogg's Corn Flakes,current_2020s,www.walmart.com,https://www.walmart.com/ip/10818608,Kellogg's Corn Flakes Original 18 oz Walmart page,retailer_page,panel_capture_needed,high,capture_private_panel_crop_from_source_then_run_native_vision_ocr,"manufacturer_or_distributor,archive_or_capture_coordinates",,corn_flakes__current_2020s__514__2;corn_flakes:corn_flakes__current_2020s__514__2;https://www.walmart.com/ip/10818608,,,,rights_review_needed,source_link_only_no_public_image,1,0
hybrid-ocr-v1,froot_loops__earliest_verified_label__435__4,froot_loops,Kellogg's Froot Loops,earliest_verified_label,www.flickr.com,https://www.flickr.com/photos/bolio88/7323343912/,"1982 Froot Loops 3D Nose box/back, Flickr",collector_package_photo,panel_capture_needed,high,capture_private_panel_crop_from_source_then_run_native_vision_ocr,"transcribed_label_text,package_weight_or_size,manufacturer_or_distributor,archive_or_capture_coordinates",,froot_loops__earliest_verified_label__435__4;froot_loops:froot_loops__earliest_verified_label__435__4;https://www.flickr.com/photos/bolio88/7323343912/,,,,rights_review_needed,source_link_only_no_public_image,1,0
hybrid-ocr-v1,lucky_charms__current_2020s__901__2,lucky_charms,Lucky Charms,current_2020s,www.walmart.com,https://www.walmart.com/ip/394624478,Lucky Charms 10.5 oz Walmart page,retailer_page,panel_capture_needed,high,capture_private_panel_crop_from_source_then_run_native_vision_ocr,"manufacturer_or_distributor,archive_or_capture_coordinates",,lucky_charms__current_2020s__901__2;lucky_charms:lucky_charms__current_2020s__901__2;https://www.walmart.com/ip/394624478,,,,rights_review_needed,source_link_only_no_public_image,1,0
hybrid-ocr-v1,poptarts_brown_sugar_cinnamon__current_2020s__279__2,poptarts_brown_sugar_cinnamon,Pop-Tarts Frosted Brown Sugar Cinnamon,current_2020s,www.walmart.com,https://www.walmart.com/ip/15462074871,Pop-Tarts Frosted Brown Sugar Cinnamon 13.5 oz Walmart page,retailer_page,panel_capture_needed,high,capture_private_panel_crop_from_source_then_run_native_vision_ocr,"manufacturer_or_distributor,archive_or_capture_coordinates",,poptarts_brown_sugar_cinnamon__current_2020s__279__2;poptarts_brown_sugar_cinnamon:poptarts_brown_sugar_cinnamon__current_2020s__279__2;https://www.walmart.com/ip/15462074871,,,,rights_review_needed,source_link_only_no_public_image,1,0
hybrid-ocr-v1,ritz_original_crackers__2010s__468__1,ritz_original_crackers,Ritz Original Crackers,2010s,www.snackworks.com,https://www.snackworks.com/products/ritz-original-crackers-family-size-206-oz/index.html,"RITZ Original Crackers, Family Size, 20.6 oz - Snackworks",current_web_page,panel_capture_needed,high,capture_private_panel_crop_from_source_then_run_native_vision_ocr,"manufacturer_or_distributor,archive_or_capture_coordinates",,ritz_original_crackers__2010s__468__1;ritz_original_crackers:ritz_original_crackers__2010s__468__1;https://www.snackworks.com/products/ritz-original-crackers-family-size-206-oz/index.html,,,,rights_review_needed,source_link_only_no_public_image,1,0
hybrid-ocr-v1,triscuit_original__current_2020s__937__4,triscuit_original,Triscuit Original Crackers,current_2020s,smartlabel.mondelez.info,https://smartlabel.mondelez.info/044000050986-0001-en-US/index.html,Triscuit Original Made with Sea Salt SmartLabel earlier page variant,brand_label_page,panel_capture_needed,high,capture_private_panel_crop_from_source_then_run_native_vision_ocr,"front_or_primary_panel,manufacturer_or_distributor,archive_or_capture_coordinates",,triscuit_original__current_2020s__937__4;triscuit_original:triscuit_original__current_2020s__937__4;https://smartlabel.mondelez.info/044000050986-0001-en-US/index.html,,,,rights_review_needed,source_link_only_no_public_image,1,0
hybrid-ocr-v1,wheat_thins_original__current_2020s__517__6,wheat_thins_original,Wheat Thins Original,current_2020s,spoonfulapp.com,https://spoonfulapp.com/products/wheat-thins-original-whole-grain-wheat-crackers-family-size-16-oz/MDA0NDAwMDAwMjI1MQ%3D%3D,Wheat Thins Original 16 oz ingredient record - Spoonful,current_web_page,panel_capture_needed,high,capture_private_panel_crop_from_source_then_run_native_vision_ocr,"front_or_primary_panel,manufacturer_or_distributor,archive_or_capture_coordinates",,wheat_thins_original__current_2020s__517__6;wheat_thins_original:wheat_thins_original__current_2020s__517__6;https://spoonfulapp.com/products/wheat-thins-original-whole-grain-wheat-crackers-family-size-16-oz/MDA0NDAwMDAwMjI1MQ%3D%3D,,,,rights_review_needed,source_link_only_no_public_image,1,0
hybrid-ocr-v1,campbells_tomato_soup__1980s_or_earlier__971__4,campbells_tomato_soup,Campbell's Condensed Tomato Soup,1980s_or_earlier,www.ingredientinspector.org,https://www.ingredientinspector.org/home/campbells-tomato-soup-ingredients,Ingredient Inspector Campbell's Tomato Soup ingredients article,current_web_page,panel_capture_needed,high,capture_private_panel_crop_from_source_then_run_native_vision_ocr,"front_or_primary_panel,package_weight_or_size,manufacturer_or_distributor,archive_or_capture_coordinates",,campbells_tomato_soup__1980s_or_earlier__971__4;campbells_tomato_soup:campbells_tomato_soup__1980s_or_earlier__971__4;https://www.ingredientinspector.org/home/campbells-tomato-soup-ingredients,,,,rights_review_needed,source_link_only_no_public_image,1,0
hybrid-ocr-v1,chef_boyardee_beefaroni__current_2020s__69__1,chef_boyardee_beefaroni,Chef Boyardee Beefaroni,current_2020s,www.chefboyardee.com,https://www.chefboyardee.com/products/classics/beefaroni,Chef Boyardee Beefaroni - Chef Boyardee,current_web_page,panel_capture_needed,high,capture_private_panel_crop_from_source_then_run_native_vision_ocr,"front_or_primary_panel,manufacturer_or_distributor,archive_or_capture_coordinates",,chef_boyardee_beefaroni__current_2020s__69__1;chef_boyardee_beefaroni:chef_boyardee_beefaroni__current_2020s__69__1;https://www.chefboyardee.com/products/classics/beefaroni,,,,rights_review_needed,source_link_only_no_public_image,1,0
hybrid-ocr-v1,cinnamon_toast_crunch__current_2020s__44__1,cinnamon_toast_crunch,Cinnamon Toast Crunch,current_2020s,www.cinnamontoastcrunch.com,https://www.cinnamontoastcrunch.com/products/cinnamon-toast-crunch-cereal,Cinnamon Toast Crunch Cereal - Cinnamon Toast Crunch,current_web_page,panel_capture_needed,high,capture_private_panel_crop_from_source_then_run_native_vision_ocr,"manufacturer_or_distributor,archive_or_capture_coordinates",,cinnamon_toast_crunch__current_2020s__44__1;cinnamon_toast_crunch:cinnamon_toast_crunch__current_2020s__44__1;https://www.cinnamontoastcrunch.com/products/cinnamon-toast-crunch-cereal,,,,rights_review_needed,source_link_only_no_public_image,1,0
hybrid-ocr-v1,cocoa_puffs__current_2020s__76__3,cocoa_puffs,Cocoa Puffs,current_2020s,www.cvs.com,https://www.cvs.com/shop/ingredients/general-mills-cocoa-puffs-whole-grain-cereal-10-4-oz-prodid-558865,"General Mills Cocoa Puffs Whole Grain Cereal, 10.4 oz Ingredients - CVS",current_web_page,panel_capture_needed,high,capture_private_panel_crop_from_source_then_run_native_vision_ocr,"front_or_primary_panel,package_weight_or_size,manufacturer_or_distributor,archive_or_capture_coordinates",,cocoa_puffs__current_2020s__76__3;cocoa_puffs:cocoa_puffs__current_2020s__76__3;https://www.cvs.com/shop/ingredients/general-mills-cocoa-puffs-whole-grain-cereal-10-4-oz-prodid-558865,,,,rights_review_needed,source_link_only_no_public_image,1,0
hybrid-ocr-v1,fig_newtons__2010s__59__1,fig_newtons,Fig Newtons,2010s,www.walmart.com,https://www.walmart.com/ip/13281445,"Nabisco Fig Newtons Cookies, 14 oz - Walmart",retailer_page,panel_capture_needed,high,capture_private_panel_crop_from_source_then_run_native_vision_ocr,"front_or_primary_panel,manufacturer_or_distributor,archive_or_capture_coordinates",,fig_newtons__2010s__59__1;fig_newtons:fig_newtons__2010s__59__1;https://www.walmart.com/ip/13281445,,,,rights_review_needed,source_link_only_no_public_image,1,0
hybrid-ocr-v1,honey_nut_cheerios__1990s__370__1,honey_nut_cheerios,Honey Nut Cheerios,1990s,www.flickr.com,https://www.flickr.com/photos/jasonliebigstuff/3214563110,"Honey Nut Cheerios McDonald's Mac Tonight box back, 1990 - Flickr",collector_package_photo,panel_capture_needed,high,capture_private_panel_crop_from_source_then_run_native_vision_ocr,"transcribed_label_text,package_weight_or_size,manufacturer_or_distributor,archive_or_capture_coordinates",,honey_nut_cheerios__1990s__370__1;honey_nut_cheerios:honey_nut_cheerios__1990s__370__1;https://www.flickr.com/photos/jasonliebigstuff/3214563110,,,,rights_review_needed,source_link_only_no_public_image,1,0
hybrid-ocr-v1,jello_strawberry_gelatin__earliest_verified_label__185__1,jello_strawberry_gelatin,Jell-O Strawberry Gelatin,earliest_verified_label,www.flickr.com,https://www.flickr.com/photos/jasonliebigstuff/2629782517,"General Foods Jell-O Wild Strawberry Gelatin Dessert box file flat, August 1 1969 - Flickr",collector_package_photo,panel_capture_needed,high,capture_private_panel_crop_from_source_then_run_native_vision_ocr,"transcribed_label_text,package_weight_or_size,manufacturer_or_distributor,archive_or_capture_coordinates",,jello_strawberry_gelatin__earliest_verified_label__185__1;jello_strawberry_gelatin:jello_strawberry_gelatin__earliest_verified_label__185__1;https://www.flickr.com/photos/jasonliebigstuff/2629782517,,,,rights_review_needed,source_link_only_no_public_image,1,0
hybrid-ocr-v1,mms_milk_chocolate__current_2020s__1082__1,mms_milk_chocolate,M&M's Milk Chocolate Candies,current_2020s,www.walmart.com,https://www.walmart.com/ip/15430114556,"M&M'S Milk Chocolate Candy Family Size, 18 oz Bag - Walmart",retailer_page,panel_capture_needed,high,capture_private_panel_crop_from_source_then_run_native_vision_ocr,"manufacturer_or_distributor,archive_or_capture_coordinates",,mms_milk_chocolate__current_2020s__1082__1;mms_milk_chocolate:mms_milk_chocolate__current_2020s__1082__1;https://www.walmart.com/ip/15430114556,,,,rights_review_needed,source_link_only_no_public_image,1,0
hybrid-ocr-v1,mountain_dew_original__current_2020s__260__1,mountain_dew_original,Mountain Dew Original,current_2020s,smartlabel.pepsico.info,https://smartlabel.pepsico.info/012000106064-0011-en-US/index.html,"Mountain Dew SmartLabel, UPC 012000106064",brand_label_page,panel_capture_needed,high,capture_private_panel_crop_from_source_then_run_native_vision_ocr,"manufacturer_or_distributor,archive_or_capture_coordinates",,mountain_dew_original__current_2020s__260__1;mountain_dew_original:mountain_dew_original__current_2020s__260__1;https://smartlabel.pepsico.info/012000106064-0011-en-US/index.html,,,,rights_review_needed,source_link_only_no_public_image,1,0
hybrid-ocr-v1,pepperidge_farm_goldfish_cheddar__current_2020s__280__1,pepperidge_farm_goldfish_cheddar,Pepperidge Farm Goldfish Cheddar,current_2020s,www.walmart.com,https://www.walmart.com/ip/957662616,"Goldfish Cheddar Crackers, 6.6 oz Bag, 6 Count Box - Walmart",retailer_page,panel_capture_needed,high,capture_private_panel_crop_from_source_then_run_native_vision_ocr,"manufacturer_or_distributor,archive_or_capture_coordinates",,pepperidge_farm_goldfish_cheddar__current_2020s__280__1;pepperidge_farm_goldfish_cheddar:pepperidge_farm_goldfish_cheddar__current_2020s__280__1;https://www.walmart.com/ip/957662616,,,,rights_review_needed,source_link_only_no_public_image,1,0
hybrid-ocr-v1,poptarts_brown_sugar_cinnamon__current_2020s__960__3,poptarts_brown_sugar_cinnamon,Pop-Tarts Frosted Brown Sugar Cinnamon,current_2020s,www.walmart.com,https://www.walmart.com/ip/181775429,Walmart Pop-Tarts Frosted Brown Sugar Cinnamon 12 count page,retailer_page,panel_capture_needed,high,capture_private_panel_crop_from_source_then_run_native_vision_ocr,"manufacturer_or_distributor,archive_or_capture_coordinates",,poptarts_brown_sugar_cinnamon__current_2020s__960__3;poptarts_brown_sugar_cinnamon:poptarts_brown_sugar_cinnamon__current_2020s__960__3;https://www.walmart.com/ip/181775429,,,,rights_review_needed,source_link_only_no_public_image,1,0
hybrid-ocr-v1,pringles_original__current_2020s__282__1,pringles_original,Pringles Original Crisps,current_2020s,www.walmart.com,https://www.walmart.com/ip/47217461,"Pringles Original Potato Crisps, 5.2 oz Canister - Walmart",retailer_page,panel_capture_needed,high,capture_private_panel_crop_from_source_then_run_native_vision_ocr,"manufacturer_or_distributor,archive_or_capture_coordinates",,pringles_original__current_2020s__282__1;pringles_original:pringles_original__current_2020s__282__1;https://www.walmart.com/ip/47217461,,,,rights_review_needed,source_link_only_no_public_image,1,0
hybrid-ocr-v1,ritz_original_crackers__current_2020s__468__6,ritz_original_crackers,Ritz Original Crackers,current_2020s,www.snackworks.com,https://www.snackworks.com/products/ritz-original-crackers-family-size-206-oz/index.html,"RITZ Original Crackers, Family Size, 20.6 oz - Snackworks",current_web_page,panel_capture_needed,high,capture_private_panel_crop_from_source_then_run_native_vision_ocr,"manufacturer_or_distributor,archive_or_capture_coordinates",,ritz_original_crackers__current_2020s__468__6;ritz_original_crackers:ritz_original_crackers__current_2020s__468__6;https://www.snackworks.com/products/ritz-original-crackers-family-size-206-oz/index.html,,,,rights_review_needed,source_link_only_no_public_image,1,0
hybrid-ocr-v1,ruffles_original__current_2020s__79__3,ruffles_original,Ruffles Original Potato Chips,current_2020s,smartlabel.pepsico.info,https://smartlabel.pepsico.info/028400020893-0003-en-US/index.html,"Ruffles, Original, Potato Chips - SmartLabel",brand_label_page,panel_capture_needed,high,capture_private_panel_crop_from_source_then_run_native_vision_ocr,"front_or_primary_panel,manufacturer_or_distributor,archive_or_capture_coordinates",,ruffles_original__current_2020s__79__3;ruffles_original:ruffles_original__current_2020s__79__3;https://smartlabel.pepsico.info/028400020893-0003-en-US/index.html,,,,rights_review_needed,source_link_only_no_public_image,1,0
hybrid-ocr-v1,snickers_bar__current_2020s__49__1,snickers_bar,Snickers Bar,current_2020s,www.snickers.com,https://www.snickers.com/products/chocolate/snickers-singles-size-chocolate-candy-bar-186-oz,"SNICKERS Singles Size Chocolate Candy Bar, 1.86 oz - Snickers",current_web_page,panel_capture_needed,high,capture_private_panel_crop_from_source_then_run_native_vision_ocr,"manufacturer_or_distributor,archive_or_capture_coordinates",,snickers_bar__current_2020s__49__1;snickers_bar:snickers_bar__current_2020s__49__1;https://www.snickers.com/products/chocolate/snickers-singles-size-chocolate-candy-bar-186-oz,,,,rights_review_needed,source_link_only_no_public_image,1,0
hybrid-ocr-v1,spam_classic__earliest_verified_label__733__1,spam_classic,SPAM Classic,earliest_verified_label,www.spam.com,https://www.spam.com/what-is-spam-brand,SPAM Brand official product ingredients and history page,brand_label_page,panel_capture_needed,high,capture_private_panel_crop_from_source_then_run_native_vision_ocr,"front_or_primary_panel,package_weight_or_size,manufacturer_or_distributor,archive_or_capture_coordinates",,spam_classic__earliest_verified_label__733__1;spam_classic:spam_classic__earliest_verified_label__733__1;https://www.spam.com/what-is-spam-brand,,,,rights_review_needed,source_link_only_no_public_image,1,0
hybrid-ocr-v1,triscuit_original__2010s__937__1,triscuit_original,Triscuit Original Crackers,2010s,smartlabel.mondelez.info,https://smartlabel.mondelez.info/044000050986-0001-en-US/index.html,Triscuit Original Made with Sea Salt SmartLabel earlier page variant,brand_label_page,panel_capture_needed,high,capture_private_panel_crop_from_source_then_run_native_vision_ocr,"front_or_primary_panel,manufacturer_or_distributor,archive_or_capture_coordinates",,triscuit_original__2010s__937__1;triscuit_original:triscuit_original__2010s__937__1;https://smartlabel.mondelez.info/044000050986-0001-en-US/index.html,,,,rights_review_needed,source_link_only_no_public_image,1,0
hybrid-ocr-v1,triscuit_original__current_2020s__754__5,triscuit_original,Triscuit Original Crackers,current_2020s,www.walmart.com,https://www.walmart.com/ip/534402624,Triscuit Original Whole Grain Wheat Crackers 8.5 oz Walmart page,retailer_page,panel_capture_needed,high,capture_private_panel_crop_from_source_then_run_native_vision_ocr,"front_or_primary_panel,manufacturer_or_distributor,archive_or_capture_coordinates",,triscuit_original__current_2020s__754__5;triscuit_original:triscuit_original__current_2020s__754__5;https://www.walmart.com/ip/534402624,,,,rights_review_needed,source_link_only_no_public_image,1,0
hybrid-ocr-v1,wheat_thins_original__current_2020s__870__7,wheat_thins_original,Wheat Thins Original,current_2020s,smartlabel.mondelez.info,https://smartlabel.mondelez.info/00044000027117-0001-en-US/index.html,Wheat Thins Original - Mondelez SmartLabel,brand_label_page,panel_capture_needed,high,capture_private_panel_crop_from_source_then_run_native_vision_ocr,"front_or_primary_panel,package_weight_or_size,manufacturer_or_distributor,archive_or_capture_coordinates",,wheat_thins_original__current_2020s__870__7;wheat_thins_original:wheat_thins_original__current_2020s__870__7;https://smartlabel.mondelez.info/00044000027117-0001-en-US/index.html,,,,rights_review_needed,source_link_only_no_public_image,1,0
hybrid-ocr-v1,campbells_tomato_soup__current_2020s__1077__9,campbells_tomato_soup,Campbell's Condensed Tomato Soup,current_2020s,www.campbells.com,https://www.campbells.com/tomato-soup/,Tomato Soup - The Campbell's Company,current_web_page,panel_capture_needed,high,capture_private_panel_crop_from_source_then_run_native_vision_ocr,"package_weight_or_size,manufacturer_or_distributor,archive_or_capture_coordinates",,campbells_tomato_soup__current_2020s__1077__9;campbells_tomato_soup:campbells_tomato_soup__current_2020s__1077__9;https://www.campbells.com/tomato-soup/,,,,rights_review_needed,source_link_only_no_public_image,1,0
hybrid-ocr-v1,capn_crunch_original__current_2020s__50__2,capn_crunch_original,Cap'n Crunch Original,current_2020s,www.capncrunch.com,https://www.capncrunch.com/products/cap-n-crunch-original,Cap'n Crunch Original - Cap'n Crunch,current_web_page,panel_capture_needed,high,capture_private_panel_crop_from_source_then_run_native_vision_ocr,"package_weight_or_size,manufacturer_or_distributor,archive_or_capture_coordinates",,capn_crunch_original__current_2020s__50__2;capn_crunch_original:capn_crunch_original__current_2020s__50__2;https://www.capncrunch.com/products/cap-n-crunch-original,,,,rights_review_needed,source_link_only_no_public_image,1,0
hybrid-ocr-v1,chef_boyardee_beefaroni__current_2020s__290__2,chef_boyardee_beefaroni,Chef Boyardee Beefaroni,current_2020s,www.walmart.com,https://www.walmart.com/ip/10308533,Chef Boyardee Beefaroni 15 oz can Walmart page,retailer_page,panel_capture_needed,high,capture_private_panel_crop_from_source_then_run_native_vision_ocr,"front_or_primary_panel,manufacturer_or_distributor,archive_or_capture_coordinates",,chef_boyardee_beefaroni__current_2020s__290__2;chef_boyardee_beefaroni:chef_boyardee_beefaroni__current_2020s__290__2;https://www.walmart.com/ip/10308533,,,,rights_review_needed,source_link_only_no_public_image,1,0
hybrid-ocr-v1,cinnamon_toast_crunch__current_2020s__511__2,cinnamon_toast_crunch,Cinnamon Toast Crunch,current_2020s,www.generalmillsconvenience.com,https://www.generalmillsconvenience.com/products/cinnamon-toast-crunch-12oz,General Mills Convenience Cinnamon Toast Crunch 12 oz page,current_web_page,panel_capture_needed,high,capture_private_panel_crop_from_source_then_run_native_vision_ocr,"manufacturer_or_distributor,archive_or_capture_coordinates",,cinnamon_toast_crunch__current_2020s__511__2;cinnamon_toast_crunch:cinnamon_toast_crunch__current_2020s__511__2;https://www.generalmillsconvenience.com/products/cinnamon-toast-crunch-12oz,,,,rights_review_needed,source_link_only_no_public_image,1,0
hybrid-ocr-v1,cocoa_puffs__current_2020s__75__4,cocoa_puffs,Cocoa Puffs,current_2020s,www.generalmills.com,https://www.generalmills.com/food-we-make/brands/cocoa-puffs,Cocoa Puffs - General Mills,brand_label_page,panel_capture_needed,high,capture_private_panel_crop_from_source_then_run_native_vision_ocr,"front_or_primary_panel,package_weight_or_size,manufacturer_or_distributor,archive_or_capture_coordinates",,cocoa_puffs__current_2020s__75__4;cocoa_puffs:cocoa_puffs__current_2020s__75__4;https://www.generalmills.com/food-we-make/brands/cocoa-puffs,,,,rights_review_needed,source_link_only_no_public_image,1,0
hybrid-ocr-v1,eggo_homestyle_waffles__current_2020s__68__2,eggo_homestyle_waffles,Eggo Homestyle Waffles,current_2020s,www.leggomyeggo.com,https://www.leggomyeggo.com/en-us/products/waffles/homestyle-waffles-product.html,Eggo Homestyle Waffles - Eggo,current_web_page,panel_capture_needed,high,capture_private_panel_crop_from_source_then_run_native_vision_ocr,"front_or_primary_panel,manufacturer_or_distributor,archive_or_capture_coordinates",,eggo_homestyle_waffles__current_2020s__68__2;eggo_homestyle_waffles:eggo_homestyle_waffles__current_2020s__68__2;https://www.leggomyeggo.com/en-us/products/waffles/homestyle-waffles-product.html,,,,rights_review_needed,source_link_only_no_public_image,1,0
hybrid-ocr-v1,fritos_original__current_2020s__77__4,fritos_original,Fritos Original Corn Chips,current_2020s,smartlabel.pepsico.info,https://smartlabel.pepsico.info/028400017206-0003-en-US/index.html,"Fritos, The Original, Corn Chips - SmartLabel",brand_label_page,panel_capture_needed,high,capture_private_panel_crop_from_source_then_run_native_vision_ocr,"front_or_primary_panel,manufacturer_or_distributor,archive_or_capture_coordinates",,fritos_original__current_2020s__77__4;fritos_original:fritos_original__current_2020s__77__4;https://smartlabel.pepsico.info/028400017206-0003-en-US/index.html,,,,rights_review_needed,source_link_only_no_public_image,1,0
hybrid-ocr-v1,hot_pockets_pepperoni_pizza__current_2020s__83__2,hot_pockets_pepperoni_pizza,Hot Pockets Pepperoni Pizza,current_2020s,www.walmart.com,https://www.walmart.com/ip/14122459,"Hot Pockets Pepperoni Pizza Snacks, 54 oz 12 Pack - Walmart",retailer_page,panel_capture_needed,high,capture_private_panel_crop_from_source_then_run_native_vision_ocr,"front_or_primary_panel,manufacturer_or_distributor,archive_or_capture_coordinates",,hot_pockets_pepperoni_pizza__current_2020s__83__2;hot_pockets_pepperoni_pizza:hot_pockets_pepperoni_pizza__current_2020s__83__2;https://www.walmart.com/ip/14122459,,,,rights_review_needed,source_link_only_no_public_image,1,0
hybrid-ocr-v1,jello_strawberry_gelatin__earliest_verified_label__562__2,jello_strawberry_gelatin,Jell-O Strawberry Gelatin,earliest_verified_label,www.etsy.com,https://www.etsy.com/listing/1780879043/vintage-jell-o-strawberry-gelatin,Vintage Jell-O Strawberry Gelatin Dessert Box Etsy listing,marketplace_listing,panel_capture_needed,high,capture_private_panel_crop_from_source_then_run_native_vision_ocr,"transcribed_label_text,manufacturer_or_distributor,archive_or_capture_coordinates",,jello_strawberry_gelatin__earliest_verified_label__562__2;jello_strawberry_gelatin:jello_strawberry_gelatin__earliest_verified_label__562__2;https://www.etsy.com/listing/1780879043/vintage-jell-o-strawberry-gelatin,,,,rights_review_needed,source_link_only_no_public_image,1,0
hybrid-ocr-v1,kraft_singles_american__current_2020s__78__4,kraft_singles_american,Kraft Singles American Cheese,current_2020s,www.kraftheinz.com,https://www.kraftheinz.com/kraft-singles/products/00021000604739-singles-american-pasteurized-prepared-cheese-product-slices/,Kraft Singles American Slices - Kraft Heinz,brand_label_page,panel_capture_needed,high,capture_private_panel_crop_from_source_then_run_native_vision_ocr,"front_or_primary_panel,manufacturer_or_distributor,archive_or_capture_coordinates",,kraft_singles_american__current_2020s__78__4;kraft_singles_american:kraft_singles_american__current_2020s__78__4;https://www.kraftheinz.com/kraft-singles/products/00021000604739-singles-american-pasteurized-prepared-cheese-product-slices/,,,,rights_review_needed,source_link_only_no_public_image,1,0
hybrid-ocr-v1,mms_milk_chocolate__current_2020s__497__2,mms_milk_chocolate,M&M's Milk Chocolate Candies,current_2020s,www.mms.com,https://www.mms.com/en-us/holiday-collection/mms-christmas-bulk-candy/ct1217-p.html,M&M'S Milk Chocolate Christmas Bulk Candy 32 oz current product page,current_web_page,panel_capture_needed,high,capture_private_panel_crop_from_source_then_run_native_vision_ocr,"manufacturer_or_distributor,archive_or_capture_coordinates",,mms_milk_chocolate__current_2020s__497__2;mms_milk_chocolate:mms_milk_chocolate__current_2020s__497__2;https://www.mms.com/en-us/holiday-collection/mms-christmas-bulk-candy/ct1217-p.html,,,,rights_review_needed,source_link_only_no_public_image,1,0
hybrid-ocr-v1,mountain_dew_original__current_2020s__760__2,mountain_dew_original,Mountain Dew Original,current_2020s,smartlabel.pepsico.info,https://smartlabel.pepsico.info/012000809965-0017-en-US/index.html,Mountain Dew SmartLabel 12 pack cans UPC 012000809965,brand_label_page,panel_capture_needed,high,capture_private_panel_crop_from_source_then_run_native_vision_ocr,"manufacturer_or_distributor,archive_or_capture_coordinates",,mountain_dew_original__current_2020s__760__2;mountain_dew_original:mountain_dew_original__current_2020s__760__2;https://smartlabel.pepsico.info/012000809965-0017-en-US/index.html,,,,rights_review_needed,source_link_only_no_public_image,1,0
hybrid-ocr-v1,pepperidge_farm_goldfish_cheddar__current_2020s__522__2,pepperidge_farm_goldfish_cheddar,Pepperidge Farm Goldfish Cheddar,current_2020s,www.target.com,https://www.target.com/p/-/A-89409907,Goldfish Cheddar Cheese Crackers Carton 27.3 oz Target page,retailer_page,panel_capture_needed,high,capture_private_panel_crop_from_source_then_run_native_vision_ocr,"manufacturer_or_distributor,archive_or_capture_coordinates",,pepperidge_farm_goldfish_cheddar__current_2020s__522__2;pepperidge_farm_goldfish_cheddar:pepperidge_farm_goldfish_cheddar__current_2020s__522__2;https://www.target.com/p/-/A-89409907,,,,rights_review_needed,source_link_only_no_public_image,1,0
hybrid-ocr-v1,pringles_original__current_2020s__861__2,pringles_original,Pringles Original Crisps,current_2020s,www.walmart.com,https://www.walmart.com/ip/10818683,Pringles Original Crisps 5.2 oz Walmart page,retailer_page,panel_capture_needed,high,capture_private_panel_crop_from_source_then_run_native_vision_ocr,"manufacturer_or_distributor,archive_or_capture_coordinates",,pringles_original__current_2020s__861__2;pringles_original:pringles_original__current_2020s__861__2;https://www.walmart.com/ip/10818683,,,,rights_review_needed,source_link_only_no_public_image,1,0
hybrid-ocr-v1,ruffles_original__current_2020s__494__4,ruffles_original,Ruffles Original Potato Chips,current_2020s,smartlabel.pepsico.info,https://smartlabel.pepsico.info/028400077910-0012-en-US/index.html,"Ruffles Original Potato Chips 28 oz SmartLabel, updated 2022",brand_label_page,panel_capture_needed,high,capture_private_panel_crop_from_source_then_run_native_vision_ocr,"front_or_primary_panel,archive_or_capture_coordinates",,ruffles_original__current_2020s__494__4;ruffles_original:ruffles_original__current_2020s__494__4;https://smartlabel.pepsico.info/028400077910-0012-en-US/index.html,,,,rights_review_needed,source_link_only_no_public_image,1,0
hybrid-ocr-v1,skippy_creamy_peanut_butter__current_2020s__66__4,skippy_creamy_peanut_butter,Skippy Creamy Peanut Butter,current_2020s,www.peanutbutter.com,https://www.peanutbutter.com/product/creamy-peanut-butter/,Skippy Creamy Peanut Butter - Skippy,current_web_page,panel_capture_needed,high,capture_private_panel_crop_from_source_then_run_native_vision_ocr,"front_or_primary_panel,manufacturer_or_distributor,archive_or_capture_coordinates",,skippy_creamy_peanut_butter__current_2020s__66__4;skippy_creamy_peanut_butter:skippy_creamy_peanut_butter__current_2020s__66__4;https://www.peanutbutter.com/product/creamy-peanut-butter/,,,,rights_review_needed,source_link_only_no_public_image,1,0
hybrid-ocr-v1,snickers_bar__current_2020s__526__2,snickers_bar,Snickers Bar,current_2020s,www.walmart.com,https://www.walmart.com/ip/38253488,Snickers Full Size Chocolate Candy Bar 1.86 oz Walmart page,retailer_page,panel_capture_needed,high,capture_private_panel_crop_from_source_then_run_native_vision_ocr,"manufacturer_or_distributor,archive_or_capture_coordinates",,snickers_bar__current_2020s__526__2;snickers_bar:snickers_bar__current_2020s__526__2;https://www.walmart.com/ip/38253488,,,,rights_review_needed,source_link_only_no_public_image,1,0
hybrid-ocr-v1,totinos_pizza_rolls__current_2020s__749__2,totinos_pizza_rolls,Totino's Pizza Rolls,current_2020s,www.super1foods.com,https://www.super1foods.com/sm/pickup/rsid/617/product/totinos-pepperoni-pizza-rolls-0496-ounce-50-count-id-00042800109538,Totino's Pepperoni Pizza Rolls 50 count Super 1 Foods page,current_web_page,panel_capture_needed,high,capture_private_panel_crop_from_source_then_run_native_vision_ocr,"front_or_primary_panel,manufacturer_or_distributor,archive_or_capture_coordinates",,totinos_pizza_rolls__current_2020s__749__2;totinos_pizza_rolls:totinos_pizza_rolls__current_2020s__749__2;https://www.super1foods.com/sm/pickup/rsid/617/product/totinos-pepperoni-pizza-rolls-0496-ounce-50-count-id-00042800109538,,,,rights_review_needed,source_link_only_no_public_image,1,0
hybrid-ocr-v1,triscuit_original__current_2020s__62__6,triscuit_original,Triscuit Original Crackers,current_2020s,smartlabel.mondelez.info,https://smartlabel.mondelez.info/044000077143-0001-en-US/index.html,Triscuit Original SmartLabel page,brand_label_page,panel_capture_needed,high,capture_private_panel_crop_from_source_then_run_native_vision_ocr,"front_or_primary_panel,package_weight_or_size,manufacturer_or_distributor,archive_or_capture_coordinates",,triscuit_original__current_2020s__62__6;triscuit_original:triscuit_original__current_2020s__62__6;https://smartlabel.mondelez.info/044000077143-0001-en-US/index.html,,,,rights_review_needed,source_link_only_no_public_image,1,0
hybrid-ocr-v1,velveeta_shells_and_cheese__current_2020s__94__2,velveeta_shells_and_cheese,Velveeta Shells & Cheese,current_2020s,www.walmart.com,https://www.walmart.com/ip/10295758,"Velveeta Shells and Cheese Original Mac N Cheese Dinner, 12 oz - Walmart",retailer_page,panel_capture_needed,high,capture_private_panel_crop_from_source_then_run_native_vision_ocr,"front_or_primary_panel,manufacturer_or_distributor,archive_or_capture_coordinates",,velveeta_shells_and_cheese__current_2020s__94__2;velveeta_shells_and_cheese:velveeta_shells_and_cheese__current_2020s__94__2;https://www.walmart.com/ip/10295758,,,,rights_review_needed,source_link_only_no_public_image,1,0
hybrid-ocr-v1,wheat_thins_original__current_2020s__1001__8,wheat_thins_original,Wheat Thins Original,current_2020s,www.ewg.org,https://www.ewg.org/foodscores/products/019320007989-WheatThinsOriginalSnacksOriginal/,EWG Food Scores Wheat Thins Original Snacks,label_database_record,panel_capture_needed,high,capture_private_panel_crop_from_source_then_run_native_vision_ocr,"front_or_primary_panel,package_weight_or_size,manufacturer_or_distributor,archive_or_capture_coordinates",,wheat_thins_original__current_2020s__1001__8;wheat_thins_original:wheat_thins_original__current_2020s__1001__8;https://www.ewg.org/foodscores/products/019320007989-WheatThinsOriginalSnacksOriginal/,,,,rights_review_needed,source_link_only_no_public_image,1,0
hybrid-ocr-v1,capn_crunch_original__current_2020s__51__1,capn_crunch_original,Cap'n Crunch Original,current_2020s,www.kroger.com,https://www.kroger.com/p/cap-n-crunch-original-bag-cereal/0003000031378,"Cap'n Crunch Original Bag Cereal, 40 oz - Kroger",retailer_page,panel_capture_needed,high,capture_private_panel_crop_from_source_then_run_native_vision_ocr,"manufacturer_or_distributor,archive_or_capture_coordinates",,capn_crunch_original__current_2020s__51__1;capn_crunch_original:capn_crunch_original__current_2020s__51__1;https://www.kroger.com/p/cap-n-crunch-original-bag-cereal/0003000031378,,,,rights_review_needed,source_link_only_no_public_image,1,0
hybrid-ocr-v1,capn_crunch_original__earliest_verified_label__440__7,capn_crunch_original,Cap'n Crunch Original,earliest_verified_label,underunderstood.com,https://underunderstood.com/podcast/episode/capn-crunch-smaller/,The Incredible Shrinking Cap'n - Underunderstood,current_web_page,panel_capture_needed,high,capture_private_panel_crop_from_source_then_run_native_vision_ocr,"front_or_primary_panel,package_weight_or_size,manufacturer_or_distributor,archive_or_capture_coordinates",,capn_crunch_original__earliest_verified_label__440__7;capn_crunch_original:capn_crunch_original__earliest_verified_label__440__7;https://underunderstood.com/podcast/episode/capn-crunch-smaller/,,,,rights_review_needed,source_link_only_no_public_image,1,0
hybrid-ocr-v1,dr_pepper_original__current_2020s__261__1,dr_pepper_original,Dr Pepper Original,current_2020s,www.target.com,https://www.target.com/p/-/A-12965290,Dr Pepper Soda 12 pk / 12 fl oz Cans - Target,retailer_page,panel_capture_needed,high,capture_private_panel_crop_from_source_then_run_native_vision_ocr,"manufacturer_or_distributor,archive_or_capture_coordinates",,dr_pepper_original__current_2020s__261__1;dr_pepper_original:dr_pepper_original__current_2020s__261__1;https://www.target.com/p/-/A-12965290,,,,rights_review_needed,source_link_only_no_public_image,1,0
hybrid-ocr-v1,eggo_homestyle_waffles__current_2020s__773__3,eggo_homestyle_waffles,Eggo Homestyle Waffles,current_2020s,www.kellanovaawayfromhome.com,https://www.kellanovaawayfromhome.com/en-us/products/eggo-homestyle-waffles-product.00038000178672.html,Kellanova Away From Home Eggo Homestyle Waffles product page,current_web_page,panel_capture_needed,high,capture_private_panel_crop_from_source_then_run_native_vision_ocr,"front_or_primary_panel,package_weight_or_size,manufacturer_or_distributor,archive_or_capture_coordinates",,eggo_homestyle_waffles__current_2020s__773__3;eggo_homestyle_waffles:eggo_homestyle_waffles__current_2020s__773__3;https://www.kellanovaawayfromhome.com/en-us/products/eggo-homestyle-waffles-product.00038000178672.html,,,,rights_review_needed,source_link_only_no_public_image,1,0
hybrid-ocr-v1,gatorade_lemon_lime__current_2020s__81__3,gatorade_lemon_lime,Gatorade Lemon-Lime,current_2020s,smartlabel.pepsico.info,https://smartlabel.pepsico.info/052000208054-0012-en-US/index.html,Gatorade Lemon-Lime Flavored Thirst Quencher - SmartLabel,brand_label_page,panel_capture_needed,high,capture_private_panel_crop_from_source_then_run_native_vision_ocr,"front_or_primary_panel,manufacturer_or_distributor,archive_or_capture_coordinates",,gatorade_lemon_lime__current_2020s__81__3;gatorade_lemon_lime:gatorade_lemon_lime__current_2020s__81__3;https://smartlabel.pepsico.info/052000208054-0012-en-US/index.html,,,,rights_review_needed,source_link_only_no_public_image,1,0
hybrid-ocr-v1,jello_strawberry_gelatin__current_2020s__283__1,jello_strawberry_gelatin,Jell-O Strawberry Gelatin,current_2020s,www.walmart.com,https://www.walmart.com/ip/13812780,"Jell-O Strawberry Gelatin Dessert Mix, 6 oz Family Size - Walmart",retailer_page,panel_capture_needed,high,capture_private_panel_crop_from_source_then_run_native_vision_ocr,"manufacturer_or_distributor,archive_or_capture_coordinates",,jello_strawberry_gelatin__current_2020s__283__1;jello_strawberry_gelatin:jello_strawberry_gelatin__current_2020s__283__1;https://www.walmart.com/ip/13812780,,,,rights_review_needed,source_link_only_no_public_image,1,0
hybrid-ocr-v1,froot_loops__1990s__330__1,froot_loops,Kellogg's Froot Loops,1990s,www.flickr.com,https://www.flickr.com/photos/25692985%40N07/3502316339,1990 Kellogg's Froot Loops Cereal Box Back - Flickr,collector_package_photo,panel_capture_needed,high,capture_private_panel_crop_from_source_then_run_native_vision_ocr,"transcribed_label_text,package_weight_or_size,manufacturer_or_distributor,archive_or_capture_coordinates",,froot_loops__1990s__330__1;froot_loops:froot_loops__1990s__330__1;https://www.flickr.com/photos/25692985%40N07/3502316339,,,,rights_review_needed,source_link_only_no_public_image,1,0
hybrid-ocr-v1,frosted_flakes__1990s__405__1,frosted_flakes,Kellogg's Frosted Flakes,1990s,www.flickr.com,https://www.flickr.com/photos/25692985%40N07/3544406888,"Kellogg's Frosted Flakes Cereal Box Back, Early 1990's - Flickr",collector_package_photo,panel_capture_needed,high,capture_private_panel_crop_from_source_then_run_native_vision_ocr,"transcribed_label_text,package_weight_or_size,manufacturer_or_distributor,archive_or_capture_coordinates",,frosted_flakes__1990s__405__1;frosted_flakes:frosted_flakes__1990s__405__1;https://www.flickr.com/photos/25692985%40N07/3544406888,,,,rights_review_needed,source_link_only_no_public_image,1,0
hybrid-ocr-v1,rice_krispies__current_2020s__54__1,rice_krispies,Kellogg's Rice Krispies,current_2020s,www.wkkellogg.com,https://www.wkkellogg.com/products/kelloggs-rice-krispies-cereal-product,Kellogg's Rice Krispies Cereal - WK Kellogg,current_web_page,panel_capture_needed,high,capture_private_panel_crop_from_source_then_run_native_vision_ocr,"manufacturer_or_distributor,archive_or_capture_coordinates",,rice_krispies__current_2020s__54__1;rice_krispies:rice_krispies__current_2020s__54__1;https://www.wkkellogg.com/products/kelloggs-rice-krispies-cereal-product,,,,rights_review_needed,source_link_only_no_public_image,1,0
hybrid-ocr-v1,kraft_singles_american__current_2020s__868__5,kraft_singles_american,Kraft Singles American Cheese,current_2020s,www.kraftheinz.com,https://www.kraftheinz.com/kraft-singles/products/00021000615262-kraft-singles-american-cheese-slices,Kraft Singles American Cheese Slices official product page,brand_label_page,panel_capture_needed,high,capture_private_panel_crop_from_source_then_run_native_vision_ocr,"front_or_primary_panel,manufacturer_or_distributor,archive_or_capture_coordinates",,kraft_singles_american__current_2020s__868__5;kraft_singles_american:kraft_singles_american__current_2020s__868__5;https://www.kraftheinz.com/kraft-singles/products/00021000615262-kraft-singles-american-cheese-slices,,,,rights_review_needed,source_link_only_no_public_image,1,0
hybrid-ocr-v1,mms_milk_chocolate__current_2020s__45__3,mms_milk_chocolate,M&M's Milk Chocolate Candies,current_2020s,www.mms.com,https://www.mms.com/en-us/mms-milk-chocolate-candy/p/milk-chocolate-candy,M&M'S Milk Chocolate Candy - M&M'S,current_web_page,panel_capture_needed,high,capture_private_panel_crop_from_source_then_run_native_vision_ocr,"manufacturer_or_distributor,archive_or_capture_coordinates",,mms_milk_chocolate__current_2020s__45__3;mms_milk_chocolate:mms_milk_chocolate__current_2020s__45__3;https://www.mms.com/en-us/mms-milk-chocolate-candy/p/milk-chocolate-candy,,,,rights_review_needed,source_link_only_no_public_image,1,0
hybrid-ocr-v1,nilla_wafers__2010s__865__1,nilla_wafers,Nilla Wafers,2010s,www.directionsforme.org,https://www.directionsforme.org/product/6135,Nilla Wafers DirectionsForMe label page,label_database_record,panel_capture_needed,high,capture_private_panel_crop_from_source_then_run_native_vision_ocr,"front_or_primary_panel,manufacturer_or_distributor,archive_or_capture_coordinates",,nilla_wafers__2010s__865__1;nilla_wafers:nilla_wafers__2010s__865__1;https://www.directionsforme.org/product/6135,,,,rights_review_needed,source_link_only_no_public_image,1,0
hybrid-ocr-v1,nilla_wafers__current_2020s__64__5,nilla_wafers,Nilla Wafers,current_2020s,www.walmart.com,https://www.walmart.com/ip/17176262,"Nilla Wafers Mini Cookies, 11 oz - Walmart",retailer_page,panel_capture_needed,high,capture_private_panel_crop_from_source_then_run_native_vision_ocr,"front_or_primary_panel,manufacturer_or_distributor,archive_or_capture_coordinates",,nilla_wafers__current_2020s__64__5;nilla_wafers:nilla_wafers__current_2020s__64__5;https://www.walmart.com/ip/17176262,,,,rights_review_needed,source_link_only_no_public_image,1,0
hybrid-ocr-v1,pringles_original__current_2020s__507__3,pringles_original,Pringles Original Crisps,current_2020s,www.kroger.com,https://www.kroger.com/p/pringles-original-potato-crisps-chips/0003800013841,Kroger Pringles Original 5.2 oz page,retailer_page,panel_capture_needed,high,capture_private_panel_crop_from_source_then_run_native_vision_ocr,"manufacturer_or_distributor,archive_or_capture_coordinates",,pringles_original__current_2020s__507__3;pringles_original:pringles_original__current_2020s__507__3;https://www.kroger.com/p/pringles-original-potato-crisps-chips/0003800013841,,,,rights_review_needed,source_link_only_no_public_image,1,0
hybrid-ocr-v1,quaker_old_fashioned_oats__current_2020s__1091__3,quaker_old_fashioned_oats,Quaker Old Fashioned Oats,current_2020s,smartlabel.pepsico.info,https://smartlabel.pepsico.info/030000010204-0004-en-US/index.html,"Quaker Old Fashioned Oats SmartLabel, 18 oz canister",brand_label_page,panel_capture_needed,high,capture_private_panel_crop_from_source_then_run_native_vision_ocr,"front_or_primary_panel,manufacturer_or_distributor,archive_or_capture_coordinates",,quaker_old_fashioned_oats__current_2020s__1091__3;quaker_old_fashioned_oats:quaker_old_fashioned_oats__current_2020s__1091__3;https://smartlabel.pepsico.info/030000010204-0004-en-US/index.html,,,,rights_review_needed,source_link_only_no_public_image,1,0
hybrid-ocr-v1,totinos_pizza_rolls__current_2020s__91__3,totinos_pizza_rolls,Totino's Pizza Rolls,current_2020s,www.totinos.com,https://www.totinos.com/products/pepperoni-pizza-rolls/,Totino's Pepperoni Pizza Rolls official product page,current_web_page,panel_capture_needed,high,capture_private_panel_crop_from_source_then_run_native_vision_ocr,"front_or_primary_panel,manufacturer_or_distributor,archive_or_capture_coordinates",,totinos_pizza_rolls__current_2020s__91__3;totinos_pizza_rolls:totinos_pizza_rolls__current_2020s__91__3;https://www.totinos.com/products/pepperoni-pizza-rolls/,,,,rights_review_needed,source_link_only_no_public_image,1,0
hybrid-ocr-v1,velveeta_shells_and_cheese__earliest_verified_label__680__1,velveeta_shells_and_cheese,Velveeta Shells & Cheese,earliest_verified_label,upcfoodsearch.com,https://upcfoodsearch.com/food-products/pasta-side-mixes/021000045129/,Velveeta Shells & Cheese Original UPC Food Search record,label_database_record,panel_capture_needed,high,capture_private_panel_crop_from_source_then_run_native_vision_ocr,"front_or_primary_panel,manufacturer_or_distributor,archive_or_capture_coordinates",,velveeta_shells_and_cheese__earliest_verified_label__680__1;velveeta_shells_and_cheese:velveeta_shells_and_cheese__earliest_verified_label__680__1;https://upcfoodsearch.com/food-products/pasta-side-mixes/021000045129/,,,,rights_review_needed,source_link_only_no_public_image,1,0
hybrid-ocr-v1,wheat_thins_original__current_2020s__313__1,wheat_thins_original,Wheat Thins Original,current_2020s,www.walmart.com,https://www.walmart.com/ip/16632570806,"Wheat Thins Original Whole Grain Wheat Crackers, 8.5 oz - Walmart",retailer_page,panel_capture_needed,high,capture_private_panel_crop_from_source_then_run_native_vision_ocr,"manufacturer_or_distributor,archive_or_capture_coordinates",,wheat_thins_original__current_2020s__313__1;wheat_thins_original:wheat_thins_original__current_2020s__313__1;https://www.walmart.com/ip/16632570806,,,,rights_review_needed,source_link_only_no_public_image,1,0
hybrid-ocr-v1,capn_crunch_original__1990s__440__2,capn_crunch_original,Cap'n Crunch Original,1990s,underunderstood.com,https://underunderstood.com/podcast/episode/capn-crunch-smaller/,The Incredible Shrinking Cap'n - Underunderstood,current_web_page,panel_capture_needed,high,capture_private_panel_crop_from_source_then_run_native_vision_ocr,"front_or_primary_panel,package_weight_or_size,manufacturer_or_distributor,archive_or_capture_coordinates",,capn_crunch_original__1990s__440__2;capn_crunch_original:capn_crunch_original__1990s__440__2;https://underunderstood.com/podcast/episode/capn-crunch-smaller/,,,,rights_review_needed,source_link_only_no_public_image,1,0
hybrid-ocr-v1,capn_crunch_original__earliest_verified_label__277__4,capn_crunch_original,Cap'n Crunch Original,earliest_verified_label,www.flickr.com,https://www.flickr.com/photos/25692985%40N07/3461366520,1980 Quaker Cap'n Crunch Cereal Box Back - Flickr,collector_package_photo,panel_capture_needed,high,capture_private_panel_crop_from_source_then_run_native_vision_ocr,"transcribed_label_text,package_weight_or_size,manufacturer_or_distributor,archive_or_capture_coordinates",,capn_crunch_original__earliest_verified_label__277__4;capn_crunch_original:capn_crunch_original__earliest_verified_label__277__4;https://www.flickr.com/photos/25692985%40N07/3461366520,,,,rights_review_needed,source_link_only_no_public_image,1,0
hybrid-ocr-v1,chef_boyardee_beefaroni__current_2020s__1016__4,chef_boyardee_beefaroni,Chef Boyardee Beefaroni,current_2020s,www.chefboyardee.com,https://www.chefboyardee.com/products/beefaroni/beefaroni-40-oz,Chef Boyardee Beefaroni 40 oz official product page,current_web_page,panel_capture_needed,high,capture_private_panel_crop_from_source_then_run_native_vision_ocr,"front_or_primary_panel,manufacturer_or_distributor,archive_or_capture_coordinates",,chef_boyardee_beefaroni__current_2020s__1016__4;chef_boyardee_beefaroni:chef_boyardee_beefaroni__current_2020s__1016__4;https://www.chefboyardee.com/products/beefaroni/beefaroni-40-oz,,,,rights_review_needed,source_link_only_no_public_image,1,0
hybrid-ocr-v1,dr_pepper_original__current_2020s__506__2,dr_pepper_original,Dr Pepper Original,current_2020s,www.kroger.com,https://www.kroger.com/p/dr-pepper-soda/0007800008246,Dr Pepper Soda 2 L bottle Kroger page,retailer_page,panel_capture_needed,high,capture_private_panel_crop_from_source_then_run_native_vision_ocr,"manufacturer_or_distributor,archive_or_capture_coordinates",,dr_pepper_original__current_2020s__506__2;dr_pepper_original:dr_pepper_original__current_2020s__506__2;https://www.kroger.com/p/dr-pepper-soda/0007800008246,,,,rights_review_needed,source_link_only_no_public_image,1,0
hybrid-ocr-v1,eggo_homestyle_waffles__current_2020s__626__4,eggo_homestyle_waffles,Eggo Homestyle Waffles,current_2020s,www.leggomyeggo.com,https://www.leggomyeggo.com/en_US/eggo-homestyle-waffles-product.html,Eggo Homestyle Waffles official product page,current_web_page,panel_capture_needed,high,capture_private_panel_crop_from_source_then_run_native_vision_ocr,"front_or_primary_panel,package_weight_or_size,manufacturer_or_distributor,archive_or_capture_coordinates",,eggo_homestyle_waffles__current_2020s__626__4;eggo_homestyle_waffles:eggo_homestyle_waffles__current_2020s__626__4;https://www.leggomyeggo.com/en_US/eggo-homestyle-waffles-product.html,,,,rights_review_needed,source_link_only_no_public_image,1,0
hybrid-ocr-v1,gatorade_lemon_lime__current_2020s__1021__4,gatorade_lemon_lime,Gatorade Lemon-Lime,current_2020s,smartlabel.pepsico.info,https://smartlabel.pepsico.info/052000058987-0001-en-US/index.html,Gatorade Lemon Lime SmartLabel 16.9 fl oz bottle UPC 052000058987,brand_label_page,panel_capture_needed,high,capture_private_panel_crop_from_source_then_run_native_vision_ocr,"front_or_primary_panel,manufacturer_or_distributor,archive_or_capture_coordinates",,gatorade_lemon_lime__current_2020s__1021__4;gatorade_lemon_lime:gatorade_lemon_lime__current_2020s__1021__4;https://smartlabel.pepsico.info/052000058987-0001-en-US/index.html,,,,rights_review_needed,source_link_only_no_public_image,1,0
hybrid-ocr-v1,jello_strawberry_gelatin__current_2020s__560__2,jello_strawberry_gelatin,Jell-O Strawberry Gelatin,current_2020s,www.walmart.com,https://www.walmart.com/ip/13812769,Jell-O Strawberry Gelatin Dessert Mix 3 oz Walmart page,retailer_page,panel_capture_needed,high,capture_private_panel_crop_from_source_then_run_native_vision_ocr,"manufacturer_or_distributor,archive_or_capture_coordinates",,jello_strawberry_gelatin__current_2020s__560__2;jello_strawberry_gelatin:jello_strawberry_gelatin__current_2020s__560__2;https://www.walmart.com/ip/13812769,,,,rights_review_needed,source_link_only_no_public_image,1,0
hybrid-ocr-v1,frosted_flakes__1980s_or_earlier__478__1,frosted_flakes,Kellogg's Frosted Flakes,1980s_or_earlier,www.flickr.com,https://www.flickr.com/photos/25692985%40N07/3598792821,1985 Kellogg's Frosted Flakes Cereal Box Back - Flickr,collector_package_photo,panel_capture_needed,high,capture_private_panel_crop_from_source_then_run_native_vision_ocr,"transcribed_label_text,package_weight_or_size,manufacturer_or_distributor,archive_or_capture_coordinates",,frosted_flakes__1980s_or_earlier__478__1;frosted_flakes:frosted_flakes__1980s_or_earlier__478__1;https://www.flickr.com/photos/25692985%40N07/3598792821,,,,rights_review_needed,source_link_only_no_public_image,1,0
hybrid-ocr-v1,rice_krispies__current_2020s__513__2,rice_krispies,Kellogg's Rice Krispies,current_2020s,www.walmart.com,https://www.walmart.com/ip/171865464,Kellogg's Rice Krispies Original 25.2 oz mega size Walmart page,retailer_page,panel_capture_needed,high,capture_private_panel_crop_from_source_then_run_native_vision_ocr,"manufacturer_or_distributor,archive_or_capture_coordinates",,rice_krispies__current_2020s__513__2;rice_krispies:rice_krispies__current_2020s__513__2;https://www.walmart.com/ip/171865464,,,,rights_review_needed,source_link_only_no_public_image,1,0
hybrid-ocr-v1,kraft_singles_american__current_2020s__286__6,kraft_singles_american,Kraft Singles American Cheese,current_2020s,www.walmart.com,https://www.walmart.com/ip/11964619,Kraft Singles American Slices 16 count Walmart page,retailer_page,panel_capture_needed,high,capture_private_panel_crop_from_source_then_run_native_vision_ocr,"front_or_primary_panel,manufacturer_or_distributor,archive_or_capture_coordinates",,kraft_singles_american__current_2020s__286__6;kraft_singles_american:kraft_singles_american__current_2020s__286__6;https://www.walmart.com/ip/11964619,,,,rights_review_needed,source_link_only_no_public_image,1,0
hybrid-ocr-v1,mountain_dew_original__current_2020s__761__4,mountain_dew_original,Mountain Dew Original,current_2020s,smartlabel.pepsico.info,https://smartlabel.pepsico.info/012000100499-0001-en-US/index.html,Mountain Dew SmartLabel 36 pack cans UPC 012000100499,brand_label_page,panel_capture_needed,high,capture_private_panel_crop_from_source_then_run_native_vision_ocr,"manufacturer_or_distributor,archive_or_capture_coordinates",,mountain_dew_original__current_2020s__761__4;mountain_dew_original:mountain_dew_original__current_2020s__761__4;https://smartlabel.pepsico.info/012000100499-0001-en-US/index.html,,,,rights_review_needed,source_link_only_no_public_image,1,0
hybrid-ocr-v1,nilla_wafers__current_2020s__63__6,nilla_wafers,Nilla Wafers,current_2020s,www.directionsforme.org,https://www.directionsforme.org/product/75544,Nilla Wafers Family Size - Directions for Me,label_database_record,panel_capture_needed,high,capture_private_panel_crop_from_source_then_run_native_vision_ocr,"front_or_primary_panel,manufacturer_or_distributor,archive_or_capture_coordinates",,nilla_wafers__current_2020s__63__6;nilla_wafers:nilla_wafers__current_2020s__63__6;https://www.directionsforme.org/product/75544,,,,rights_review_needed,source_link_only_no_public_image,1,0
hybrid-ocr-v1,nutella_hazelnut_spread__current_2020s__65__6,nutella_hazelnut_spread,Nutella Hazelnut Spread,current_2020s,www.nutella.com,https://www.nutella.com/us/en/products/spread/nutella,Nutella Classic official US product page,current_web_page,panel_capture_needed,high,capture_private_panel_crop_from_source_then_run_native_vision_ocr,"front_or_primary_panel,package_weight_or_size,manufacturer_or_distributor,archive_or_capture_coordinates",,nutella_hazelnut_spread__current_2020s__65__6;nutella_hazelnut_spread:nutella_hazelnut_spread__current_2020s__65__6;https://www.nutella.com/us/en/products/spread/nutella,,,,rights_review_needed,source_link_only_no_public_image,1,0
hybrid-ocr-v1,quaker_old_fashioned_oats__current_2020s__931__4,quaker_old_fashioned_oats,Quaker Old Fashioned Oats,current_2020s,smartlabel.pepsico.info,https://smartlabel.pepsico.info/030000010402-0001-en-US/index.html,Quaker Old Fashioned Oats SmartLabel 42 oz UPC 030000010402,brand_label_page,panel_capture_needed,high,capture_private_panel_crop_from_source_then_run_native_vision_ocr,"front_or_primary_panel,manufacturer_or_distributor,archive_or_capture_coordinates",,quaker_old_fashioned_oats__current_2020s__931__4;quaker_old_fashioned_oats:quaker_old_fashioned_oats__current_2020s__931__4;https://smartlabel.pepsico.info/030000010402-0001-en-US/index.html,,,,rights_review_needed,source_link_only_no_public_image,1,0
hybrid-ocr-v1,spam_classic__2010s__686__2,spam_classic,SPAM Classic,2010s,osm-us.com,https://osm-us.com/index.php?main_page=product_info&products_id=3529,SPAM Classic OSM product record,current_web_page,panel_capture_needed,high,capture_private_panel_crop_from_source_then_run_native_vision_ocr,"front_or_primary_panel,manufacturer_or_distributor,archive_or_capture_coordinates",,spam_classic__2010s__686__2;spam_classic:spam_classic__2010s__686__2;https://osm-us.com/index.php?main_page=product_info&products_id=3529,,,,rights_review_needed,source_link_only_no_public_image,1,0
hybrid-ocr-v1,tostitos_original__current_2020s__90__4,tostitos_original,Tostitos Original Restaurant Style,current_2020s,smartlabel.pepsico.info,https://smartlabel.pepsico.info/028400517997-0005-en-US/index.html?stylekey=tostitos-10,Tostitos Original Restaurant Style Tortilla Chips - SmartLabel,brand_label_page,panel_capture_needed,high,capture_private_panel_crop_from_source_then_run_native_vision_ocr,"front_or_primary_panel,manufacturer_or_distributor,archive_or_capture_coordinates",,tostitos_original__current_2020s__90__4;tostitos_original:tostitos_original__current_2020s__90__4;https://smartlabel.pepsico.info/028400517997-0005-en-US/index.html?stylekey=tostitos-10,,,,rights_review_needed,source_link_only_no_public_image,1,0
hybrid-ocr-v1,totinos_pizza_rolls__current_2020s__557__4,totinos_pizza_rolls,Totino's Pizza Rolls,current_2020s,www.walmart.com,https://www.walmart.com/ip/51259445,Totino's Pepperoni Pizza Rolls 48 count Walmart page,retailer_page,panel_capture_needed,high,capture_private_panel_crop_from_source_then_run_native_vision_ocr,"front_or_primary_panel,manufacturer_or_distributor,archive_or_capture_coordinates",,totinos_pizza_rolls__current_2020s__557__4;totinos_pizza_rolls:totinos_pizza_rolls__current_2020s__557__4;https://www.walmart.com/ip/51259445,,,,rights_review_needed,source_link_only_no_public_image,1,0
hybrid-ocr-v1,velveeta_shells_and_cheese__earliest_verified_label__679__2,velveeta_shells_and_cheese,Velveeta Shells & Cheese,earliest_verified_label,upcfoodsearch.com,https://upcfoodsearch.com/food-products/pasta-side-mixes/021000023226/,Kraft Velveeta Shells & Cheese Original UPC Food Search older record,label_database_record,panel_capture_needed,high,capture_private_panel_crop_from_source_then_run_native_vision_ocr,"front_or_primary_panel,package_weight_or_size,manufacturer_or_distributor,archive_or_capture_coordinates",,velveeta_shells_and_cheese__earliest_verified_label__679__2;velveeta_shells_and_cheese:velveeta_shells_and_cheese__earliest_verified_label__679__2;https://upcfoodsearch.com/food-products/pasta-side-mixes/021000023226/,,,,rights_review_needed,source_link_only_no_public_image,1,0
hybrid-ocr-v1,wheat_thins_original__current_2020s__516__2,wheat_thins_original,Wheat Thins Original,current_2020s,business.walmart.com,https://business.walmart.com/ip/Wheat-Thins-Original-Whole-Grain-Wheat-Crackers-Family-Size-16-oz/10292635,Wheat Thins Original Whole Grain Crackers 16 oz Walmart Business page,retailer_page,panel_capture_needed,high,capture_private_panel_crop_from_source_then_run_native_vision_ocr,"manufacturer_or_distributor,archive_or_capture_coordinates",,wheat_thins_original__current_2020s__516__2;wheat_thins_original:wheat_thins_original__current_2020s__516__2;https://business.walmart.com/ip/Wheat-Thins-Original-Whole-Grain-Wheat-Crackers-Family-Size-16-oz/10292635,,,,rights_review_needed,source_link_only_no_public_image,1,0
hybrid-ocr-v1,chef_boyardee_beefaroni__current_2020s__755__5,chef_boyardee_beefaroni,Chef Boyardee Beefaroni,current_2020s,www.chefboyardee.com,https://www.chefboyardee.com/products/classics/beefaroni-can,Chef Boyardee Beefaroni Can official product page,current_web_page,panel_capture_needed,high,capture_private_panel_crop_from_source_then_run_native_vision_ocr,"front_or_primary_panel,package_weight_or_size,manufacturer_or_distributor,archive_or_capture_coordinates",,chef_boyardee_beefaroni__current_2020s__755__5;chef_boyardee_beefaroni:chef_boyardee_beefaroni__current_2020s__755__5;https://www.chefboyardee.com/products/classics/beefaroni-can,,,,rights_review_needed,source_link_only_no_public_image,1,0
hybrid-ocr-v1,dr_pepper_original__current_2020s__1085__3,dr_pepper_original,Dr Pepper Original,current_2020s,www.walmart.com,https://www.walmart.com/ip/121314773,"Dr Pepper Soda Pop, 16 fl oz Aluminum Bottle - Walmart",retailer_page,panel_capture_needed,high,capture_private_panel_crop_from_source_then_run_native_vision_ocr,"manufacturer_or_distributor,archive_or_capture_coordinates",,dr_pepper_original__current_2020s__1085__3;dr_pepper_original:dr_pepper_original__current_2020s__1085__3;https://www.walmart.com/ip/121314773,,,,rights_review_needed,source_link_only_no_public_image,1,0
hybrid-ocr-v1,eggo_homestyle_waffles__2010s__775__1,eggo_homestyle_waffles,Eggo Homestyle Waffles,2010s,www.upcitemdb.com,https://www.upcitemdb.com/upc/38000017148,"UPCItemDB Eggo Mini Homestyle Waffles record, scanned 2019",current_web_page,panel_capture_needed,high,capture_private_panel_crop_from_source_then_run_native_vision_ocr,"front_or_primary_panel,package_weight_or_size,manufacturer_or_distributor,archive_or_capture_coordinates",,eggo_homestyle_waffles__2010s__775__1;eggo_homestyle_waffles:eggo_homestyle_waffles__2010s__775__1;https://www.upcitemdb.com/upc/38000017148,,,,rights_review_needed,source_link_only_no_public_image,1,0
hybrid-ocr-v1,eggo_homestyle_waffles__current_2020s__776__5,eggo_homestyle_waffles,Eggo Homestyle Waffles,current_2020s,www.upcitemdb.com,https://www.upcitemdb.com/upc/38000402807,"UPCItemDB Eggo Homestyle family pack record, scanned 2020",current_web_page,panel_capture_needed,high,capture_private_panel_crop_from_source_then_run_native_vision_ocr,"front_or_primary_panel,package_weight_or_size,manufacturer_or_distributor,archive_or_capture_coordinates",,eggo_homestyle_waffles__current_2020s__776__5;eggo_homestyle_waffles:eggo_homestyle_waffles__current_2020s__776__5;https://www.upcitemdb.com/upc/38000402807,,,,rights_review_needed,source_link_only_no_public_image,1,0
hybrid-ocr-v1,fig_newtons__current_2020s__300__1,fig_newtons,Fig Newtons,current_2020s,www.walmart.com,https://www.walmart.com/ip/16893752394,"Newtons Soft & Fruit Chewy Fig Cookies, 10 oz - Walmart",retailer_page,panel_capture_needed,high,capture_private_panel_crop_from_source_then_run_native_vision_ocr,"manufacturer_or_distributor,archive_or_capture_coordinates",,fig_newtons__current_2020s__300__1;fig_newtons:fig_newtons__current_2020s__300__1;https://www.walmart.com/ip/16893752394,,,,rights_review_needed,source_link_only_no_public_image,1,0
hybrid-ocr-v1,gatorade_lemon_lime__current_2020s__659__5,gatorade_lemon_lime,Gatorade Lemon-Lime,current_2020s,www.gatorade.com,https://www.gatorade.com/products/gatorade-thirst-quencher,Gatorade Thirst Quencher Lemon-Lime official product page,current_web_page,panel_capture_needed,high,capture_private_panel_crop_from_source_then_run_native_vision_ocr,"front_or_primary_panel,manufacturer_or_distributor,archive_or_capture_coordinates",,gatorade_lemon_lime__current_2020s__659__5;gatorade_lemon_lime:gatorade_lemon_lime__current_2020s__659__5;https://www.gatorade.com/products/gatorade-thirst-quencher,,,,rights_review_needed,source_link_only_no_public_image,1,0
hybrid-ocr-v1,hellmanns_mayonnaise_real__current_2020s__1023__5,hellmanns_mayonnaise_real,Hellmann's Real Mayonnaise,current_2020s,www.qualityfoods.com,https://www.qualityfoods.com/product/hellmanns-real-mayonnaise-id-00068400662105,Quality Foods Hellmann's Real Mayonnaise retailer page,current_web_page,panel_capture_needed,high,capture_private_panel_crop_from_source_then_run_native_vision_ocr,"front_or_primary_panel,manufacturer_or_distributor,archive_or_capture_coordinates",,hellmanns_mayonnaise_real__current_2020s__1023__5;hellmanns_mayonnaise_real:hellmanns_mayonnaise_real__current_2020s__1023__5;https://www.qualityfoods.com/product/hellmanns-real-mayonnaise-id-00068400662105,,,,rights_review_needed,source_link_only_no_public_image,1,0
hybrid-ocr-v1,hidden_valley_ranch_original__current_2020s__95__3,hidden_valley_ranch_original,Hidden Valley Original Ranch,current_2020s,www.hiddenvalley.com,https://www.hiddenvalley.com/products/bottled-dressings/original-ranch/original-ranch/,Hidden Valley Original Ranch Condiment & Salad Dressing - Hidden Valley,brand_label_page,panel_capture_needed,high,capture_private_panel_crop_from_source_then_run_native_vision_ocr,"front_or_primary_panel,manufacturer_or_distributor,archive_or_capture_coordinates",,hidden_valley_ranch_original__current_2020s__95__3;hidden_valley_ranch_original:hidden_valley_ranch_original__current_2020s__95__3;https://www.hiddenvalley.com/products/bottled-dressings/original-ranch/original-ranch/,,,,rights_review_needed,source_link_only_no_public_image,1,0
hybrid-ocr-v1,hostess_cupcakes__current_2020s__284__1,hostess_cupcakes,Hostess CupCakes,current_2020s,www.walmart.com,https://www.walmart.com/ip/42679339,"Hostess Golden CupCakes, 12.7 oz, 8 Count - Walmart",retailer_page,panel_capture_needed,high,capture_private_panel_crop_from_source_then_run_native_vision_ocr,"manufacturer_or_distributor,archive_or_capture_coordinates",,hostess_cupcakes__current_2020s__284__1;hostess_cupcakes:hostess_cupcakes__current_2020s__284__1;https://www.walmart.com/ip/42679339,,,,rights_review_needed,source_link_only_no_public_image,1,0
hybrid-ocr-v1,hot_pockets_pepperoni_pizza__2010s__84__1,hot_pockets_pepperoni_pizza,Hot Pockets Pepperoni Pizza,2010s,www.walmart.com,https://www.walmart.com/ip/49866144,"Hot Pockets Pepperoni Pizza Sandwiches, 13 ct Box - Walmart",retailer_page,panel_capture_needed,high,capture_private_panel_crop_from_source_then_run_native_vision_ocr,"front_or_primary_panel,manufacturer_or_distributor,archive_or_capture_coordinates",,hot_pockets_pepperoni_pizza__2010s__84__1;hot_pockets_pepperoni_pizza:hot_pockets_pepperoni_pizza__2010s__84__1;https://www.walmart.com/ip/49866144,,,,rights_review_needed,source_link_only_no_public_image,1,0
hybrid-ocr-v1,jif_creamy_peanut_butter__current_2020s__518__1,jif_creamy_peanut_butter,Jif Creamy Peanut Butter,current_2020s,www.kroger.com,https://www.kroger.com/p/jif-creamy-peanut-butter/0005150024177,Jif Creamy Peanut Butter 28 oz Kroger page,retailer_page,panel_capture_needed,high,capture_private_panel_crop_from_source_then_run_native_vision_ocr,"manufacturer_or_distributor,archive_or_capture_coordinates",,jif_creamy_peanut_butter__current_2020s__518__1;jif_creamy_peanut_butter:jif_creamy_peanut_butter__current_2020s__518__1;https://www.kroger.com/p/jif-creamy-peanut-butter/0005150024177,,,,rights_review_needed,source_link_only_no_public_image,1,0
hybrid-ocr-v1,froot_loops__1980s_or_earlier__435__2,froot_loops,Kellogg's Froot Loops,1980s_or_earlier,www.flickr.com,https://www.flickr.com/photos/bolio88/7323343912/,"1982 Froot Loops 3D Nose box/back, Flickr",collector_package_photo,panel_capture_needed,high,capture_private_panel_crop_from_source_then_run_native_vision_ocr,"transcribed_label_text,package_weight_or_size,manufacturer_or_distributor,archive_or_capture_coordinates",,froot_loops__1980s_or_earlier__435__2;froot_loops:froot_loops__1980s_or_earlier__435__2;https://www.flickr.com/photos/bolio88/7323343912/,,,,rights_review_needed,source_link_only_no_public_image,1,0
hybrid-ocr-v1,kit_kat_bar__current_2020s__61__1,kit_kat_bar,Kit Kat Bar,current_2020s,smartlabel.hersheys.com,https://smartlabel.hersheys.com/034000002467-0011-en-US/index.html,Kit Kat Crisp Wafer Bar in Milk Chocolate - SmartLabel,brand_label_page,panel_capture_needed,high,capture_private_panel_crop_from_source_then_run_native_vision_ocr,"manufacturer_or_distributor,archive_or_capture_coordinates",,kit_kat_bar__current_2020s__61__1;kit_kat_bar:kit_kat_bar__current_2020s__61__1;https://smartlabel.hersheys.com/034000002467-0011-en-US/index.html,,,,rights_review_needed,source_link_only_no_public_image,1,0
hybrid-ocr-v1,lucky_charms__1980s_or_earlier__276__2,lucky_charms,Lucky Charms,1980s_or_earlier,www.flickr.com,https://www.flickr.com/photos/neatocoolville/423218445,"Lucky Charms Box Character Cutouts Back, 1980 - Flickr",collector_package_photo,panel_capture_needed,high,capture_private_panel_crop_from_source_then_run_native_vision_ocr,"transcribed_label_text,package_weight_or_size,manufacturer_or_distributor,archive_or_capture_coordinates",,lucky_charms__1980s_or_earlier__276__2;lucky_charms:lucky_charms__1980s_or_earlier__276__2;https://www.flickr.com/photos/neatocoolville/423218445,,,,rights_review_needed,source_link_only_no_public_image,1,0
hybrid-ocr-v1,nilla_wafers__2000s__865__1,nilla_wafers,Nilla Wafers,2000s,www.directionsforme.org,https://www.directionsforme.org/product/6135,Nilla Wafers DirectionsForMe label page,label_database_record,panel_capture_needed,high,capture_private_panel_crop_from_source_then_run_native_vision_ocr,"front_or_primary_panel,manufacturer_or_distributor,archive_or_capture_coordinates",,nilla_wafers__2000s__865__1;nilla_wafers:nilla_wafers__2000s__865__1;https://www.directionsforme.org/product/6135,,,,rights_review_needed,source_link_only_no_public_image,1,0
hybrid-ocr-v1,nutella_hazelnut_spread__current_2020s__641__7,nutella_hazelnut_spread,Nutella Hazelnut Spread,current_2020s,www.nutella.com,https://www.nutella.com/us/en/nutellar-jar-nutellar-united-states-official-website,Nutella jar United States official page,current_web_page,panel_capture_needed,high,capture_private_panel_crop_from_source_then_run_native_vision_ocr,"front_or_primary_panel,package_weight_or_size,manufacturer_or_distributor,archive_or_capture_coordinates",,nutella_hazelnut_spread__current_2020s__641__7;nutella_hazelnut_spread:nutella_hazelnut_spread__current_2020s__641__7;https://www.nutella.com/us/en/nutellar-jar-nutellar-united-states-official-website,,,,rights_review_needed,source_link_only_no_public_image,1,0
hybrid-ocr-v1,quaker_old_fashioned_oats__2010s__933__1,quaker_old_fashioned_oats,Quaker Old Fashioned Oats,2010s,upcfoodsearch.com,https://upcfoodsearch.com/food-products/hot-oatmeal-cereal/030000010402/,UPC Food Search Quaker Old Fashioned Oats UPC 030000010402 page,label_database_record,panel_capture_needed,high,capture_private_panel_crop_from_source_then_run_native_vision_ocr,"front_or_primary_panel,package_weight_or_size,manufacturer_or_distributor,archive_or_capture_coordinates",,quaker_old_fashioned_oats__2010s__933__1;quaker_old_fashioned_oats:quaker_old_fashioned_oats__2010s__933__1;https://upcfoodsearch.com/food-products/hot-oatmeal-cereal/030000010402/,,,,rights_review_needed,source_link_only_no_public_image,1,0
hybrid-ocr-v1,spam_classic__current_2020s__67__7,spam_classic,SPAM Classic,current_2020s,www.spam.com,https://www.spam.com/varieties/spam-classic,SPAM Classic - SPAM,brand_label_page,panel_capture_needed,high,capture_private_panel_crop_from_source_then_run_native_vision_ocr,"front_or_primary_panel,manufacturer_or_distributor,archive_or_capture_coordinates",,spam_classic__current_2020s__67__7;spam_classic:spam_classic__current_2020s__67__7;https://www.spam.com/varieties/spam-classic,,,,rights_review_needed,source_link_only_no_public_image,1,0
hybrid-ocr-v1,sprite_original__earliest_verified_label__417__1,sprite_original,Sprite Original,earliest_verified_label,www.flickr.com,https://www.flickr.com/photos/jasonliebigstuff/581987504,Sprite Can - Unrolled Flat - 1960's - Flickr,collector_package_photo,panel_capture_needed,high,capture_private_panel_crop_from_source_then_run_native_vision_ocr,"transcribed_label_text,manufacturer_or_distributor,archive_or_capture_coordinates",,sprite_original__earliest_verified_label__417__1;sprite_original:sprite_original__earliest_verified_label__417__1;https://www.flickr.com/photos/jasonliebigstuff/581987504,,,,rights_review_needed,source_link_only_no_public_image,1,0
hybrid-ocr-v1,tostitos_original__2010s__1065__1,tostitos_original,Tostitos Original Restaurant Style,2010s,www.foodrepo.org,https://www.foodrepo.org/en/products/53357,Tostitos Original Restaurant Style Tortilla Chips 18 Ounce Party Size Plastic Bag - FoodRepo,label_database_record,panel_capture_needed,high,capture_private_panel_crop_from_source_then_run_native_vision_ocr,"front_or_primary_panel,manufacturer_or_distributor,archive_or_capture_coordinates",,tostitos_original__2010s__1065__1;tostitos_original:tostitos_original__2010s__1065__1;https://www.foodrepo.org/en/products/53357,,,,rights_review_needed,source_link_only_no_public_image,1,0
hybrid-ocr-v1,totinos_pizza_rolls__2010s__557__1,totinos_pizza_rolls,Totino's Pizza Rolls,2010s,www.walmart.com,https://www.walmart.com/ip/51259445,Totino's Pepperoni Pizza Rolls 48 count Walmart page,retailer_page,panel_capture_needed,high,capture_private_panel_crop_from_source_then_run_native_vision_ocr,"front_or_primary_panel,manufacturer_or_distributor,archive_or_capture_coordinates",,totinos_pizza_rolls__2010s__557__1;totinos_pizza_rolls:totinos_pizza_rolls__2010s__557__1;https://www.walmart.com/ip/51259445,,,,rights_review_needed,source_link_only_no_public_image,1,0
hybrid-ocr-v1,triscuit_original__current_2020s__319__1,triscuit_original,Triscuit Original Crackers,current_2020s,www.walmart.com,https://www.walmart.com/ip/5229071936,"Triscuit Original Whole Grain Wheat Crackers, 8.5 oz, 3 pack - Walmart",retailer_page,panel_capture_needed,high,capture_private_panel_crop_from_source_then_run_native_vision_ocr,"manufacturer_or_distributor,archive_or_capture_coordinates",,triscuit_original__current_2020s__319__1;triscuit_original:triscuit_original__current_2020s__319__1;https://www.walmart.com/ip/5229071936,,,,rights_review_needed,source_link_only_no_public_image,1,0
hybrid-ocr-v1,velveeta_shells_and_cheese__2010s__680__1,velveeta_shells_and_cheese,Velveeta Shells & Cheese,2010s,upcfoodsearch.com,https://upcfoodsearch.com/food-products/pasta-side-mixes/021000045129/,Velveeta Shells & Cheese Original UPC Food Search record,label_database_record,panel_capture_needed,high,capture_private_panel_crop_from_source_then_run_native_vision_ocr,"front_or_primary_panel,manufacturer_or_distributor,archive_or_capture_coordinates",,velveeta_shells_and_cheese__2010s__680__1;velveeta_shells_and_cheese:velveeta_shells_and_cheese__2010s__680__1;https://upcfoodsearch.com/food-products/pasta-side-mixes/021000045129/,,,,rights_review_needed,source_link_only_no_public_image,1,0
hybrid-ocr-v1,capn_crunch_original__earliest_verified_label__1084__6,capn_crunch_original,Cap'n Crunch Original,earliest_verified_label,www.reddit.com,https://www.reddit.com/r/GrandmasPantry/comments/1t9hrxl/old_capn_crunch/,Old Cap'n Crunch sealed Halloween special circa 1990 - Reddit GrandmasPantry,current_web_page,panel_capture_needed,high,capture_private_panel_crop_from_source_then_run_native_vision_ocr,"transcribed_label_text,package_weight_or_size,manufacturer_or_distributor,archive_or_capture_coordinates",,capn_crunch_original__earliest_verified_label__1084__6;capn_crunch_original:capn_crunch_original__earliest_verified_label__1084__6;https://www.reddit.com/r/GrandmasPantry/comments/1t9hrxl/old_capn_crunch/,,,,rights_review_needed,source_link_only_no_public_image,1,0
hybrid-ocr-v1,fig_newtons__current_2020s__520__2,fig_newtons,Fig Newtons,current_2020s,www.walmart.com,https://www.walmart.com/ip/108444023,Newtons 100% Whole Grain Wheat Fig Cookies 10 oz Walmart page,retailer_page,panel_capture_needed,high,capture_private_panel_crop_from_source_then_run_native_vision_ocr,"manufacturer_or_distributor,archive_or_capture_coordinates",,fig_newtons__current_2020s__520__2;fig_newtons:fig_newtons__current_2020s__520__2;https://www.walmart.com/ip/108444023,,,,rights_review_needed,source_link_only_no_public_image,1,0
hybrid-ocr-v1,gatorade_lemon_lime__current_2020s__1022__6,gatorade_lemon_lime,Gatorade Lemon-Lime,current_2020s,smartlabel.pepsico.info,https://smartlabel.pepsico.info/052000328684-0011-en-US/index.html,Gatorade Lemon Lime SmartLabel UPC 052000328684,brand_label_page,panel_capture_needed,high,capture_private_panel_crop_from_source_then_run_native_vision_ocr,"front_or_primary_panel,manufacturer_or_distributor,archive_or_capture_coordinates",,gatorade_lemon_lime__current_2020s__1022__6;gatorade_lemon_lime:gatorade_lemon_lime__current_2020s__1022__6;https://smartlabel.pepsico.info/052000328684-0011-en-US/index.html,,,,rights_review_needed,source_link_only_no_public_image,1,0
hybrid-ocr-v1,hellmanns_mayonnaise_real__current_2020s__850__6,hellmanns_mayonnaise_real,Hellmann's Real Mayonnaise,current_2020s,smartlabel.unileverusa.com,https://smartlabel.unileverusa.com/048001213388-0001-en-US/index.html,Hellmann's Real Mayonnaise SmartLabel page,brand_label_page,panel_capture_needed,high,capture_private_panel_crop_from_source_then_run_native_vision_ocr,"front_or_primary_panel,package_weight_or_size,manufacturer_or_distributor,archive_or_capture_coordinates",,hellmanns_mayonnaise_real__current_2020s__850__6;hellmanns_mayonnaise_real:hellmanns_mayonnaise_real__current_2020s__850__6;https://smartlabel.unileverusa.com/048001213388-0001-en-US/index.html,,,,rights_review_needed,source_link_only_no_public_image,1,0
hybrid-ocr-v1,hidden_valley_ranch_original__earliest_verified_label__454__2,hidden_valley_ranch_original,Hidden Valley Original Ranch,earliest_verified_label,upcfoodsearch.com,https://upcfoodsearch.com/food-products/ranch-dressing/071100000214/,"Hidden Valley Ranch Dressing & Topping Original, UPC 071100000214 - UPC Food Search",label_database_record,panel_capture_needed,high,capture_private_panel_crop_from_source_then_run_native_vision_ocr,"front_or_primary_panel,archive_or_capture_coordinates",,hidden_valley_ranch_original__earliest_verified_label__454__2;hidden_valley_ranch_original:hidden_valley_ranch_original__earliest_verified_label__454__2;https://upcfoodsearch.com/food-products/ranch-dressing/071100000214/,,,,rights_review_needed,source_link_only_no_public_image,1,0
hybrid-ocr-v1,hostess_cupcakes__current_2020s__540__2,hostess_cupcakes,Hostess CupCakes,current_2020s,www.walmart.com,https://www.walmart.com/ip/27047495,Hostess Chocolate CupCakes Walmart page,retailer_page,panel_capture_needed,high,capture_private_panel_crop_from_source_then_run_native_vision_ocr,"manufacturer_or_distributor,archive_or_capture_coordinates",,hostess_cupcakes__current_2020s__540__2;hostess_cupcakes:hostess_cupcakes__current_2020s__540__2;https://www.walmart.com/ip/27047495,,,,rights_review_needed,source_link_only_no_public_image,1,0
hybrid-ocr-v1,jif_creamy_peanut_butter__current_2020s__285__2,jif_creamy_peanut_butter,Jif Creamy Peanut Butter,current_2020s,www.walmart.com,https://www.walmart.com/ip/17901350703,"Jif Creamy Peanut Butter, 16 oz Jar - Walmart",retailer_page,panel_capture_needed,high,capture_private_panel_crop_from_source_then_run_native_vision_ocr,"manufacturer_or_distributor,archive_or_capture_coordinates",,jif_creamy_peanut_butter__current_2020s__285__2;jif_creamy_peanut_butter:jif_creamy_peanut_butter__current_2020s__285__2;https://www.walmart.com/ip/17901350703,,,,rights_review_needed,source_link_only_no_public_image,1,0
hybrid-ocr-v1,kit_kat_bar__current_2020s__903__2,kit_kat_bar,Kit Kat Bar,current_2020s,www.hersheyland.com,https://www.hersheyland.com/products/kit-kat-milk-chocolate-candy-bar-1-5-oz.html,KIT KAT Milk Chocolate Candy Bar 1.5 oz official Hersheyland page,brand_label_page,panel_capture_needed,high,capture_private_panel_crop_from_source_then_run_native_vision_ocr,"manufacturer_or_distributor,archive_or_capture_coordinates",,kit_kat_bar__current_2020s__903__2;kit_kat_bar:kit_kat_bar__current_2020s__903__2;https://www.hersheyland.com/products/kit-kat-milk-chocolate-candy-bar-1-5-oz.html,,,,rights_review_needed,source_link_only_no_public_image,1,0
hybrid-ocr-v1,kraft_singles_american__current_2020s__1042__10,kraft_singles_american,Kraft Singles American Cheese,current_2020s,www.ewg.org,https://www.ewg.org/foodscores/products/0021000024834-KraftSinglesSingles2MilkAmericanCheeseSlices/,EWG Food Scores Kraft Singles 2% Milk American Cheese Slices,label_database_record,panel_capture_needed,high,capture_private_panel_crop_from_source_then_run_native_vision_ocr,"front_or_primary_panel,package_weight_or_size,manufacturer_or_distributor,archive_or_capture_coordinates",,kraft_singles_american__current_2020s__1042__10;kraft_singles_american:kraft_singles_american__current_2020s__1042__10;https://www.ewg.org/foodscores/products/0021000024834-KraftSinglesSingles2MilkAmericanCheeseSlices/,,,,rights_review_needed,source_link_only_no_public_image,1,0
hybrid-ocr-v1,kraft_singles_american__current_2020s__753__8,kraft_singles_american,Kraft Singles American Cheese,current_2020s,www.kraftheinz.com,https://www.kraftheinz.com/kraft-singles/products/00021000604739-singles-american-pasteurized-prepared-cheese-product-slices,Kraft Singles American Slices official product page,brand_label_page,panel_capture_needed,high,capture_private_panel_crop_from_source_then_run_native_vision_ocr,"front_or_primary_panel,package_weight_or_size,manufacturer_or_distributor,archive_or_capture_coordinates",,kraft_singles_american__current_2020s__753__8;kraft_singles_american:kraft_singles_american__current_2020s__753__8;https://www.kraftheinz.com/kraft-singles/products/00021000604739-singles-american-pasteurized-prepared-cheese-product-slices,,,,rights_review_needed,source_link_only_no_public_image,1,0
hybrid-ocr-v1,kraft_singles_american__current_2020s__961__9,kraft_singles_american,Kraft Singles American Cheese,current_2020s,www.kraftheinz.com,https://www.kraftheinz.com/kraft-singles/products/00021000604913-american-slices,Kraft Singles American Slices official product page,brand_label_page,panel_capture_needed,high,capture_private_panel_crop_from_source_then_run_native_vision_ocr,"front_or_primary_panel,package_weight_or_size,manufacturer_or_distributor,archive_or_capture_coordinates",,kraft_singles_american__current_2020s__961__9;kraft_singles_american:kraft_singles_american__current_2020s__961__9;https://www.kraftheinz.com/kraft-singles/products/00021000604913-american-slices,,,,rights_review_needed,source_link_only_no_public_image,1,0
hybrid-ocr-v1,nutella_hazelnut_spread__current_2020s__744__8,nutella_hazelnut_spread,Nutella Hazelnut Spread,current_2020s,www.nutella.com,https://www.nutella.com/us/en/inside-nutella/faqs,Nutella US FAQ current ingredient source,current_web_page,panel_capture_needed,high,capture_private_panel_crop_from_source_then_run_native_vision_ocr,"front_or_primary_panel,package_weight_or_size,manufacturer_or_distributor,archive_or_capture_coordinates",,nutella_hazelnut_spread__current_2020s__744__8;nutella_hazelnut_spread:nutella_hazelnut_spread__current_2020s__744__8;https://www.nutella.com/us/en/inside-nutella/faqs,,,,rights_review_needed,source_link_only_no_public_image,1,0
hybrid-ocr-v1,oscar_mayer_wieners__current_2020s__110__2,oscar_mayer_wieners,Oscar Mayer Wieners,current_2020s,www.oscarmayer.com,https://www.oscarmayer.com/products/00044700097014-classic-wieners-hot-dogs-mega-pack/,Oscar Mayer Classic Wieners Hot Dogs Mega Pack - Oscar Mayer,current_web_page,panel_capture_needed,high,capture_private_panel_crop_from_source_then_run_native_vision_ocr,"front_or_primary_panel,manufacturer_or_distributor,archive_or_capture_coordinates",,oscar_mayer_wieners__current_2020s__110__2;oscar_mayer_wieners:oscar_mayer_wieners__current_2020s__110__2;https://www.oscarmayer.com/products/00044700097014-classic-wieners-hot-dogs-mega-pack/,,,,rights_review_needed,source_link_only_no_public_image,1,0
hybrid-ocr-v1,poptarts_brown_sugar_cinnamon__current_2020s__959__8,poptarts_brown_sugar_cinnamon,Pop-Tarts Frosted Brown Sugar Cinnamon,current_2020s,www.kroger.com,https://www.kroger.com/p/kellogg-s-pop-tarts-frosted-brown-sugar-cinnamon-toaster-pastries/0003800022261,Kroger Pop-Tarts Frosted Brown Sugar Cinnamon page,retailer_page,panel_capture_needed,high,capture_private_panel_crop_from_source_then_run_native_vision_ocr,"manufacturer_or_distributor,archive_or_capture_coordinates",,poptarts_brown_sugar_cinnamon__current_2020s__959__8;poptarts_brown_sugar_cinnamon:poptarts_brown_sugar_cinnamon__current_2020s__959__8;https://www.kroger.com/p/kellogg-s-pop-tarts-frosted-brown-sugar-cinnamon-toaster-pastries/0003800022261,,,,rights_review_needed,source_link_only_no_public_image,1,0
hybrid-ocr-v1,quaker_old_fashioned_oats__current_2020s__86__6,quaker_old_fashioned_oats,Quaker Old Fashioned Oats,current_2020s,www.quakeroats.com,https://www.quakeroats.com/products/hot-cereals/old-fashioned-oats-quick-oats,Old Fashioned & Quick Oats - Quaker Oats,current_web_page,panel_capture_needed,high,capture_private_panel_crop_from_source_then_run_native_vision_ocr,"front_or_primary_panel,manufacturer_or_distributor,archive_or_capture_coordinates",,quaker_old_fashioned_oats__current_2020s__86__6;quaker_old_fashioned_oats:quaker_old_fashioned_oats__current_2020s__86__6;https://www.quakeroats.com/products/hot-cereals/old-fashioned-oats-quick-oats,,,,rights_review_needed,source_link_only_no_public_image,1,0
