run_id,task_id,task_rank,task_priority_score,audit_status,evidence_id,product_id,product_name,vintage_label,source_domain,source_url,source_title,source_type,ocr_gap_category,ocr_priority,capture_strategy,crop_target,ocr_expected_surface,image_map_keys,key_count,private_template_fields_to_fill,rights_review_status,publication_image_policy,recommended_next_action,done_when,candidate_only,manual_verified
hybrid-ocr-v1,capture_517275d6a596c4,1,143,no_private_path_supplied,campbells_chicken_noodle_soup__current_2020s__312__1,campbells_chicken_noodle_soup,Campbell's Chicken Noodle Soup,current_2020s,www.walmart.com,https://www.walmart.com/ip/10321674,"Campbell's Condensed Chicken Noodle Soup, 10.75 oz Can - Walmart",retailer_page,panel_capture_needed,high,capture_private_panel_crop_from_source_then_run_native_vision_ocr,"manufacturer_or_distributor,archive_or_capture_coordinates",,campbells_chicken_noodle_soup__current_2020s__312__1;campbells_chicken_noodle_soup:campbells_chicken_noodle_soup__current_2020s__312__1;https://www.walmart.com/ip/10321674,3,local_private_image_path or processed_private_image_path,rights_review_needed,source_link_only_no_public_image,"Open source, capture a private panel crop, then fill the private template path.","A private crop path exists, audit_status becomes ready_for_capture, then native OCR can run.",1,0
hybrid-ocr-v1,capture_dbd127b524ca57,2,143,no_private_path_supplied,campbells_chicken_noodle_soup__current_2020s__36__5,campbells_chicken_noodle_soup,Campbell's Chicken Noodle Soup,current_2020s,www.campbells.com,https://www.campbells.com/products/condensed/chicken-noodle-soup/,Campbell's Condensed Chicken Noodle Soup official product page,current_web_page,panel_capture_needed,high,capture_private_panel_crop_from_source_then_run_native_vision_ocr,"front_or_primary_panel,manufacturer_or_distributor,archive_or_capture_coordinates",,campbells_chicken_noodle_soup__current_2020s__36__5;campbells_chicken_noodle_soup:campbells_chicken_noodle_soup__current_2020s__36__5;https://www.campbells.com/products/condensed/chicken-noodle-soup/,3,local_private_image_path or processed_private_image_path,rights_review_needed,source_link_only_no_public_image,"Open source, capture a private panel crop, then fill the private template path.","A private crop path exists, audit_status becomes ready_for_capture, then native OCR can run.",1,0
hybrid-ocr-v1,capture_846f486641f620,3,143,no_private_path_supplied,campbells_chicken_noodle_soup__current_2020s__37__4,campbells_chicken_noodle_soup,Campbell's Chicken Noodle Soup,current_2020s,www.walmart.com,https://www.walmart.com/ip/Campbell-s-Condensed-Chicken-Noodle-Soup-10-75-oz-Can/10321681,"Campbell's Condensed Chicken Noodle Soup, 10.75 oz Can - Walmart",retailer_page,panel_capture_needed,high,capture_private_panel_crop_from_source_then_run_native_vision_ocr,"front_or_primary_panel,manufacturer_or_distributor,archive_or_capture_coordinates",,campbells_chicken_noodle_soup__current_2020s__37__4;campbells_chicken_noodle_soup:campbells_chicken_noodle_soup__current_2020s__37__4;https://www.walmart.com/ip/Campbell-s-Condensed-Chicken-Noodle-Soup-10-75-oz-Can/10321681,3,local_private_image_path or processed_private_image_path,rights_review_needed,source_link_only_no_public_image,"Open source, capture a private panel crop, then fill the private template path.","A private crop path exists, audit_status becomes ready_for_capture, then native OCR can run.",1,0
hybrid-ocr-v1,capture_e07e6dd87de86f,4,143,no_private_path_supplied,campbells_chicken_noodle_soup__current_2020s__529__3,campbells_chicken_noodle_soup,Campbell's Chicken Noodle Soup,current_2020s,www.thefreshgrocer.com,https://www.thefreshgrocer.com/product/campbells-condensed-chicken-noodle-soup-1075-oz-00051000012517,Campbell's Condensed Chicken Noodle Soup 10.75 oz The Fresh Grocer page,current_web_page,panel_capture_needed,high,capture_private_panel_crop_from_source_then_run_native_vision_ocr,"front_or_primary_panel,manufacturer_or_distributor,archive_or_capture_coordinates",,campbells_chicken_noodle_soup__current_2020s__529__3;campbells_chicken_noodle_soup:campbells_chicken_noodle_soup__current_2020s__529__3;https://www.thefreshgrocer.com/product/campbells-condensed-chicken-noodle-soup-1075-oz-00051000012517,3,local_private_image_path or processed_private_image_path,rights_review_needed,source_link_only_no_public_image,"Open source, capture a private panel crop, then fill the private template path.","A private crop path exists, audit_status becomes ready_for_capture, then native OCR can run.",1,0
hybrid-ocr-v1,capture_602b6ed0e675f6,5,143,no_private_path_supplied,campbells_chicken_noodle_soup__current_2020s__858__6,campbells_chicken_noodle_soup,Campbell's Chicken Noodle Soup,current_2020s,www.thefreshgrocer.com,https://www.thefreshgrocer.com/sm/pickup/rsid/2000/product/campbells-condensed-chicken-noodle-soup-1075-oz-id-00051000012511,Campbell's Condensed Chicken Noodle Soup 10.75 oz Fresh Grocer page,current_web_page,panel_capture_needed,high,capture_private_panel_crop_from_source_then_run_native_vision_ocr,"front_or_primary_panel,manufacturer_or_distributor,archive_or_capture_coordinates",,campbells_chicken_noodle_soup__current_2020s__858__6;campbells_chicken_noodle_soup:campbells_chicken_noodle_soup__current_2020s__858__6;https://www.thefreshgrocer.com/sm/pickup/rsid/2000/product/campbells-condensed-chicken-noodle-soup-1075-oz-id-00051000012511,3,local_private_image_path or processed_private_image_path,rights_review_needed,source_link_only_no_public_image,"Open source, capture a private panel crop, then fill the private template path.","A private crop path exists, audit_status becomes ready_for_capture, then native OCR can run.",1,0
hybrid-ocr-v1,capture_30991f948be147,6,143,no_private_path_supplied,campbells_tomato_soup__1980s_or_earlier__971__4,campbells_tomato_soup,Campbell's Condensed Tomato Soup,1980s_or_earlier,www.ingredientinspector.org,https://www.ingredientinspector.org/home/campbells-tomato-soup-ingredients,Ingredient Inspector Campbell's Tomato Soup ingredients article,current_web_page,panel_capture_needed,high,capture_private_panel_crop_from_source_then_run_native_vision_ocr,"front_or_primary_panel,package_weight_or_size,manufacturer_or_distributor,archive_or_capture_coordinates",,campbells_tomato_soup__1980s_or_earlier__971__4;campbells_tomato_soup:campbells_tomato_soup__1980s_or_earlier__971__4;https://www.ingredientinspector.org/home/campbells-tomato-soup-ingredients,3,local_private_image_path or processed_private_image_path,rights_review_needed,source_link_only_no_public_image,"Open source, capture a private panel crop, then fill the private template path.","A private crop path exists, audit_status becomes ready_for_capture, then native OCR can run.",1,0
hybrid-ocr-v1,capture_e6ba62ebd54a86,7,143,no_private_path_supplied,campbells_tomato_soup__current_2020s__1077__9,campbells_tomato_soup,Campbell's Condensed Tomato Soup,current_2020s,www.campbells.com,https://www.campbells.com/tomato-soup/,Tomato Soup - The Campbell's Company,current_web_page,panel_capture_needed,high,capture_private_panel_crop_from_source_then_run_native_vision_ocr,"package_weight_or_size,manufacturer_or_distributor,archive_or_capture_coordinates",,campbells_tomato_soup__current_2020s__1077__9;campbells_tomato_soup:campbells_tomato_soup__current_2020s__1077__9;https://www.campbells.com/tomato-soup/,3,local_private_image_path or processed_private_image_path,rights_review_needed,source_link_only_no_public_image,"Open source, capture a private panel crop, then fill the private template path.","A private crop path exists, audit_status becomes ready_for_capture, then native OCR can run.",1,0
hybrid-ocr-v1,capture_499ed6db98090b,8,143,no_private_path_supplied,campbells_tomato_soup__current_2020s__281__3,campbells_tomato_soup,Campbell's Condensed Tomato Soup,current_2020s,www.walmart.com,https://www.walmart.com/ip/10321636,Campbell's Condensed Tomato Soup 10.75 oz Walmart product page,retailer_page,panel_capture_needed,high,capture_private_panel_crop_from_source_then_run_native_vision_ocr,"manufacturer_or_distributor,archive_or_capture_coordinates",,campbells_tomato_soup__current_2020s__281__3;campbells_tomato_soup:campbells_tomato_soup__current_2020s__281__3;https://www.walmart.com/ip/10321636,3,local_private_image_path or processed_private_image_path,rights_review_needed,source_link_only_no_public_image,"Open source, capture a private panel crop, then fill the private template path.","A private crop path exists, audit_status becomes ready_for_capture, then native OCR can run.",1,0
hybrid-ocr-v1,capture_0b0007fb0d5d16,9,143,no_private_path_supplied,campbells_tomato_soup__current_2020s__501__1,campbells_tomato_soup,Campbell's Condensed Tomato Soup,current_2020s,www.campbells.com,https://www.campbells.com/products/condensed/tomato-soup/,Campbell's Condensed Tomato Soup 10.75 oz current product page,current_web_page,panel_capture_needed,high,capture_private_panel_crop_from_source_then_run_native_vision_ocr,"manufacturer_or_distributor,archive_or_capture_coordinates",,campbells_tomato_soup__current_2020s__501__1;campbells_tomato_soup:campbells_tomato_soup__current_2020s__501__1;https://www.campbells.com/products/condensed/tomato-soup/,3,local_private_image_path or processed_private_image_path,rights_review_needed,source_link_only_no_public_image,"Open source, capture a private panel crop, then fill the private template path.","A private crop path exists, audit_status becomes ready_for_capture, then native OCR can run.",1,0
hybrid-ocr-v1,capture_5fcc4d948704fd,10,143,no_private_path_supplied,campbells_tomato_soup__current_2020s__726__8,campbells_tomato_soup,Campbell's Condensed Tomato Soup,current_2020s,www.campbells.com,https://www.campbells.com/products/condensed/family-size-tomato-soup/,Campbell's Tomato Soup current product page,current_web_page,panel_capture_needed,high,capture_private_panel_crop_from_source_then_run_native_vision_ocr,"front_or_primary_panel,package_weight_or_size,manufacturer_or_distributor,archive_or_capture_coordinates",,campbells_tomato_soup__current_2020s__726__8;campbells_tomato_soup:campbells_tomato_soup__current_2020s__726__8;https://www.campbells.com/products/condensed/family-size-tomato-soup/,3,local_private_image_path or processed_private_image_path,rights_review_needed,source_link_only_no_public_image,"Open source, capture a private panel crop, then fill the private template path.","A private crop path exists, audit_status becomes ready_for_capture, then native OCR can run.",1,0
hybrid-ocr-v1,capture_da4d9171e6e61f,11,143,no_private_path_supplied,campbells_tomato_soup__current_2020s__845__2,campbells_tomato_soup,Campbell's Condensed Tomato Soup,current_2020s,www.walmart.com,https://www.walmart.com/ip/43346748,Campbell's Condensed Tomato Soup 10.75 oz 4 pack Walmart page,retailer_page,panel_capture_needed,high,capture_private_panel_crop_from_source_then_run_native_vision_ocr,"manufacturer_or_distributor,archive_or_capture_coordinates",,campbells_tomato_soup__current_2020s__845__2;campbells_tomato_soup:campbells_tomato_soup__current_2020s__845__2;https://www.walmart.com/ip/43346748,3,local_private_image_path or processed_private_image_path,rights_review_needed,source_link_only_no_public_image,"Open source, capture a private panel crop, then fill the private template path.","A private crop path exists, audit_status becomes ready_for_capture, then native OCR can run.",1,0
hybrid-ocr-v1,capture_193bf6a2ae7e92,12,143,no_private_path_supplied,campbells_tomato_soup__current_2020s__971__10,campbells_tomato_soup,Campbell's Condensed Tomato Soup,current_2020s,www.ingredientinspector.org,https://www.ingredientinspector.org/home/campbells-tomato-soup-ingredients,Ingredient Inspector Campbell's Tomato Soup ingredients article,current_web_page,panel_capture_needed,high,capture_private_panel_crop_from_source_then_run_native_vision_ocr,"front_or_primary_panel,package_weight_or_size,manufacturer_or_distributor,archive_or_capture_coordinates",,campbells_tomato_soup__current_2020s__971__10;campbells_tomato_soup:campbells_tomato_soup__current_2020s__971__10;https://www.ingredientinspector.org/home/campbells-tomato-soup-ingredients,3,local_private_image_path or processed_private_image_path,rights_review_needed,source_link_only_no_public_image,"Open source, capture a private panel crop, then fill the private template path.","A private crop path exists, audit_status becomes ready_for_capture, then native OCR can run.",1,0
hybrid-ocr-v1,capture_2ee8448c62d43d,13,143,no_private_path_supplied,capn_crunch_original__1990s__440__2,capn_crunch_original,Cap'n Crunch Original,1990s,underunderstood.com,https://underunderstood.com/podcast/episode/capn-crunch-smaller/,The Incredible Shrinking Cap'n - Underunderstood,current_web_page,panel_capture_needed,high,capture_private_panel_crop_from_source_then_run_native_vision_ocr,"front_or_primary_panel,package_weight_or_size,manufacturer_or_distributor,archive_or_capture_coordinates",,capn_crunch_original__1990s__440__2;capn_crunch_original:capn_crunch_original__1990s__440__2;https://underunderstood.com/podcast/episode/capn-crunch-smaller/,3,local_private_image_path or processed_private_image_path,rights_review_needed,source_link_only_no_public_image,"Open source, capture a private panel crop, then fill the private template path.","A private crop path exists, audit_status becomes ready_for_capture, then native OCR can run.",1,0
hybrid-ocr-v1,capture_88fd267e17b460,14,143,no_private_path_supplied,capn_crunch_original__current_2020s__440__3,capn_crunch_original,Cap'n Crunch Original,current_2020s,underunderstood.com,https://underunderstood.com/podcast/episode/capn-crunch-smaller/,The Incredible Shrinking Cap'n - Underunderstood,current_web_page,panel_capture_needed,high,capture_private_panel_crop_from_source_then_run_native_vision_ocr,"front_or_primary_panel,package_weight_or_size,manufacturer_or_distributor,archive_or_capture_coordinates",,capn_crunch_original__current_2020s__440__3;capn_crunch_original:capn_crunch_original__current_2020s__440__3;https://underunderstood.com/podcast/episode/capn-crunch-smaller/,3,local_private_image_path or processed_private_image_path,rights_review_needed,source_link_only_no_public_image,"Open source, capture a private panel crop, then fill the private template path.","A private crop path exists, audit_status becomes ready_for_capture, then native OCR can run.",1,0
hybrid-ocr-v1,capture_f0989c60e88026,15,143,no_private_path_supplied,capn_crunch_original__current_2020s__50__2,capn_crunch_original,Cap'n Crunch Original,current_2020s,www.capncrunch.com,https://www.capncrunch.com/products/cap-n-crunch-original,Cap'n Crunch Original - Cap'n Crunch,current_web_page,panel_capture_needed,high,capture_private_panel_crop_from_source_then_run_native_vision_ocr,"package_weight_or_size,manufacturer_or_distributor,archive_or_capture_coordinates",,capn_crunch_original__current_2020s__50__2;capn_crunch_original:capn_crunch_original__current_2020s__50__2;https://www.capncrunch.com/products/cap-n-crunch-original,3,local_private_image_path or processed_private_image_path,rights_review_needed,source_link_only_no_public_image,"Open source, capture a private panel crop, then fill the private template path.","A private crop path exists, audit_status becomes ready_for_capture, then native OCR can run.",1,0
hybrid-ocr-v1,capture_b1b63ffafdb992,16,143,no_private_path_supplied,capn_crunch_original__current_2020s__51__1,capn_crunch_original,Cap'n Crunch Original,current_2020s,www.kroger.com,https://www.kroger.com/p/cap-n-crunch-original-bag-cereal/0003000031378,"Cap'n Crunch Original Bag Cereal, 40 oz - Kroger",retailer_page,panel_capture_needed,high,capture_private_panel_crop_from_source_then_run_native_vision_ocr,"manufacturer_or_distributor,archive_or_capture_coordinates",,capn_crunch_original__current_2020s__51__1;capn_crunch_original:capn_crunch_original__current_2020s__51__1;https://www.kroger.com/p/cap-n-crunch-original-bag-cereal/0003000031378,3,local_private_image_path or processed_private_image_path,rights_review_needed,source_link_only_no_public_image,"Open source, capture a private panel crop, then fill the private template path.","A private crop path exists, audit_status becomes ready_for_capture, then native OCR can run.",1,0
hybrid-ocr-v1,capture_b11a89dbdc1679,17,143,no_private_path_supplied,capn_crunch_original__earliest_verified_label__1084__6,capn_crunch_original,Cap'n Crunch Original,earliest_verified_label,www.reddit.com,https://www.reddit.com/r/GrandmasPantry/comments/1t9hrxl/old_capn_crunch/,Old Cap'n Crunch sealed Halloween special circa 1990 - Reddit GrandmasPantry,current_web_page,panel_capture_needed,high,capture_private_panel_crop_from_source_then_run_native_vision_ocr,"transcribed_label_text,package_weight_or_size,manufacturer_or_distributor,archive_or_capture_coordinates",,capn_crunch_original__earliest_verified_label__1084__6;capn_crunch_original:capn_crunch_original__earliest_verified_label__1084__6;https://www.reddit.com/r/GrandmasPantry/comments/1t9hrxl/old_capn_crunch/,3,local_private_image_path or processed_private_image_path,rights_review_needed,source_link_only_no_public_image,"Open source, capture a private panel crop, then fill the private template path.","A private crop path exists, audit_status becomes ready_for_capture, then native OCR can run.",1,0
hybrid-ocr-v1,capture_3d0d56cd953a56,18,143,no_private_path_supplied,capn_crunch_original__earliest_verified_label__277__4,capn_crunch_original,Cap'n Crunch Original,earliest_verified_label,www.flickr.com,https://www.flickr.com/photos/25692985%40N07/3461366520,1980 Quaker Cap'n Crunch Cereal Box Back - Flickr,collector_package_photo,panel_capture_needed,high,capture_private_panel_crop_from_source_then_run_native_vision_ocr,"transcribed_label_text,package_weight_or_size,manufacturer_or_distributor,archive_or_capture_coordinates",,capn_crunch_original__earliest_verified_label__277__4;capn_crunch_original:capn_crunch_original__earliest_verified_label__277__4;https://www.flickr.com/photos/25692985%40N07/3461366520,3,local_private_image_path or processed_private_image_path,rights_review_needed,source_link_only_no_public_image,"Open source, capture a private panel crop, then fill the private template path.","A private crop path exists, audit_status becomes ready_for_capture, then native OCR can run.",1,0
hybrid-ocr-v1,capture_bd66c93f72b7b9,19,143,no_private_path_supplied,capn_crunch_original__earliest_verified_label__440__7,capn_crunch_original,Cap'n Crunch Original,earliest_verified_label,underunderstood.com,https://underunderstood.com/podcast/episode/capn-crunch-smaller/,The Incredible Shrinking Cap'n - Underunderstood,current_web_page,panel_capture_needed,high,capture_private_panel_crop_from_source_then_run_native_vision_ocr,"front_or_primary_panel,package_weight_or_size,manufacturer_or_distributor,archive_or_capture_coordinates",,capn_crunch_original__earliest_verified_label__440__7;capn_crunch_original:capn_crunch_original__earliest_verified_label__440__7;https://underunderstood.com/podcast/episode/capn-crunch-smaller/,3,local_private_image_path or processed_private_image_path,rights_review_needed,source_link_only_no_public_image,"Open source, capture a private panel crop, then fill the private template path.","A private crop path exists, audit_status becomes ready_for_capture, then native OCR can run.",1,0
hybrid-ocr-v1,capture_3a04d157c8de1d,20,143,no_private_path_supplied,cheerios_original__1980s_or_earlier__368__1,cheerios_original,Cheerios Original,1980s_or_earlier,www.flickr.com,https://www.flickr.com/photos/25692985%40N07/3523833856,1985 General Mills Cheerios Cereal Box Back - Flickr,collector_package_photo,panel_capture_needed,high,capture_private_panel_crop_from_source_then_run_native_vision_ocr,"transcribed_label_text,package_weight_or_size,manufacturer_or_distributor,archive_or_capture_coordinates",,cheerios_original__1980s_or_earlier__368__1;cheerios_original:cheerios_original__1980s_or_earlier__368__1;https://www.flickr.com/photos/25692985%40N07/3523833856,3,local_private_image_path or processed_private_image_path,rights_review_needed,source_link_only_no_public_image,"Open source, capture a private panel crop, then fill the private template path.","A private crop path exists, audit_status becomes ready_for_capture, then native OCR can run.",1,0
hybrid-ocr-v1,capture_a6097ed126bb35,21,143,no_private_path_supplied,cheerios_original__current_2020s__10__1,cheerios_original,Cheerios Original,current_2020s,www.cheerios.com,https://www.cheerios.com/products/original-cheerios,Original Cheerios - Cheerios,current_web_page,panel_capture_needed,high,capture_private_panel_crop_from_source_then_run_native_vision_ocr,"manufacturer_or_distributor,archive_or_capture_coordinates",,cheerios_original__current_2020s__10__1;cheerios_original:cheerios_original__current_2020s__10__1;https://www.cheerios.com/products/original-cheerios,3,local_private_image_path or processed_private_image_path,rights_review_needed,source_link_only_no_public_image,"Open source, capture a private panel crop, then fill the private template path.","A private crop path exists, audit_status becomes ready_for_capture, then native OCR can run.",1,0
hybrid-ocr-v1,capture_19902a59a5bc8c,22,143,no_private_path_supplied,cheerios_original__earliest_verified_label__368__1,cheerios_original,Cheerios Original,earliest_verified_label,www.flickr.com,https://www.flickr.com/photos/25692985%40N07/3523833856,1985 General Mills Cheerios Cereal Box Back - Flickr,collector_package_photo,panel_capture_needed,high,capture_private_panel_crop_from_source_then_run_native_vision_ocr,"transcribed_label_text,package_weight_or_size,manufacturer_or_distributor,archive_or_capture_coordinates",,cheerios_original__earliest_verified_label__368__1;cheerios_original:cheerios_original__earliest_verified_label__368__1;https://www.flickr.com/photos/25692985%40N07/3523833856,3,local_private_image_path or processed_private_image_path,rights_review_needed,source_link_only_no_public_image,"Open source, capture a private panel crop, then fill the private template path.","A private crop path exists, audit_status becomes ready_for_capture, then native OCR can run.",1,0
hybrid-ocr-v1,capture_164b839b0cf504,23,143,no_private_path_supplied,cheerios_original__earliest_verified_label__460__11,cheerios_original,Cheerios Original,earliest_verified_label,www.mashed.com,https://www.mashed.com/1561524/first-cheerios-unrecognizable/,You Wouldn't Recognize The First Cheerios Box And Label - Mashed,ad_or_trade_catalog,panel_capture_needed,high,capture_private_panel_crop_from_source_then_run_native_vision_ocr,"front_or_primary_panel,package_weight_or_size,manufacturer_or_distributor,archive_or_capture_coordinates",,cheerios_original__earliest_verified_label__460__11;cheerios_original:cheerios_original__earliest_verified_label__460__11;https://www.mashed.com/1561524/first-cheerios-unrecognizable/,3,local_private_image_path or processed_private_image_path,rights_review_needed,source_link_only_no_public_image,"Open source, capture a private panel crop, then fill the private template path.","A private crop path exists, audit_status becomes ready_for_capture, then native OCR can run.",1,0
hybrid-ocr-v1,capture_a9207e9a427401,24,143,no_private_path_supplied,cheetos_crunchy__current_2020s__267__1,cheetos_crunchy,Cheetos Crunchy,current_2020s,www.walmart.com,https://www.walmart.com/ip/16306222837,"Cheetos Crunchy Cheese Flavored Snack Chips, 8.5 oz Bag - Walmart",retailer_page,panel_capture_needed,high,capture_private_panel_crop_from_source_then_run_native_vision_ocr,"manufacturer_or_distributor,archive_or_capture_coordinates",,cheetos_crunchy__current_2020s__267__1;cheetos_crunchy:cheetos_crunchy__current_2020s__267__1;https://www.walmart.com/ip/16306222837,3,local_private_image_path or processed_private_image_path,rights_review_needed,source_link_only_no_public_image,"Open source, capture a private panel crop, then fill the private template path.","A private crop path exists, audit_status becomes ready_for_capture, then native OCR can run.",1,0
hybrid-ocr-v1,capture_946165a9caf4d8,25,143,no_private_path_supplied,cheetos_crunchy__current_2020s__38__2,cheetos_crunchy,Cheetos Crunchy,current_2020s,smartlabel.pepsico.info,https://smartlabel.pepsico.info/028400589501-0001-en-US/index.html,Cheetos Crunchy Cheese Flavored Snacks - SmartLabel,brand_label_page,panel_capture_needed,high,capture_private_panel_crop_from_source_then_run_native_vision_ocr,"front_or_primary_panel,manufacturer_or_distributor,archive_or_capture_coordinates",,cheetos_crunchy__current_2020s__38__2;cheetos_crunchy:cheetos_crunchy__current_2020s__38__2;https://smartlabel.pepsico.info/028400589501-0001-en-US/index.html,3,local_private_image_path or processed_private_image_path,rights_review_needed,source_link_only_no_public_image,"Open source, capture a private panel crop, then fill the private template path.","A private crop path exists, audit_status becomes ready_for_capture, then native OCR can run.",1,0
hybrid-ocr-v1,capture_edb934e3715975,26,143,no_private_path_supplied,cheetos_crunchy__current_2020s__495__3,cheetos_crunchy,Cheetos Crunchy,current_2020s,smartlabel.pepsico.info,https://smartlabel.pepsico.info/028400329453-0021-en-US/index.html,"Cheetos Crunchy Cheese Flavored Snacks 3.25 oz SmartLabel, updated 2024",brand_label_page,panel_capture_needed,high,capture_private_panel_crop_from_source_then_run_native_vision_ocr,"front_or_primary_panel,archive_or_capture_coordinates",,cheetos_crunchy__current_2020s__495__3;cheetos_crunchy:cheetos_crunchy__current_2020s__495__3;https://smartlabel.pepsico.info/028400329453-0021-en-US/index.html,3,local_private_image_path or processed_private_image_path,rights_review_needed,source_link_only_no_public_image,"Open source, capture a private panel crop, then fill the private template path.","A private crop path exists, audit_status becomes ready_for_capture, then native OCR can run.",1,0
hybrid-ocr-v1,capture_862b8c4032d5bb,27,143,no_private_path_supplied,cheez_it_original__current_2020s__21__1,cheez_it_original,Cheez-It Original Crackers,current_2020s,www.cheezit.com,https://www.cheezit.com/en-us/products/cheez-it-original-crackers-product.html,Cheez-It Original Snack Crackers - Cheez-It,current_web_page,panel_capture_needed,high,capture_private_panel_crop_from_source_then_run_native_vision_ocr,"manufacturer_or_distributor,archive_or_capture_coordinates",,cheez_it_original__current_2020s__21__1;cheez_it_original:cheez_it_original__current_2020s__21__1;https://www.cheezit.com/en-us/products/cheez-it-original-crackers-product.html,3,local_private_image_path or processed_private_image_path,rights_review_needed,source_link_only_no_public_image,"Open source, capture a private panel crop, then fill the private template path.","A private crop path exists, audit_status becomes ready_for_capture, then native OCR can run.",1,0
hybrid-ocr-v1,capture_5fac771f64459e,28,143,no_private_path_supplied,cheez_it_original__current_2020s__22__4,cheez_it_original,Cheez-It Original Crackers,current_2020s,smartlabel.kelloggs.com,https://smartlabel.kelloggs.com/Product/Index/024100106844,Cheez-It Original Snack Crackers - SmartLabel,brand_label_page,panel_capture_needed,high,capture_private_panel_crop_from_source_then_run_native_vision_ocr,"front_or_primary_panel,manufacturer_or_distributor,archive_or_capture_coordinates",,cheez_it_original__current_2020s__22__4;cheez_it_original:cheez_it_original__current_2020s__22__4;https://smartlabel.kelloggs.com/Product/Index/024100106844,3,local_private_image_path or processed_private_image_path,rights_review_needed,source_link_only_no_public_image,"Open source, capture a private panel crop, then fill the private template path.","A private crop path exists, audit_status becomes ready_for_capture, then native OCR can run.",1,0
hybrid-ocr-v1,capture_99927b97e85469,29,143,no_private_path_supplied,cheez_it_original__current_2020s__509__2,cheez_it_original,Cheez-It Original Crackers,current_2020s,www.kroger.com,https://www.kroger.com/p/cheez-ita-original-cheese-crackers/0002410010685,Cheez-It Original Cheese Crackers 12.4 oz Kroger page,retailer_page,panel_capture_needed,high,capture_private_panel_crop_from_source_then_run_native_vision_ocr,"manufacturer_or_distributor,archive_or_capture_coordinates",,cheez_it_original__current_2020s__509__2;cheez_it_original:cheez_it_original__current_2020s__509__2;https://www.kroger.com/p/cheez-ita-original-cheese-crackers/0002410010685,3,local_private_image_path or processed_private_image_path,rights_review_needed,source_link_only_no_public_image,"Open source, capture a private panel crop, then fill the private template path.","A private crop path exists, audit_status becomes ready_for_capture, then native OCR can run.",1,0
hybrid-ocr-v1,capture_cef67e137819e1,30,143,no_private_path_supplied,cheez_it_original__current_2020s__510__3,cheez_it_original,Cheez-It Original Crackers,current_2020s,www.kroger.com,https://www.kroger.com/p/cheezit-original-baked-snack-crackers/0002410012464,Cheez-It Original baked snack crackers 12.4 oz Kroger page variant/limited box,retailer_page,panel_capture_needed,high,capture_private_panel_crop_from_source_then_run_native_vision_ocr,"manufacturer_or_distributor,archive_or_capture_coordinates",,cheez_it_original__current_2020s__510__3;cheez_it_original:cheez_it_original__current_2020s__510__3;https://www.kroger.com/p/cheezit-original-baked-snack-crackers/0002410012464,3,local_private_image_path or processed_private_image_path,rights_review_needed,source_link_only_no_public_image,"Open source, capture a private panel crop, then fill the private template path.","A private crop path exists, audit_status becomes ready_for_capture, then native OCR can run.",1,0
hybrid-ocr-v1,capture_74b6539c81ff54,31,143,no_private_path_supplied,chef_boyardee_beefaroni__current_2020s__1016__4,chef_boyardee_beefaroni,Chef Boyardee Beefaroni,current_2020s,www.chefboyardee.com,https://www.chefboyardee.com/products/beefaroni/beefaroni-40-oz,Chef Boyardee Beefaroni 40 oz official product page,current_web_page,panel_capture_needed,high,capture_private_panel_crop_from_source_then_run_native_vision_ocr,"front_or_primary_panel,manufacturer_or_distributor,archive_or_capture_coordinates",,chef_boyardee_beefaroni__current_2020s__1016__4;chef_boyardee_beefaroni:chef_boyardee_beefaroni__current_2020s__1016__4;https://www.chefboyardee.com/products/beefaroni/beefaroni-40-oz,3,local_private_image_path or processed_private_image_path,rights_review_needed,source_link_only_no_public_image,"Open source, capture a private panel crop, then fill the private template path.","A private crop path exists, audit_status becomes ready_for_capture, then native OCR can run.",1,0
hybrid-ocr-v1,capture_3381a6a56c04f8,32,143,no_private_path_supplied,chef_boyardee_beefaroni__current_2020s__290__2,chef_boyardee_beefaroni,Chef Boyardee Beefaroni,current_2020s,www.walmart.com,https://www.walmart.com/ip/10308533,Chef Boyardee Beefaroni 15 oz can Walmart page,retailer_page,panel_capture_needed,high,capture_private_panel_crop_from_source_then_run_native_vision_ocr,"front_or_primary_panel,manufacturer_or_distributor,archive_or_capture_coordinates",,chef_boyardee_beefaroni__current_2020s__290__2;chef_boyardee_beefaroni:chef_boyardee_beefaroni__current_2020s__290__2;https://www.walmart.com/ip/10308533,3,local_private_image_path or processed_private_image_path,rights_review_needed,source_link_only_no_public_image,"Open source, capture a private panel crop, then fill the private template path.","A private crop path exists, audit_status becomes ready_for_capture, then native OCR can run.",1,0
hybrid-ocr-v1,capture_290e47d8c1c1bb,33,143,no_private_path_supplied,chef_boyardee_beefaroni__current_2020s__69__1,chef_boyardee_beefaroni,Chef Boyardee Beefaroni,current_2020s,www.chefboyardee.com,https://www.chefboyardee.com/products/classics/beefaroni,Chef Boyardee Beefaroni - Chef Boyardee,current_web_page,panel_capture_needed,high,capture_private_panel_crop_from_source_then_run_native_vision_ocr,"front_or_primary_panel,manufacturer_or_distributor,archive_or_capture_coordinates",,chef_boyardee_beefaroni__current_2020s__69__1;chef_boyardee_beefaroni:chef_boyardee_beefaroni__current_2020s__69__1;https://www.chefboyardee.com/products/classics/beefaroni,3,local_private_image_path or processed_private_image_path,rights_review_needed,source_link_only_no_public_image,"Open source, capture a private panel crop, then fill the private template path.","A private crop path exists, audit_status becomes ready_for_capture, then native OCR can run.",1,0
hybrid-ocr-v1,capture_f1fa8a01f4c9cf,34,143,no_private_path_supplied,chef_boyardee_beefaroni__current_2020s__755__5,chef_boyardee_beefaroni,Chef Boyardee Beefaroni,current_2020s,www.chefboyardee.com,https://www.chefboyardee.com/products/classics/beefaroni-can,Chef Boyardee Beefaroni Can official product page,current_web_page,panel_capture_needed,high,capture_private_panel_crop_from_source_then_run_native_vision_ocr,"front_or_primary_panel,package_weight_or_size,manufacturer_or_distributor,archive_or_capture_coordinates",,chef_boyardee_beefaroni__current_2020s__755__5;chef_boyardee_beefaroni:chef_boyardee_beefaroni__current_2020s__755__5;https://www.chefboyardee.com/products/classics/beefaroni-can,3,local_private_image_path or processed_private_image_path,rights_review_needed,source_link_only_no_public_image,"Open source, capture a private panel crop, then fill the private template path.","A private crop path exists, audit_status becomes ready_for_capture, then native OCR can run.",1,0
hybrid-ocr-v1,capture_d608187555a019,35,143,no_private_path_supplied,chips_ahoy_original__2010s__448__3,chips_ahoy_original,Chips Ahoy! Original Cookies,2010s,upcfoodsearch.com,https://upcfoodsearch.com/food-products/chocolate-chip-cookies/044000032197/,"Nabisco Chips Ahoy! Cookies Original, UPC 044000032197 - UPC Food Search",label_database_record,panel_capture_needed,high,capture_private_panel_crop_from_source_then_run_native_vision_ocr,"front_or_primary_panel,archive_or_capture_coordinates",,chips_ahoy_original__2010s__448__3;chips_ahoy_original:chips_ahoy_original__2010s__448__3;https://upcfoodsearch.com/food-products/chocolate-chip-cookies/044000032197/,3,local_private_image_path or processed_private_image_path,rights_review_needed,source_link_only_no_public_image,"Open source, capture a private panel crop, then fill the private template path.","A private crop path exists, audit_status becomes ready_for_capture, then native OCR can run.",1,0
hybrid-ocr-v1,capture_b648edba1b17da,36,143,no_private_path_supplied,chips_ahoy_original__2010s__481__2,chips_ahoy_original,Chips Ahoy! Original Cookies,2010s,www.walmart.com,https://www.walmart.com/ip/174419753,"Nabisco Chips Ahoy Original Cookies, 3.4 lb - Walmart",retailer_page,panel_capture_needed,high,capture_private_panel_crop_from_source_then_run_native_vision_ocr,"manufacturer_or_distributor,archive_or_capture_coordinates",,chips_ahoy_original__2010s__481__2;chips_ahoy_original:chips_ahoy_original__2010s__481__2;https://www.walmart.com/ip/174419753,3,local_private_image_path or processed_private_image_path,rights_review_needed,source_link_only_no_public_image,"Open source, capture a private panel crop, then fill the private template path.","A private crop path exists, audit_status becomes ready_for_capture, then native OCR can run.",1,0
hybrid-ocr-v1,capture_1e5c6b74744e4f,37,143,no_private_path_supplied,chips_ahoy_original__2010s__482__1,chips_ahoy_original,Chips Ahoy! Original Cookies,2010s,www.walmart.com,https://www.walmart.com/ip/10292127,"Nabisco Chips Ahoy Original Chocolate Chip Cookie 1.4 oz, 12 count - Walmart",retailer_page,panel_capture_needed,high,capture_private_panel_crop_from_source_then_run_native_vision_ocr,"manufacturer_or_distributor,archive_or_capture_coordinates",,chips_ahoy_original__2010s__482__1;chips_ahoy_original:chips_ahoy_original__2010s__482__1;https://www.walmart.com/ip/10292127,3,local_private_image_path or processed_private_image_path,rights_review_needed,source_link_only_no_public_image,"Open source, capture a private panel crop, then fill the private template path.","A private crop path exists, audit_status becomes ready_for_capture, then native OCR can run.",1,0
hybrid-ocr-v1,capture_deb6b95df98263,38,143,no_private_path_supplied,chips_ahoy_original__current_2020s__11__7,chips_ahoy_original,Chips Ahoy! Original Cookies,current_2020s,smartlabel.mondelez.info,https://smartlabel.mondelez.info/044000073336-0001-en-US/index.html,Chips Ahoy! Original Real Chocolate Chip Cookies - SmartLabel,brand_label_page,panel_capture_needed,high,capture_private_panel_crop_from_source_then_run_native_vision_ocr,"front_or_primary_panel,package_weight_or_size,manufacturer_or_distributor,archive_or_capture_coordinates",,chips_ahoy_original__current_2020s__11__7;chips_ahoy_original:chips_ahoy_original__current_2020s__11__7;https://smartlabel.mondelez.info/044000073336-0001-en-US/index.html,3,local_private_image_path or processed_private_image_path,rights_review_needed,source_link_only_no_public_image,"Open source, capture a private panel crop, then fill the private template path.","A private crop path exists, audit_status becomes ready_for_capture, then native OCR can run.",1,0
hybrid-ocr-v1,capture_cac39bb737dc4e,39,143,no_private_path_supplied,chips_ahoy_original__current_2020s__12__1,chips_ahoy_original,Chips Ahoy! Original Cookies,current_2020s,www.kroger.com,https://www.kroger.com/p/chips-ahoy-original-chocolate-chip-cookies/0004400003219,"CHIPS AHOY! Original Chocolate Chip Cookies, 13 oz - Kroger",retailer_page,panel_capture_needed,high,capture_private_panel_crop_from_source_then_run_native_vision_ocr,"manufacturer_or_distributor,archive_or_capture_coordinates",,chips_ahoy_original__current_2020s__12__1;chips_ahoy_original:chips_ahoy_original__current_2020s__12__1;https://www.kroger.com/p/chips-ahoy-original-chocolate-chip-cookies/0004400003219,3,local_private_image_path or processed_private_image_path,rights_review_needed,source_link_only_no_public_image,"Open source, capture a private panel crop, then fill the private template path.","A private crop path exists, audit_status becomes ready_for_capture, then native OCR can run.",1,0
hybrid-ocr-v1,capture_f017784dc33279,40,143,no_private_path_supplied,chips_ahoy_original__current_2020s__253__2,chips_ahoy_original,Chips Ahoy! Original Cookies,current_2020s,www.walmart.com,https://www.walmart.com/ip/17176252,"CHIPS AHOY! Original Chocolate Chip Cookies, 13 oz - Walmart",retailer_page,panel_capture_needed,high,capture_private_panel_crop_from_source_then_run_native_vision_ocr,"manufacturer_or_distributor,archive_or_capture_coordinates",,chips_ahoy_original__current_2020s__253__2;chips_ahoy_original:chips_ahoy_original__current_2020s__253__2;https://www.walmart.com/ip/17176252,3,local_private_image_path or processed_private_image_path,rights_review_needed,source_link_only_no_public_image,"Open source, capture a private panel crop, then fill the private template path.","A private crop path exists, audit_status becomes ready_for_capture, then native OCR can run.",1,0
hybrid-ocr-v1,capture_e950628ee8d3e2,41,143,no_private_path_supplied,chips_ahoy_original__current_2020s__408__3,chips_ahoy_original,Chips Ahoy! Original Cookies,current_2020s,www.thefreshgrocer.com,https://www.thefreshgrocer.com/sm/planning/rsid/484/product/nabisco-chips-ahoy-original-real-chocolate-chip-cookies-13-oz-id-00044000032197,"Nabisco Chips Ahoy! Original Real Chocolate Chip Cookies, 13 oz - The Fresh Grocer",current_web_page,panel_capture_needed,high,capture_private_panel_crop_from_source_then_run_native_vision_ocr,"manufacturer_or_distributor,archive_or_capture_coordinates",,chips_ahoy_original__current_2020s__408__3;chips_ahoy_original:chips_ahoy_original__current_2020s__408__3;https://www.thefreshgrocer.com/sm/planning/rsid/484/product/nabisco-chips-ahoy-original-real-chocolate-chip-cookies-13-oz-id-00044000032197,3,local_private_image_path or processed_private_image_path,rights_review_needed,source_link_only_no_public_image,"Open source, capture a private panel crop, then fill the private template path.","A private crop path exists, audit_status becomes ready_for_capture, then native OCR can run.",1,0
hybrid-ocr-v1,capture_6f170a7f06ee85,42,143,no_private_path_supplied,chips_ahoy_original__current_2020s__409__6,chips_ahoy_original,Chips Ahoy! Original Cookies,current_2020s,www.upcitemdb.com,https://www.upcitemdb.com/upc/44000032197,UPC 044000032197 - Chips Ahoy! Original Chocolate Chip Cookies 13 oz - UPCitemdb,current_web_page,panel_capture_needed,high,capture_private_panel_crop_from_source_then_run_native_vision_ocr,"front_or_primary_panel,manufacturer_or_distributor,archive_or_capture_coordinates",,chips_ahoy_original__current_2020s__409__6;chips_ahoy_original:chips_ahoy_original__current_2020s__409__6;https://www.upcitemdb.com/upc/44000032197,3,local_private_image_path or processed_private_image_path,rights_review_needed,source_link_only_no_public_image,"Open source, capture a private panel crop, then fill the private template path.","A private crop path exists, audit_status becomes ready_for_capture, then native OCR can run.",1,0
hybrid-ocr-v1,capture_c332acbdecfce1,43,143,no_private_path_supplied,chips_ahoy_original__current_2020s__481__5,chips_ahoy_original,Chips Ahoy! Original Cookies,current_2020s,www.walmart.com,https://www.walmart.com/ip/174419753,"Nabisco Chips Ahoy Original Cookies, 3.4 lb - Walmart",retailer_page,panel_capture_needed,high,capture_private_panel_crop_from_source_then_run_native_vision_ocr,"manufacturer_or_distributor,archive_or_capture_coordinates",,chips_ahoy_original__current_2020s__481__5;chips_ahoy_original:chips_ahoy_original__current_2020s__481__5;https://www.walmart.com/ip/174419753,3,local_private_image_path or processed_private_image_path,rights_review_needed,source_link_only_no_public_image,"Open source, capture a private panel crop, then fill the private template path.","A private crop path exists, audit_status becomes ready_for_capture, then native OCR can run.",1,0
hybrid-ocr-v1,capture_7325550e8ad05e,44,143,no_private_path_supplied,chips_ahoy_original__current_2020s__482__4,chips_ahoy_original,Chips Ahoy! Original Cookies,current_2020s,www.walmart.com,https://www.walmart.com/ip/10292127,"Nabisco Chips Ahoy Original Chocolate Chip Cookie 1.4 oz, 12 count - Walmart",retailer_page,panel_capture_needed,high,capture_private_panel_crop_from_source_then_run_native_vision_ocr,"manufacturer_or_distributor,archive_or_capture_coordinates",,chips_ahoy_original__current_2020s__482__4;chips_ahoy_original:chips_ahoy_original__current_2020s__482__4;https://www.walmart.com/ip/10292127,3,local_private_image_path or processed_private_image_path,rights_review_needed,source_link_only_no_public_image,"Open source, capture a private panel crop, then fill the private template path.","A private crop path exists, audit_status becomes ready_for_capture, then native OCR can run.",1,0
hybrid-ocr-v1,capture_b58a353d1d6649,45,143,no_private_path_supplied,chips_ahoy_original__earliest_verified_label__448__3,chips_ahoy_original,Chips Ahoy! Original Cookies,earliest_verified_label,upcfoodsearch.com,https://upcfoodsearch.com/food-products/chocolate-chip-cookies/044000032197/,"Nabisco Chips Ahoy! Cookies Original, UPC 044000032197 - UPC Food Search",label_database_record,panel_capture_needed,high,capture_private_panel_crop_from_source_then_run_native_vision_ocr,"front_or_primary_panel,archive_or_capture_coordinates",,chips_ahoy_original__earliest_verified_label__448__3;chips_ahoy_original:chips_ahoy_original__earliest_verified_label__448__3;https://upcfoodsearch.com/food-products/chocolate-chip-cookies/044000032197/,3,local_private_image_path or processed_private_image_path,rights_review_needed,source_link_only_no_public_image,"Open source, capture a private panel crop, then fill the private template path.","A private crop path exists, audit_status becomes ready_for_capture, then native OCR can run.",1,0
hybrid-ocr-v1,capture_5ea191c47912d5,46,143,no_private_path_supplied,cinnamon_toast_crunch__current_2020s__44__1,cinnamon_toast_crunch,Cinnamon Toast Crunch,current_2020s,www.cinnamontoastcrunch.com,https://www.cinnamontoastcrunch.com/products/cinnamon-toast-crunch-cereal,Cinnamon Toast Crunch Cereal - Cinnamon Toast Crunch,current_web_page,panel_capture_needed,high,capture_private_panel_crop_from_source_then_run_native_vision_ocr,"manufacturer_or_distributor,archive_or_capture_coordinates",,cinnamon_toast_crunch__current_2020s__44__1;cinnamon_toast_crunch:cinnamon_toast_crunch__current_2020s__44__1;https://www.cinnamontoastcrunch.com/products/cinnamon-toast-crunch-cereal,3,local_private_image_path or processed_private_image_path,rights_review_needed,source_link_only_no_public_image,"Open source, capture a private panel crop, then fill the private template path.","A private crop path exists, audit_status becomes ready_for_capture, then native OCR can run.",1,0
hybrid-ocr-v1,capture_9640a94035e759,47,143,no_private_path_supplied,cinnamon_toast_crunch__current_2020s__511__2,cinnamon_toast_crunch,Cinnamon Toast Crunch,current_2020s,www.generalmillsconvenience.com,https://www.generalmillsconvenience.com/products/cinnamon-toast-crunch-12oz,General Mills Convenience Cinnamon Toast Crunch 12 oz page,current_web_page,panel_capture_needed,high,capture_private_panel_crop_from_source_then_run_native_vision_ocr,"manufacturer_or_distributor,archive_or_capture_coordinates",,cinnamon_toast_crunch__current_2020s__511__2;cinnamon_toast_crunch:cinnamon_toast_crunch__current_2020s__511__2;https://www.generalmillsconvenience.com/products/cinnamon-toast-crunch-12oz,3,local_private_image_path or processed_private_image_path,rights_review_needed,source_link_only_no_public_image,"Open source, capture a private panel crop, then fill the private template path.","A private crop path exists, audit_status becomes ready_for_capture, then native OCR can run.",1,0
hybrid-ocr-v1,capture_1fd4008bc4870a,48,143,no_private_path_supplied,coca_cola_classic__1980s_or_earlier__725__1,coca_cola_classic,Coca-Cola Classic,1980s_or_earlier,www.flickr.com,https://www.flickr.com/photos/studioz7/29453244726,1960s Coca-Cola syrup label collector photo,collector_package_photo,panel_capture_needed,high,capture_private_panel_crop_from_source_then_run_native_vision_ocr,"package_weight_or_size,manufacturer_or_distributor,archive_or_capture_coordinates",,coca_cola_classic__1980s_or_earlier__725__1;coca_cola_classic:coca_cola_classic__1980s_or_earlier__725__1;https://www.flickr.com/photos/studioz7/29453244726,3,local_private_image_path or processed_private_image_path,rights_review_needed,source_link_only_no_public_image,"Open source, capture a private panel crop, then fill the private template path.","A private crop path exists, audit_status becomes ready_for_capture, then native OCR can run.",1,0
hybrid-ocr-v1,capture_f1b06c5e72b5f7,49,143,no_private_path_supplied,coca_cola_classic__current_2020s__249__1,coca_cola_classic,Coca-Cola Classic,current_2020s,www.coca-cola.com,https://www.coca-cola.com/us/en/brands/coca-cola/products/original?redirect=true,Coca-Cola Original Soda current US product page,brand_label_page,panel_capture_needed,high,capture_private_panel_crop_from_source_then_run_native_vision_ocr,"front_or_primary_panel,package_weight_or_size,manufacturer_or_distributor,archive_or_capture_coordinates",,coca_cola_classic__current_2020s__249__1;coca_cola_classic:coca_cola_classic__current_2020s__249__1;https://www.coca-cola.com/us/en/brands/coca-cola/products/original?redirect=true,3,local_private_image_path or processed_private_image_path,rights_review_needed,source_link_only_no_public_image,"Open source, capture a private panel crop, then fill the private template path.","A private crop path exists, audit_status becomes ready_for_capture, then native OCR can run.",1,0
hybrid-ocr-v1,capture_7fa68e51b3be85,50,143,no_private_path_supplied,coca_cola_classic__earliest_verified_label__725__1,coca_cola_classic,Coca-Cola Classic,earliest_verified_label,www.flickr.com,https://www.flickr.com/photos/studioz7/29453244726,1960s Coca-Cola syrup label collector photo,collector_package_photo,panel_capture_needed,high,capture_private_panel_crop_from_source_then_run_native_vision_ocr,"package_weight_or_size,manufacturer_or_distributor,archive_or_capture_coordinates",,coca_cola_classic__earliest_verified_label__725__1;coca_cola_classic:coca_cola_classic__earliest_verified_label__725__1;https://www.flickr.com/photos/studioz7/29453244726,3,local_private_image_path or processed_private_image_path,rights_review_needed,source_link_only_no_public_image,"Open source, capture a private panel crop, then fill the private template path.","A private crop path exists, audit_status becomes ready_for_capture, then native OCR can run.",1,0
hybrid-ocr-v1,capture_0cb0578d074a16,51,143,no_private_path_supplied,cocoa_puffs__current_2020s__75__4,cocoa_puffs,Cocoa Puffs,current_2020s,www.generalmills.com,https://www.generalmills.com/food-we-make/brands/cocoa-puffs,Cocoa Puffs - General Mills,brand_label_page,panel_capture_needed,high,capture_private_panel_crop_from_source_then_run_native_vision_ocr,"front_or_primary_panel,package_weight_or_size,manufacturer_or_distributor,archive_or_capture_coordinates",,cocoa_puffs__current_2020s__75__4;cocoa_puffs:cocoa_puffs__current_2020s__75__4;https://www.generalmills.com/food-we-make/brands/cocoa-puffs,3,local_private_image_path or processed_private_image_path,rights_review_needed,source_link_only_no_public_image,"Open source, capture a private panel crop, then fill the private template path.","A private crop path exists, audit_status becomes ready_for_capture, then native OCR can run.",1,0
hybrid-ocr-v1,capture_8866132e9262ca,52,143,no_private_path_supplied,cocoa_puffs__current_2020s__76__3,cocoa_puffs,Cocoa Puffs,current_2020s,www.cvs.com,https://www.cvs.com/shop/ingredients/general-mills-cocoa-puffs-whole-grain-cereal-10-4-oz-prodid-558865,"General Mills Cocoa Puffs Whole Grain Cereal, 10.4 oz Ingredients - CVS",current_web_page,panel_capture_needed,high,capture_private_panel_crop_from_source_then_run_native_vision_ocr,"front_or_primary_panel,package_weight_or_size,manufacturer_or_distributor,archive_or_capture_coordinates",,cocoa_puffs__current_2020s__76__3;cocoa_puffs:cocoa_puffs__current_2020s__76__3;https://www.cvs.com/shop/ingredients/general-mills-cocoa-puffs-whole-grain-cereal-10-4-oz-prodid-558865,3,local_private_image_path or processed_private_image_path,rights_review_needed,source_link_only_no_public_image,"Open source, capture a private panel crop, then fill the private template path.","A private crop path exists, audit_status becomes ready_for_capture, then native OCR can run.",1,0
hybrid-ocr-v1,capture_f3f81870ae3c2d,53,143,no_private_path_supplied,doritos_nacho_cheese__2010s__469__2,doritos_nacho_cheese,Doritos Nacho Cheese,2010s,www.heb.com,https://www.heb.com/product-detail/doritos-nacho-cheese-flavored-tortilla-chips/1530760,Doritos Nacho Cheese Flavored Tortilla Chips - H-E-B,current_web_page,panel_capture_needed,high,capture_private_panel_crop_from_source_then_run_native_vision_ocr,"manufacturer_or_distributor,archive_or_capture_coordinates",,doritos_nacho_cheese__2010s__469__2;doritos_nacho_cheese:doritos_nacho_cheese__2010s__469__2;https://www.heb.com/product-detail/doritos-nacho-cheese-flavored-tortilla-chips/1530760,3,local_private_image_path or processed_private_image_path,rights_review_needed,source_link_only_no_public_image,"Open source, capture a private panel crop, then fill the private template path.","A private crop path exists, audit_status becomes ready_for_capture, then native OCR can run.",1,0
hybrid-ocr-v1,capture_53e5101aec751e,54,143,no_private_path_supplied,doritos_nacho_cheese__current_2020s__250__2,doritos_nacho_cheese,Doritos Nacho Cheese,current_2020s,www.kroger.com,https://www.kroger.com/p/doritos-nacho-cheese-flavored-tortilla-chips/0002840033579,"Doritos Nacho Cheese Flavored Tortilla Chips, 10.5 oz - Kroger",retailer_page,panel_capture_needed,high,capture_private_panel_crop_from_source_then_run_native_vision_ocr,"manufacturer_or_distributor,archive_or_capture_coordinates",,doritos_nacho_cheese__current_2020s__250__2;doritos_nacho_cheese:doritos_nacho_cheese__current_2020s__250__2;https://www.kroger.com/p/doritos-nacho-cheese-flavored-tortilla-chips/0002840033579,3,local_private_image_path or processed_private_image_path,rights_review_needed,source_link_only_no_public_image,"Open source, capture a private panel crop, then fill the private template path.","A private crop path exists, audit_status becomes ready_for_capture, then native OCR can run.",1,0
hybrid-ocr-v1,capture_b96e09fed2006b,55,143,no_private_path_supplied,doritos_nacho_cheese__current_2020s__407__1,doritos_nacho_cheese,Doritos Nacho Cheese,current_2020s,wvww.gardengrocer.com,https://wvww.gardengrocer.com/product/1762-doritos-tortilla-chips-nacho-cheese-975oz-bag,Doritos Tortilla Chips Nacho Cheese 9.75oz Bag - Garden Grocer,current_web_page,panel_capture_needed,high,capture_private_panel_crop_from_source_then_run_native_vision_ocr,"manufacturer_or_distributor,archive_or_capture_coordinates",,doritos_nacho_cheese__current_2020s__407__1;doritos_nacho_cheese:doritos_nacho_cheese__current_2020s__407__1;https://wvww.gardengrocer.com/product/1762-doritos-tortilla-chips-nacho-cheese-975oz-bag,3,local_private_image_path or processed_private_image_path,rights_review_needed,source_link_only_no_public_image,"Open source, capture a private panel crop, then fill the private template path.","A private crop path exists, audit_status becomes ready_for_capture, then native OCR can run.",1,0
hybrid-ocr-v1,capture_74ed151e2535f9,56,143,no_private_path_supplied,doritos_nacho_cheese__current_2020s__469__3,doritos_nacho_cheese,Doritos Nacho Cheese,current_2020s,www.heb.com,https://www.heb.com/product-detail/doritos-nacho-cheese-flavored-tortilla-chips/1530760,Doritos Nacho Cheese Flavored Tortilla Chips - H-E-B,current_web_page,panel_capture_needed,high,capture_private_panel_crop_from_source_then_run_native_vision_ocr,"manufacturer_or_distributor,archive_or_capture_coordinates",,doritos_nacho_cheese__current_2020s__469__3;doritos_nacho_cheese:doritos_nacho_cheese__current_2020s__469__3;https://www.heb.com/product-detail/doritos-nacho-cheese-flavored-tortilla-chips/1530760,3,local_private_image_path or processed_private_image_path,rights_review_needed,source_link_only_no_public_image,"Open source, capture a private panel crop, then fill the private template path.","A private crop path exists, audit_status becomes ready_for_capture, then native OCR can run.",1,0
hybrid-ocr-v1,capture_a4c35ac0a8f4f4,57,143,no_private_path_supplied,doritos_nacho_cheese__current_2020s__727__4,doritos_nacho_cheese,Doritos Nacho Cheese,current_2020s,smartlabel.pepsico.info,https://smartlabel.pepsico.info/028400017305-0007-en-US/index.html,Doritos Nacho Cheese SmartLabel current page,brand_label_page,panel_capture_needed,high,capture_private_panel_crop_from_source_then_run_native_vision_ocr,"front_or_primary_panel,package_weight_or_size,manufacturer_or_distributor,archive_or_capture_coordinates",,doritos_nacho_cheese__current_2020s__727__4;doritos_nacho_cheese:doritos_nacho_cheese__current_2020s__727__4;https://smartlabel.pepsico.info/028400017305-0007-en-US/index.html,3,local_private_image_path or processed_private_image_path,rights_review_needed,source_link_only_no_public_image,"Open source, capture a private panel crop, then fill the private template path.","A private crop path exists, audit_status becomes ready_for_capture, then native OCR can run.",1,0
hybrid-ocr-v1,capture_0a2c2378eeed32,58,143,no_private_path_supplied,dr_pepper_original__current_2020s__1085__3,dr_pepper_original,Dr Pepper Original,current_2020s,www.walmart.com,https://www.walmart.com/ip/121314773,"Dr Pepper Soda Pop, 16 fl oz Aluminum Bottle - Walmart",retailer_page,panel_capture_needed,high,capture_private_panel_crop_from_source_then_run_native_vision_ocr,"manufacturer_or_distributor,archive_or_capture_coordinates",,dr_pepper_original__current_2020s__1085__3;dr_pepper_original:dr_pepper_original__current_2020s__1085__3;https://www.walmart.com/ip/121314773,3,local_private_image_path or processed_private_image_path,rights_review_needed,source_link_only_no_public_image,"Open source, capture a private panel crop, then fill the private template path.","A private crop path exists, audit_status becomes ready_for_capture, then native OCR can run.",1,0
hybrid-ocr-v1,capture_83198ea02c9a0a,59,143,no_private_path_supplied,dr_pepper_original__current_2020s__261__1,dr_pepper_original,Dr Pepper Original,current_2020s,www.target.com,https://www.target.com/p/-/A-12965290,Dr Pepper Soda 12 pk / 12 fl oz Cans - Target,retailer_page,panel_capture_needed,high,capture_private_panel_crop_from_source_then_run_native_vision_ocr,"manufacturer_or_distributor,archive_or_capture_coordinates",,dr_pepper_original__current_2020s__261__1;dr_pepper_original:dr_pepper_original__current_2020s__261__1;https://www.target.com/p/-/A-12965290,3,local_private_image_path or processed_private_image_path,rights_review_needed,source_link_only_no_public_image,"Open source, capture a private panel crop, then fill the private template path.","A private crop path exists, audit_status becomes ready_for_capture, then native OCR can run.",1,0
hybrid-ocr-v1,capture_aa39ad03b82710,60,143,no_private_path_supplied,dr_pepper_original__current_2020s__506__2,dr_pepper_original,Dr Pepper Original,current_2020s,www.kroger.com,https://www.kroger.com/p/dr-pepper-soda/0007800008246,Dr Pepper Soda 2 L bottle Kroger page,retailer_page,panel_capture_needed,high,capture_private_panel_crop_from_source_then_run_native_vision_ocr,"manufacturer_or_distributor,archive_or_capture_coordinates",,dr_pepper_original__current_2020s__506__2;dr_pepper_original:dr_pepper_original__current_2020s__506__2;https://www.kroger.com/p/dr-pepper-soda/0007800008246,3,local_private_image_path or processed_private_image_path,rights_review_needed,source_link_only_no_public_image,"Open source, capture a private panel crop, then fill the private template path.","A private crop path exists, audit_status becomes ready_for_capture, then native OCR can run.",1,0
hybrid-ocr-v1,capture_d8c17c84f0d161,61,143,no_private_path_supplied,dr_pepper_original__current_2020s__52__4,dr_pepper_original,Dr Pepper Original,current_2020s,www.kroger.com,https://www.kroger.com/p/dr-pepper/0007800008216,"Dr Pepper Soda Cans, 12 pk / 12 fl oz - Kroger",retailer_page,panel_capture_needed,high,capture_private_panel_crop_from_source_then_run_native_vision_ocr,"front_or_primary_panel,manufacturer_or_distributor,archive_or_capture_coordinates",,dr_pepper_original__current_2020s__52__4;dr_pepper_original:dr_pepper_original__current_2020s__52__4;https://www.kroger.com/p/dr-pepper/0007800008216,3,local_private_image_path or processed_private_image_path,rights_review_needed,source_link_only_no_public_image,"Open source, capture a private panel crop, then fill the private template path.","A private crop path exists, audit_status becomes ready_for_capture, then native OCR can run.",1,0
hybrid-ocr-v1,capture_d9d3321c3ddb6d,62,143,no_private_path_supplied,eggo_homestyle_waffles__2010s__775__1,eggo_homestyle_waffles,Eggo Homestyle Waffles,2010s,www.upcitemdb.com,https://www.upcitemdb.com/upc/38000017148,"UPCItemDB Eggo Mini Homestyle Waffles record, scanned 2019",current_web_page,panel_capture_needed,high,capture_private_panel_crop_from_source_then_run_native_vision_ocr,"front_or_primary_panel,package_weight_or_size,manufacturer_or_distributor,archive_or_capture_coordinates",,eggo_homestyle_waffles__2010s__775__1;eggo_homestyle_waffles:eggo_homestyle_waffles__2010s__775__1;https://www.upcitemdb.com/upc/38000017148,3,local_private_image_path or processed_private_image_path,rights_review_needed,source_link_only_no_public_image,"Open source, capture a private panel crop, then fill the private template path.","A private crop path exists, audit_status becomes ready_for_capture, then native OCR can run.",1,0
hybrid-ocr-v1,capture_cc7b6e8d38dc03,63,143,no_private_path_supplied,eggo_homestyle_waffles__current_2020s__626__4,eggo_homestyle_waffles,Eggo Homestyle Waffles,current_2020s,www.leggomyeggo.com,https://www.leggomyeggo.com/en_US/eggo-homestyle-waffles-product.html,Eggo Homestyle Waffles official product page,current_web_page,panel_capture_needed,high,capture_private_panel_crop_from_source_then_run_native_vision_ocr,"front_or_primary_panel,package_weight_or_size,manufacturer_or_distributor,archive_or_capture_coordinates",,eggo_homestyle_waffles__current_2020s__626__4;eggo_homestyle_waffles:eggo_homestyle_waffles__current_2020s__626__4;https://www.leggomyeggo.com/en_US/eggo-homestyle-waffles-product.html,3,local_private_image_path or processed_private_image_path,rights_review_needed,source_link_only_no_public_image,"Open source, capture a private panel crop, then fill the private template path.","A private crop path exists, audit_status becomes ready_for_capture, then native OCR can run.",1,0
hybrid-ocr-v1,capture_1c6c2bb3a7e3cb,64,143,no_private_path_supplied,eggo_homestyle_waffles__current_2020s__68__2,eggo_homestyle_waffles,Eggo Homestyle Waffles,current_2020s,www.leggomyeggo.com,https://www.leggomyeggo.com/en-us/products/waffles/homestyle-waffles-product.html,Eggo Homestyle Waffles - Eggo,current_web_page,panel_capture_needed,high,capture_private_panel_crop_from_source_then_run_native_vision_ocr,"front_or_primary_panel,manufacturer_or_distributor,archive_or_capture_coordinates",,eggo_homestyle_waffles__current_2020s__68__2;eggo_homestyle_waffles:eggo_homestyle_waffles__current_2020s__68__2;https://www.leggomyeggo.com/en-us/products/waffles/homestyle-waffles-product.html,3,local_private_image_path or processed_private_image_path,rights_review_needed,source_link_only_no_public_image,"Open source, capture a private panel crop, then fill the private template path.","A private crop path exists, audit_status becomes ready_for_capture, then native OCR can run.",1,0
hybrid-ocr-v1,capture_4bc802d6ca7a1e,65,143,no_private_path_supplied,eggo_homestyle_waffles__current_2020s__773__3,eggo_homestyle_waffles,Eggo Homestyle Waffles,current_2020s,www.kellanovaawayfromhome.com,https://www.kellanovaawayfromhome.com/en-us/products/eggo-homestyle-waffles-product.00038000178672.html,Kellanova Away From Home Eggo Homestyle Waffles product page,current_web_page,panel_capture_needed,high,capture_private_panel_crop_from_source_then_run_native_vision_ocr,"front_or_primary_panel,package_weight_or_size,manufacturer_or_distributor,archive_or_capture_coordinates",,eggo_homestyle_waffles__current_2020s__773__3;eggo_homestyle_waffles:eggo_homestyle_waffles__current_2020s__773__3;https://www.kellanovaawayfromhome.com/en-us/products/eggo-homestyle-waffles-product.00038000178672.html,3,local_private_image_path or processed_private_image_path,rights_review_needed,source_link_only_no_public_image,"Open source, capture a private panel crop, then fill the private template path.","A private crop path exists, audit_status becomes ready_for_capture, then native OCR can run.",1,0
hybrid-ocr-v1,capture_4a972e27c69331,66,143,no_private_path_supplied,eggo_homestyle_waffles__current_2020s__776__5,eggo_homestyle_waffles,Eggo Homestyle Waffles,current_2020s,www.upcitemdb.com,https://www.upcitemdb.com/upc/38000402807,"UPCItemDB Eggo Homestyle family pack record, scanned 2020",current_web_page,panel_capture_needed,high,capture_private_panel_crop_from_source_then_run_native_vision_ocr,"front_or_primary_panel,package_weight_or_size,manufacturer_or_distributor,archive_or_capture_coordinates",,eggo_homestyle_waffles__current_2020s__776__5;eggo_homestyle_waffles:eggo_homestyle_waffles__current_2020s__776__5;https://www.upcitemdb.com/upc/38000402807,3,local_private_image_path or processed_private_image_path,rights_review_needed,source_link_only_no_public_image,"Open source, capture a private panel crop, then fill the private template path.","A private crop path exists, audit_status becomes ready_for_capture, then native OCR can run.",1,0
hybrid-ocr-v1,capture_23976b7b7ac554,67,143,no_private_path_supplied,fig_newtons__2010s__59__1,fig_newtons,Fig Newtons,2010s,www.walmart.com,https://www.walmart.com/ip/13281445,"Nabisco Fig Newtons Cookies, 14 oz - Walmart",retailer_page,panel_capture_needed,high,capture_private_panel_crop_from_source_then_run_native_vision_ocr,"front_or_primary_panel,manufacturer_or_distributor,archive_or_capture_coordinates",,fig_newtons__2010s__59__1;fig_newtons:fig_newtons__2010s__59__1;https://www.walmart.com/ip/13281445,3,local_private_image_path or processed_private_image_path,rights_review_needed,source_link_only_no_public_image,"Open source, capture a private panel crop, then fill the private template path.","A private crop path exists, audit_status becomes ready_for_capture, then native OCR can run.",1,0
hybrid-ocr-v1,capture_cc78fff6a31bb4,68,143,no_private_path_supplied,fig_newtons__current_2020s__300__1,fig_newtons,Fig Newtons,current_2020s,www.walmart.com,https://www.walmart.com/ip/16893752394,"Newtons Soft & Fruit Chewy Fig Cookies, 10 oz - Walmart",retailer_page,panel_capture_needed,high,capture_private_panel_crop_from_source_then_run_native_vision_ocr,"manufacturer_or_distributor,archive_or_capture_coordinates",,fig_newtons__current_2020s__300__1;fig_newtons:fig_newtons__current_2020s__300__1;https://www.walmart.com/ip/16893752394,3,local_private_image_path or processed_private_image_path,rights_review_needed,source_link_only_no_public_image,"Open source, capture a private panel crop, then fill the private template path.","A private crop path exists, audit_status becomes ready_for_capture, then native OCR can run.",1,0
hybrid-ocr-v1,capture_eb99d8c3d9a1e3,69,143,no_private_path_supplied,fig_newtons__current_2020s__520__2,fig_newtons,Fig Newtons,current_2020s,www.walmart.com,https://www.walmart.com/ip/108444023,Newtons 100% Whole Grain Wheat Fig Cookies 10 oz Walmart page,retailer_page,panel_capture_needed,high,capture_private_panel_crop_from_source_then_run_native_vision_ocr,"manufacturer_or_distributor,archive_or_capture_coordinates",,fig_newtons__current_2020s__520__2;fig_newtons:fig_newtons__current_2020s__520__2;https://www.walmart.com/ip/108444023,3,local_private_image_path or processed_private_image_path,rights_review_needed,source_link_only_no_public_image,"Open source, capture a private panel crop, then fill the private template path.","A private crop path exists, audit_status becomes ready_for_capture, then native OCR can run.",1,0
hybrid-ocr-v1,capture_0fe0b1ae6e245a,70,143,no_private_path_supplied,fig_newtons__current_2020s__58__4,fig_newtons,Fig Newtons,current_2020s,smartlabel.mondelez.info,https://smartlabel.mondelez.info/044000078348-0001-en-US/index.html,Newtons Soft & Chewy Fig Fruit Chewy Cookies - SmartLabel,brand_label_page,panel_capture_needed,high,capture_private_panel_crop_from_source_then_run_native_vision_ocr,"front_or_primary_panel,manufacturer_or_distributor,archive_or_capture_coordinates",,fig_newtons__current_2020s__58__4;fig_newtons:fig_newtons__current_2020s__58__4;https://smartlabel.mondelez.info/044000078348-0001-en-US/index.html,3,local_private_image_path or processed_private_image_path,rights_review_needed,source_link_only_no_public_image,"Open source, capture a private panel crop, then fill the private template path.","A private crop path exists, audit_status becomes ready_for_capture, then native OCR can run.",1,0
hybrid-ocr-v1,capture_5f93279005a45b,71,143,no_private_path_supplied,fritos_original__current_2020s__77__4,fritos_original,Fritos Original Corn Chips,current_2020s,smartlabel.pepsico.info,https://smartlabel.pepsico.info/028400017206-0003-en-US/index.html,"Fritos, The Original, Corn Chips - SmartLabel",brand_label_page,panel_capture_needed,high,capture_private_panel_crop_from_source_then_run_native_vision_ocr,"front_or_primary_panel,manufacturer_or_distributor,archive_or_capture_coordinates",,fritos_original__current_2020s__77__4;fritos_original:fritos_original__current_2020s__77__4;https://smartlabel.pepsico.info/028400017206-0003-en-US/index.html,3,local_private_image_path or processed_private_image_path,rights_review_needed,source_link_only_no_public_image,"Open source, capture a private panel crop, then fill the private template path.","A private crop path exists, audit_status becomes ready_for_capture, then native OCR can run.",1,0
hybrid-ocr-v1,capture_8e3c66cd39044a,72,143,no_private_path_supplied,gatorade_lemon_lime__current_2020s__1021__4,gatorade_lemon_lime,Gatorade Lemon-Lime,current_2020s,smartlabel.pepsico.info,https://smartlabel.pepsico.info/052000058987-0001-en-US/index.html,Gatorade Lemon Lime SmartLabel 16.9 fl oz bottle UPC 052000058987,brand_label_page,panel_capture_needed,high,capture_private_panel_crop_from_source_then_run_native_vision_ocr,"front_or_primary_panel,manufacturer_or_distributor,archive_or_capture_coordinates",,gatorade_lemon_lime__current_2020s__1021__4;gatorade_lemon_lime:gatorade_lemon_lime__current_2020s__1021__4;https://smartlabel.pepsico.info/052000058987-0001-en-US/index.html,3,local_private_image_path or processed_private_image_path,rights_review_needed,source_link_only_no_public_image,"Open source, capture a private panel crop, then fill the private template path.","A private crop path exists, audit_status becomes ready_for_capture, then native OCR can run.",1,0
hybrid-ocr-v1,capture_2d26d02b71fb7e,73,143,no_private_path_supplied,gatorade_lemon_lime__current_2020s__1022__6,gatorade_lemon_lime,Gatorade Lemon-Lime,current_2020s,smartlabel.pepsico.info,https://smartlabel.pepsico.info/052000328684-0011-en-US/index.html,Gatorade Lemon Lime SmartLabel UPC 052000328684,brand_label_page,panel_capture_needed,high,capture_private_panel_crop_from_source_then_run_native_vision_ocr,"front_or_primary_panel,manufacturer_or_distributor,archive_or_capture_coordinates",,gatorade_lemon_lime__current_2020s__1022__6;gatorade_lemon_lime:gatorade_lemon_lime__current_2020s__1022__6;https://smartlabel.pepsico.info/052000328684-0011-en-US/index.html,3,local_private_image_path or processed_private_image_path,rights_review_needed,source_link_only_no_public_image,"Open source, capture a private panel crop, then fill the private template path.","A private crop path exists, audit_status becomes ready_for_capture, then native OCR can run.",1,0
hybrid-ocr-v1,capture_47cfce55117289,74,143,no_private_path_supplied,gatorade_lemon_lime__current_2020s__659__5,gatorade_lemon_lime,Gatorade Lemon-Lime,current_2020s,www.gatorade.com,https://www.gatorade.com/products/gatorade-thirst-quencher,Gatorade Thirst Quencher Lemon-Lime official product page,current_web_page,panel_capture_needed,high,capture_private_panel_crop_from_source_then_run_native_vision_ocr,"front_or_primary_panel,manufacturer_or_distributor,archive_or_capture_coordinates",,gatorade_lemon_lime__current_2020s__659__5;gatorade_lemon_lime:gatorade_lemon_lime__current_2020s__659__5;https://www.gatorade.com/products/gatorade-thirst-quencher,3,local_private_image_path or processed_private_image_path,rights_review_needed,source_link_only_no_public_image,"Open source, capture a private panel crop, then fill the private template path.","A private crop path exists, audit_status becomes ready_for_capture, then native OCR can run.",1,0
hybrid-ocr-v1,capture_4c70fc515d0487,75,143,no_private_path_supplied,gatorade_lemon_lime__current_2020s__81__3,gatorade_lemon_lime,Gatorade Lemon-Lime,current_2020s,smartlabel.pepsico.info,https://smartlabel.pepsico.info/052000208054-0012-en-US/index.html,Gatorade Lemon-Lime Flavored Thirst Quencher - SmartLabel,brand_label_page,panel_capture_needed,high,capture_private_panel_crop_from_source_then_run_native_vision_ocr,"front_or_primary_panel,manufacturer_or_distributor,archive_or_capture_coordinates",,gatorade_lemon_lime__current_2020s__81__3;gatorade_lemon_lime:gatorade_lemon_lime__current_2020s__81__3;https://smartlabel.pepsico.info/052000208054-0012-en-US/index.html,3,local_private_image_path or processed_private_image_path,rights_review_needed,source_link_only_no_public_image,"Open source, capture a private panel crop, then fill the private template path.","A private crop path exists, audit_status becomes ready_for_capture, then native OCR can run.",1,0
hybrid-ocr-v1,capture_ad34e258076ce4,76,143,no_private_path_supplied,heinz_tomato_ketchup__current_2020s__251__3,heinz_tomato_ketchup,Heinz Tomato Ketchup,current_2020s,www.heinz.com,https://www.heinz.com/products/00013000006408-tomato-ketchup,Tomato Ketchup - Heinz,current_web_page,panel_capture_needed,high,capture_private_panel_crop_from_source_then_run_native_vision_ocr,"manufacturer_or_distributor,archive_or_capture_coordinates",,heinz_tomato_ketchup__current_2020s__251__3;heinz_tomato_ketchup:heinz_tomato_ketchup__current_2020s__251__3;https://www.heinz.com/products/00013000006408-tomato-ketchup,3,local_private_image_path or processed_private_image_path,rights_review_needed,source_link_only_no_public_image,"Open source, capture a private panel crop, then fill the private template path.","A private crop path exists, audit_status becomes ready_for_capture, then native OCR can run.",1,0
hybrid-ocr-v1,capture_fb6252f182c4ed,77,143,no_private_path_supplied,heinz_tomato_ketchup__current_2020s__504__2,heinz_tomato_ketchup,Heinz Tomato Ketchup,current_2020s,www.walmart.com,https://www.walmart.com/ip/19362103123,Heinz Tomato Ketchup 20 oz bottle Walmart page,retailer_page,panel_capture_needed,high,capture_private_panel_crop_from_source_then_run_native_vision_ocr,"manufacturer_or_distributor,archive_or_capture_coordinates",,heinz_tomato_ketchup__current_2020s__504__2;heinz_tomato_ketchup:heinz_tomato_ketchup__current_2020s__504__2;https://www.walmart.com/ip/19362103123,3,local_private_image_path or processed_private_image_path,rights_review_needed,source_link_only_no_public_image,"Open source, capture a private panel crop, then fill the private template path.","A private crop path exists, audit_status becomes ready_for_capture, then native OCR can run.",1,0
hybrid-ocr-v1,capture_12336f19113a38,78,143,no_private_path_supplied,heinz_tomato_ketchup__current_2020s__505__1,heinz_tomato_ketchup,Heinz Tomato Ketchup,current_2020s,www.walmart.com,https://www.walmart.com/ip/20971263,Heinz Tomato Ketchup 14 oz bottle Walmart page,retailer_page,panel_capture_needed,high,capture_private_panel_crop_from_source_then_run_native_vision_ocr,"manufacturer_or_distributor,archive_or_capture_coordinates",,heinz_tomato_ketchup__current_2020s__505__1;heinz_tomato_ketchup:heinz_tomato_ketchup__current_2020s__505__1;https://www.walmart.com/ip/20971263,3,local_private_image_path or processed_private_image_path,rights_review_needed,source_link_only_no_public_image,"Open source, capture a private panel crop, then fill the private template path.","A private crop path exists, audit_status becomes ready_for_capture, then native OCR can run.",1,0
hybrid-ocr-v1,capture_82c143dcaff5f6,79,143,no_private_path_supplied,heinz_tomato_ketchup__current_2020s__847__4,heinz_tomato_ketchup,Heinz Tomato Ketchup,current_2020s,www.walmart.com,https://www.walmart.com/ip/22217916,Heinz Tomato Ketchup 38 oz Walmart product page,retailer_page,panel_capture_needed,high,capture_private_panel_crop_from_source_then_run_native_vision_ocr,"manufacturer_or_distributor,archive_or_capture_coordinates",,heinz_tomato_ketchup__current_2020s__847__4;heinz_tomato_ketchup:heinz_tomato_ketchup__current_2020s__847__4;https://www.walmart.com/ip/22217916,3,local_private_image_path or processed_private_image_path,rights_review_needed,source_link_only_no_public_image,"Open source, capture a private panel crop, then fill the private template path.","A private crop path exists, audit_status becomes ready_for_capture, then native OCR can run.",1,0
hybrid-ocr-v1,capture_9b127df8c02a02,80,143,no_private_path_supplied,heinz_tomato_ketchup__current_2020s__848__7,heinz_tomato_ketchup,Heinz Tomato Ketchup,current_2020s,www.walmart.com,https://www.walmart.com/ip/149302230,Heinz Tomato Ketchup 20 oz 12 pack Walmart page,retailer_page,panel_capture_needed,high,capture_private_panel_crop_from_source_then_run_native_vision_ocr,"front_or_primary_panel,manufacturer_or_distributor,archive_or_capture_coordinates",,heinz_tomato_ketchup__current_2020s__848__7;heinz_tomato_ketchup:heinz_tomato_ketchup__current_2020s__848__7;https://www.walmart.com/ip/149302230,3,local_private_image_path or processed_private_image_path,rights_review_needed,source_link_only_no_public_image,"Open source, capture a private panel crop, then fill the private template path.","A private crop path exists, audit_status becomes ready_for_capture, then native OCR can run.",1,0
hybrid-ocr-v1,capture_a0da073305234d,81,143,no_private_path_supplied,hellmanns_mayonnaise_real__current_2020s__1023__5,hellmanns_mayonnaise_real,Hellmann's Real Mayonnaise,current_2020s,www.qualityfoods.com,https://www.qualityfoods.com/product/hellmanns-real-mayonnaise-id-00068400662105,Quality Foods Hellmann's Real Mayonnaise retailer page,current_web_page,panel_capture_needed,high,capture_private_panel_crop_from_source_then_run_native_vision_ocr,"front_or_primary_panel,manufacturer_or_distributor,archive_or_capture_coordinates",,hellmanns_mayonnaise_real__current_2020s__1023__5;hellmanns_mayonnaise_real:hellmanns_mayonnaise_real__current_2020s__1023__5;https://www.qualityfoods.com/product/hellmanns-real-mayonnaise-id-00068400662105,3,local_private_image_path or processed_private_image_path,rights_review_needed,source_link_only_no_public_image,"Open source, capture a private panel crop, then fill the private template path.","A private crop path exists, audit_status becomes ready_for_capture, then native OCR can run.",1,0
hybrid-ocr-v1,capture_557ddadd15463d,82,143,no_private_path_supplied,hellmanns_mayonnaise_real__current_2020s__850__6,hellmanns_mayonnaise_real,Hellmann's Real Mayonnaise,current_2020s,smartlabel.unileverusa.com,https://smartlabel.unileverusa.com/048001213388-0001-en-US/index.html,Hellmann's Real Mayonnaise SmartLabel page,brand_label_page,panel_capture_needed,high,capture_private_panel_crop_from_source_then_run_native_vision_ocr,"front_or_primary_panel,package_weight_or_size,manufacturer_or_distributor,archive_or_capture_coordinates",,hellmanns_mayonnaise_real__current_2020s__850__6;hellmanns_mayonnaise_real:hellmanns_mayonnaise_real__current_2020s__850__6;https://smartlabel.unileverusa.com/048001213388-0001-en-US/index.html,3,local_private_image_path or processed_private_image_path,rights_review_needed,source_link_only_no_public_image,"Open source, capture a private panel crop, then fill the private template path.","A private crop path exists, audit_status becomes ready_for_capture, then native OCR can run.",1,0
hybrid-ocr-v1,capture_924541a91afd1d,83,143,no_private_path_supplied,hersheys_milk_chocolate_bar__current_2020s__25__1,hersheys_milk_chocolate_bar,Hershey's Milk Chocolate Bar,current_2020s,smartlabel.hersheys.com,https://smartlabel.hersheys.com/034000290055-0051-en-US/index.html,"HERSHEY'S Milk Chocolate 6 full size bars 9.3 oz SmartLabel, updated 2024",brand_label_page,panel_capture_needed,high,capture_private_panel_crop_from_source_then_run_native_vision_ocr,"front_or_primary_panel,archive_or_capture_coordinates",,hersheys_milk_chocolate_bar__current_2020s__25__1;hersheys_milk_chocolate_bar:hersheys_milk_chocolate_bar__current_2020s__25__1;https://smartlabel.hersheys.com/034000290055-0051-en-US/index.html,3,local_private_image_path or processed_private_image_path,rights_review_needed,source_link_only_no_public_image,"Open source, capture a private panel crop, then fill the private template path.","A private crop path exists, audit_status becomes ready_for_capture, then native OCR can run.",1,0
hybrid-ocr-v1,capture_4e38c24c930ca4,84,143,no_private_path_supplied,hersheys_milk_chocolate_bar__current_2020s__496__2,hersheys_milk_chocolate_bar,Hershey's Milk Chocolate Bar,current_2020s,smartlabel.hersheys.com,https://smartlabel.hersheys.com/034000859474-0050-en-US/index.html,"HERSHEY'S Milk Chocolate Bar 1.55 oz SmartLabel, updated 2023",brand_label_page,panel_capture_needed,high,capture_private_panel_crop_from_source_then_run_native_vision_ocr,"front_or_primary_panel,archive_or_capture_coordinates",,hersheys_milk_chocolate_bar__current_2020s__496__2;hersheys_milk_chocolate_bar:hersheys_milk_chocolate_bar__current_2020s__496__2;https://smartlabel.hersheys.com/034000859474-0050-en-US/index.html,3,local_private_image_path or processed_private_image_path,rights_review_needed,source_link_only_no_public_image,"Open source, capture a private panel crop, then fill the private template path.","A private crop path exists, audit_status becomes ready_for_capture, then native OCR can run.",1,0
hybrid-ocr-v1,capture_890561ccfe2ca1,85,143,no_private_path_supplied,hidden_valley_ranch_original__current_2020s__95__3,hidden_valley_ranch_original,Hidden Valley Original Ranch,current_2020s,www.hiddenvalley.com,https://www.hiddenvalley.com/products/bottled-dressings/original-ranch/original-ranch/,Hidden Valley Original Ranch Condiment & Salad Dressing - Hidden Valley,brand_label_page,panel_capture_needed,high,capture_private_panel_crop_from_source_then_run_native_vision_ocr,"front_or_primary_panel,manufacturer_or_distributor,archive_or_capture_coordinates",,hidden_valley_ranch_original__current_2020s__95__3;hidden_valley_ranch_original:hidden_valley_ranch_original__current_2020s__95__3;https://www.hiddenvalley.com/products/bottled-dressings/original-ranch/original-ranch/,3,local_private_image_path or processed_private_image_path,rights_review_needed,source_link_only_no_public_image,"Open source, capture a private panel crop, then fill the private template path.","A private crop path exists, audit_status becomes ready_for_capture, then native OCR can run.",1,0
hybrid-ocr-v1,capture_bfc4383a57f991,86,143,no_private_path_supplied,hidden_valley_ranch_original__earliest_verified_label__454__2,hidden_valley_ranch_original,Hidden Valley Original Ranch,earliest_verified_label,upcfoodsearch.com,https://upcfoodsearch.com/food-products/ranch-dressing/071100000214/,"Hidden Valley Ranch Dressing & Topping Original, UPC 071100000214 - UPC Food Search",label_database_record,panel_capture_needed,high,capture_private_panel_crop_from_source_then_run_native_vision_ocr,"front_or_primary_panel,archive_or_capture_coordinates",,hidden_valley_ranch_original__earliest_verified_label__454__2;hidden_valley_ranch_original:hidden_valley_ranch_original__earliest_verified_label__454__2;https://upcfoodsearch.com/food-products/ranch-dressing/071100000214/,3,local_private_image_path or processed_private_image_path,rights_review_needed,source_link_only_no_public_image,"Open source, capture a private panel crop, then fill the private template path.","A private crop path exists, audit_status becomes ready_for_capture, then native OCR can run.",1,0
hybrid-ocr-v1,capture_b61891fb8b5ced,87,143,no_private_path_supplied,honey_nut_cheerios__1990s__370__1,honey_nut_cheerios,Honey Nut Cheerios,1990s,www.flickr.com,https://www.flickr.com/photos/jasonliebigstuff/3214563110,"Honey Nut Cheerios McDonald's Mac Tonight box back, 1990 - Flickr",collector_package_photo,panel_capture_needed,high,capture_private_panel_crop_from_source_then_run_native_vision_ocr,"transcribed_label_text,package_weight_or_size,manufacturer_or_distributor,archive_or_capture_coordinates",,honey_nut_cheerios__1990s__370__1;honey_nut_cheerios:honey_nut_cheerios__1990s__370__1;https://www.flickr.com/photos/jasonliebigstuff/3214563110,3,local_private_image_path or processed_private_image_path,rights_review_needed,source_link_only_no_public_image,"Open source, capture a private panel crop, then fill the private template path.","A private crop path exists, audit_status becomes ready_for_capture, then native OCR can run.",1,0
hybrid-ocr-v1,capture_038638b4c1d7b1,88,143,no_private_path_supplied,honey_nut_cheerios__current_2020s__31__1,honey_nut_cheerios,Honey Nut Cheerios,current_2020s,www.cheerios.com,https://www.cheerios.com/products/honey-nut-cheerios,Honey Nut Cheerios - Cheerios,current_web_page,panel_capture_needed,high,capture_private_panel_crop_from_source_then_run_native_vision_ocr,"manufacturer_or_distributor,archive_or_capture_coordinates",,honey_nut_cheerios__current_2020s__31__1;honey_nut_cheerios:honey_nut_cheerios__current_2020s__31__1;https://www.cheerios.com/products/honey-nut-cheerios,3,local_private_image_path or processed_private_image_path,rights_review_needed,source_link_only_no_public_image,"Open source, capture a private panel crop, then fill the private template path.","A private crop path exists, audit_status becomes ready_for_capture, then native OCR can run.",1,0
hybrid-ocr-v1,capture_814dbc2feb3135,89,143,no_private_path_supplied,honey_nut_cheerios__earliest_verified_label__370__1,honey_nut_cheerios,Honey Nut Cheerios,earliest_verified_label,www.flickr.com,https://www.flickr.com/photos/jasonliebigstuff/3214563110,"Honey Nut Cheerios McDonald's Mac Tonight box back, 1990 - Flickr",collector_package_photo,panel_capture_needed,high,capture_private_panel_crop_from_source_then_run_native_vision_ocr,"transcribed_label_text,package_weight_or_size,manufacturer_or_distributor,archive_or_capture_coordinates",,honey_nut_cheerios__earliest_verified_label__370__1;honey_nut_cheerios:honey_nut_cheerios__earliest_verified_label__370__1;https://www.flickr.com/photos/jasonliebigstuff/3214563110,3,local_private_image_path or processed_private_image_path,rights_review_needed,source_link_only_no_public_image,"Open source, capture a private panel crop, then fill the private template path.","A private crop path exists, audit_status becomes ready_for_capture, then native OCR can run.",1,0
hybrid-ocr-v1,capture_0ac2ac889c3d73,90,143,no_private_path_supplied,hostess_cupcakes__current_2020s__284__1,hostess_cupcakes,Hostess CupCakes,current_2020s,www.walmart.com,https://www.walmart.com/ip/42679339,"Hostess Golden CupCakes, 12.7 oz, 8 Count - Walmart",retailer_page,panel_capture_needed,high,capture_private_panel_crop_from_source_then_run_native_vision_ocr,"manufacturer_or_distributor,archive_or_capture_coordinates",,hostess_cupcakes__current_2020s__284__1;hostess_cupcakes:hostess_cupcakes__current_2020s__284__1;https://www.walmart.com/ip/42679339,3,local_private_image_path or processed_private_image_path,rights_review_needed,source_link_only_no_public_image,"Open source, capture a private panel crop, then fill the private template path.","A private crop path exists, audit_status becomes ready_for_capture, then native OCR can run.",1,0
hybrid-ocr-v1,capture_0700667b4ace73,91,143,no_private_path_supplied,hostess_cupcakes__current_2020s__540__2,hostess_cupcakes,Hostess CupCakes,current_2020s,www.walmart.com,https://www.walmart.com/ip/27047495,Hostess Chocolate CupCakes Walmart page,retailer_page,panel_capture_needed,high,capture_private_panel_crop_from_source_then_run_native_vision_ocr,"manufacturer_or_distributor,archive_or_capture_coordinates",,hostess_cupcakes__current_2020s__540__2;hostess_cupcakes:hostess_cupcakes__current_2020s__540__2;https://www.walmart.com/ip/27047495,3,local_private_image_path or processed_private_image_path,rights_review_needed,source_link_only_no_public_image,"Open source, capture a private panel crop, then fill the private template path.","A private crop path exists, audit_status becomes ready_for_capture, then native OCR can run.",1,0
hybrid-ocr-v1,capture_cf44bf6205464c,92,143,no_private_path_supplied,hostess_cupcakes__current_2020s__74__4,hostess_cupcakes,Hostess CupCakes,current_2020s,www.walmart.com,https://www.walmart.com/ip/35772686,"Hostess Chocolate CupCakes, 3.17 oz Sleeve - Walmart",retailer_page,panel_capture_needed,high,capture_private_panel_crop_from_source_then_run_native_vision_ocr,"front_or_primary_panel,manufacturer_or_distributor,archive_or_capture_coordinates",,hostess_cupcakes__current_2020s__74__4;hostess_cupcakes:hostess_cupcakes__current_2020s__74__4;https://www.walmart.com/ip/35772686,3,local_private_image_path or processed_private_image_path,rights_review_needed,source_link_only_no_public_image,"Open source, capture a private panel crop, then fill the private template path.","A private crop path exists, audit_status becomes ready_for_capture, then native OCR can run.",1,0
hybrid-ocr-v1,capture_18ac3d8c9b2d13,93,143,no_private_path_supplied,twinkies__2010s__15__1,twinkies,Hostess Twinkies,2010s,upcfoodsearch.com,https://upcfoodsearch.com/food-products/other-pastries/045000001008/,Hostess Twinkies (045000001008) - UPC Food Search,label_database_record,panel_capture_needed,high,capture_private_panel_crop_from_source_then_run_native_vision_ocr,"front_or_primary_panel,manufacturer_or_distributor,archive_or_capture_coordinates",,twinkies__2010s__15__1;twinkies:twinkies__2010s__15__1;https://upcfoodsearch.com/food-products/other-pastries/045000001008/,3,local_private_image_path or processed_private_image_path,rights_review_needed,source_link_only_no_public_image,"Open source, capture a private panel crop, then fill the private template path.","A private crop path exists, audit_status becomes ready_for_capture, then native OCR can run.",1,0
hybrid-ocr-v1,capture_706f6b4d477285,94,143,no_private_path_supplied,twinkies__current_2020s__16__2,twinkies,Hostess Twinkies,current_2020s,www.kroger.com,https://www.kroger.com/p/hostess-twinkies-single-serve-chocolate-cakes/0088810901090,"Hostess Twinkies Single-Serve Chocolate Cakes, 2 ct / 2.7 oz - Kroger",retailer_page,panel_capture_needed,high,capture_private_panel_crop_from_source_then_run_native_vision_ocr,"front_or_primary_panel,manufacturer_or_distributor,archive_or_capture_coordinates",,twinkies__current_2020s__16__2;twinkies:twinkies__current_2020s__16__2;https://www.kroger.com/p/hostess-twinkies-single-serve-chocolate-cakes/0088810901090,3,local_private_image_path or processed_private_image_path,rights_review_needed,source_link_only_no_public_image,"Open source, capture a private panel crop, then fill the private template path.","A private crop path exists, audit_status becomes ready_for_capture, then native OCR can run.",1,0
hybrid-ocr-v1,capture_3df83481c6aa36,95,143,no_private_path_supplied,twinkies__current_2020s__299__1,twinkies,Hostess Twinkies,current_2020s,www.walmart.com,https://www.walmart.com/ip/36462419,"HOSTESS Banana Flavored Twinkies, 13.58 oz, 10 Count - Walmart",retailer_page,panel_capture_needed,high,capture_private_panel_crop_from_source_then_run_native_vision_ocr,"manufacturer_or_distributor,archive_or_capture_coordinates",,twinkies__current_2020s__299__1;twinkies:twinkies__current_2020s__299__1;https://www.walmart.com/ip/36462419,3,local_private_image_path or processed_private_image_path,rights_review_needed,source_link_only_no_public_image,"Open source, capture a private panel crop, then fill the private template path.","A private crop path exists, audit_status becomes ready_for_capture, then native OCR can run.",1,0
hybrid-ocr-v1,capture_ed564947151e2c,96,143,no_private_path_supplied,hot_pockets_pepperoni_pizza__2010s__84__1,hot_pockets_pepperoni_pizza,Hot Pockets Pepperoni Pizza,2010s,www.walmart.com,https://www.walmart.com/ip/49866144,"Hot Pockets Pepperoni Pizza Sandwiches, 13 ct Box - Walmart",retailer_page,panel_capture_needed,high,capture_private_panel_crop_from_source_then_run_native_vision_ocr,"front_or_primary_panel,manufacturer_or_distributor,archive_or_capture_coordinates",,hot_pockets_pepperoni_pizza__2010s__84__1;hot_pockets_pepperoni_pizza:hot_pockets_pepperoni_pizza__2010s__84__1;https://www.walmart.com/ip/49866144,3,local_private_image_path or processed_private_image_path,rights_review_needed,source_link_only_no_public_image,"Open source, capture a private panel crop, then fill the private template path.","A private crop path exists, audit_status becomes ready_for_capture, then native OCR can run.",1,0
hybrid-ocr-v1,capture_e20550f12e9c86,97,143,no_private_path_supplied,hot_pockets_pepperoni_pizza__current_2020s__83__2,hot_pockets_pepperoni_pizza,Hot Pockets Pepperoni Pizza,current_2020s,www.walmart.com,https://www.walmart.com/ip/14122459,"Hot Pockets Pepperoni Pizza Snacks, 54 oz 12 Pack - Walmart",retailer_page,panel_capture_needed,high,capture_private_panel_crop_from_source_then_run_native_vision_ocr,"front_or_primary_panel,manufacturer_or_distributor,archive_or_capture_coordinates",,hot_pockets_pepperoni_pizza__current_2020s__83__2;hot_pockets_pepperoni_pizza:hot_pockets_pepperoni_pizza__current_2020s__83__2;https://www.walmart.com/ip/14122459,3,local_private_image_path or processed_private_image_path,rights_review_needed,source_link_only_no_public_image,"Open source, capture a private panel crop, then fill the private template path.","A private crop path exists, audit_status becomes ready_for_capture, then native OCR can run.",1,0
hybrid-ocr-v1,capture_a6262d24782d0d,98,143,no_private_path_supplied,jello_strawberry_gelatin__current_2020s__283__1,jello_strawberry_gelatin,Jell-O Strawberry Gelatin,current_2020s,www.walmart.com,https://www.walmart.com/ip/13812780,"Jell-O Strawberry Gelatin Dessert Mix, 6 oz Family Size - Walmart",retailer_page,panel_capture_needed,high,capture_private_panel_crop_from_source_then_run_native_vision_ocr,"manufacturer_or_distributor,archive_or_capture_coordinates",,jello_strawberry_gelatin__current_2020s__283__1;jello_strawberry_gelatin:jello_strawberry_gelatin__current_2020s__283__1;https://www.walmart.com/ip/13812780,3,local_private_image_path or processed_private_image_path,rights_review_needed,source_link_only_no_public_image,"Open source, capture a private panel crop, then fill the private template path.","A private crop path exists, audit_status becomes ready_for_capture, then native OCR can run.",1,0
hybrid-ocr-v1,capture_48e3df8de012cd,99,143,no_private_path_supplied,jello_strawberry_gelatin__current_2020s__53__3,jello_strawberry_gelatin,Jell-O Strawberry Gelatin,current_2020s,www.kroger.com,https://www.kroger.com/p/jello-strawberry-gelatin-dessert-mix-family-size-box/0004300020051,"Jell-O Strawberry Gelatin Dessert Mix, Family Size, 6 oz - Kroger",retailer_page,panel_capture_needed,high,capture_private_panel_crop_from_source_then_run_native_vision_ocr,"front_or_primary_panel,manufacturer_or_distributor,archive_or_capture_coordinates",,jello_strawberry_gelatin__current_2020s__53__3;jello_strawberry_gelatin:jello_strawberry_gelatin__current_2020s__53__3;https://www.kroger.com/p/jello-strawberry-gelatin-dessert-mix-family-size-box/0004300020051,3,local_private_image_path or processed_private_image_path,rights_review_needed,source_link_only_no_public_image,"Open source, capture a private panel crop, then fill the private template path.","A private crop path exists, audit_status becomes ready_for_capture, then native OCR can run.",1,0
hybrid-ocr-v1,capture_60d71bf1396f8a,100,143,no_private_path_supplied,jello_strawberry_gelatin__current_2020s__560__2,jello_strawberry_gelatin,Jell-O Strawberry Gelatin,current_2020s,www.walmart.com,https://www.walmart.com/ip/13812769,Jell-O Strawberry Gelatin Dessert Mix 3 oz Walmart page,retailer_page,panel_capture_needed,high,capture_private_panel_crop_from_source_then_run_native_vision_ocr,"manufacturer_or_distributor,archive_or_capture_coordinates",,jello_strawberry_gelatin__current_2020s__560__2;jello_strawberry_gelatin:jello_strawberry_gelatin__current_2020s__560__2;https://www.walmart.com/ip/13812769,3,local_private_image_path or processed_private_image_path,rights_review_needed,source_link_only_no_public_image,"Open source, capture a private panel crop, then fill the private template path.","A private crop path exists, audit_status becomes ready_for_capture, then native OCR can run.",1,0
hybrid-ocr-v1,capture_c842cadc87ab4e,101,143,no_private_path_supplied,jello_strawberry_gelatin__earliest_verified_label__185__1,jello_strawberry_gelatin,Jell-O Strawberry Gelatin,earliest_verified_label,www.flickr.com,https://www.flickr.com/photos/jasonliebigstuff/2629782517,"General Foods Jell-O Wild Strawberry Gelatin Dessert box file flat, August 1 1969 - Flickr",collector_package_photo,panel_capture_needed,high,capture_private_panel_crop_from_source_then_run_native_vision_ocr,"transcribed_label_text,package_weight_or_size,manufacturer_or_distributor,archive_or_capture_coordinates",,jello_strawberry_gelatin__earliest_verified_label__185__1;jello_strawberry_gelatin:jello_strawberry_gelatin__earliest_verified_label__185__1;https://www.flickr.com/photos/jasonliebigstuff/2629782517,3,local_private_image_path or processed_private_image_path,rights_review_needed,source_link_only_no_public_image,"Open source, capture a private panel crop, then fill the private template path.","A private crop path exists, audit_status becomes ready_for_capture, then native OCR can run.",1,0
hybrid-ocr-v1,capture_f80d1038fd1b41,102,143,no_private_path_supplied,jello_strawberry_gelatin__earliest_verified_label__562__2,jello_strawberry_gelatin,Jell-O Strawberry Gelatin,earliest_verified_label,www.etsy.com,https://www.etsy.com/listing/1780879043/vintage-jell-o-strawberry-gelatin,Vintage Jell-O Strawberry Gelatin Dessert Box Etsy listing,marketplace_listing,panel_capture_needed,high,capture_private_panel_crop_from_source_then_run_native_vision_ocr,"transcribed_label_text,manufacturer_or_distributor,archive_or_capture_coordinates",,jello_strawberry_gelatin__earliest_verified_label__562__2;jello_strawberry_gelatin:jello_strawberry_gelatin__earliest_verified_label__562__2;https://www.etsy.com/listing/1780879043/vintage-jell-o-strawberry-gelatin,3,local_private_image_path or processed_private_image_path,rights_review_needed,source_link_only_no_public_image,"Open source, capture a private panel crop, then fill the private template path.","A private crop path exists, audit_status becomes ready_for_capture, then native OCR can run.",1,0
hybrid-ocr-v1,capture_8f4270e190f474,103,143,no_private_path_supplied,jif_creamy_peanut_butter__current_2020s__285__2,jif_creamy_peanut_butter,Jif Creamy Peanut Butter,current_2020s,www.walmart.com,https://www.walmart.com/ip/17901350703,"Jif Creamy Peanut Butter, 16 oz Jar - Walmart",retailer_page,panel_capture_needed,high,capture_private_panel_crop_from_source_then_run_native_vision_ocr,"manufacturer_or_distributor,archive_or_capture_coordinates",,jif_creamy_peanut_butter__current_2020s__285__2;jif_creamy_peanut_butter:jif_creamy_peanut_butter__current_2020s__285__2;https://www.walmart.com/ip/17901350703,3,local_private_image_path or processed_private_image_path,rights_review_needed,source_link_only_no_public_image,"Open source, capture a private panel crop, then fill the private template path.","A private crop path exists, audit_status becomes ready_for_capture, then native OCR can run.",1,0
hybrid-ocr-v1,capture_a337366ba522fa,104,143,no_private_path_supplied,jif_creamy_peanut_butter__current_2020s__518__1,jif_creamy_peanut_butter,Jif Creamy Peanut Butter,current_2020s,www.kroger.com,https://www.kroger.com/p/jif-creamy-peanut-butter/0005150024177,Jif Creamy Peanut Butter 28 oz Kroger page,retailer_page,panel_capture_needed,high,capture_private_panel_crop_from_source_then_run_native_vision_ocr,"manufacturer_or_distributor,archive_or_capture_coordinates",,jif_creamy_peanut_butter__current_2020s__518__1;jif_creamy_peanut_butter:jif_creamy_peanut_butter__current_2020s__518__1;https://www.kroger.com/p/jif-creamy-peanut-butter/0005150024177,3,local_private_image_path or processed_private_image_path,rights_review_needed,source_link_only_no_public_image,"Open source, capture a private panel crop, then fill the private template path.","A private crop path exists, audit_status becomes ready_for_capture, then native OCR can run.",1,0
hybrid-ocr-v1,capture_c6a6a0dd7d531a,105,143,no_private_path_supplied,jif_creamy_peanut_butter__current_2020s__60__3,jif_creamy_peanut_butter,Jif Creamy Peanut Butter,current_2020s,www.jif.com,https://www.jif.com/products/creamy/creamy-peanut-butter,Jif Creamy Peanut Butter - Jif,current_web_page,panel_capture_needed,high,capture_private_panel_crop_from_source_then_run_native_vision_ocr,"front_or_primary_panel,manufacturer_or_distributor,archive_or_capture_coordinates",,jif_creamy_peanut_butter__current_2020s__60__3;jif_creamy_peanut_butter:jif_creamy_peanut_butter__current_2020s__60__3;https://www.jif.com/products/creamy/creamy-peanut-butter,3,local_private_image_path or processed_private_image_path,rights_review_needed,source_link_only_no_public_image,"Open source, capture a private panel crop, then fill the private template path.","A private crop path exists, audit_status becomes ready_for_capture, then native OCR can run.",1,0
hybrid-ocr-v1,capture_b59704375f3c86,106,143,no_private_path_supplied,corn_flakes__current_2020s__255__1,corn_flakes,Kellogg's Corn Flakes,current_2020s,www.wkkellogg.com,https://www.wkkellogg.com/products/kellogg-s-corn-flakes-cereal-product,Kellogg's Corn Flakes Cereal - WK Kellogg,current_web_page,panel_capture_needed,high,capture_private_panel_crop_from_source_then_run_native_vision_ocr,"manufacturer_or_distributor,archive_or_capture_coordinates",,corn_flakes__current_2020s__255__1;corn_flakes:corn_flakes__current_2020s__255__1;https://www.wkkellogg.com/products/kellogg-s-corn-flakes-cereal-product,3,local_private_image_path or processed_private_image_path,rights_review_needed,source_link_only_no_public_image,"Open source, capture a private panel crop, then fill the private template path.","A private crop path exists, audit_status becomes ready_for_capture, then native OCR can run.",1,0
hybrid-ocr-v1,capture_d470e722c52703,107,143,no_private_path_supplied,corn_flakes__current_2020s__39__3,corn_flakes,Kellogg's Corn Flakes,current_2020s,smartlabel.kelloggs.com,https://smartlabel.kelloggs.com/Product/Index/038000001305,Kellogg's Corn Flakes Original - SmartLabel,brand_label_page,panel_capture_needed,high,capture_private_panel_crop_from_source_then_run_native_vision_ocr,"front_or_primary_panel,manufacturer_or_distributor,archive_or_capture_coordinates",,corn_flakes__current_2020s__39__3;corn_flakes:corn_flakes__current_2020s__39__3;https://smartlabel.kelloggs.com/Product/Index/038000001305,3,local_private_image_path or processed_private_image_path,rights_review_needed,source_link_only_no_public_image,"Open source, capture a private panel crop, then fill the private template path.","A private crop path exists, audit_status becomes ready_for_capture, then native OCR can run.",1,0
hybrid-ocr-v1,capture_a8810c9fb73fec,108,143,no_private_path_supplied,corn_flakes__current_2020s__514__2,corn_flakes,Kellogg's Corn Flakes,current_2020s,www.walmart.com,https://www.walmart.com/ip/10818608,Kellogg's Corn Flakes Original 18 oz Walmart page,retailer_page,panel_capture_needed,high,capture_private_panel_crop_from_source_then_run_native_vision_ocr,"manufacturer_or_distributor,archive_or_capture_coordinates",,corn_flakes__current_2020s__514__2;corn_flakes:corn_flakes__current_2020s__514__2;https://www.walmart.com/ip/10818608,3,local_private_image_path or processed_private_image_path,rights_review_needed,source_link_only_no_public_image,"Open source, capture a private panel crop, then fill the private template path.","A private crop path exists, audit_status becomes ready_for_capture, then native OCR can run.",1,0
hybrid-ocr-v1,capture_ae94bcd5a991a0,109,143,no_private_path_supplied,froot_loops__1980s_or_earlier__435__2,froot_loops,Kellogg's Froot Loops,1980s_or_earlier,www.flickr.com,https://www.flickr.com/photos/bolio88/7323343912/,"1982 Froot Loops 3D Nose box/back, Flickr",collector_package_photo,panel_capture_needed,high,capture_private_panel_crop_from_source_then_run_native_vision_ocr,"transcribed_label_text,package_weight_or_size,manufacturer_or_distributor,archive_or_capture_coordinates",,froot_loops__1980s_or_earlier__435__2;froot_loops:froot_loops__1980s_or_earlier__435__2;https://www.flickr.com/photos/bolio88/7323343912/,3,local_private_image_path or processed_private_image_path,rights_review_needed,source_link_only_no_public_image,"Open source, capture a private panel crop, then fill the private template path.","A private crop path exists, audit_status becomes ready_for_capture, then native OCR can run.",1,0
hybrid-ocr-v1,capture_969a40ba092c15,110,143,no_private_path_supplied,froot_loops__1990s__330__1,froot_loops,Kellogg's Froot Loops,1990s,www.flickr.com,https://www.flickr.com/photos/25692985%40N07/3502316339,1990 Kellogg's Froot Loops Cereal Box Back - Flickr,collector_package_photo,panel_capture_needed,high,capture_private_panel_crop_from_source_then_run_native_vision_ocr,"transcribed_label_text,package_weight_or_size,manufacturer_or_distributor,archive_or_capture_coordinates",,froot_loops__1990s__330__1;froot_loops:froot_loops__1990s__330__1;https://www.flickr.com/photos/25692985%40N07/3502316339,3,local_private_image_path or processed_private_image_path,rights_review_needed,source_link_only_no_public_image,"Open source, capture a private panel crop, then fill the private template path.","A private crop path exists, audit_status becomes ready_for_capture, then native OCR can run.",1,0
hybrid-ocr-v1,capture_7d04b823f624a9,111,143,no_private_path_supplied,froot_loops__current_2020s__256__1,froot_loops,Kellogg's Froot Loops,current_2020s,www.wkkellogg.com,https://www.wkkellogg.com/products/froot-loops-cereal,Kellogg's Froot Loops Breakfast Cereal - WK Kellogg,current_web_page,panel_capture_needed,high,capture_private_panel_crop_from_source_then_run_native_vision_ocr,"manufacturer_or_distributor,archive_or_capture_coordinates",,froot_loops__current_2020s__256__1;froot_loops:froot_loops__current_2020s__256__1;https://www.wkkellogg.com/products/froot-loops-cereal,3,local_private_image_path or processed_private_image_path,rights_review_needed,source_link_only_no_public_image,"Open source, capture a private panel crop, then fill the private template path.","A private crop path exists, audit_status becomes ready_for_capture, then native OCR can run.",1,0
hybrid-ocr-v1,capture_8a97462ba84291,112,143,no_private_path_supplied,froot_loops__current_2020s__40__2,froot_loops,Kellogg's Froot Loops,current_2020s,smartlabel.kelloggs.com,https://smartlabel.kelloggs.com/Product/Index/038000198645,Kellogg's Froot Loops Original - SmartLabel,brand_label_page,panel_capture_needed,high,capture_private_panel_crop_from_source_then_run_native_vision_ocr,"front_or_primary_panel,manufacturer_or_distributor,archive_or_capture_coordinates",,froot_loops__current_2020s__40__2;froot_loops:froot_loops__current_2020s__40__2;https://smartlabel.kelloggs.com/Product/Index/038000198645,3,local_private_image_path or processed_private_image_path,rights_review_needed,source_link_only_no_public_image,"Open source, capture a private panel crop, then fill the private template path.","A private crop path exists, audit_status becomes ready_for_capture, then native OCR can run.",1,0
hybrid-ocr-v1,capture_c7703a7aefa8d2,113,143,no_private_path_supplied,froot_loops__earliest_verified_label__330__1,froot_loops,Kellogg's Froot Loops,earliest_verified_label,www.flickr.com,https://www.flickr.com/photos/25692985%40N07/3502316339,1990 Kellogg's Froot Loops Cereal Box Back - Flickr,collector_package_photo,panel_capture_needed,high,capture_private_panel_crop_from_source_then_run_native_vision_ocr,"transcribed_label_text,package_weight_or_size,manufacturer_or_distributor,archive_or_capture_coordinates",,froot_loops__earliest_verified_label__330__1;froot_loops:froot_loops__earliest_verified_label__330__1;https://www.flickr.com/photos/25692985%40N07/3502316339,3,local_private_image_path or processed_private_image_path,rights_review_needed,source_link_only_no_public_image,"Open source, capture a private panel crop, then fill the private template path.","A private crop path exists, audit_status becomes ready_for_capture, then native OCR can run.",1,0
hybrid-ocr-v1,capture_1d5a6f8a90df63,114,143,no_private_path_supplied,froot_loops__earliest_verified_label__435__4,froot_loops,Kellogg's Froot Loops,earliest_verified_label,www.flickr.com,https://www.flickr.com/photos/bolio88/7323343912/,"1982 Froot Loops 3D Nose box/back, Flickr",collector_package_photo,panel_capture_needed,high,capture_private_panel_crop_from_source_then_run_native_vision_ocr,"transcribed_label_text,package_weight_or_size,manufacturer_or_distributor,archive_or_capture_coordinates",,froot_loops__earliest_verified_label__435__4;froot_loops:froot_loops__earliest_verified_label__435__4;https://www.flickr.com/photos/bolio88/7323343912/,3,local_private_image_path or processed_private_image_path,rights_review_needed,source_link_only_no_public_image,"Open source, capture a private panel crop, then fill the private template path.","A private crop path exists, audit_status becomes ready_for_capture, then native OCR can run.",1,0
hybrid-ocr-v1,capture_f7dd997cdc3b93,115,143,no_private_path_supplied,frosted_flakes__1980s_or_earlier__478__1,frosted_flakes,Kellogg's Frosted Flakes,1980s_or_earlier,www.flickr.com,https://www.flickr.com/photos/25692985%40N07/3598792821,1985 Kellogg's Frosted Flakes Cereal Box Back - Flickr,collector_package_photo,panel_capture_needed,high,capture_private_panel_crop_from_source_then_run_native_vision_ocr,"transcribed_label_text,package_weight_or_size,manufacturer_or_distributor,archive_or_capture_coordinates",,frosted_flakes__1980s_or_earlier__478__1;frosted_flakes:frosted_flakes__1980s_or_earlier__478__1;https://www.flickr.com/photos/25692985%40N07/3598792821,3,local_private_image_path or processed_private_image_path,rights_review_needed,source_link_only_no_public_image,"Open source, capture a private panel crop, then fill the private template path.","A private crop path exists, audit_status becomes ready_for_capture, then native OCR can run.",1,0
hybrid-ocr-v1,capture_d1d48843a7da1f,116,143,no_private_path_supplied,frosted_flakes__1990s__405__1,frosted_flakes,Kellogg's Frosted Flakes,1990s,www.flickr.com,https://www.flickr.com/photos/25692985%40N07/3544406888,"Kellogg's Frosted Flakes Cereal Box Back, Early 1990's - Flickr",collector_package_photo,panel_capture_needed,high,capture_private_panel_crop_from_source_then_run_native_vision_ocr,"transcribed_label_text,package_weight_or_size,manufacturer_or_distributor,archive_or_capture_coordinates",,frosted_flakes__1990s__405__1;frosted_flakes:frosted_flakes__1990s__405__1;https://www.flickr.com/photos/25692985%40N07/3544406888,3,local_private_image_path or processed_private_image_path,rights_review_needed,source_link_only_no_public_image,"Open source, capture a private panel crop, then fill the private template path.","A private crop path exists, audit_status becomes ready_for_capture, then native OCR can run.",1,0
hybrid-ocr-v1,capture_02f1fc2b217fc4,117,143,no_private_path_supplied,frosted_flakes__current_2020s__257__1,frosted_flakes,Kellogg's Frosted Flakes,current_2020s,www.wkkellogg.com,https://www.wkkellogg.com/products/kellogg-s-frosted-flakes-cereal-product,Kellogg's Frosted Flakes Cereal - WK Kellogg,current_web_page,panel_capture_needed,high,capture_private_panel_crop_from_source_then_run_native_vision_ocr,"manufacturer_or_distributor,archive_or_capture_coordinates",,frosted_flakes__current_2020s__257__1;frosted_flakes:frosted_flakes__current_2020s__257__1;https://www.wkkellogg.com/products/kellogg-s-frosted-flakes-cereal-product,3,local_private_image_path or processed_private_image_path,rights_review_needed,source_link_only_no_public_image,"Open source, capture a private panel crop, then fill the private template path.","A private crop path exists, audit_status becomes ready_for_capture, then native OCR can run.",1,0
hybrid-ocr-v1,capture_1f8625329df3dd,118,143,no_private_path_supplied,frosted_flakes__current_2020s__41__2,frosted_flakes,Kellogg's Frosted Flakes,current_2020s,smartlabel.kelloggs.com,https://smartlabel.kelloggs.com/Product/Index/038000001299,Kellogg's Frosted Flakes Original - SmartLabel,brand_label_page,panel_capture_needed,high,capture_private_panel_crop_from_source_then_run_native_vision_ocr,"front_or_primary_panel,manufacturer_or_distributor,archive_or_capture_coordinates",,frosted_flakes__current_2020s__41__2;frosted_flakes:frosted_flakes__current_2020s__41__2;https://smartlabel.kelloggs.com/Product/Index/038000001299,3,local_private_image_path or processed_private_image_path,rights_review_needed,source_link_only_no_public_image,"Open source, capture a private panel crop, then fill the private template path.","A private crop path exists, audit_status becomes ready_for_capture, then native OCR can run.",1,0
hybrid-ocr-v1,capture_9f05b13735ad48,119,143,no_private_path_supplied,frosted_flakes__earliest_verified_label__405__1,frosted_flakes,Kellogg's Frosted Flakes,earliest_verified_label,www.flickr.com,https://www.flickr.com/photos/25692985%40N07/3544406888,"Kellogg's Frosted Flakes Cereal Box Back, Early 1990's - Flickr",collector_package_photo,panel_capture_needed,high,capture_private_panel_crop_from_source_then_run_native_vision_ocr,"transcribed_label_text,package_weight_or_size,manufacturer_or_distributor,archive_or_capture_coordinates",,frosted_flakes__earliest_verified_label__405__1;frosted_flakes:frosted_flakes__earliest_verified_label__405__1;https://www.flickr.com/photos/25692985%40N07/3544406888,3,local_private_image_path or processed_private_image_path,rights_review_needed,source_link_only_no_public_image,"Open source, capture a private panel crop, then fill the private template path.","A private crop path exists, audit_status becomes ready_for_capture, then native OCR can run.",1,0
hybrid-ocr-v1,capture_bc275590a463e6,120,143,no_private_path_supplied,frosted_flakes__earliest_verified_label__478__2,frosted_flakes,Kellogg's Frosted Flakes,earliest_verified_label,www.flickr.com,https://www.flickr.com/photos/25692985%40N07/3598792821,1985 Kellogg's Frosted Flakes Cereal Box Back - Flickr,collector_package_photo,panel_capture_needed,high,capture_private_panel_crop_from_source_then_run_native_vision_ocr,"transcribed_label_text,package_weight_or_size,manufacturer_or_distributor,archive_or_capture_coordinates",,frosted_flakes__earliest_verified_label__478__2;frosted_flakes:frosted_flakes__earliest_verified_label__478__2;https://www.flickr.com/photos/25692985%40N07/3598792821,3,local_private_image_path or processed_private_image_path,rights_review_needed,source_link_only_no_public_image,"Open source, capture a private panel crop, then fill the private template path.","A private crop path exists, audit_status becomes ready_for_capture, then native OCR can run.",1,0
hybrid-ocr-v1,capture_9f30a16b9f2680,121,143,no_private_path_supplied,rice_krispies__current_2020s__513__2,rice_krispies,Kellogg's Rice Krispies,current_2020s,www.walmart.com,https://www.walmart.com/ip/171865464,Kellogg's Rice Krispies Original 25.2 oz mega size Walmart page,retailer_page,panel_capture_needed,high,capture_private_panel_crop_from_source_then_run_native_vision_ocr,"manufacturer_or_distributor,archive_or_capture_coordinates",,rice_krispies__current_2020s__513__2;rice_krispies:rice_krispies__current_2020s__513__2;https://www.walmart.com/ip/171865464,3,local_private_image_path or processed_private_image_path,rights_review_needed,source_link_only_no_public_image,"Open source, capture a private panel crop, then fill the private template path.","A private crop path exists, audit_status becomes ready_for_capture, then native OCR can run.",1,0
hybrid-ocr-v1,capture_fdde0ded0146f8,122,143,no_private_path_supplied,rice_krispies__current_2020s__54__1,rice_krispies,Kellogg's Rice Krispies,current_2020s,www.wkkellogg.com,https://www.wkkellogg.com/products/kelloggs-rice-krispies-cereal-product,Kellogg's Rice Krispies Cereal - WK Kellogg,current_web_page,panel_capture_needed,high,capture_private_panel_crop_from_source_then_run_native_vision_ocr,"manufacturer_or_distributor,archive_or_capture_coordinates",,rice_krispies__current_2020s__54__1;rice_krispies:rice_krispies__current_2020s__54__1;https://www.wkkellogg.com/products/kelloggs-rice-krispies-cereal-product,3,local_private_image_path or processed_private_image_path,rights_review_needed,source_link_only_no_public_image,"Open source, capture a private panel crop, then fill the private template path.","A private crop path exists, audit_status becomes ready_for_capture, then native OCR can run.",1,0
hybrid-ocr-v1,capture_f24aed17c10883,123,143,no_private_path_supplied,rice_krispies__current_2020s__55__3,rice_krispies,Kellogg's Rice Krispies,current_2020s,smartlabel.wkkellogg.com,https://smartlabel.wkkellogg.com/Product/Index?gtin=00038000005657,Kellogg's Rice Krispies Cereal - SmartLabel,brand_label_page,panel_capture_needed,high,capture_private_panel_crop_from_source_then_run_native_vision_ocr,"front_or_primary_panel,manufacturer_or_distributor,archive_or_capture_coordinates",,rice_krispies__current_2020s__55__3;rice_krispies:rice_krispies__current_2020s__55__3;https://smartlabel.wkkellogg.com/Product/Index?gtin=00038000005657,3,local_private_image_path or processed_private_image_path,rights_review_needed,source_link_only_no_public_image,"Open source, capture a private panel crop, then fill the private template path.","A private crop path exists, audit_status becomes ready_for_capture, then native OCR can run.",1,0
hybrid-ocr-v1,capture_e688c32f4dd271,124,143,no_private_path_supplied,kit_kat_bar__current_2020s__61__1,kit_kat_bar,Kit Kat Bar,current_2020s,smartlabel.hersheys.com,https://smartlabel.hersheys.com/034000002467-0011-en-US/index.html,Kit Kat Crisp Wafer Bar in Milk Chocolate - SmartLabel,brand_label_page,panel_capture_needed,high,capture_private_panel_crop_from_source_then_run_native_vision_ocr,"manufacturer_or_distributor,archive_or_capture_coordinates",,kit_kat_bar__current_2020s__61__1;kit_kat_bar:kit_kat_bar__current_2020s__61__1;https://smartlabel.hersheys.com/034000002467-0011-en-US/index.html,3,local_private_image_path or processed_private_image_path,rights_review_needed,source_link_only_no_public_image,"Open source, capture a private panel crop, then fill the private template path.","A private crop path exists, audit_status becomes ready_for_capture, then native OCR can run.",1,0
hybrid-ocr-v1,capture_9bec0620ca1c15,125,143,no_private_path_supplied,kit_kat_bar__current_2020s__903__2,kit_kat_bar,Kit Kat Bar,current_2020s,www.hersheyland.com,https://www.hersheyland.com/products/kit-kat-milk-chocolate-candy-bar-1-5-oz.html,KIT KAT Milk Chocolate Candy Bar 1.5 oz official Hersheyland page,brand_label_page,panel_capture_needed,high,capture_private_panel_crop_from_source_then_run_native_vision_ocr,"manufacturer_or_distributor,archive_or_capture_coordinates",,kit_kat_bar__current_2020s__903__2;kit_kat_bar:kit_kat_bar__current_2020s__903__2;https://www.hersheyland.com/products/kit-kat-milk-chocolate-candy-bar-1-5-oz.html,3,local_private_image_path or processed_private_image_path,rights_review_needed,source_link_only_no_public_image,"Open source, capture a private panel crop, then fill the private template path.","A private crop path exists, audit_status becomes ready_for_capture, then native OCR can run.",1,0
hybrid-ocr-v1,capture_b345aba5fd96af,126,143,no_private_path_supplied,kraft_macaroni_and_cheese_original__current_2020s__252__3,kraft_macaroni_and_cheese_original,Kraft Macaroni & Cheese Original,current_2020s,www.kroger.com,https://www.kroger.com/p/kraft-original-mac-n-cheese-macaroni-and-cheese-dinner/0002100065883,"Kraft Original Mac N Cheese Macaroni and Cheese Dinner, 7.25 oz - Kroger",retailer_page,panel_capture_needed,high,capture_private_panel_crop_from_source_then_run_native_vision_ocr,"manufacturer_or_distributor,archive_or_capture_coordinates",,kraft_macaroni_and_cheese_original__current_2020s__252__3;kraft_macaroni_and_cheese_original:kraft_macaroni_and_cheese_original__current_2020s__252__3;https://www.kroger.com/p/kraft-original-mac-n-cheese-macaroni-and-cheese-dinner/0002100065883,3,local_private_image_path or processed_private_image_path,rights_review_needed,source_link_only_no_public_image,"Open source, capture a private panel crop, then fill the private template path.","A private crop path exists, audit_status becomes ready_for_capture, then native OCR can run.",1,0
hybrid-ocr-v1,capture_647c29e6c2be32,127,143,no_private_path_supplied,kraft_macaroni_and_cheese_original__current_2020s__411__5,kraft_macaroni_and_cheese_original,Kraft Macaroni & Cheese Original,current_2020s,www.super99.com,https://www.super99.com/20113956-kraft-macaroni-and-cheese-original-156g,Kraft Macaroni and Cheese Original 156g - Super 99,current_web_page,panel_capture_needed,high,capture_private_panel_crop_from_source_then_run_native_vision_ocr,"manufacturer_or_distributor,archive_or_capture_coordinates",,kraft_macaroni_and_cheese_original__current_2020s__411__5;kraft_macaroni_and_cheese_original:kraft_macaroni_and_cheese_original__current_2020s__411__5;https://www.super99.com/20113956-kraft-macaroni-and-cheese-original-156g,3,local_private_image_path or processed_private_image_path,rights_review_needed,source_link_only_no_public_image,"Open source, capture a private panel crop, then fill the private template path.","A private crop path exists, audit_status becomes ready_for_capture, then native OCR can run.",1,0
hybrid-ocr-v1,capture_bb70c152f85cdb,128,143,no_private_path_supplied,kraft_macaroni_and_cheese_original__current_2020s__464__1,kraft_macaroni_and_cheese_original,Kraft Macaroni & Cheese Original,current_2020s,www.walmart.com,https://www.walmart.com/ip/1178903502,"Kraft Mac and Cheese, Original Flavor, 7.25 oz - Walmart",retailer_page,panel_capture_needed,high,capture_private_panel_crop_from_source_then_run_native_vision_ocr,"manufacturer_or_distributor,archive_or_capture_coordinates",,kraft_macaroni_and_cheese_original__current_2020s__464__1;kraft_macaroni_and_cheese_original:kraft_macaroni_and_cheese_original__current_2020s__464__1;https://www.walmart.com/ip/1178903502,3,local_private_image_path or processed_private_image_path,rights_review_needed,source_link_only_no_public_image,"Open source, capture a private panel crop, then fill the private template path.","A private crop path exists, audit_status becomes ready_for_capture, then native OCR can run.",1,0
hybrid-ocr-v1,capture_a663911a6cb33f,129,143,no_private_path_supplied,kraft_macaroni_and_cheese_original__current_2020s__465__2,kraft_macaroni_and_cheese_original,Kraft Macaroni & Cheese Original,current_2020s,giantfood.com,https://giantfood.com/groceries/rice-pasta-beans/packaged-meals-sides/macaroni-cheese/macaroni-cheese-boxed/kraft-original-flavor-mac-cheese-dinner-725-oz-box.html,"Kraft Original Flavor Mac & Cheese Dinner, 7.25 oz - Giant",current_web_page,panel_capture_needed,high,capture_private_panel_crop_from_source_then_run_native_vision_ocr,"manufacturer_or_distributor,archive_or_capture_coordinates",,kraft_macaroni_and_cheese_original__current_2020s__465__2;kraft_macaroni_and_cheese_original:kraft_macaroni_and_cheese_original__current_2020s__465__2;https://giantfood.com/groceries/rice-pasta-beans/packaged-meals-sides/macaroni-cheese/macaroni-cheese-boxed/kraft-original-flavor-mac-cheese-dinner-725-oz-box.html,3,local_private_image_path or processed_private_image_path,rights_review_needed,source_link_only_no_public_image,"Open source, capture a private panel crop, then fill the private template path.","A private crop path exists, audit_status becomes ready_for_capture, then native OCR can run.",1,0
hybrid-ocr-v1,capture_350e5fb35c4daa,130,143,no_private_path_supplied,kraft_macaroni_and_cheese_original__current_2020s__6__4,kraft_macaroni_and_cheese_original,Kraft Macaroni & Cheese Original,current_2020s,www.walmart.com,https://www.walmart.com/ip/10295759,"Kraft Original Mac & Cheese Dinner, Family Size Value Pack, 14.5 oz Box - Walmart",retailer_page,panel_capture_needed,high,capture_private_panel_crop_from_source_then_run_native_vision_ocr,"front_or_primary_panel,manufacturer_or_distributor,archive_or_capture_coordinates",,kraft_macaroni_and_cheese_original__current_2020s__6__4;kraft_macaroni_and_cheese_original:kraft_macaroni_and_cheese_original__current_2020s__6__4;https://www.walmart.com/ip/10295759,3,local_private_image_path or processed_private_image_path,rights_review_needed,source_link_only_no_public_image,"Open source, capture a private panel crop, then fill the private template path.","A private crop path exists, audit_status becomes ready_for_capture, then native OCR can run.",1,0
hybrid-ocr-v1,capture_b60418765f584b,131,143,no_private_path_supplied,kraft_singles_american__current_2020s__1042__10,kraft_singles_american,Kraft Singles American Cheese,current_2020s,www.ewg.org,https://www.ewg.org/foodscores/products/0021000024834-KraftSinglesSingles2MilkAmericanCheeseSlices/,EWG Food Scores Kraft Singles 2% Milk American Cheese Slices,label_database_record,panel_capture_needed,high,capture_private_panel_crop_from_source_then_run_native_vision_ocr,"front_or_primary_panel,package_weight_or_size,manufacturer_or_distributor,archive_or_capture_coordinates",,kraft_singles_american__current_2020s__1042__10;kraft_singles_american:kraft_singles_american__current_2020s__1042__10;https://www.ewg.org/foodscores/products/0021000024834-KraftSinglesSingles2MilkAmericanCheeseSlices/,3,local_private_image_path or processed_private_image_path,rights_review_needed,source_link_only_no_public_image,"Open source, capture a private panel crop, then fill the private template path.","A private crop path exists, audit_status becomes ready_for_capture, then native OCR can run.",1,0
hybrid-ocr-v1,capture_705bd55cebf376,132,143,no_private_path_supplied,kraft_singles_american__current_2020s__286__6,kraft_singles_american,Kraft Singles American Cheese,current_2020s,www.walmart.com,https://www.walmart.com/ip/11964619,Kraft Singles American Slices 16 count Walmart page,retailer_page,panel_capture_needed,high,capture_private_panel_crop_from_source_then_run_native_vision_ocr,"front_or_primary_panel,manufacturer_or_distributor,archive_or_capture_coordinates",,kraft_singles_american__current_2020s__286__6;kraft_singles_american:kraft_singles_american__current_2020s__286__6;https://www.walmart.com/ip/11964619,3,local_private_image_path or processed_private_image_path,rights_review_needed,source_link_only_no_public_image,"Open source, capture a private panel crop, then fill the private template path.","A private crop path exists, audit_status becomes ready_for_capture, then native OCR can run.",1,0
hybrid-ocr-v1,capture_a40d4d3fc1652d,133,143,no_private_path_supplied,kraft_singles_american__current_2020s__753__8,kraft_singles_american,Kraft Singles American Cheese,current_2020s,www.kraftheinz.com,https://www.kraftheinz.com/kraft-singles/products/00021000604739-singles-american-pasteurized-prepared-cheese-product-slices,Kraft Singles American Slices official product page,brand_label_page,panel_capture_needed,high,capture_private_panel_crop_from_source_then_run_native_vision_ocr,"front_or_primary_panel,package_weight_or_size,manufacturer_or_distributor,archive_or_capture_coordinates",,kraft_singles_american__current_2020s__753__8;kraft_singles_american:kraft_singles_american__current_2020s__753__8;https://www.kraftheinz.com/kraft-singles/products/00021000604739-singles-american-pasteurized-prepared-cheese-product-slices,3,local_private_image_path or processed_private_image_path,rights_review_needed,source_link_only_no_public_image,"Open source, capture a private panel crop, then fill the private template path.","A private crop path exists, audit_status becomes ready_for_capture, then native OCR can run.",1,0
hybrid-ocr-v1,capture_a7880528345851,134,143,no_private_path_supplied,kraft_singles_american__current_2020s__78__4,kraft_singles_american,Kraft Singles American Cheese,current_2020s,www.kraftheinz.com,https://www.kraftheinz.com/kraft-singles/products/00021000604739-singles-american-pasteurized-prepared-cheese-product-slices/,Kraft Singles American Slices - Kraft Heinz,brand_label_page,panel_capture_needed,high,capture_private_panel_crop_from_source_then_run_native_vision_ocr,"front_or_primary_panel,manufacturer_or_distributor,archive_or_capture_coordinates",,kraft_singles_american__current_2020s__78__4;kraft_singles_american:kraft_singles_american__current_2020s__78__4;https://www.kraftheinz.com/kraft-singles/products/00021000604739-singles-american-pasteurized-prepared-cheese-product-slices/,3,local_private_image_path or processed_private_image_path,rights_review_needed,source_link_only_no_public_image,"Open source, capture a private panel crop, then fill the private template path.","A private crop path exists, audit_status becomes ready_for_capture, then native OCR can run.",1,0
hybrid-ocr-v1,capture_7e00fe59a28a1a,135,143,no_private_path_supplied,kraft_singles_american__current_2020s__868__5,kraft_singles_american,Kraft Singles American Cheese,current_2020s,www.kraftheinz.com,https://www.kraftheinz.com/kraft-singles/products/00021000615262-kraft-singles-american-cheese-slices,Kraft Singles American Cheese Slices official product page,brand_label_page,panel_capture_needed,high,capture_private_panel_crop_from_source_then_run_native_vision_ocr,"front_or_primary_panel,manufacturer_or_distributor,archive_or_capture_coordinates",,kraft_singles_american__current_2020s__868__5;kraft_singles_american:kraft_singles_american__current_2020s__868__5;https://www.kraftheinz.com/kraft-singles/products/00021000615262-kraft-singles-american-cheese-slices,3,local_private_image_path or processed_private_image_path,rights_review_needed,source_link_only_no_public_image,"Open source, capture a private panel crop, then fill the private template path.","A private crop path exists, audit_status becomes ready_for_capture, then native OCR can run.",1,0
hybrid-ocr-v1,capture_d129eeadf2bbb8,136,143,no_private_path_supplied,kraft_singles_american__current_2020s__961__9,kraft_singles_american,Kraft Singles American Cheese,current_2020s,www.kraftheinz.com,https://www.kraftheinz.com/kraft-singles/products/00021000604913-american-slices,Kraft Singles American Slices official product page,brand_label_page,panel_capture_needed,high,capture_private_panel_crop_from_source_then_run_native_vision_ocr,"front_or_primary_panel,package_weight_or_size,manufacturer_or_distributor,archive_or_capture_coordinates",,kraft_singles_american__current_2020s__961__9;kraft_singles_american:kraft_singles_american__current_2020s__961__9;https://www.kraftheinz.com/kraft-singles/products/00021000604913-american-slices,3,local_private_image_path or processed_private_image_path,rights_review_needed,source_link_only_no_public_image,"Open source, capture a private panel crop, then fill the private template path.","A private crop path exists, audit_status becomes ready_for_capture, then native OCR can run.",1,0
hybrid-ocr-v1,capture_21136b7b8e39e2,137,143,no_private_path_supplied,lays_classic__2010s__27__1,lays_classic,Lay's Classic Potato Chips,2010s,lays.backend.headless.majestic.dev,https://lays.backend.headless.majestic.dev/products/lays-classic-potato-chips,LAY'S Classic Potato Chips - brand backend product page,current_web_page,panel_capture_needed,high,capture_private_panel_crop_from_source_then_run_native_vision_ocr,"front_or_primary_panel,manufacturer_or_distributor,archive_or_capture_coordinates",,lays_classic__2010s__27__1;lays_classic:lays_classic__2010s__27__1;https://lays.backend.headless.majestic.dev/products/lays-classic-potato-chips,3,local_private_image_path or processed_private_image_path,rights_review_needed,source_link_only_no_public_image,"Open source, capture a private panel crop, then fill the private template path.","A private crop path exists, audit_status becomes ready_for_capture, then native OCR can run.",1,0
hybrid-ocr-v1,capture_f666aacd6894cf,138,143,no_private_path_supplied,lays_classic__current_2020s__26__3,lays_classic,Lay's Classic Potato Chips,current_2020s,smartlabel.pepsico.info,https://smartlabel.pepsico.info/028400017145-0003-en-US/index.html,Lay's Classic Potato Chips - SmartLabel,brand_label_page,panel_capture_needed,high,capture_private_panel_crop_from_source_then_run_native_vision_ocr,"front_or_primary_panel,manufacturer_or_distributor,archive_or_capture_coordinates",,lays_classic__current_2020s__26__3;lays_classic:lays_classic__current_2020s__26__3;https://smartlabel.pepsico.info/028400017145-0003-en-US/index.html,3,local_private_image_path or processed_private_image_path,rights_review_needed,source_link_only_no_public_image,"Open source, capture a private panel crop, then fill the private template path.","A private crop path exists, audit_status becomes ready_for_capture, then native OCR can run.",1,0
hybrid-ocr-v1,capture_558b747b3ceb95,139,143,no_private_path_supplied,lays_classic__current_2020s__28__2,lays_classic,Lay's Classic Potato Chips,current_2020s,smartlabel.pepsico.info,https://smartlabel.pepsico.info/028400017145-0003-en-US/index.html,Lay's Classic Potato Chips - SmartLabel,common_crawl_capture,panel_capture_needed,high,capture_private_panel_crop_from_source_then_run_native_vision_ocr,"front_or_primary_panel,manufacturer_or_distributor",,lays_classic__current_2020s__28__2;lays_classic:lays_classic__current_2020s__28__2;https://smartlabel.pepsico.info/028400017145-0003-en-US/index.html,3,local_private_image_path or processed_private_image_path,rights_review_needed,source_link_only_no_public_image,"Open source, capture a private panel crop, then fill the private template path.","A private crop path exists, audit_status becomes ready_for_capture, then native OCR can run.",1,0
hybrid-ocr-v1,capture_15162f42ccd672,140,143,no_private_path_supplied,lays_classic__current_2020s__311__1,lays_classic,Lay's Classic Potato Chips,current_2020s,www.walmart.com,https://www.walmart.com/ip/33282303,"Lay's Classic Potato Chips, 8 oz Bag - Walmart",retailer_page,panel_capture_needed,high,capture_private_panel_crop_from_source_then_run_native_vision_ocr,"manufacturer_or_distributor,archive_or_capture_coordinates",,lays_classic__current_2020s__311__1;lays_classic:lays_classic__current_2020s__311__1;https://www.walmart.com/ip/33282303,3,local_private_image_path or processed_private_image_path,rights_review_needed,source_link_only_no_public_image,"Open source, capture a private panel crop, then fill the private template path.","A private crop path exists, audit_status becomes ready_for_capture, then native OCR can run.",1,0
hybrid-ocr-v1,capture_97417346768b5b,141,143,no_private_path_supplied,lays_classic__current_2020s__492__5,lays_classic,Lay's Classic Potato Chips,current_2020s,smartlabel.pepsico.info,https://smartlabel.pepsico.info/028400199148-0033-en-US/index.html,"Lay's Classic Potato Chips 8 oz SmartLabel, updated 2024",brand_label_page,panel_capture_needed,high,capture_private_panel_crop_from_source_then_run_native_vision_ocr,"front_or_primary_panel,archive_or_capture_coordinates",,lays_classic__current_2020s__492__5;lays_classic:lays_classic__current_2020s__492__5;https://smartlabel.pepsico.info/028400199148-0033-en-US/index.html,3,local_private_image_path or processed_private_image_path,rights_review_needed,source_link_only_no_public_image,"Open source, capture a private panel crop, then fill the private template path.","A private crop path exists, audit_status becomes ready_for_capture, then native OCR can run.",1,0
hybrid-ocr-v1,capture_86b50bf895c2f0,142,143,no_private_path_supplied,lays_classic__current_2020s__493__4,lays_classic,Lay's Classic Potato Chips,current_2020s,smartlabel.pepsico.info,https://smartlabel.pepsico.info/028400090858-0020-en-US/index.html,"Lay's Classic Potato Chips 1 oz SmartLabel, updated 2025",brand_label_page,panel_capture_needed,high,capture_private_panel_crop_from_source_then_run_native_vision_ocr,"front_or_primary_panel,archive_or_capture_coordinates",,lays_classic__current_2020s__493__4;lays_classic:lays_classic__current_2020s__493__4;https://smartlabel.pepsico.info/028400090858-0020-en-US/index.html,3,local_private_image_path or processed_private_image_path,rights_review_needed,source_link_only_no_public_image,"Open source, capture a private panel crop, then fill the private template path.","A private crop path exists, audit_status becomes ready_for_capture, then native OCR can run.",1,0
hybrid-ocr-v1,capture_557782e2153718,143,143,no_private_path_supplied,lucky_charms__1980s_or_earlier__276__2,lucky_charms,Lucky Charms,1980s_or_earlier,www.flickr.com,https://www.flickr.com/photos/neatocoolville/423218445,"Lucky Charms Box Character Cutouts Back, 1980 - Flickr",collector_package_photo,panel_capture_needed,high,capture_private_panel_crop_from_source_then_run_native_vision_ocr,"transcribed_label_text,package_weight_or_size,manufacturer_or_distributor,archive_or_capture_coordinates",,lucky_charms__1980s_or_earlier__276__2;lucky_charms:lucky_charms__1980s_or_earlier__276__2;https://www.flickr.com/photos/neatocoolville/423218445,3,local_private_image_path or processed_private_image_path,rights_review_needed,source_link_only_no_public_image,"Open source, capture a private panel crop, then fill the private template path.","A private crop path exists, audit_status becomes ready_for_capture, then native OCR can run.",1,0
hybrid-ocr-v1,capture_edbc131dbf590d,144,143,no_private_path_supplied,lucky_charms__current_2020s__42__1,lucky_charms,Lucky Charms,current_2020s,www.luckycharms.com,https://www.luckycharms.com/products/lucky-charms-original-cereal,Lucky Charms Original Cereal - Lucky Charms,current_web_page,panel_capture_needed,high,capture_private_panel_crop_from_source_then_run_native_vision_ocr,"manufacturer_or_distributor,archive_or_capture_coordinates",,lucky_charms__current_2020s__42__1;lucky_charms:lucky_charms__current_2020s__42__1;https://www.luckycharms.com/products/lucky-charms-original-cereal,3,local_private_image_path or processed_private_image_path,rights_review_needed,source_link_only_no_public_image,"Open source, capture a private panel crop, then fill the private template path.","A private crop path exists, audit_status becomes ready_for_capture, then native OCR can run.",1,0
hybrid-ocr-v1,capture_c7ff1aa68705f9,145,143,no_private_path_supplied,lucky_charms__current_2020s__901__2,lucky_charms,Lucky Charms,current_2020s,www.walmart.com,https://www.walmart.com/ip/394624478,Lucky Charms 10.5 oz Walmart page,retailer_page,panel_capture_needed,high,capture_private_panel_crop_from_source_then_run_native_vision_ocr,"manufacturer_or_distributor,archive_or_capture_coordinates",,lucky_charms__current_2020s__901__2;lucky_charms:lucky_charms__current_2020s__901__2;https://www.walmart.com/ip/394624478,3,local_private_image_path or processed_private_image_path,rights_review_needed,source_link_only_no_public_image,"Open source, capture a private panel crop, then fill the private template path.","A private crop path exists, audit_status becomes ready_for_capture, then native OCR can run.",1,0
hybrid-ocr-v1,capture_6dd74b8d689dcf,146,143,no_private_path_supplied,lucky_charms__earliest_verified_label__276__3,lucky_charms,Lucky Charms,earliest_verified_label,www.flickr.com,https://www.flickr.com/photos/neatocoolville/423218445,"Lucky Charms Box Character Cutouts Back, 1980 - Flickr",collector_package_photo,panel_capture_needed,high,capture_private_panel_crop_from_source_then_run_native_vision_ocr,"transcribed_label_text,package_weight_or_size,manufacturer_or_distributor,archive_or_capture_coordinates",,lucky_charms__earliest_verified_label__276__3;lucky_charms:lucky_charms__earliest_verified_label__276__3;https://www.flickr.com/photos/neatocoolville/423218445,3,local_private_image_path or processed_private_image_path,rights_review_needed,source_link_only_no_public_image,"Open source, capture a private panel crop, then fill the private template path.","A private crop path exists, audit_status becomes ready_for_capture, then native OCR can run.",1,0
hybrid-ocr-v1,capture_c71fad14786a7a,147,143,no_private_path_supplied,mms_milk_chocolate__current_2020s__1082__1,mms_milk_chocolate,M&M's Milk Chocolate Candies,current_2020s,www.walmart.com,https://www.walmart.com/ip/15430114556,"M&M'S Milk Chocolate Candy Family Size, 18 oz Bag - Walmart",retailer_page,panel_capture_needed,high,capture_private_panel_crop_from_source_then_run_native_vision_ocr,"manufacturer_or_distributor,archive_or_capture_coordinates",,mms_milk_chocolate__current_2020s__1082__1;mms_milk_chocolate:mms_milk_chocolate__current_2020s__1082__1;https://www.walmart.com/ip/15430114556,3,local_private_image_path or processed_private_image_path,rights_review_needed,source_link_only_no_public_image,"Open source, capture a private panel crop, then fill the private template path.","A private crop path exists, audit_status becomes ready_for_capture, then native OCR can run.",1,0
hybrid-ocr-v1,capture_b6dad13aefd349,148,143,no_private_path_supplied,mms_milk_chocolate__current_2020s__45__3,mms_milk_chocolate,M&M's Milk Chocolate Candies,current_2020s,www.mms.com,https://www.mms.com/en-us/mms-milk-chocolate-candy/p/milk-chocolate-candy,M&M'S Milk Chocolate Candy - M&M'S,current_web_page,panel_capture_needed,high,capture_private_panel_crop_from_source_then_run_native_vision_ocr,"manufacturer_or_distributor,archive_or_capture_coordinates",,mms_milk_chocolate__current_2020s__45__3;mms_milk_chocolate:mms_milk_chocolate__current_2020s__45__3;https://www.mms.com/en-us/mms-milk-chocolate-candy/p/milk-chocolate-candy,3,local_private_image_path or processed_private_image_path,rights_review_needed,source_link_only_no_public_image,"Open source, capture a private panel crop, then fill the private template path.","A private crop path exists, audit_status becomes ready_for_capture, then native OCR can run.",1,0
hybrid-ocr-v1,capture_25d389f5614896,149,143,no_private_path_supplied,mms_milk_chocolate__current_2020s__497__2,mms_milk_chocolate,M&M's Milk Chocolate Candies,current_2020s,www.mms.com,https://www.mms.com/en-us/holiday-collection/mms-christmas-bulk-candy/ct1217-p.html,M&M'S Milk Chocolate Christmas Bulk Candy 32 oz current product page,current_web_page,panel_capture_needed,high,capture_private_panel_crop_from_source_then_run_native_vision_ocr,"manufacturer_or_distributor,archive_or_capture_coordinates",,mms_milk_chocolate__current_2020s__497__2;mms_milk_chocolate:mms_milk_chocolate__current_2020s__497__2;https://www.mms.com/en-us/holiday-collection/mms-christmas-bulk-candy/ct1217-p.html,3,local_private_image_path or processed_private_image_path,rights_review_needed,source_link_only_no_public_image,"Open source, capture a private panel crop, then fill the private template path.","A private crop path exists, audit_status becomes ready_for_capture, then native OCR can run.",1,0
hybrid-ocr-v1,capture_aaabf6a4d801e4,150,143,no_private_path_supplied,mountain_dew_original__current_2020s__260__1,mountain_dew_original,Mountain Dew Original,current_2020s,smartlabel.pepsico.info,https://smartlabel.pepsico.info/012000106064-0011-en-US/index.html,"Mountain Dew SmartLabel, UPC 012000106064",brand_label_page,panel_capture_needed,high,capture_private_panel_crop_from_source_then_run_native_vision_ocr,"manufacturer_or_distributor,archive_or_capture_coordinates",,mountain_dew_original__current_2020s__260__1;mountain_dew_original:mountain_dew_original__current_2020s__260__1;https://smartlabel.pepsico.info/012000106064-0011-en-US/index.html,3,local_private_image_path or processed_private_image_path,rights_review_needed,source_link_only_no_public_image,"Open source, capture a private panel crop, then fill the private template path.","A private crop path exists, audit_status becomes ready_for_capture, then native OCR can run.",1,0
hybrid-ocr-v1,capture_1c1a90812a306b,151,143,no_private_path_supplied,mountain_dew_original__current_2020s__34__3,mountain_dew_original,Mountain Dew Original,current_2020s,smartlabel.pepsico.info,https://smartlabel.pepsico.info/012000809897-0001-en-US/index.html,"Mountain Dew, 12 fl oz can - SmartLabel",brand_label_page,panel_capture_needed,high,capture_private_panel_crop_from_source_then_run_native_vision_ocr,"front_or_primary_panel,manufacturer_or_distributor,archive_or_capture_coordinates",,mountain_dew_original__current_2020s__34__3;mountain_dew_original:mountain_dew_original__current_2020s__34__3;https://smartlabel.pepsico.info/012000809897-0001-en-US/index.html,3,local_private_image_path or processed_private_image_path,rights_review_needed,source_link_only_no_public_image,"Open source, capture a private panel crop, then fill the private template path.","A private crop path exists, audit_status becomes ready_for_capture, then native OCR can run.",1,0
hybrid-ocr-v1,capture_33450329e6761f,152,143,no_private_path_supplied,mountain_dew_original__current_2020s__760__2,mountain_dew_original,Mountain Dew Original,current_2020s,smartlabel.pepsico.info,https://smartlabel.pepsico.info/012000809965-0017-en-US/index.html,Mountain Dew SmartLabel 12 pack cans UPC 012000809965,brand_label_page,panel_capture_needed,high,capture_private_panel_crop_from_source_then_run_native_vision_ocr,"manufacturer_or_distributor,archive_or_capture_coordinates",,mountain_dew_original__current_2020s__760__2;mountain_dew_original:mountain_dew_original__current_2020s__760__2;https://smartlabel.pepsico.info/012000809965-0017-en-US/index.html,3,local_private_image_path or processed_private_image_path,rights_review_needed,source_link_only_no_public_image,"Open source, capture a private panel crop, then fill the private template path.","A private crop path exists, audit_status becomes ready_for_capture, then native OCR can run.",1,0
hybrid-ocr-v1,capture_77246c411cd526,153,143,no_private_path_supplied,mountain_dew_original__current_2020s__761__4,mountain_dew_original,Mountain Dew Original,current_2020s,smartlabel.pepsico.info,https://smartlabel.pepsico.info/012000100499-0001-en-US/index.html,Mountain Dew SmartLabel 36 pack cans UPC 012000100499,brand_label_page,panel_capture_needed,high,capture_private_panel_crop_from_source_then_run_native_vision_ocr,"manufacturer_or_distributor,archive_or_capture_coordinates",,mountain_dew_original__current_2020s__761__4;mountain_dew_original:mountain_dew_original__current_2020s__761__4;https://smartlabel.pepsico.info/012000100499-0001-en-US/index.html,3,local_private_image_path or processed_private_image_path,rights_review_needed,source_link_only_no_public_image,"Open source, capture a private panel crop, then fill the private template path.","A private crop path exists, audit_status becomes ready_for_capture, then native OCR can run.",1,0
hybrid-ocr-v1,capture_2fb412a9138c06,154,143,no_private_path_supplied,mountain_dew_original__current_2020s__862__5,mountain_dew_original,Mountain Dew Original,current_2020s,smartlabel.pepsico.info,https://smartlabel.pepsico.info/012000001574-0001-en-US/index.html,Mountain Dew Original SmartLabel page,brand_label_page,panel_capture_needed,high,capture_private_panel_crop_from_source_then_run_native_vision_ocr,"front_or_primary_panel,manufacturer_or_distributor,archive_or_capture_coordinates",,mountain_dew_original__current_2020s__862__5;mountain_dew_original:mountain_dew_original__current_2020s__862__5;https://smartlabel.pepsico.info/012000001574-0001-en-US/index.html,3,local_private_image_path or processed_private_image_path,rights_review_needed,source_link_only_no_public_image,"Open source, capture a private panel crop, then fill the private template path.","A private crop path exists, audit_status becomes ready_for_capture, then native OCR can run.",1,0
hybrid-ocr-v1,capture_a864b096012272,155,143,no_private_path_supplied,mountain_dew_original__current_2020s__992__6,mountain_dew_original,Mountain Dew Original,current_2020s,smartlabel.pepsico.info,https://smartlabel.pepsico.info/012000002977-0001-en-US/index.html,Mountain Dew SmartLabel 1 L bottle UPC 012000002977,brand_label_page,panel_capture_needed,high,capture_private_panel_crop_from_source_then_run_native_vision_ocr,"front_or_primary_panel,manufacturer_or_distributor,archive_or_capture_coordinates",,mountain_dew_original__current_2020s__992__6;mountain_dew_original:mountain_dew_original__current_2020s__992__6;https://smartlabel.pepsico.info/012000002977-0001-en-US/index.html,3,local_private_image_path or processed_private_image_path,rights_review_needed,source_link_only_no_public_image,"Open source, capture a private panel crop, then fill the private template path.","A private crop path exists, audit_status becomes ready_for_capture, then native OCR can run.",1,0
hybrid-ocr-v1,capture_403130d070d15b,156,143,no_private_path_supplied,mountain_dew_original__current_2020s__993__7,mountain_dew_original,Mountain Dew Original,current_2020s,smartlabel.myproduct.info,https://smartlabel.myproduct.info/012000001314-0010-en-US/index.html,Mountain Dew SmartLabel 20 fl oz bottle UPC 012000001314,brand_label_page,panel_capture_needed,high,capture_private_panel_crop_from_source_then_run_native_vision_ocr,"front_or_primary_panel,manufacturer_or_distributor,archive_or_capture_coordinates",,mountain_dew_original__current_2020s__993__7;mountain_dew_original:mountain_dew_original__current_2020s__993__7;https://smartlabel.myproduct.info/012000001314-0010-en-US/index.html,3,local_private_image_path or processed_private_image_path,rights_review_needed,source_link_only_no_public_image,"Open source, capture a private panel crop, then fill the private template path.","A private crop path exists, audit_status becomes ready_for_capture, then native OCR can run.",1,0
hybrid-ocr-v1,capture_0802512a810c9d,157,143,no_private_path_supplied,nilla_wafers__2000s__865__1,nilla_wafers,Nilla Wafers,2000s,www.directionsforme.org,https://www.directionsforme.org/product/6135,Nilla Wafers DirectionsForMe label page,label_database_record,panel_capture_needed,high,capture_private_panel_crop_from_source_then_run_native_vision_ocr,"front_or_primary_panel,manufacturer_or_distributor,archive_or_capture_coordinates",,nilla_wafers__2000s__865__1;nilla_wafers:nilla_wafers__2000s__865__1;https://www.directionsforme.org/product/6135,3,local_private_image_path or processed_private_image_path,rights_review_needed,source_link_only_no_public_image,"Open source, capture a private panel crop, then fill the private template path.","A private crop path exists, audit_status becomes ready_for_capture, then native OCR can run.",1,0
hybrid-ocr-v1,capture_55ef4876b6378e,158,143,no_private_path_supplied,nilla_wafers__2010s__865__1,nilla_wafers,Nilla Wafers,2010s,www.directionsforme.org,https://www.directionsforme.org/product/6135,Nilla Wafers DirectionsForMe label page,label_database_record,panel_capture_needed,high,capture_private_panel_crop_from_source_then_run_native_vision_ocr,"front_or_primary_panel,manufacturer_or_distributor,archive_or_capture_coordinates",,nilla_wafers__2010s__865__1;nilla_wafers:nilla_wafers__2010s__865__1;https://www.directionsforme.org/product/6135,3,local_private_image_path or processed_private_image_path,rights_review_needed,source_link_only_no_public_image,"Open source, capture a private panel crop, then fill the private template path.","A private crop path exists, audit_status becomes ready_for_capture, then native OCR can run.",1,0
hybrid-ocr-v1,capture_9c8383b3f17199,159,143,no_private_path_supplied,nilla_wafers__current_2020s__63__6,nilla_wafers,Nilla Wafers,current_2020s,www.directionsforme.org,https://www.directionsforme.org/product/75544,Nilla Wafers Family Size - Directions for Me,label_database_record,panel_capture_needed,high,capture_private_panel_crop_from_source_then_run_native_vision_ocr,"front_or_primary_panel,manufacturer_or_distributor,archive_or_capture_coordinates",,nilla_wafers__current_2020s__63__6;nilla_wafers:nilla_wafers__current_2020s__63__6;https://www.directionsforme.org/product/75544,3,local_private_image_path or processed_private_image_path,rights_review_needed,source_link_only_no_public_image,"Open source, capture a private panel crop, then fill the private template path.","A private crop path exists, audit_status becomes ready_for_capture, then native OCR can run.",1,0
hybrid-ocr-v1,capture_c470dbf541ac30,160,143,no_private_path_supplied,nilla_wafers__current_2020s__64__5,nilla_wafers,Nilla Wafers,current_2020s,www.walmart.com,https://www.walmart.com/ip/17176262,"Nilla Wafers Mini Cookies, 11 oz - Walmart",retailer_page,panel_capture_needed,high,capture_private_panel_crop_from_source_then_run_native_vision_ocr,"front_or_primary_panel,manufacturer_or_distributor,archive_or_capture_coordinates",,nilla_wafers__current_2020s__64__5;nilla_wafers:nilla_wafers__current_2020s__64__5;https://www.walmart.com/ip/17176262,3,local_private_image_path or processed_private_image_path,rights_review_needed,source_link_only_no_public_image,"Open source, capture a private panel crop, then fill the private template path.","A private crop path exists, audit_status becomes ready_for_capture, then native OCR can run.",1,0
hybrid-ocr-v1,capture_b500fee97c78d2,161,143,no_private_path_supplied,nutella_hazelnut_spread__current_2020s__641__7,nutella_hazelnut_spread,Nutella Hazelnut Spread,current_2020s,www.nutella.com,https://www.nutella.com/us/en/nutellar-jar-nutellar-united-states-official-website,Nutella jar United States official page,current_web_page,panel_capture_needed,high,capture_private_panel_crop_from_source_then_run_native_vision_ocr,"front_or_primary_panel,package_weight_or_size,manufacturer_or_distributor,archive_or_capture_coordinates",,nutella_hazelnut_spread__current_2020s__641__7;nutella_hazelnut_spread:nutella_hazelnut_spread__current_2020s__641__7;https://www.nutella.com/us/en/nutellar-jar-nutellar-united-states-official-website,3,local_private_image_path or processed_private_image_path,rights_review_needed,source_link_only_no_public_image,"Open source, capture a private panel crop, then fill the private template path.","A private crop path exists, audit_status becomes ready_for_capture, then native OCR can run.",1,0
hybrid-ocr-v1,capture_ae53d430efb428,162,143,no_private_path_supplied,nutella_hazelnut_spread__current_2020s__65__6,nutella_hazelnut_spread,Nutella Hazelnut Spread,current_2020s,www.nutella.com,https://www.nutella.com/us/en/products/spread/nutella,Nutella Classic official US product page,current_web_page,panel_capture_needed,high,capture_private_panel_crop_from_source_then_run_native_vision_ocr,"front_or_primary_panel,package_weight_or_size,manufacturer_or_distributor,archive_or_capture_coordinates",,nutella_hazelnut_spread__current_2020s__65__6;nutella_hazelnut_spread:nutella_hazelnut_spread__current_2020s__65__6;https://www.nutella.com/us/en/products/spread/nutella,3,local_private_image_path or processed_private_image_path,rights_review_needed,source_link_only_no_public_image,"Open source, capture a private panel crop, then fill the private template path.","A private crop path exists, audit_status becomes ready_for_capture, then native OCR can run.",1,0
hybrid-ocr-v1,capture_f3244d15ac9376,163,143,no_private_path_supplied,nutella_hazelnut_spread__current_2020s__744__8,nutella_hazelnut_spread,Nutella Hazelnut Spread,current_2020s,www.nutella.com,https://www.nutella.com/us/en/inside-nutella/faqs,Nutella US FAQ current ingredient source,current_web_page,panel_capture_needed,high,capture_private_panel_crop_from_source_then_run_native_vision_ocr,"front_or_primary_panel,package_weight_or_size,manufacturer_or_distributor,archive_or_capture_coordinates",,nutella_hazelnut_spread__current_2020s__744__8;nutella_hazelnut_spread:nutella_hazelnut_spread__current_2020s__744__8;https://www.nutella.com/us/en/inside-nutella/faqs,3,local_private_image_path or processed_private_image_path,rights_review_needed,source_link_only_no_public_image,"Open source, capture a private panel crop, then fill the private template path.","A private crop path exists, audit_status becomes ready_for_capture, then native OCR can run.",1,0
hybrid-ocr-v1,capture_7460dcde878668,164,143,no_private_path_supplied,oreo_original_chocolate_sandwich_cookies__2010s__3__3,oreo_original_chocolate_sandwich_cookies,Oreo Original Chocolate Sandwich Cookies,2010s,www.ewg.org,https://www.ewg.org/foodscores/products/044000081034-OreoChocolateSandwichCookiesOriginalWinter/,"EWG Food Scores - Oreo Chocolate Sandwich Cookies, Original, Winter",label_database_record,panel_capture_needed,high,capture_private_panel_crop_from_source_then_run_native_vision_ocr,"front_or_primary_panel,manufacturer_or_distributor,archive_or_capture_coordinates",,oreo_original_chocolate_sandwich_cookies__2010s__3__3;oreo_original_chocolate_sandwich_cookies:oreo_original_chocolate_sandwich_cookies__2010s__3__3;https://www.ewg.org/foodscores/products/044000081034-OreoChocolateSandwichCookiesOriginalWinter/,3,local_private_image_path or processed_private_image_path,rights_review_needed,source_link_only_no_public_image,"Open source, capture a private panel crop, then fill the private template path.","A private crop path exists, audit_status becomes ready_for_capture, then native OCR can run.",1,0
hybrid-ocr-v1,capture_bd2f8cd79ee734,165,143,no_private_path_supplied,oreo_original_chocolate_sandwich_cookies__current_2020s__1__5,oreo_original_chocolate_sandwich_cookies,Oreo Original Chocolate Sandwich Cookies,current_2020s,smartlabel.mondelez.info,https://smartlabel.mondelez.info/00044000033262-0001-en-US/index.html,Nabisco Oreo Sandwich Cookies 14.3 oz - SmartLabel,brand_label_page,panel_capture_needed,high,capture_private_panel_crop_from_source_then_run_native_vision_ocr,"front_or_primary_panel,manufacturer_or_distributor,archive_or_capture_coordinates",,oreo_original_chocolate_sandwich_cookies__current_2020s__1__5;oreo_original_chocolate_sandwich_cookies:oreo_original_chocolate_sandwich_cookies__current_2020s__1__5;https://smartlabel.mondelez.info/00044000033262-0001-en-US/index.html,3,local_private_image_path or processed_private_image_path,rights_review_needed,source_link_only_no_public_image,"Open source, capture a private panel crop, then fill the private template path.","A private crop path exists, audit_status becomes ready_for_capture, then native OCR can run.",1,0
hybrid-ocr-v1,capture_cf4c1bcdfb9928,166,143,no_private_path_supplied,oreo_original_chocolate_sandwich_cookies__current_2020s__2__6,oreo_original_chocolate_sandwich_cookies,Oreo Original Chocolate Sandwich Cookies,current_2020s,www.ewg.org,https://www.ewg.org/foodscores/products/0044000051617-OreoChocolateOriginalFlavorSandwichCookies/,EWG Food Scores - Oreo Chocolate Original Flavor Sandwich Cookies,label_database_record,panel_capture_needed,high,capture_private_panel_crop_from_source_then_run_native_vision_ocr,"front_or_primary_panel,manufacturer_or_distributor,archive_or_capture_coordinates",,oreo_original_chocolate_sandwich_cookies__current_2020s__2__6;oreo_original_chocolate_sandwich_cookies:oreo_original_chocolate_sandwich_cookies__current_2020s__2__6;https://www.ewg.org/foodscores/products/0044000051617-OreoChocolateOriginalFlavorSandwichCookies/,3,local_private_image_path or processed_private_image_path,rights_review_needed,source_link_only_no_public_image,"Open source, capture a private panel crop, then fill the private template path.","A private crop path exists, audit_status becomes ready_for_capture, then native OCR can run.",1,0
hybrid-ocr-v1,capture_37ca38e66ba0a8,167,143,no_private_path_supplied,oreo_original_chocolate_sandwich_cookies__current_2020s__372__4,oreo_original_chocolate_sandwich_cookies,Oreo Original Chocolate Sandwich Cookies,current_2020s,smartlabel.mondelez.info,https://smartlabel.mondelez.info/00044000032029-0001-en-US/index.html,Nabisco Oreo Sandwich Cookies Chocolate 14.3 oz - SmartLabel,brand_label_page,panel_capture_needed,high,capture_private_panel_crop_from_source_then_run_native_vision_ocr,"manufacturer_or_distributor,archive_or_capture_coordinates",,oreo_original_chocolate_sandwich_cookies__current_2020s__372__4;oreo_original_chocolate_sandwich_cookies:oreo_original_chocolate_sandwich_cookies__current_2020s__372__4;https://smartlabel.mondelez.info/00044000032029-0001-en-US/index.html,3,local_private_image_path or processed_private_image_path,rights_review_needed,source_link_only_no_public_image,"Open source, capture a private panel crop, then fill the private template path.","A private crop path exists, audit_status becomes ready_for_capture, then native OCR can run.",1,0
hybrid-ocr-v1,capture_c41e85942e87f4,168,143,no_private_path_supplied,oreo_original_chocolate_sandwich_cookies__current_2020s__445__1,oreo_original_chocolate_sandwich_cookies,Oreo Original Chocolate Sandwich Cookies,current_2020s,www.kroger.com,https://www.kroger.com/p/nabisco-original-oreos/0004400003202,"OREO Chocolate Sandwich Cookies, 14.3 oz - Kroger",retailer_page,panel_capture_needed,high,capture_private_panel_crop_from_source_then_run_native_vision_ocr,"manufacturer_or_distributor,archive_or_capture_coordinates",,oreo_original_chocolate_sandwich_cookies__current_2020s__445__1;oreo_original_chocolate_sandwich_cookies:oreo_original_chocolate_sandwich_cookies__current_2020s__445__1;https://www.kroger.com/p/nabisco-original-oreos/0004400003202,3,local_private_image_path or processed_private_image_path,rights_review_needed,source_link_only_no_public_image,"Open source, capture a private panel crop, then fill the private template path.","A private crop path exists, audit_status becomes ready_for_capture, then native OCR can run.",1,0
hybrid-ocr-v1,capture_4356ec96b6afd5,169,143,no_private_path_supplied,oreo_original_chocolate_sandwich_cookies__current_2020s__607__2,oreo_original_chocolate_sandwich_cookies,Oreo Original Chocolate Sandwich Cookies,current_2020s,business.walmart.com,https://business.walmart.com/ip/Oreo-Original-Cookie-13-29-oz/16255757318,Oreo Original Cookie 13.29 oz - Walmart Business,retailer_page,panel_capture_needed,high,capture_private_panel_crop_from_source_then_run_native_vision_ocr,"manufacturer_or_distributor,archive_or_capture_coordinates",,oreo_original_chocolate_sandwich_cookies__current_2020s__607__2;oreo_original_chocolate_sandwich_cookies:oreo_original_chocolate_sandwich_cookies__current_2020s__607__2;https://business.walmart.com/ip/Oreo-Original-Cookie-13-29-oz/16255757318,3,local_private_image_path or processed_private_image_path,rights_review_needed,source_link_only_no_public_image,"Open source, capture a private panel crop, then fill the private template path.","A private crop path exists, audit_status becomes ready_for_capture, then native OCR can run.",1,0
hybrid-ocr-v1,capture_9328040d4f408e,170,143,no_private_path_supplied,oscar_mayer_wieners__current_2020s__110__2,oscar_mayer_wieners,Oscar Mayer Wieners,current_2020s,www.oscarmayer.com,https://www.oscarmayer.com/products/00044700097014-classic-wieners-hot-dogs-mega-pack/,Oscar Mayer Classic Wieners Hot Dogs Mega Pack - Oscar Mayer,current_web_page,panel_capture_needed,high,capture_private_panel_crop_from_source_then_run_native_vision_ocr,"front_or_primary_panel,manufacturer_or_distributor,archive_or_capture_coordinates",,oscar_mayer_wieners__current_2020s__110__2;oscar_mayer_wieners:oscar_mayer_wieners__current_2020s__110__2;https://www.oscarmayer.com/products/00044700097014-classic-wieners-hot-dogs-mega-pack/,3,local_private_image_path or processed_private_image_path,rights_review_needed,source_link_only_no_public_image,"Open source, capture a private panel crop, then fill the private template path.","A private crop path exists, audit_status becomes ready_for_capture, then native OCR can run.",1,0
hybrid-ocr-v1,capture_fd25f99c4aa088,171,143,no_private_path_supplied,pepperidge_farm_goldfish_cheddar__current_2020s__280__1,pepperidge_farm_goldfish_cheddar,Pepperidge Farm Goldfish Cheddar,current_2020s,www.walmart.com,https://www.walmart.com/ip/957662616,"Goldfish Cheddar Crackers, 6.6 oz Bag, 6 Count Box - Walmart",retailer_page,panel_capture_needed,high,capture_private_panel_crop_from_source_then_run_native_vision_ocr,"manufacturer_or_distributor,archive_or_capture_coordinates",,pepperidge_farm_goldfish_cheddar__current_2020s__280__1;pepperidge_farm_goldfish_cheddar:pepperidge_farm_goldfish_cheddar__current_2020s__280__1;https://www.walmart.com/ip/957662616,3,local_private_image_path or processed_private_image_path,rights_review_needed,source_link_only_no_public_image,"Open source, capture a private panel crop, then fill the private template path.","A private crop path exists, audit_status becomes ready_for_capture, then native OCR can run.",1,0
hybrid-ocr-v1,capture_398e2e7e0b9cc6,172,143,no_private_path_supplied,pepperidge_farm_goldfish_cheddar__current_2020s__47__4,pepperidge_farm_goldfish_cheddar,Pepperidge Farm Goldfish Cheddar,current_2020s,www.pepperidgefarm.com,https://www.pepperidgefarm.com/product/goldfish-cheddar-crackers/,Goldfish Cheddar Crackers - Pepperidge Farm,current_web_page,panel_capture_needed,high,capture_private_panel_crop_from_source_then_run_native_vision_ocr,"front_or_primary_panel,manufacturer_or_distributor,archive_or_capture_coordinates",,pepperidge_farm_goldfish_cheddar__current_2020s__47__4;pepperidge_farm_goldfish_cheddar:pepperidge_farm_goldfish_cheddar__current_2020s__47__4;https://www.pepperidgefarm.com/product/goldfish-cheddar-crackers/,3,local_private_image_path or processed_private_image_path,rights_review_needed,source_link_only_no_public_image,"Open source, capture a private panel crop, then fill the private template path.","A private crop path exists, audit_status becomes ready_for_capture, then native OCR can run.",1,0
hybrid-ocr-v1,capture_31c33066d2f5a4,173,143,no_private_path_supplied,pepperidge_farm_goldfish_cheddar__current_2020s__522__2,pepperidge_farm_goldfish_cheddar,Pepperidge Farm Goldfish Cheddar,current_2020s,www.target.com,https://www.target.com/p/-/A-89409907,Goldfish Cheddar Cheese Crackers Carton 27.3 oz Target page,retailer_page,panel_capture_needed,high,capture_private_panel_crop_from_source_then_run_native_vision_ocr,"manufacturer_or_distributor,archive_or_capture_coordinates",,pepperidge_farm_goldfish_cheddar__current_2020s__522__2;pepperidge_farm_goldfish_cheddar:pepperidge_farm_goldfish_cheddar__current_2020s__522__2;https://www.target.com/p/-/A-89409907,3,local_private_image_path or processed_private_image_path,rights_review_needed,source_link_only_no_public_image,"Open source, capture a private panel crop, then fill the private template path.","A private crop path exists, audit_status becomes ready_for_capture, then native OCR can run.",1,0
hybrid-ocr-v1,capture_a2f8f9633455f6,174,143,no_private_path_supplied,pepsi_cola__current_2020s__259__1,pepsi_cola,Pepsi Cola,current_2020s,smartlabel.pepsico.info,https://smartlabel.pepsico.info/012000192524-0014-en-US/index.html,"Pepsi-Cola SmartLabel, UPC 012000192524",brand_label_page,panel_capture_needed,high,capture_private_panel_crop_from_source_then_run_native_vision_ocr,"manufacturer_or_distributor,archive_or_capture_coordinates",,pepsi_cola__current_2020s__259__1;pepsi_cola:pepsi_cola__current_2020s__259__1;https://smartlabel.pepsico.info/012000192524-0014-en-US/index.html,3,local_private_image_path or processed_private_image_path,rights_review_needed,source_link_only_no_public_image,"Open source, capture a private panel crop, then fill the private template path.","A private crop path exists, audit_status becomes ready_for_capture, then native OCR can run.",1,0
hybrid-ocr-v1,capture_01fb4bdd8a3b74,175,143,no_private_path_supplied,pepsi_cola__current_2020s__33__3,pepsi_cola,Pepsi Cola,current_2020s,smartlabel.pepsico.info,https://smartlabel.pepsico.info/012000809941-0001-en-US/index.html,Pepsi Cola SmartLabel product record,brand_label_page,panel_capture_needed,high,capture_private_panel_crop_from_source_then_run_native_vision_ocr,"front_or_primary_panel,package_weight_or_size,manufacturer_or_distributor,archive_or_capture_coordinates",,pepsi_cola__current_2020s__33__3;pepsi_cola:pepsi_cola__current_2020s__33__3;https://smartlabel.pepsico.info/012000809941-0001-en-US/index.html,3,local_private_image_path or processed_private_image_path,rights_review_needed,source_link_only_no_public_image,"Open source, capture a private panel crop, then fill the private template path.","A private crop path exists, audit_status becomes ready_for_capture, then native OCR can run.",1,0
hybrid-ocr-v1,capture_b31075b16e9d1a,176,143,no_private_path_supplied,pepsi_cola__current_2020s__666__2,pepsi_cola,Pepsi Cola,current_2020s,www.wegmans.com,https://www.wegmans.com/shop/product/18297-Cola,Pepsi Cola 12 x 12 fl oz - Wegmans,retailer_page,panel_capture_needed,high,capture_private_panel_crop_from_source_then_run_native_vision_ocr,"manufacturer_or_distributor,archive_or_capture_coordinates",,pepsi_cola__current_2020s__666__2;pepsi_cola:pepsi_cola__current_2020s__666__2;https://www.wegmans.com/shop/product/18297-Cola,3,local_private_image_path or processed_private_image_path,rights_review_needed,source_link_only_no_public_image,"Open source, capture a private panel crop, then fill the private template path.","A private crop path exists, audit_status becomes ready_for_capture, then native OCR can run.",1,0
hybrid-ocr-v1,capture_371a85c49bdef2,177,143,no_private_path_supplied,poptarts_brown_sugar_cinnamon__current_2020s__279__2,poptarts_brown_sugar_cinnamon,Pop-Tarts Frosted Brown Sugar Cinnamon,current_2020s,www.walmart.com,https://www.walmart.com/ip/15462074871,Pop-Tarts Frosted Brown Sugar Cinnamon 13.5 oz Walmart page,retailer_page,panel_capture_needed,high,capture_private_panel_crop_from_source_then_run_native_vision_ocr,"manufacturer_or_distributor,archive_or_capture_coordinates",,poptarts_brown_sugar_cinnamon__current_2020s__279__2;poptarts_brown_sugar_cinnamon:poptarts_brown_sugar_cinnamon__current_2020s__279__2;https://www.walmart.com/ip/15462074871,3,local_private_image_path or processed_private_image_path,rights_review_needed,source_link_only_no_public_image,"Open source, capture a private panel crop, then fill the private template path.","A private crop path exists, audit_status becomes ready_for_capture, then native OCR can run.",1,0
hybrid-ocr-v1,capture_41b7bbc212b450,178,143,no_private_path_supplied,poptarts_brown_sugar_cinnamon__current_2020s__43__5,poptarts_brown_sugar_cinnamon,Pop-Tarts Frosted Brown Sugar Cinnamon,current_2020s,smartlabel.kelloggs.com,https://smartlabel.kelloggs.com/Product/Index/038000317309,Frosted Brown Sugar Cinnamon Pop-Tarts - SmartLabel,brand_label_page,panel_capture_needed,high,capture_private_panel_crop_from_source_then_run_native_vision_ocr,"front_or_primary_panel,manufacturer_or_distributor,archive_or_capture_coordinates",,poptarts_brown_sugar_cinnamon__current_2020s__43__5;poptarts_brown_sugar_cinnamon:poptarts_brown_sugar_cinnamon__current_2020s__43__5;https://smartlabel.kelloggs.com/Product/Index/038000317309,3,local_private_image_path or processed_private_image_path,rights_review_needed,source_link_only_no_public_image,"Open source, capture a private panel crop, then fill the private template path.","A private crop path exists, audit_status becomes ready_for_capture, then native OCR can run.",1,0
hybrid-ocr-v1,capture_8bb6ab760d035e,179,143,no_private_path_supplied,poptarts_brown_sugar_cinnamon__current_2020s__536__6,poptarts_brown_sugar_cinnamon,Pop-Tarts Frosted Brown Sugar Cinnamon,current_2020s,smartlabel.kelloggs.com,https://smartlabel.kelloggs.com/Product/Index/038000311307,Pop-Tarts Frosted Brown Sugar Cinnamon SmartLabel page,brand_label_page,panel_capture_needed,high,capture_private_panel_crop_from_source_then_run_native_vision_ocr,"front_or_primary_panel,manufacturer_or_distributor,archive_or_capture_coordinates",,poptarts_brown_sugar_cinnamon__current_2020s__536__6;poptarts_brown_sugar_cinnamon:poptarts_brown_sugar_cinnamon__current_2020s__536__6;https://smartlabel.kelloggs.com/Product/Index/038000311307,3,local_private_image_path or processed_private_image_path,rights_review_needed,source_link_only_no_public_image,"Open source, capture a private panel crop, then fill the private template path.","A private crop path exists, audit_status becomes ready_for_capture, then native OCR can run.",1,0
hybrid-ocr-v1,capture_801a2e9a989b2c,180,143,no_private_path_supplied,poptarts_brown_sugar_cinnamon__current_2020s__537__1,poptarts_brown_sugar_cinnamon,Pop-Tarts Frosted Brown Sugar Cinnamon,current_2020s,www.poptarts.com,https://www.poptarts.com/en_US/products/all-flavors/pop-tarts-frosted-brown-sugar-cinnamon-product.html,Pop-Tarts Frosted Brown Sugar Cinnamon official product page,current_web_page,panel_capture_needed,high,capture_private_panel_crop_from_source_then_run_native_vision_ocr,"manufacturer_or_distributor,archive_or_capture_coordinates",,poptarts_brown_sugar_cinnamon__current_2020s__537__1;poptarts_brown_sugar_cinnamon:poptarts_brown_sugar_cinnamon__current_2020s__537__1;https://www.poptarts.com/en_US/products/all-flavors/pop-tarts-frosted-brown-sugar-cinnamon-product.html,3,local_private_image_path or processed_private_image_path,rights_review_needed,source_link_only_no_public_image,"Open source, capture a private panel crop, then fill the private template path.","A private crop path exists, audit_status becomes ready_for_capture, then native OCR can run.",1,0
hybrid-ocr-v1,capture_2a68e874c9b37d,181,143,no_private_path_supplied,poptarts_brown_sugar_cinnamon__current_2020s__853__7,poptarts_brown_sugar_cinnamon,Pop-Tarts Frosted Brown Sugar Cinnamon,current_2020s,smartlabel.kelloggs.com,https://smartlabel.kelloggs.com/Product/Index/00038000311307,Frosted Brown Sugar Cinnamon Pop-Tarts SmartLabel 20.3 oz,brand_label_page,panel_capture_needed,high,capture_private_panel_crop_from_source_then_run_native_vision_ocr,"front_or_primary_panel,manufacturer_or_distributor,archive_or_capture_coordinates",,poptarts_brown_sugar_cinnamon__current_2020s__853__7;poptarts_brown_sugar_cinnamon:poptarts_brown_sugar_cinnamon__current_2020s__853__7;https://smartlabel.kelloggs.com/Product/Index/00038000311307,3,local_private_image_path or processed_private_image_path,rights_review_needed,source_link_only_no_public_image,"Open source, capture a private panel crop, then fill the private template path.","A private crop path exists, audit_status becomes ready_for_capture, then native OCR can run.",1,0
hybrid-ocr-v1,capture_ec740b1b9bc53b,182,143,no_private_path_supplied,poptarts_brown_sugar_cinnamon__current_2020s__854__4,poptarts_brown_sugar_cinnamon,Pop-Tarts Frosted Brown Sugar Cinnamon,current_2020s,www.kroger.com,https://www.kroger.com/p/pop-tarts-frosted-brown-sugar-cinnamon-toaster-pastries/0003800022261,Pop-Tarts Frosted Brown Sugar Cinnamon 13.5 oz Kroger page,retailer_page,panel_capture_needed,high,capture_private_panel_crop_from_source_then_run_native_vision_ocr,"transcribed_label_text,manufacturer_or_distributor,archive_or_capture_coordinates",,poptarts_brown_sugar_cinnamon__current_2020s__854__4;poptarts_brown_sugar_cinnamon:poptarts_brown_sugar_cinnamon__current_2020s__854__4;https://www.kroger.com/p/pop-tarts-frosted-brown-sugar-cinnamon-toaster-pastries/0003800022261,3,local_private_image_path or processed_private_image_path,rights_review_needed,source_link_only_no_public_image,"Open source, capture a private panel crop, then fill the private template path.","A private crop path exists, audit_status becomes ready_for_capture, then native OCR can run.",1,0
hybrid-ocr-v1,capture_bfbb2d157fa60a,183,143,no_private_path_supplied,poptarts_brown_sugar_cinnamon__current_2020s__959__8,poptarts_brown_sugar_cinnamon,Pop-Tarts Frosted Brown Sugar Cinnamon,current_2020s,www.kroger.com,https://www.kroger.com/p/kellogg-s-pop-tarts-frosted-brown-sugar-cinnamon-toaster-pastries/0003800022261,Kroger Pop-Tarts Frosted Brown Sugar Cinnamon page,retailer_page,panel_capture_needed,high,capture_private_panel_crop_from_source_then_run_native_vision_ocr,"manufacturer_or_distributor,archive_or_capture_coordinates",,poptarts_brown_sugar_cinnamon__current_2020s__959__8;poptarts_brown_sugar_cinnamon:poptarts_brown_sugar_cinnamon__current_2020s__959__8;https://www.kroger.com/p/kellogg-s-pop-tarts-frosted-brown-sugar-cinnamon-toaster-pastries/0003800022261,3,local_private_image_path or processed_private_image_path,rights_review_needed,source_link_only_no_public_image,"Open source, capture a private panel crop, then fill the private template path.","A private crop path exists, audit_status becomes ready_for_capture, then native OCR can run.",1,0
hybrid-ocr-v1,capture_bc878683f704ed,184,143,no_private_path_supplied,poptarts_brown_sugar_cinnamon__current_2020s__960__3,poptarts_brown_sugar_cinnamon,Pop-Tarts Frosted Brown Sugar Cinnamon,current_2020s,www.walmart.com,https://www.walmart.com/ip/181775429,Walmart Pop-Tarts Frosted Brown Sugar Cinnamon 12 count page,retailer_page,panel_capture_needed,high,capture_private_panel_crop_from_source_then_run_native_vision_ocr,"manufacturer_or_distributor,archive_or_capture_coordinates",,poptarts_brown_sugar_cinnamon__current_2020s__960__3;poptarts_brown_sugar_cinnamon:poptarts_brown_sugar_cinnamon__current_2020s__960__3;https://www.walmart.com/ip/181775429,3,local_private_image_path or processed_private_image_path,rights_review_needed,source_link_only_no_public_image,"Open source, capture a private panel crop, then fill the private template path.","A private crop path exists, audit_status becomes ready_for_capture, then native OCR can run.",1,0
hybrid-ocr-v1,capture_0ce62a9e45af42,185,143,no_private_path_supplied,poptarts_frosted_strawberry__2010s__449__1,poptarts_frosted_strawberry,Pop-Tarts Frosted Strawberry,2010s,www.foodrepo.org,https://www.foodrepo.org/en/products/47947,Kellogg's Pop-Tarts Frosted Strawberry 58.6 oz - FoodRepo,label_database_record,panel_capture_needed,high,capture_private_panel_crop_from_source_then_run_native_vision_ocr,"front_or_primary_panel,manufacturer_or_distributor,archive_or_capture_coordinates",,poptarts_frosted_strawberry__2010s__449__1;poptarts_frosted_strawberry:poptarts_frosted_strawberry__2010s__449__1;https://www.foodrepo.org/en/products/47947,3,local_private_image_path or processed_private_image_path,rights_review_needed,source_link_only_no_public_image,"Open source, capture a private panel crop, then fill the private template path.","A private crop path exists, audit_status becomes ready_for_capture, then native OCR can run.",1,0
hybrid-ocr-v1,capture_d696ff482481f5,186,143,no_private_path_supplied,poptarts_frosted_strawberry__current_2020s__13__3,poptarts_frosted_strawberry,Pop-Tarts Frosted Strawberry,current_2020s,smartlabel.kelloggs.com,https://smartlabel.kelloggs.com/Product/Index/038000317316,Frosted Strawberry Pop-Tarts - SmartLabel,brand_label_page,panel_capture_needed,high,capture_private_panel_crop_from_source_then_run_native_vision_ocr,"front_or_primary_panel,manufacturer_or_distributor,archive_or_capture_coordinates",,poptarts_frosted_strawberry__current_2020s__13__3;poptarts_frosted_strawberry:poptarts_frosted_strawberry__current_2020s__13__3;https://smartlabel.kelloggs.com/Product/Index/038000317316,3,local_private_image_path or processed_private_image_path,rights_review_needed,source_link_only_no_public_image,"Open source, capture a private panel crop, then fill the private template path.","A private crop path exists, audit_status becomes ready_for_capture, then native OCR can run.",1,0
hybrid-ocr-v1,capture_c31cdeafc516f8,187,143,no_private_path_supplied,poptarts_frosted_strawberry__current_2020s__14__4,poptarts_frosted_strawberry,Pop-Tarts Frosted Strawberry,current_2020s,www.poptarts.com,https://www.poptarts.com/en_US/products/all-flavors/pop-tarts-frosted-strawberry-product.html,Frosted Strawberry Pop-Tarts - Pop-Tarts,current_web_page,panel_capture_needed,high,capture_private_panel_crop_from_source_then_run_native_vision_ocr,"front_or_primary_panel,manufacturer_or_distributor,archive_or_capture_coordinates",,poptarts_frosted_strawberry__current_2020s__14__4;poptarts_frosted_strawberry:poptarts_frosted_strawberry__current_2020s__14__4;https://www.poptarts.com/en_US/products/all-flavors/pop-tarts-frosted-strawberry-product.html,3,local_private_image_path or processed_private_image_path,rights_review_needed,source_link_only_no_public_image,"Open source, capture a private panel crop, then fill the private template path.","A private crop path exists, audit_status becomes ready_for_capture, then native OCR can run.",1,0
hybrid-ocr-v1,capture_137a489d7cd77c,188,143,no_private_path_supplied,poptarts_frosted_strawberry__current_2020s__254__1,poptarts_frosted_strawberry,Pop-Tarts Frosted Strawberry,current_2020s,www.walmart.com,https://www.walmart.com/ip/759722026,"Pop-Tarts Frosted Strawberry Toaster Pastries, 13.5 oz - Walmart",retailer_page,panel_capture_needed,high,capture_private_panel_crop_from_source_then_run_native_vision_ocr,"manufacturer_or_distributor,archive_or_capture_coordinates",,poptarts_frosted_strawberry__current_2020s__254__1;poptarts_frosted_strawberry:poptarts_frosted_strawberry__current_2020s__254__1;https://www.walmart.com/ip/759722026,3,local_private_image_path or processed_private_image_path,rights_review_needed,source_link_only_no_public_image,"Open source, capture a private panel crop, then fill the private template path.","A private crop path exists, audit_status becomes ready_for_capture, then native OCR can run.",1,0
hybrid-ocr-v1,capture_3bcc9329376701,189,143,no_private_path_supplied,poptarts_frosted_strawberry__current_2020s__449__5,poptarts_frosted_strawberry,Pop-Tarts Frosted Strawberry,current_2020s,www.foodrepo.org,https://www.foodrepo.org/en/products/47947,Kellogg's Pop-Tarts Frosted Strawberry 58.6 oz - FoodRepo,label_database_record,panel_capture_needed,high,capture_private_panel_crop_from_source_then_run_native_vision_ocr,"front_or_primary_panel,manufacturer_or_distributor,archive_or_capture_coordinates",,poptarts_frosted_strawberry__current_2020s__449__5;poptarts_frosted_strawberry:poptarts_frosted_strawberry__current_2020s__449__5;https://www.foodrepo.org/en/products/47947,3,local_private_image_path or processed_private_image_path,rights_review_needed,source_link_only_no_public_image,"Open source, capture a private panel crop, then fill the private template path.","A private crop path exists, audit_status becomes ready_for_capture, then native OCR can run.",1,0
hybrid-ocr-v1,capture_0ced7c4b84d8ae,190,143,no_private_path_supplied,poptarts_frosted_strawberry__current_2020s__721__6,poptarts_frosted_strawberry,Pop-Tarts Frosted Strawberry,current_2020s,www.poptarts.com,https://www.poptarts.com/en_US/products/all-flavors/pop-tarts-frosted-strawberry-product.html?bvstate=pg%3A15%2Fct%3Ar,Frosted Strawberry Pop-Tarts current product page,current_web_page,panel_capture_needed,high,capture_private_panel_crop_from_source_then_run_native_vision_ocr,"front_or_primary_panel,package_weight_or_size,manufacturer_or_distributor,archive_or_capture_coordinates",,poptarts_frosted_strawberry__current_2020s__721__6;poptarts_frosted_strawberry:poptarts_frosted_strawberry__current_2020s__721__6;https://www.poptarts.com/en_US/products/all-flavors/pop-tarts-frosted-strawberry-product.html?bvstate=pg%3A15%2Fct%3Ar,3,local_private_image_path or processed_private_image_path,rights_review_needed,source_link_only_no_public_image,"Open source, capture a private panel crop, then fill the private template path.","A private crop path exists, audit_status becomes ready_for_capture, then native OCR can run.",1,0
hybrid-ocr-v1,capture_69a7b795914fd9,191,143,no_private_path_supplied,poptarts_frosted_strawberry__current_2020s__722__7,poptarts_frosted_strawberry,Pop-Tarts Frosted Strawberry,current_2020s,smartlabel.kelloggs.com,https://smartlabel.kelloggs.com/en_US/Product/Index/00038000317316,Pop-Tarts Frosted Strawberry SmartLabel page,brand_label_page,panel_capture_needed,high,capture_private_panel_crop_from_source_then_run_native_vision_ocr,"front_or_primary_panel,package_weight_or_size,manufacturer_or_distributor,archive_or_capture_coordinates",,poptarts_frosted_strawberry__current_2020s__722__7;poptarts_frosted_strawberry:poptarts_frosted_strawberry__current_2020s__722__7;https://smartlabel.kelloggs.com/en_US/Product/Index/00038000317316,3,local_private_image_path or processed_private_image_path,rights_review_needed,source_link_only_no_public_image,"Open source, capture a private panel crop, then fill the private template path.","A private crop path exists, audit_status becomes ready_for_capture, then native OCR can run.",1,0
hybrid-ocr-v1,capture_b02fd7b994a46e,192,143,no_private_path_supplied,pringles_original__current_2020s__282__1,pringles_original,Pringles Original Crisps,current_2020s,www.walmart.com,https://www.walmart.com/ip/47217461,"Pringles Original Potato Crisps, 5.2 oz Canister - Walmart",retailer_page,panel_capture_needed,high,capture_private_panel_crop_from_source_then_run_native_vision_ocr,"manufacturer_or_distributor,archive_or_capture_coordinates",,pringles_original__current_2020s__282__1;pringles_original:pringles_original__current_2020s__282__1;https://www.walmart.com/ip/47217461,3,local_private_image_path or processed_private_image_path,rights_review_needed,source_link_only_no_public_image,"Open source, capture a private panel crop, then fill the private template path.","A private crop path exists, audit_status becomes ready_for_capture, then native OCR can run.",1,0
hybrid-ocr-v1,capture_ee7975a1f394b2,193,143,no_private_path_supplied,pringles_original__current_2020s__48__5,pringles_original,Pringles Original Crisps,current_2020s,www.pringles.com,https://www.pringles.com/en-us/products/pringles-original-crisps.html,Pringles Original Crisps - Pringles,current_web_page,panel_capture_needed,high,capture_private_panel_crop_from_source_then_run_native_vision_ocr,"front_or_primary_panel,manufacturer_or_distributor,archive_or_capture_coordinates",,pringles_original__current_2020s__48__5;pringles_original:pringles_original__current_2020s__48__5;https://www.pringles.com/en-us/products/pringles-original-crisps.html,3,local_private_image_path or processed_private_image_path,rights_review_needed,source_link_only_no_public_image,"Open source, capture a private panel crop, then fill the private template path.","A private crop path exists, audit_status becomes ready_for_capture, then native OCR can run.",1,0
hybrid-ocr-v1,capture_16d136991944ff,194,143,no_private_path_supplied,pringles_original__current_2020s__507__3,pringles_original,Pringles Original Crisps,current_2020s,www.kroger.com,https://www.kroger.com/p/pringles-original-potato-crisps-chips/0003800013841,Kroger Pringles Original 5.2 oz page,retailer_page,panel_capture_needed,high,capture_private_panel_crop_from_source_then_run_native_vision_ocr,"manufacturer_or_distributor,archive_or_capture_coordinates",,pringles_original__current_2020s__507__3;pringles_original:pringles_original__current_2020s__507__3;https://www.kroger.com/p/pringles-original-potato-crisps-chips/0003800013841,3,local_private_image_path or processed_private_image_path,rights_review_needed,source_link_only_no_public_image,"Open source, capture a private panel crop, then fill the private template path.","A private crop path exists, audit_status becomes ready_for_capture, then native OCR can run.",1,0
hybrid-ocr-v1,capture_8c74bbc2b39008,195,143,no_private_path_supplied,pringles_original__current_2020s__860__6,pringles_original,Pringles Original Crisps,current_2020s,www.pringles.com,https://www.pringles.com/en-us/products/crisps/pringles-original.html,Pringles Original Crisps official product page,current_web_page,panel_capture_needed,high,capture_private_panel_crop_from_source_then_run_native_vision_ocr,"front_or_primary_panel,manufacturer_or_distributor,archive_or_capture_coordinates",,pringles_original__current_2020s__860__6;pringles_original:pringles_original__current_2020s__860__6;https://www.pringles.com/en-us/products/crisps/pringles-original.html,3,local_private_image_path or processed_private_image_path,rights_review_needed,source_link_only_no_public_image,"Open source, capture a private panel crop, then fill the private template path.","A private crop path exists, audit_status becomes ready_for_capture, then native OCR can run.",1,0
hybrid-ocr-v1,capture_d047b6136afef6,196,143,no_private_path_supplied,pringles_original__current_2020s__861__2,pringles_original,Pringles Original Crisps,current_2020s,www.walmart.com,https://www.walmart.com/ip/10818683,Pringles Original Crisps 5.2 oz Walmart page,retailer_page,panel_capture_needed,high,capture_private_panel_crop_from_source_then_run_native_vision_ocr,"manufacturer_or_distributor,archive_or_capture_coordinates",,pringles_original__current_2020s__861__2;pringles_original:pringles_original__current_2020s__861__2;https://www.walmart.com/ip/10818683,3,local_private_image_path or processed_private_image_path,rights_review_needed,source_link_only_no_public_image,"Open source, capture a private panel crop, then fill the private template path.","A private crop path exists, audit_status becomes ready_for_capture, then native OCR can run.",1,0
hybrid-ocr-v1,capture_96c6ddb371f901,197,143,no_private_path_supplied,pringles_original__current_2020s__996__7,pringles_original,Pringles Original Crisps,current_2020s,www.pringles.com,https://www.pringles.com/en-us/products/pringles-the-original-product.html?bvstate=pg%3A5%2Fct%3Ar,Pringles Original official product page,current_web_page,panel_capture_needed,high,capture_private_panel_crop_from_source_then_run_native_vision_ocr,"front_or_primary_panel,package_weight_or_size,manufacturer_or_distributor,archive_or_capture_coordinates",,pringles_original__current_2020s__996__7;pringles_original:pringles_original__current_2020s__996__7;https://www.pringles.com/en-us/products/pringles-the-original-product.html?bvstate=pg%3A5%2Fct%3Ar,3,local_private_image_path or processed_private_image_path,rights_review_needed,source_link_only_no_public_image,"Open source, capture a private panel crop, then fill the private template path.","A private crop path exists, audit_status becomes ready_for_capture, then native OCR can run.",1,0
hybrid-ocr-v1,capture_197cbc7a955cfb,198,143,no_private_path_supplied,quaker_old_fashioned_oats__2010s__933__1,quaker_old_fashioned_oats,Quaker Old Fashioned Oats,2010s,upcfoodsearch.com,https://upcfoodsearch.com/food-products/hot-oatmeal-cereal/030000010402/,UPC Food Search Quaker Old Fashioned Oats UPC 030000010402 page,label_database_record,panel_capture_needed,high,capture_private_panel_crop_from_source_then_run_native_vision_ocr,"front_or_primary_panel,package_weight_or_size,manufacturer_or_distributor,archive_or_capture_coordinates",,quaker_old_fashioned_oats__2010s__933__1;quaker_old_fashioned_oats:quaker_old_fashioned_oats__2010s__933__1;https://upcfoodsearch.com/food-products/hot-oatmeal-cereal/030000010402/,3,local_private_image_path or processed_private_image_path,rights_review_needed,source_link_only_no_public_image,"Open source, capture a private panel crop, then fill the private template path.","A private crop path exists, audit_status becomes ready_for_capture, then native OCR can run.",1,0
hybrid-ocr-v1,capture_c3331b88f40b8c,199,143,no_private_path_supplied,quaker_old_fashioned_oats__current_2020s__1091__3,quaker_old_fashioned_oats,Quaker Old Fashioned Oats,current_2020s,smartlabel.pepsico.info,https://smartlabel.pepsico.info/030000010204-0004-en-US/index.html,"Quaker Old Fashioned Oats SmartLabel, 18 oz canister",brand_label_page,panel_capture_needed,high,capture_private_panel_crop_from_source_then_run_native_vision_ocr,"front_or_primary_panel,manufacturer_or_distributor,archive_or_capture_coordinates",,quaker_old_fashioned_oats__current_2020s__1091__3;quaker_old_fashioned_oats:quaker_old_fashioned_oats__current_2020s__1091__3;https://smartlabel.pepsico.info/030000010204-0004-en-US/index.html,3,local_private_image_path or processed_private_image_path,rights_review_needed,source_link_only_no_public_image,"Open source, capture a private panel crop, then fill the private template path.","A private crop path exists, audit_status becomes ready_for_capture, then native OCR can run.",1,0
hybrid-ocr-v1,capture_a7443228292f28,200,143,no_private_path_supplied,quaker_old_fashioned_oats__current_2020s__86__6,quaker_old_fashioned_oats,Quaker Old Fashioned Oats,current_2020s,www.quakeroats.com,https://www.quakeroats.com/products/hot-cereals/old-fashioned-oats-quick-oats,Old Fashioned & Quick Oats - Quaker Oats,current_web_page,panel_capture_needed,high,capture_private_panel_crop_from_source_then_run_native_vision_ocr,"front_or_primary_panel,manufacturer_or_distributor,archive_or_capture_coordinates",,quaker_old_fashioned_oats__current_2020s__86__6;quaker_old_fashioned_oats:quaker_old_fashioned_oats__current_2020s__86__6;https://www.quakeroats.com/products/hot-cereals/old-fashioned-oats-quick-oats,3,local_private_image_path or processed_private_image_path,rights_review_needed,source_link_only_no_public_image,"Open source, capture a private panel crop, then fill the private template path.","A private crop path exists, audit_status becomes ready_for_capture, then native OCR can run.",1,0
hybrid-ocr-v1,capture_6c073c4c2603e2,201,143,no_private_path_supplied,quaker_old_fashioned_oats__current_2020s__931__4,quaker_old_fashioned_oats,Quaker Old Fashioned Oats,current_2020s,smartlabel.pepsico.info,https://smartlabel.pepsico.info/030000010402-0001-en-US/index.html,Quaker Old Fashioned Oats SmartLabel 42 oz UPC 030000010402,brand_label_page,panel_capture_needed,high,capture_private_panel_crop_from_source_then_run_native_vision_ocr,"front_or_primary_panel,manufacturer_or_distributor,archive_or_capture_coordinates",,quaker_old_fashioned_oats__current_2020s__931__4;quaker_old_fashioned_oats:quaker_old_fashioned_oats__current_2020s__931__4;https://smartlabel.pepsico.info/030000010402-0001-en-US/index.html,3,local_private_image_path or processed_private_image_path,rights_review_needed,source_link_only_no_public_image,"Open source, capture a private panel crop, then fill the private template path.","A private crop path exists, audit_status becomes ready_for_capture, then native OCR can run.",1,0
hybrid-ocr-v1,capture_5b23c820978cca,202,143,no_private_path_supplied,reeses_peanut_butter_cups__current_2020s__1052__4,reeses_peanut_butter_cups,Reese's Peanut Butter Cups,current_2020s,smartlabel.hersheys.com,https://smartlabel.hersheys.com/00034000004409-0005#ingredients,Hershey SmartLabel Reese's Peanut Butter Cups ingredients page,brand_label_page,panel_capture_needed,high,capture_private_panel_crop_from_source_then_run_native_vision_ocr,"front_or_primary_panel,package_weight_or_size,manufacturer_or_distributor,archive_or_capture_coordinates",,reeses_peanut_butter_cups__current_2020s__1052__4;reeses_peanut_butter_cups:reeses_peanut_butter_cups__current_2020s__1052__4;https://smartlabel.hersheys.com/00034000004409-0005#ingredients,3,local_private_image_path or processed_private_image_path,rights_review_needed,source_link_only_no_public_image,"Open source, capture a private panel crop, then fill the private template path.","A private crop path exists, audit_status becomes ready_for_capture, then native OCR can run.",1,0
hybrid-ocr-v1,capture_12ceeb65f2a2fc,203,143,no_private_path_supplied,reeses_peanut_butter_cups__current_2020s__1067__2,reeses_peanut_butter_cups,Reese's Peanut Butter Cups,current_2020s,www.walmart.com,https://www.walmart.com/ip/15937621010,"Reese's Milk Chocolate Snack Size Peanut Butter Cups Candy, Jumbo Bag 19.5 oz - Walmart",retailer_page,panel_capture_needed,high,capture_private_panel_crop_from_source_then_run_native_vision_ocr,"manufacturer_or_distributor,archive_or_capture_coordinates",,reeses_peanut_butter_cups__current_2020s__1067__2;reeses_peanut_butter_cups:reeses_peanut_butter_cups__current_2020s__1067__2;https://www.walmart.com/ip/15937621010,3,local_private_image_path or processed_private_image_path,rights_review_needed,source_link_only_no_public_image,"Open source, capture a private panel crop, then fill the private template path.","A private crop path exists, audit_status becomes ready_for_capture, then native OCR can run.",1,0
hybrid-ocr-v1,capture_9841d714d3a60b,204,143,no_private_path_supplied,reeses_peanut_butter_cups__current_2020s__35__1,reeses_peanut_butter_cups,Reese's Peanut Butter Cups,current_2020s,smartlabel.hersheys.com,https://smartlabel.hersheys.com/034000430000-0001-en-US/index.html,"REESE'S Milk Chocolate Peanut Butter Cups, 1.5 oz - SmartLabel",brand_label_page,panel_capture_needed,high,capture_private_panel_crop_from_source_then_run_native_vision_ocr,"manufacturer_or_distributor,archive_or_capture_coordinates",,reeses_peanut_butter_cups__current_2020s__35__1;reeses_peanut_butter_cups:reeses_peanut_butter_cups__current_2020s__35__1;https://smartlabel.hersheys.com/034000430000-0001-en-US/index.html,3,local_private_image_path or processed_private_image_path,rights_review_needed,source_link_only_no_public_image,"Open source, capture a private panel crop, then fill the private template path.","A private crop path exists, audit_status becomes ready_for_capture, then native OCR can run.",1,0
hybrid-ocr-v1,capture_736053272c9b93,205,143,no_private_path_supplied,reeses_peanut_butter_cups__current_2020s__855__3,reeses_peanut_butter_cups,Reese's Peanut Butter Cups,current_2020s,www.walmart.com,https://www.walmart.com/ip/953919024,Reese's Peanut Butter Cups 36 count Walmart page,retailer_page,panel_capture_needed,high,capture_private_panel_crop_from_source_then_run_native_vision_ocr,"manufacturer_or_distributor,archive_or_capture_coordinates",,reeses_peanut_butter_cups__current_2020s__855__3;reeses_peanut_butter_cups:reeses_peanut_butter_cups__current_2020s__855__3;https://www.walmart.com/ip/953919024,3,local_private_image_path or processed_private_image_path,rights_review_needed,source_link_only_no_public_image,"Open source, capture a private panel crop, then fill the private template path.","A private crop path exists, audit_status becomes ready_for_capture, then native OCR can run.",1,0
hybrid-ocr-v1,capture_686ceac8f3f594,206,143,no_private_path_supplied,ritz_original_crackers__2000s__446__1,ritz_original_crackers,Ritz Original Crackers,2000s,www.foodrepo.org,https://www.foodrepo.org/en/products/55269,NABISCO RITZ CRACKERS ORIGINAL 1X13.7 OZ - FoodRepo,label_database_record,panel_capture_needed,high,capture_private_panel_crop_from_source_then_run_native_vision_ocr,"front_or_primary_panel,manufacturer_or_distributor,archive_or_capture_coordinates",,ritz_original_crackers__2000s__446__1;ritz_original_crackers:ritz_original_crackers__2000s__446__1;https://www.foodrepo.org/en/products/55269,3,local_private_image_path or processed_private_image_path,rights_review_needed,source_link_only_no_public_image,"Open source, capture a private panel crop, then fill the private template path.","A private crop path exists, audit_status becomes ready_for_capture, then native OCR can run.",1,0
hybrid-ocr-v1,capture_55a8372ee87859,207,143,no_private_path_supplied,ritz_original_crackers__2010s__446__2,ritz_original_crackers,Ritz Original Crackers,2010s,www.foodrepo.org,https://www.foodrepo.org/en/products/55269,NABISCO RITZ CRACKERS ORIGINAL 1X13.7 OZ - FoodRepo,label_database_record,panel_capture_needed,high,capture_private_panel_crop_from_source_then_run_native_vision_ocr,"front_or_primary_panel,manufacturer_or_distributor,archive_or_capture_coordinates",,ritz_original_crackers__2010s__446__2;ritz_original_crackers:ritz_original_crackers__2010s__446__2;https://www.foodrepo.org/en/products/55269,3,local_private_image_path or processed_private_image_path,rights_review_needed,source_link_only_no_public_image,"Open source, capture a private panel crop, then fill the private template path.","A private crop path exists, audit_status becomes ready_for_capture, then native OCR can run.",1,0
hybrid-ocr-v1,capture_137fa06f96a518,208,143,no_private_path_supplied,ritz_original_crackers__2010s__447__3,ritz_original_crackers,Ritz Original Crackers,2010s,www.foodrepo.org,https://www.foodrepo.org/en/products/243058,RITZ CRACKERS - FoodRepo,label_database_record,panel_capture_needed,high,capture_private_panel_crop_from_source_then_run_native_vision_ocr,"front_or_primary_panel,manufacturer_or_distributor,archive_or_capture_coordinates",,ritz_original_crackers__2010s__447__3;ritz_original_crackers:ritz_original_crackers__2010s__447__3;https://www.foodrepo.org/en/products/243058,3,local_private_image_path or processed_private_image_path,rights_review_needed,source_link_only_no_public_image,"Open source, capture a private panel crop, then fill the private template path.","A private crop path exists, audit_status becomes ready_for_capture, then native OCR can run.",1,0
hybrid-ocr-v1,capture_225e4c9f1703ee,209,143,no_private_path_supplied,ritz_original_crackers__2010s__468__1,ritz_original_crackers,Ritz Original Crackers,2010s,www.snackworks.com,https://www.snackworks.com/products/ritz-original-crackers-family-size-206-oz/index.html,"RITZ Original Crackers, Family Size, 20.6 oz - Snackworks",current_web_page,panel_capture_needed,high,capture_private_panel_crop_from_source_then_run_native_vision_ocr,"manufacturer_or_distributor,archive_or_capture_coordinates",,ritz_original_crackers__2010s__468__1;ritz_original_crackers:ritz_original_crackers__2010s__468__1;https://www.snackworks.com/products/ritz-original-crackers-family-size-206-oz/index.html,3,local_private_image_path or processed_private_image_path,rights_review_needed,source_link_only_no_public_image,"Open source, capture a private panel crop, then fill the private template path.","A private crop path exists, audit_status becomes ready_for_capture, then native OCR can run.",1,0
hybrid-ocr-v1,capture_f60b9c9d53bb84,210,143,no_private_path_supplied,ritz_original_crackers__current_2020s__19__5,ritz_original_crackers,Ritz Original Crackers,current_2020s,smartlabel.mondelez.info,https://smartlabel.mondelez.info/044000069056-0001-en-US/index.html,"Ritz, The Original Crackers - SmartLabel",brand_label_page,panel_capture_needed,high,capture_private_panel_crop_from_source_then_run_native_vision_ocr,"front_or_primary_panel,manufacturer_or_distributor,archive_or_capture_coordinates",,ritz_original_crackers__current_2020s__19__5;ritz_original_crackers:ritz_original_crackers__current_2020s__19__5;https://smartlabel.mondelez.info/044000069056-0001-en-US/index.html,3,local_private_image_path or processed_private_image_path,rights_review_needed,source_link_only_no_public_image,"Open source, capture a private panel crop, then fill the private template path.","A private crop path exists, audit_status becomes ready_for_capture, then native OCR can run.",1,0
hybrid-ocr-v1,capture_f2de61ff399828,211,143,no_private_path_supplied,ritz_original_crackers__current_2020s__20__4,ritz_original_crackers,Ritz Original Crackers,current_2020s,smartlabel.mondelez.info,https://smartlabel.mondelez.info/044000031121-0001-en-US/index.html,"RITZ, The Original, Crackers, 10.3 oz - SmartLabel",brand_label_page,panel_capture_needed,high,capture_private_panel_crop_from_source_then_run_native_vision_ocr,"front_or_primary_panel,manufacturer_or_distributor,archive_or_capture_coordinates",,ritz_original_crackers__current_2020s__20__4;ritz_original_crackers:ritz_original_crackers__current_2020s__20__4;https://smartlabel.mondelez.info/044000031121-0001-en-US/index.html,3,local_private_image_path or processed_private_image_path,rights_review_needed,source_link_only_no_public_image,"Open source, capture a private panel crop, then fill the private template path.","A private crop path exists, audit_status becomes ready_for_capture, then native OCR can run.",1,0
hybrid-ocr-v1,capture_ccd9cabbf114f5,212,143,no_private_path_supplied,ritz_original_crackers__current_2020s__29__3,ritz_original_crackers,Ritz Original Crackers,current_2020s,smartlabel.mondelez.info,https://smartlabel.mondelez.info/044000031121-0001-en-US/index.html,"RITZ, The Original, Crackers, 10.3 oz - SmartLabel",common_crawl_capture,panel_capture_needed,high,capture_private_panel_crop_from_source_then_run_native_vision_ocr,"front_or_primary_panel,manufacturer_or_distributor",,ritz_original_crackers__current_2020s__29__3;ritz_original_crackers:ritz_original_crackers__current_2020s__29__3;https://smartlabel.mondelez.info/044000031121-0001-en-US/index.html,3,local_private_image_path or processed_private_image_path,rights_review_needed,source_link_only_no_public_image,"Open source, capture a private panel crop, then fill the private template path.","A private crop path exists, audit_status becomes ready_for_capture, then native OCR can run.",1,0
hybrid-ocr-v1,capture_fe12fabcd58297,213,143,no_private_path_supplied,ritz_original_crackers__current_2020s__30__2,ritz_original_crackers,Ritz Original Crackers,current_2020s,smartlabel.mondelez.info,https://smartlabel.mondelez.info/044000031121-0001-en-US/index.html,"RITZ, The Original, Crackers, 10.3 oz - SmartLabel",common_crawl_capture,panel_capture_needed,high,capture_private_panel_crop_from_source_then_run_native_vision_ocr,"front_or_primary_panel,manufacturer_or_distributor",,ritz_original_crackers__current_2020s__30__2;ritz_original_crackers:ritz_original_crackers__current_2020s__30__2;https://smartlabel.mondelez.info/044000031121-0001-en-US/index.html,3,local_private_image_path or processed_private_image_path,rights_review_needed,source_link_only_no_public_image,"Open source, capture a private panel crop, then fill the private template path.","A private crop path exists, audit_status becomes ready_for_capture, then native OCR can run.",1,0
hybrid-ocr-v1,capture_22185171fda88c,214,143,no_private_path_supplied,ritz_original_crackers__current_2020s__318__1,ritz_original_crackers,Ritz Original Crackers,current_2020s,www.walmart.com,https://www.walmart.com/ip/34632324,"RITZ Original Crackers, 13.7 oz - Walmart",retailer_page,panel_capture_needed,high,capture_private_panel_crop_from_source_then_run_native_vision_ocr,"manufacturer_or_distributor,archive_or_capture_coordinates",,ritz_original_crackers__current_2020s__318__1;ritz_original_crackers:ritz_original_crackers__current_2020s__318__1;https://www.walmart.com/ip/34632324,3,local_private_image_path or processed_private_image_path,rights_review_needed,source_link_only_no_public_image,"Open source, capture a private panel crop, then fill the private template path.","A private crop path exists, audit_status becomes ready_for_capture, then native OCR can run.",1,0
hybrid-ocr-v1,capture_4cfc509ceb8278,215,143,no_private_path_supplied,ritz_original_crackers__current_2020s__447__7,ritz_original_crackers,Ritz Original Crackers,current_2020s,www.foodrepo.org,https://www.foodrepo.org/en/products/243058,RITZ CRACKERS - FoodRepo,label_database_record,panel_capture_needed,high,capture_private_panel_crop_from_source_then_run_native_vision_ocr,"front_or_primary_panel,manufacturer_or_distributor,archive_or_capture_coordinates",,ritz_original_crackers__current_2020s__447__7;ritz_original_crackers:ritz_original_crackers__current_2020s__447__7;https://www.foodrepo.org/en/products/243058,3,local_private_image_path or processed_private_image_path,rights_review_needed,source_link_only_no_public_image,"Open source, capture a private panel crop, then fill the private template path.","A private crop path exists, audit_status becomes ready_for_capture, then native OCR can run.",1,0
hybrid-ocr-v1,capture_aa5ef292bf5e9a,216,143,no_private_path_supplied,ritz_original_crackers__current_2020s__468__6,ritz_original_crackers,Ritz Original Crackers,current_2020s,www.snackworks.com,https://www.snackworks.com/products/ritz-original-crackers-family-size-206-oz/index.html,"RITZ Original Crackers, Family Size, 20.6 oz - Snackworks",current_web_page,panel_capture_needed,high,capture_private_panel_crop_from_source_then_run_native_vision_ocr,"manufacturer_or_distributor,archive_or_capture_coordinates",,ritz_original_crackers__current_2020s__468__6;ritz_original_crackers:ritz_original_crackers__current_2020s__468__6;https://www.snackworks.com/products/ritz-original-crackers-family-size-206-oz/index.html,3,local_private_image_path or processed_private_image_path,rights_review_needed,source_link_only_no_public_image,"Open source, capture a private panel crop, then fill the private template path.","A private crop path exists, audit_status becomes ready_for_capture, then native OCR can run.",1,0
hybrid-ocr-v1,capture_919383083c4db4,217,143,no_private_path_supplied,ritz_original_crackers__earliest_verified_label__401__2,ritz_original_crackers,Ritz Original Crackers,earliest_verified_label,www.flickr.com,https://www.flickr.com/photos/25692985%40N07/3780750883/,1975 Nabisco Ritz Crackers Box Back - Flickr,collector_package_photo,panel_capture_needed,high,capture_private_panel_crop_from_source_then_run_native_vision_ocr,"transcribed_label_text,package_weight_or_size,manufacturer_or_distributor,archive_or_capture_coordinates",,ritz_original_crackers__earliest_verified_label__401__2;ritz_original_crackers:ritz_original_crackers__earliest_verified_label__401__2;https://www.flickr.com/photos/25692985%40N07/3780750883/,3,local_private_image_path or processed_private_image_path,rights_review_needed,source_link_only_no_public_image,"Open source, capture a private panel crop, then fill the private template path.","A private crop path exists, audit_status becomes ready_for_capture, then native OCR can run.",1,0
hybrid-ocr-v1,capture_47accc914bbcd8,218,143,no_private_path_supplied,ruffles_original__current_2020s__494__4,ruffles_original,Ruffles Original Potato Chips,current_2020s,smartlabel.pepsico.info,https://smartlabel.pepsico.info/028400077910-0012-en-US/index.html,"Ruffles Original Potato Chips 28 oz SmartLabel, updated 2022",brand_label_page,panel_capture_needed,high,capture_private_panel_crop_from_source_then_run_native_vision_ocr,"front_or_primary_panel,archive_or_capture_coordinates",,ruffles_original__current_2020s__494__4;ruffles_original:ruffles_original__current_2020s__494__4;https://smartlabel.pepsico.info/028400077910-0012-en-US/index.html,3,local_private_image_path or processed_private_image_path,rights_review_needed,source_link_only_no_public_image,"Open source, capture a private panel crop, then fill the private template path.","A private crop path exists, audit_status becomes ready_for_capture, then native OCR can run.",1,0
hybrid-ocr-v1,capture_4db841526e3b76,219,143,no_private_path_supplied,ruffles_original__current_2020s__79__3,ruffles_original,Ruffles Original Potato Chips,current_2020s,smartlabel.pepsico.info,https://smartlabel.pepsico.info/028400020893-0003-en-US/index.html,"Ruffles, Original, Potato Chips - SmartLabel",brand_label_page,panel_capture_needed,high,capture_private_panel_crop_from_source_then_run_native_vision_ocr,"front_or_primary_panel,manufacturer_or_distributor,archive_or_capture_coordinates",,ruffles_original__current_2020s__79__3;ruffles_original:ruffles_original__current_2020s__79__3;https://smartlabel.pepsico.info/028400020893-0003-en-US/index.html,3,local_private_image_path or processed_private_image_path,rights_review_needed,source_link_only_no_public_image,"Open source, capture a private panel crop, then fill the private template path.","A private crop path exists, audit_status becomes ready_for_capture, then native OCR can run.",1,0
hybrid-ocr-v1,capture_c89b19366b19c2,220,143,no_private_path_supplied,skippy_creamy_peanut_butter__current_2020s__66__4,skippy_creamy_peanut_butter,Skippy Creamy Peanut Butter,current_2020s,www.peanutbutter.com,https://www.peanutbutter.com/product/creamy-peanut-butter/,Skippy Creamy Peanut Butter - Skippy,current_web_page,panel_capture_needed,high,capture_private_panel_crop_from_source_then_run_native_vision_ocr,"front_or_primary_panel,manufacturer_or_distributor,archive_or_capture_coordinates",,skippy_creamy_peanut_butter__current_2020s__66__4;skippy_creamy_peanut_butter:skippy_creamy_peanut_butter__current_2020s__66__4;https://www.peanutbutter.com/product/creamy-peanut-butter/,3,local_private_image_path or processed_private_image_path,rights_review_needed,source_link_only_no_public_image,"Open source, capture a private panel crop, then fill the private template path.","A private crop path exists, audit_status becomes ready_for_capture, then native OCR can run.",1,0
hybrid-ocr-v1,capture_6ef48ba501d93e,221,143,no_private_path_supplied,snickers_bar__current_2020s__49__1,snickers_bar,Snickers Bar,current_2020s,www.snickers.com,https://www.snickers.com/products/chocolate/snickers-singles-size-chocolate-candy-bar-186-oz,"SNICKERS Singles Size Chocolate Candy Bar, 1.86 oz - Snickers",current_web_page,panel_capture_needed,high,capture_private_panel_crop_from_source_then_run_native_vision_ocr,"manufacturer_or_distributor,archive_or_capture_coordinates",,snickers_bar__current_2020s__49__1;snickers_bar:snickers_bar__current_2020s__49__1;https://www.snickers.com/products/chocolate/snickers-singles-size-chocolate-candy-bar-186-oz,3,local_private_image_path or processed_private_image_path,rights_review_needed,source_link_only_no_public_image,"Open source, capture a private panel crop, then fill the private template path.","A private crop path exists, audit_status becomes ready_for_capture, then native OCR can run.",1,0
hybrid-ocr-v1,capture_305f937f659b33,222,143,no_private_path_supplied,snickers_bar__current_2020s__526__2,snickers_bar,Snickers Bar,current_2020s,www.walmart.com,https://www.walmart.com/ip/38253488,Snickers Full Size Chocolate Candy Bar 1.86 oz Walmart page,retailer_page,panel_capture_needed,high,capture_private_panel_crop_from_source_then_run_native_vision_ocr,"manufacturer_or_distributor,archive_or_capture_coordinates",,snickers_bar__current_2020s__526__2;snickers_bar:snickers_bar__current_2020s__526__2;https://www.walmart.com/ip/38253488,3,local_private_image_path or processed_private_image_path,rights_review_needed,source_link_only_no_public_image,"Open source, capture a private panel crop, then fill the private template path.","A private crop path exists, audit_status becomes ready_for_capture, then native OCR can run.",1,0
hybrid-ocr-v1,capture_d4978b1f4881b9,223,143,no_private_path_supplied,spam_classic__2010s__686__2,spam_classic,SPAM Classic,2010s,osm-us.com,https://osm-us.com/index.php?main_page=product_info&products_id=3529,SPAM Classic OSM product record,current_web_page,panel_capture_needed,high,capture_private_panel_crop_from_source_then_run_native_vision_ocr,"front_or_primary_panel,manufacturer_or_distributor,archive_or_capture_coordinates",,spam_classic__2010s__686__2;spam_classic:spam_classic__2010s__686__2;https://osm-us.com/index.php?main_page=product_info&products_id=3529,3,local_private_image_path or processed_private_image_path,rights_review_needed,source_link_only_no_public_image,"Open source, capture a private panel crop, then fill the private template path.","A private crop path exists, audit_status becomes ready_for_capture, then native OCR can run.",1,0
hybrid-ocr-v1,capture_afe4d6add70aaf,224,143,no_private_path_supplied,spam_classic__current_2020s__67__7,spam_classic,SPAM Classic,current_2020s,www.spam.com,https://www.spam.com/varieties/spam-classic,SPAM Classic - SPAM,brand_label_page,panel_capture_needed,high,capture_private_panel_crop_from_source_then_run_native_vision_ocr,"front_or_primary_panel,manufacturer_or_distributor,archive_or_capture_coordinates",,spam_classic__current_2020s__67__7;spam_classic:spam_classic__current_2020s__67__7;https://www.spam.com/varieties/spam-classic,3,local_private_image_path or processed_private_image_path,rights_review_needed,source_link_only_no_public_image,"Open source, capture a private panel crop, then fill the private template path.","A private crop path exists, audit_status becomes ready_for_capture, then native OCR can run.",1,0
hybrid-ocr-v1,capture_e04c03c0ab5eb3,225,143,no_private_path_supplied,spam_classic__earliest_verified_label__733__1,spam_classic,SPAM Classic,earliest_verified_label,www.spam.com,https://www.spam.com/what-is-spam-brand,SPAM Brand official product ingredients and history page,brand_label_page,panel_capture_needed,high,capture_private_panel_crop_from_source_then_run_native_vision_ocr,"front_or_primary_panel,package_weight_or_size,manufacturer_or_distributor,archive_or_capture_coordinates",,spam_classic__earliest_verified_label__733__1;spam_classic:spam_classic__earliest_verified_label__733__1;https://www.spam.com/what-is-spam-brand,3,local_private_image_path or processed_private_image_path,rights_review_needed,source_link_only_no_public_image,"Open source, capture a private panel crop, then fill the private template path.","A private crop path exists, audit_status becomes ready_for_capture, then native OCR can run.",1,0
hybrid-ocr-v1,capture_4eccb779602849,226,143,no_private_path_supplied,sprite_original__earliest_verified_label__417__1,sprite_original,Sprite Original,earliest_verified_label,www.flickr.com,https://www.flickr.com/photos/jasonliebigstuff/581987504,Sprite Can - Unrolled Flat - 1960's - Flickr,collector_package_photo,panel_capture_needed,high,capture_private_panel_crop_from_source_then_run_native_vision_ocr,"transcribed_label_text,manufacturer_or_distributor,archive_or_capture_coordinates",,sprite_original__earliest_verified_label__417__1;sprite_original:sprite_original__earliest_verified_label__417__1;https://www.flickr.com/photos/jasonliebigstuff/581987504,3,local_private_image_path or processed_private_image_path,rights_review_needed,source_link_only_no_public_image,"Open source, capture a private panel crop, then fill the private template path.","A private crop path exists, audit_status becomes ready_for_capture, then native OCR can run.",1,0
hybrid-ocr-v1,capture_ff8bd3845629c1,227,143,no_private_path_supplied,tostitos_original__2010s__1065__1,tostitos_original,Tostitos Original Restaurant Style,2010s,www.foodrepo.org,https://www.foodrepo.org/en/products/53357,Tostitos Original Restaurant Style Tortilla Chips 18 Ounce Party Size Plastic Bag - FoodRepo,label_database_record,panel_capture_needed,high,capture_private_panel_crop_from_source_then_run_native_vision_ocr,"front_or_primary_panel,manufacturer_or_distributor,archive_or_capture_coordinates",,tostitos_original__2010s__1065__1;tostitos_original:tostitos_original__2010s__1065__1;https://www.foodrepo.org/en/products/53357,3,local_private_image_path or processed_private_image_path,rights_review_needed,source_link_only_no_public_image,"Open source, capture a private panel crop, then fill the private template path.","A private crop path exists, audit_status becomes ready_for_capture, then native OCR can run.",1,0
hybrid-ocr-v1,capture_c7bc3aa38f8e6f,228,143,no_private_path_supplied,tostitos_original__current_2020s__90__4,tostitos_original,Tostitos Original Restaurant Style,current_2020s,smartlabel.pepsico.info,https://smartlabel.pepsico.info/028400517997-0005-en-US/index.html?stylekey=tostitos-10,Tostitos Original Restaurant Style Tortilla Chips - SmartLabel,brand_label_page,panel_capture_needed,high,capture_private_panel_crop_from_source_then_run_native_vision_ocr,"front_or_primary_panel,manufacturer_or_distributor,archive_or_capture_coordinates",,tostitos_original__current_2020s__90__4;tostitos_original:tostitos_original__current_2020s__90__4;https://smartlabel.pepsico.info/028400517997-0005-en-US/index.html?stylekey=tostitos-10,3,local_private_image_path or processed_private_image_path,rights_review_needed,source_link_only_no_public_image,"Open source, capture a private panel crop, then fill the private template path.","A private crop path exists, audit_status becomes ready_for_capture, then native OCR can run.",1,0
hybrid-ocr-v1,capture_d34c363a35bbf8,229,143,no_private_path_supplied,totinos_pizza_rolls__2010s__557__1,totinos_pizza_rolls,Totino's Pizza Rolls,2010s,www.walmart.com,https://www.walmart.com/ip/51259445,Totino's Pepperoni Pizza Rolls 48 count Walmart page,retailer_page,panel_capture_needed,high,capture_private_panel_crop_from_source_then_run_native_vision_ocr,"front_or_primary_panel,manufacturer_or_distributor,archive_or_capture_coordinates",,totinos_pizza_rolls__2010s__557__1;totinos_pizza_rolls:totinos_pizza_rolls__2010s__557__1;https://www.walmart.com/ip/51259445,3,local_private_image_path or processed_private_image_path,rights_review_needed,source_link_only_no_public_image,"Open source, capture a private panel crop, then fill the private template path.","A private crop path exists, audit_status becomes ready_for_capture, then native OCR can run.",1,0
hybrid-ocr-v1,capture_7ba4dfb3f4d8c0,230,143,no_private_path_supplied,totinos_pizza_rolls__current_2020s__557__4,totinos_pizza_rolls,Totino's Pizza Rolls,current_2020s,www.walmart.com,https://www.walmart.com/ip/51259445,Totino's Pepperoni Pizza Rolls 48 count Walmart page,retailer_page,panel_capture_needed,high,capture_private_panel_crop_from_source_then_run_native_vision_ocr,"front_or_primary_panel,manufacturer_or_distributor,archive_or_capture_coordinates",,totinos_pizza_rolls__current_2020s__557__4;totinos_pizza_rolls:totinos_pizza_rolls__current_2020s__557__4;https://www.walmart.com/ip/51259445,3,local_private_image_path or processed_private_image_path,rights_review_needed,source_link_only_no_public_image,"Open source, capture a private panel crop, then fill the private template path.","A private crop path exists, audit_status becomes ready_for_capture, then native OCR can run.",1,0
hybrid-ocr-v1,capture_e4440dadacfed2,231,143,no_private_path_supplied,totinos_pizza_rolls__current_2020s__749__2,totinos_pizza_rolls,Totino's Pizza Rolls,current_2020s,www.super1foods.com,https://www.super1foods.com/sm/pickup/rsid/617/product/totinos-pepperoni-pizza-rolls-0496-ounce-50-count-id-00042800109538,Totino's Pepperoni Pizza Rolls 50 count Super 1 Foods page,current_web_page,panel_capture_needed,high,capture_private_panel_crop_from_source_then_run_native_vision_ocr,"front_or_primary_panel,manufacturer_or_distributor,archive_or_capture_coordinates",,totinos_pizza_rolls__current_2020s__749__2;totinos_pizza_rolls:totinos_pizza_rolls__current_2020s__749__2;https://www.super1foods.com/sm/pickup/rsid/617/product/totinos-pepperoni-pizza-rolls-0496-ounce-50-count-id-00042800109538,3,local_private_image_path or processed_private_image_path,rights_review_needed,source_link_only_no_public_image,"Open source, capture a private panel crop, then fill the private template path.","A private crop path exists, audit_status becomes ready_for_capture, then native OCR can run.",1,0
hybrid-ocr-v1,capture_cc66e6808f4d0f,232,143,no_private_path_supplied,totinos_pizza_rolls__current_2020s__91__3,totinos_pizza_rolls,Totino's Pizza Rolls,current_2020s,www.totinos.com,https://www.totinos.com/products/pepperoni-pizza-rolls/,Totino's Pepperoni Pizza Rolls official product page,current_web_page,panel_capture_needed,high,capture_private_panel_crop_from_source_then_run_native_vision_ocr,"front_or_primary_panel,manufacturer_or_distributor,archive_or_capture_coordinates",,totinos_pizza_rolls__current_2020s__91__3;totinos_pizza_rolls:totinos_pizza_rolls__current_2020s__91__3;https://www.totinos.com/products/pepperoni-pizza-rolls/,3,local_private_image_path or processed_private_image_path,rights_review_needed,source_link_only_no_public_image,"Open source, capture a private panel crop, then fill the private template path.","A private crop path exists, audit_status becomes ready_for_capture, then native OCR can run.",1,0
hybrid-ocr-v1,capture_b4c69a8b9b554c,233,143,no_private_path_supplied,triscuit_original__2010s__937__1,triscuit_original,Triscuit Original Crackers,2010s,smartlabel.mondelez.info,https://smartlabel.mondelez.info/044000050986-0001-en-US/index.html,Triscuit Original Made with Sea Salt SmartLabel earlier page variant,brand_label_page,panel_capture_needed,high,capture_private_panel_crop_from_source_then_run_native_vision_ocr,"front_or_primary_panel,manufacturer_or_distributor,archive_or_capture_coordinates",,triscuit_original__2010s__937__1;triscuit_original:triscuit_original__2010s__937__1;https://smartlabel.mondelez.info/044000050986-0001-en-US/index.html,3,local_private_image_path or processed_private_image_path,rights_review_needed,source_link_only_no_public_image,"Open source, capture a private panel crop, then fill the private template path.","A private crop path exists, audit_status becomes ready_for_capture, then native OCR can run.",1,0
hybrid-ocr-v1,capture_33eea4ef8804d1,234,143,no_private_path_supplied,triscuit_original__current_2020s__319__1,triscuit_original,Triscuit Original Crackers,current_2020s,www.walmart.com,https://www.walmart.com/ip/5229071936,"Triscuit Original Whole Grain Wheat Crackers, 8.5 oz, 3 pack - Walmart",retailer_page,panel_capture_needed,high,capture_private_panel_crop_from_source_then_run_native_vision_ocr,"manufacturer_or_distributor,archive_or_capture_coordinates",,triscuit_original__current_2020s__319__1;triscuit_original:triscuit_original__current_2020s__319__1;https://www.walmart.com/ip/5229071936,3,local_private_image_path or processed_private_image_path,rights_review_needed,source_link_only_no_public_image,"Open source, capture a private panel crop, then fill the private template path.","A private crop path exists, audit_status becomes ready_for_capture, then native OCR can run.",1,0
hybrid-ocr-v1,capture_c653274cc35564,235,143,no_private_path_supplied,triscuit_original__current_2020s__62__6,triscuit_original,Triscuit Original Crackers,current_2020s,smartlabel.mondelez.info,https://smartlabel.mondelez.info/044000077143-0001-en-US/index.html,Triscuit Original SmartLabel page,brand_label_page,panel_capture_needed,high,capture_private_panel_crop_from_source_then_run_native_vision_ocr,"front_or_primary_panel,package_weight_or_size,manufacturer_or_distributor,archive_or_capture_coordinates",,triscuit_original__current_2020s__62__6;triscuit_original:triscuit_original__current_2020s__62__6;https://smartlabel.mondelez.info/044000077143-0001-en-US/index.html,3,local_private_image_path or processed_private_image_path,rights_review_needed,source_link_only_no_public_image,"Open source, capture a private panel crop, then fill the private template path.","A private crop path exists, audit_status becomes ready_for_capture, then native OCR can run.",1,0
hybrid-ocr-v1,capture_b7743ffb351d54,236,143,no_private_path_supplied,triscuit_original__current_2020s__754__5,triscuit_original,Triscuit Original Crackers,current_2020s,www.walmart.com,https://www.walmart.com/ip/534402624,Triscuit Original Whole Grain Wheat Crackers 8.5 oz Walmart page,retailer_page,panel_capture_needed,high,capture_private_panel_crop_from_source_then_run_native_vision_ocr,"front_or_primary_panel,manufacturer_or_distributor,archive_or_capture_coordinates",,triscuit_original__current_2020s__754__5;triscuit_original:triscuit_original__current_2020s__754__5;https://www.walmart.com/ip/534402624,3,local_private_image_path or processed_private_image_path,rights_review_needed,source_link_only_no_public_image,"Open source, capture a private panel crop, then fill the private template path.","A private crop path exists, audit_status becomes ready_for_capture, then native OCR can run.",1,0
hybrid-ocr-v1,capture_ffaaba410a9e33,237,143,no_private_path_supplied,triscuit_original__current_2020s__936__3,triscuit_original,Triscuit Original Crackers,current_2020s,smartlabel.mondelez.info,https://smartlabel.mondelez.info/044000050986-0002-en-US/index.html,Triscuit Original Made with Sea Salt SmartLabel 8.5 oz page,brand_label_page,panel_capture_needed,high,capture_private_panel_crop_from_source_then_run_native_vision_ocr,"front_or_primary_panel,manufacturer_or_distributor,archive_or_capture_coordinates",,triscuit_original__current_2020s__936__3;triscuit_original:triscuit_original__current_2020s__936__3;https://smartlabel.mondelez.info/044000050986-0002-en-US/index.html,3,local_private_image_path or processed_private_image_path,rights_review_needed,source_link_only_no_public_image,"Open source, capture a private panel crop, then fill the private template path.","A private crop path exists, audit_status becomes ready_for_capture, then native OCR can run.",1,0
hybrid-ocr-v1,capture_e3b18e860a59ae,238,143,no_private_path_supplied,triscuit_original__current_2020s__937__4,triscuit_original,Triscuit Original Crackers,current_2020s,smartlabel.mondelez.info,https://smartlabel.mondelez.info/044000050986-0001-en-US/index.html,Triscuit Original Made with Sea Salt SmartLabel earlier page variant,brand_label_page,panel_capture_needed,high,capture_private_panel_crop_from_source_then_run_native_vision_ocr,"front_or_primary_panel,manufacturer_or_distributor,archive_or_capture_coordinates",,triscuit_original__current_2020s__937__4;triscuit_original:triscuit_original__current_2020s__937__4;https://smartlabel.mondelez.info/044000050986-0001-en-US/index.html,3,local_private_image_path or processed_private_image_path,rights_review_needed,source_link_only_no_public_image,"Open source, capture a private panel crop, then fill the private template path.","A private crop path exists, audit_status becomes ready_for_capture, then native OCR can run.",1,0
hybrid-ocr-v1,capture_06ba2cf5b423d3,239,143,no_private_path_supplied,velveeta_shells_and_cheese__2010s__680__1,velveeta_shells_and_cheese,Velveeta Shells & Cheese,2010s,upcfoodsearch.com,https://upcfoodsearch.com/food-products/pasta-side-mixes/021000045129/,Velveeta Shells & Cheese Original UPC Food Search record,label_database_record,panel_capture_needed,high,capture_private_panel_crop_from_source_then_run_native_vision_ocr,"front_or_primary_panel,manufacturer_or_distributor,archive_or_capture_coordinates",,velveeta_shells_and_cheese__2010s__680__1;velveeta_shells_and_cheese:velveeta_shells_and_cheese__2010s__680__1;https://upcfoodsearch.com/food-products/pasta-side-mixes/021000045129/,3,local_private_image_path or processed_private_image_path,rights_review_needed,source_link_only_no_public_image,"Open source, capture a private panel crop, then fill the private template path.","A private crop path exists, audit_status becomes ready_for_capture, then native OCR can run.",1,0
hybrid-ocr-v1,capture_054174f01a986e,240,143,no_private_path_supplied,velveeta_shells_and_cheese__current_2020s__94__2,velveeta_shells_and_cheese,Velveeta Shells & Cheese,current_2020s,www.walmart.com,https://www.walmart.com/ip/10295758,"Velveeta Shells and Cheese Original Mac N Cheese Dinner, 12 oz - Walmart",retailer_page,panel_capture_needed,high,capture_private_panel_crop_from_source_then_run_native_vision_ocr,"front_or_primary_panel,manufacturer_or_distributor,archive_or_capture_coordinates",,velveeta_shells_and_cheese__current_2020s__94__2;velveeta_shells_and_cheese:velveeta_shells_and_cheese__current_2020s__94__2;https://www.walmart.com/ip/10295758,3,local_private_image_path or processed_private_image_path,rights_review_needed,source_link_only_no_public_image,"Open source, capture a private panel crop, then fill the private template path.","A private crop path exists, audit_status becomes ready_for_capture, then native OCR can run.",1,0
hybrid-ocr-v1,capture_e8c23d23940f11,241,143,no_private_path_supplied,velveeta_shells_and_cheese__earliest_verified_label__679__2,velveeta_shells_and_cheese,Velveeta Shells & Cheese,earliest_verified_label,upcfoodsearch.com,https://upcfoodsearch.com/food-products/pasta-side-mixes/021000023226/,Kraft Velveeta Shells & Cheese Original UPC Food Search older record,label_database_record,panel_capture_needed,high,capture_private_panel_crop_from_source_then_run_native_vision_ocr,"front_or_primary_panel,package_weight_or_size,manufacturer_or_distributor,archive_or_capture_coordinates",,velveeta_shells_and_cheese__earliest_verified_label__679__2;velveeta_shells_and_cheese:velveeta_shells_and_cheese__earliest_verified_label__679__2;https://upcfoodsearch.com/food-products/pasta-side-mixes/021000023226/,3,local_private_image_path or processed_private_image_path,rights_review_needed,source_link_only_no_public_image,"Open source, capture a private panel crop, then fill the private template path.","A private crop path exists, audit_status becomes ready_for_capture, then native OCR can run.",1,0
hybrid-ocr-v1,capture_50972a507d7a14,242,143,no_private_path_supplied,velveeta_shells_and_cheese__earliest_verified_label__680__1,velveeta_shells_and_cheese,Velveeta Shells & Cheese,earliest_verified_label,upcfoodsearch.com,https://upcfoodsearch.com/food-products/pasta-side-mixes/021000045129/,Velveeta Shells & Cheese Original UPC Food Search record,label_database_record,panel_capture_needed,high,capture_private_panel_crop_from_source_then_run_native_vision_ocr,"front_or_primary_panel,manufacturer_or_distributor,archive_or_capture_coordinates",,velveeta_shells_and_cheese__earliest_verified_label__680__1;velveeta_shells_and_cheese:velveeta_shells_and_cheese__earliest_verified_label__680__1;https://upcfoodsearch.com/food-products/pasta-side-mixes/021000045129/,3,local_private_image_path or processed_private_image_path,rights_review_needed,source_link_only_no_public_image,"Open source, capture a private panel crop, then fill the private template path.","A private crop path exists, audit_status becomes ready_for_capture, then native OCR can run.",1,0
hybrid-ocr-v1,capture_533d0969c7ef78,243,143,no_private_path_supplied,wheat_thins_original__current_2020s__1000__5,wheat_thins_original,Wheat Thins Original,current_2020s,smartlabel.mondelez.info,https://smartlabel.mondelez.info/044000009625-0003-en-US/index.html,Wheat Thins Original SmartLabel 2 x 20 oz bags UPC 044000009625,brand_label_page,panel_capture_needed,high,capture_private_panel_crop_from_source_then_run_native_vision_ocr,"front_or_primary_panel,manufacturer_or_distributor,archive_or_capture_coordinates",,wheat_thins_original__current_2020s__1000__5;wheat_thins_original:wheat_thins_original__current_2020s__1000__5;https://smartlabel.mondelez.info/044000009625-0003-en-US/index.html,3,local_private_image_path or processed_private_image_path,rights_review_needed,source_link_only_no_public_image,"Open source, capture a private panel crop, then fill the private template path.","A private crop path exists, audit_status becomes ready_for_capture, then native OCR can run.",1,0
hybrid-ocr-v1,capture_34a0e15092dd5d,244,143,no_private_path_supplied,wheat_thins_original__current_2020s__1001__8,wheat_thins_original,Wheat Thins Original,current_2020s,www.ewg.org,https://www.ewg.org/foodscores/products/019320007989-WheatThinsOriginalSnacksOriginal/,EWG Food Scores Wheat Thins Original Snacks,label_database_record,panel_capture_needed,high,capture_private_panel_crop_from_source_then_run_native_vision_ocr,"front_or_primary_panel,package_weight_or_size,manufacturer_or_distributor,archive_or_capture_coordinates",,wheat_thins_original__current_2020s__1001__8;wheat_thins_original:wheat_thins_original__current_2020s__1001__8;https://www.ewg.org/foodscores/products/019320007989-WheatThinsOriginalSnacksOriginal/,3,local_private_image_path or processed_private_image_path,rights_review_needed,source_link_only_no_public_image,"Open source, capture a private panel crop, then fill the private template path.","A private crop path exists, audit_status becomes ready_for_capture, then native OCR can run.",1,0
hybrid-ocr-v1,capture_b4359afeba7a6d,245,143,no_private_path_supplied,wheat_thins_original__current_2020s__313__1,wheat_thins_original,Wheat Thins Original,current_2020s,www.walmart.com,https://www.walmart.com/ip/16632570806,"Wheat Thins Original Whole Grain Wheat Crackers, 8.5 oz - Walmart",retailer_page,panel_capture_needed,high,capture_private_panel_crop_from_source_then_run_native_vision_ocr,"manufacturer_or_distributor,archive_or_capture_coordinates",,wheat_thins_original__current_2020s__313__1;wheat_thins_original:wheat_thins_original__current_2020s__313__1;https://www.walmart.com/ip/16632570806,3,local_private_image_path or processed_private_image_path,rights_review_needed,source_link_only_no_public_image,"Open source, capture a private panel crop, then fill the private template path.","A private crop path exists, audit_status becomes ready_for_capture, then native OCR can run.",1,0
hybrid-ocr-v1,capture_a1492ed13b2142,246,143,no_private_path_supplied,wheat_thins_original__current_2020s__516__2,wheat_thins_original,Wheat Thins Original,current_2020s,business.walmart.com,https://business.walmart.com/ip/Wheat-Thins-Original-Whole-Grain-Wheat-Crackers-Family-Size-16-oz/10292635,Wheat Thins Original Whole Grain Crackers 16 oz Walmart Business page,retailer_page,panel_capture_needed,high,capture_private_panel_crop_from_source_then_run_native_vision_ocr,"manufacturer_or_distributor,archive_or_capture_coordinates",,wheat_thins_original__current_2020s__516__2;wheat_thins_original:wheat_thins_original__current_2020s__516__2;https://business.walmart.com/ip/Wheat-Thins-Original-Whole-Grain-Wheat-Crackers-Family-Size-16-oz/10292635,3,local_private_image_path or processed_private_image_path,rights_review_needed,source_link_only_no_public_image,"Open source, capture a private panel crop, then fill the private template path.","A private crop path exists, audit_status becomes ready_for_capture, then native OCR can run.",1,0
hybrid-ocr-v1,capture_a8e395b14fb362,247,143,no_private_path_supplied,wheat_thins_original__current_2020s__517__6,wheat_thins_original,Wheat Thins Original,current_2020s,spoonfulapp.com,https://spoonfulapp.com/products/wheat-thins-original-whole-grain-wheat-crackers-family-size-16-oz/MDA0NDAwMDAwMjI1MQ%3D%3D,Wheat Thins Original 16 oz ingredient record - Spoonful,current_web_page,panel_capture_needed,high,capture_private_panel_crop_from_source_then_run_native_vision_ocr,"front_or_primary_panel,manufacturer_or_distributor,archive_or_capture_coordinates",,wheat_thins_original__current_2020s__517__6;wheat_thins_original:wheat_thins_original__current_2020s__517__6;https://spoonfulapp.com/products/wheat-thins-original-whole-grain-wheat-crackers-family-size-16-oz/MDA0NDAwMDAwMjI1MQ%3D%3D,3,local_private_image_path or processed_private_image_path,rights_review_needed,source_link_only_no_public_image,"Open source, capture a private panel crop, then fill the private template path.","A private crop path exists, audit_status becomes ready_for_capture, then native OCR can run.",1,0
hybrid-ocr-v1,capture_57776aa234aa01,248,143,no_private_path_supplied,wheat_thins_original__current_2020s__56__3,wheat_thins_original,Wheat Thins Original,current_2020s,www.kroger.com,https://www.kroger.com/p/wheat-thins-original-whole-grain-wheat-crackers/0004400006918,"Wheat Thins Original Whole Grain Wheat Crackers, 20 oz - Kroger",retailer_page,panel_capture_needed,high,capture_private_panel_crop_from_source_then_run_native_vision_ocr,"front_or_primary_panel,manufacturer_or_distributor,archive_or_capture_coordinates",,wheat_thins_original__current_2020s__56__3;wheat_thins_original:wheat_thins_original__current_2020s__56__3;https://www.kroger.com/p/wheat-thins-original-whole-grain-wheat-crackers/0004400006918,3,local_private_image_path or processed_private_image_path,rights_review_needed,source_link_only_no_public_image,"Open source, capture a private panel crop, then fill the private template path.","A private crop path exists, audit_status becomes ready_for_capture, then native OCR can run.",1,0
hybrid-ocr-v1,capture_205b9b68b5c754,249,143,no_private_path_supplied,wheat_thins_original__current_2020s__57__4,wheat_thins_original,Wheat Thins Original,current_2020s,www.directionsforme.org,https://www.directionsforme.org/product/75431,Wheat Thins Original Family Size - Directions for Me,label_database_record,panel_capture_needed,high,capture_private_panel_crop_from_source_then_run_native_vision_ocr,"front_or_primary_panel,manufacturer_or_distributor,archive_or_capture_coordinates",,wheat_thins_original__current_2020s__57__4;wheat_thins_original:wheat_thins_original__current_2020s__57__4;https://www.directionsforme.org/product/75431,3,local_private_image_path or processed_private_image_path,rights_review_needed,source_link_only_no_public_image,"Open source, capture a private panel crop, then fill the private template path.","A private crop path exists, audit_status becomes ready_for_capture, then native OCR can run.",1,0
hybrid-ocr-v1,capture_4d1fcd083de9b4,250,143,no_private_path_supplied,wheat_thins_original__current_2020s__870__7,wheat_thins_original,Wheat Thins Original,current_2020s,smartlabel.mondelez.info,https://smartlabel.mondelez.info/00044000027117-0001-en-US/index.html,Wheat Thins Original - Mondelez SmartLabel,brand_label_page,panel_capture_needed,high,capture_private_panel_crop_from_source_then_run_native_vision_ocr,"front_or_primary_panel,package_weight_or_size,manufacturer_or_distributor,archive_or_capture_coordinates",,wheat_thins_original__current_2020s__870__7;wheat_thins_original:wheat_thins_original__current_2020s__870__7;https://smartlabel.mondelez.info/00044000027117-0001-en-US/index.html,3,local_private_image_path or processed_private_image_path,rights_review_needed,source_link_only_no_public_image,"Open source, capture a private panel crop, then fill the private template path.","A private crop path exists, audit_status becomes ready_for_capture, then native OCR can run.",1,0
