run_id,queue_row_id,evidence_id,product_id,product_name,vintage_label,source_domain,source_url,verification_lane,candidate_review_status,source_review_status,candidate_field_count,candidate_text_hash,has_ingredient_text,has_allergen_text,has_manufacturer_or_distributor,has_net_weight,has_serving_size,evidence_context_status,required_reviewer_actions,required_fields,rejection_reason,reviewer,reviewed_at,reviewer_decision,candidate_only,manual_verified,claim_promotion_allowed,public_text_included
hybrid-ocr-v1,manual_review_bc02e37f07eaad,campbells_chicken_noodle_soup__current_2020s__312__1,campbells_chicken_noodle_soup,Campbell's Chicken Noodle Soup,current_2020s,www.walmart.com,https://www.walmart.com/ip/10321674,needs_source_review,,needs_source_review,0,,0,0,0,0,0,source_page_capture_blocked_no_network,"Open the source URL, confirm product identity, date cues, label visibility, rights note, and capture coordinates before OCR or transcription.",reviewer;reviewed_at;source_url;source_title_or_owner;review_decision;reviewer_notes;source_access_result;label_visibility;rights_note;capture_or_archive_coordinates,,,,,1,0,0,0
hybrid-ocr-v1,manual_review_d7252034b4dc4d,campbells_chicken_noodle_soup__current_2020s__36__5,campbells_chicken_noodle_soup,Campbell's Chicken Noodle Soup,current_2020s,www.campbells.com,https://www.campbells.com/products/condensed/chicken-noodle-soup/,needs_source_review,,needs_source_review,0,,0,0,0,0,0,source_page_capture_blocked_no_network,"Open the source URL, confirm product identity, date cues, label visibility, rights note, and capture coordinates before OCR or transcription.",reviewer;reviewed_at;source_url;source_title_or_owner;review_decision;reviewer_notes;source_access_result;label_visibility;rights_note;capture_or_archive_coordinates,,,,,1,0,0,0
hybrid-ocr-v1,manual_review_641836e8995f83,campbells_chicken_noodle_soup__current_2020s__37__4,campbells_chicken_noodle_soup,Campbell's Chicken Noodle Soup,current_2020s,www.walmart.com,https://www.walmart.com/ip/Campbell-s-Condensed-Chicken-Noodle-Soup-10-75-oz-Can/10321681,needs_source_review,,needs_source_review,0,,0,0,0,0,0,source_page_capture_blocked_no_network,"Open the source URL, confirm product identity, date cues, label visibility, rights note, and capture coordinates before OCR or transcription.",reviewer;reviewed_at;source_url;source_title_or_owner;review_decision;reviewer_notes;source_access_result;label_visibility;rights_note;capture_or_archive_coordinates,,,,,1,0,0,0
hybrid-ocr-v1,manual_review_57e0be28724dca,campbells_chicken_noodle_soup__current_2020s__529__3,campbells_chicken_noodle_soup,Campbell's Chicken Noodle Soup,current_2020s,www.thefreshgrocer.com,https://www.thefreshgrocer.com/product/campbells-condensed-chicken-noodle-soup-1075-oz-00051000012517,needs_source_review,,needs_source_review,0,,0,0,0,0,0,source_page_capture_blocked_no_network,"Open the source URL, confirm product identity, date cues, label visibility, rights note, and capture coordinates before OCR or transcription.",reviewer;reviewed_at;source_url;source_title_or_owner;review_decision;reviewer_notes;source_access_result;label_visibility;rights_note;capture_or_archive_coordinates,,,,,1,0,0,0
hybrid-ocr-v1,manual_review_1daaca1581b785,campbells_chicken_noodle_soup__current_2020s__858__6,campbells_chicken_noodle_soup,Campbell's Chicken Noodle Soup,current_2020s,www.thefreshgrocer.com,https://www.thefreshgrocer.com/sm/pickup/rsid/2000/product/campbells-condensed-chicken-noodle-soup-1075-oz-id-00051000012511,needs_source_review,,needs_source_review,0,,0,0,0,0,0,source_page_capture_blocked_no_network,"Open the source URL, confirm product identity, date cues, label visibility, rights note, and capture coordinates before OCR or transcription.",reviewer;reviewed_at;source_url;source_title_or_owner;review_decision;reviewer_notes;source_access_result;label_visibility;rights_note;capture_or_archive_coordinates,,,,,1,0,0,0
hybrid-ocr-v1,manual_review_57271d05239437,campbells_tomato_soup__1980s_or_earlier__971__4,campbells_tomato_soup,Campbell's Condensed Tomato Soup,1980s_or_earlier,www.ingredientinspector.org,https://www.ingredientinspector.org/home/campbells-tomato-soup-ingredients,needs_source_review,,needs_source_review,0,,0,0,0,0,0,source_page_capture_blocked_no_network,"Open the source URL, confirm product identity, date cues, label visibility, rights note, and capture coordinates before OCR or transcription.",reviewer;reviewed_at;source_url;source_title_or_owner;review_decision;reviewer_notes;source_access_result;label_visibility;rights_note;capture_or_archive_coordinates,,,,,1,0,0,0
hybrid-ocr-v1,manual_review_98675bfe214f25,campbells_tomato_soup__current_2020s__1077__9,campbells_tomato_soup,Campbell's Condensed Tomato Soup,current_2020s,www.campbells.com,https://www.campbells.com/tomato-soup/,needs_source_review,,needs_source_review,0,,0,0,0,0,0,source_page_capture_blocked_no_network,"Open the source URL, confirm product identity, date cues, label visibility, rights note, and capture coordinates before OCR or transcription.",reviewer;reviewed_at;source_url;source_title_or_owner;review_decision;reviewer_notes;source_access_result;label_visibility;rights_note;capture_or_archive_coordinates,,,,,1,0,0,0
hybrid-ocr-v1,manual_review_5403709a37a863,campbells_tomato_soup__current_2020s__281__3,campbells_tomato_soup,Campbell's Condensed Tomato Soup,current_2020s,www.walmart.com,https://www.walmart.com/ip/10321636,needs_source_review,,needs_source_review,0,,0,0,0,0,0,source_page_capture_blocked_no_network,"Open the source URL, confirm product identity, date cues, label visibility, rights note, and capture coordinates before OCR or transcription.",reviewer;reviewed_at;source_url;source_title_or_owner;review_decision;reviewer_notes;source_access_result;label_visibility;rights_note;capture_or_archive_coordinates,,,,,1,0,0,0
hybrid-ocr-v1,manual_review_35746fce977c08,campbells_tomato_soup__current_2020s__501__1,campbells_tomato_soup,Campbell's Condensed Tomato Soup,current_2020s,www.campbells.com,https://www.campbells.com/products/condensed/tomato-soup/,needs_source_review,,needs_source_review,0,,0,0,0,0,0,source_page_capture_blocked_no_network,"Open the source URL, confirm product identity, date cues, label visibility, rights note, and capture coordinates before OCR or transcription.",reviewer;reviewed_at;source_url;source_title_or_owner;review_decision;reviewer_notes;source_access_result;label_visibility;rights_note;capture_or_archive_coordinates,,,,,1,0,0,0
hybrid-ocr-v1,manual_review_d085356b31a233,campbells_tomato_soup__current_2020s__726__8,campbells_tomato_soup,Campbell's Condensed Tomato Soup,current_2020s,www.campbells.com,https://www.campbells.com/products/condensed/family-size-tomato-soup/,needs_source_review,,needs_source_review,0,,0,0,0,0,0,source_page_capture_blocked_no_network,"Open the source URL, confirm product identity, date cues, label visibility, rights note, and capture coordinates before OCR or transcription.",reviewer;reviewed_at;source_url;source_title_or_owner;review_decision;reviewer_notes;source_access_result;label_visibility;rights_note;capture_or_archive_coordinates,,,,,1,0,0,0
hybrid-ocr-v1,manual_review_9cd830a33b116c,campbells_tomato_soup__current_2020s__845__2,campbells_tomato_soup,Campbell's Condensed Tomato Soup,current_2020s,www.walmart.com,https://www.walmart.com/ip/43346748,needs_source_review,,needs_source_review,0,,0,0,0,0,0,source_page_capture_blocked_no_network,"Open the source URL, confirm product identity, date cues, label visibility, rights note, and capture coordinates before OCR or transcription.",reviewer;reviewed_at;source_url;source_title_or_owner;review_decision;reviewer_notes;source_access_result;label_visibility;rights_note;capture_or_archive_coordinates,,,,,1,0,0,0
hybrid-ocr-v1,manual_review_3062282aa16dcd,campbells_tomato_soup__current_2020s__971__10,campbells_tomato_soup,Campbell's Condensed Tomato Soup,current_2020s,www.ingredientinspector.org,https://www.ingredientinspector.org/home/campbells-tomato-soup-ingredients,needs_source_review,,needs_source_review,0,,0,0,0,0,0,source_page_capture_blocked_no_network,"Open the source URL, confirm product identity, date cues, label visibility, rights note, and capture coordinates before OCR or transcription.",reviewer;reviewed_at;source_url;source_title_or_owner;review_decision;reviewer_notes;source_access_result;label_visibility;rights_note;capture_or_archive_coordinates,,,,,1,0,0,0
hybrid-ocr-v1,manual_review_ea19bf94898072,capn_crunch_original__1990s__440__2,capn_crunch_original,Cap'n Crunch Original,1990s,underunderstood.com,https://underunderstood.com/podcast/episode/capn-crunch-smaller/,needs_source_review,,needs_source_review,0,,0,0,0,0,0,source_page_capture_blocked_no_network,"Open the source URL, confirm product identity, date cues, label visibility, rights note, and capture coordinates before OCR or transcription.",reviewer;reviewed_at;source_url;source_title_or_owner;review_decision;reviewer_notes;source_access_result;label_visibility;rights_note;capture_or_archive_coordinates,,,,,1,0,0,0
hybrid-ocr-v1,manual_review_a652dd464fb75d,capn_crunch_original__current_2020s__440__3,capn_crunch_original,Cap'n Crunch Original,current_2020s,underunderstood.com,https://underunderstood.com/podcast/episode/capn-crunch-smaller/,needs_source_review,,needs_source_review,0,,0,0,0,0,0,source_page_capture_blocked_no_network,"Open the source URL, confirm product identity, date cues, label visibility, rights note, and capture coordinates before OCR or transcription.",reviewer;reviewed_at;source_url;source_title_or_owner;review_decision;reviewer_notes;source_access_result;label_visibility;rights_note;capture_or_archive_coordinates,,,,,1,0,0,0
hybrid-ocr-v1,manual_review_d0466c28496574,capn_crunch_original__current_2020s__50__2,capn_crunch_original,Cap'n Crunch Original,current_2020s,www.capncrunch.com,https://www.capncrunch.com/products/cap-n-crunch-original,needs_source_review,,needs_source_review,0,,0,0,0,0,0,source_page_capture_blocked_no_network,"Open the source URL, confirm product identity, date cues, label visibility, rights note, and capture coordinates before OCR or transcription.",reviewer;reviewed_at;source_url;source_title_or_owner;review_decision;reviewer_notes;source_access_result;label_visibility;rights_note;capture_or_archive_coordinates,,,,,1,0,0,0
hybrid-ocr-v1,manual_review_5445e025d2dbd4,capn_crunch_original__current_2020s__51__1,capn_crunch_original,Cap'n Crunch Original,current_2020s,www.kroger.com,https://www.kroger.com/p/cap-n-crunch-original-bag-cereal/0003000031378,needs_source_review,,needs_source_review,0,,0,0,0,0,0,source_page_capture_blocked_no_network,"Open the source URL, confirm product identity, date cues, label visibility, rights note, and capture coordinates before OCR or transcription.",reviewer;reviewed_at;source_url;source_title_or_owner;review_decision;reviewer_notes;source_access_result;label_visibility;rights_note;capture_or_archive_coordinates,,,,,1,0,0,0
hybrid-ocr-v1,manual_review_abc7d3e3ff428c,capn_crunch_original__earliest_verified_label__1084__6,capn_crunch_original,Cap'n Crunch Original,earliest_verified_label,www.reddit.com,https://www.reddit.com/r/GrandmasPantry/comments/1t9hrxl/old_capn_crunch/,needs_source_review,,needs_source_review,0,,0,0,0,0,0,source_page_capture_blocked_no_network,"Open the source URL, confirm product identity, date cues, label visibility, rights note, and capture coordinates before OCR or transcription.",reviewer;reviewed_at;source_url;source_title_or_owner;review_decision;reviewer_notes;source_access_result;label_visibility;rights_note;capture_or_archive_coordinates,,,,,1,0,0,0
hybrid-ocr-v1,manual_review_4557f8432830d8,capn_crunch_original__earliest_verified_label__277__4,capn_crunch_original,Cap'n Crunch Original,earliest_verified_label,www.flickr.com,https://www.flickr.com/photos/25692985%40N07/3461366520,needs_source_review,,needs_source_review,0,,0,0,0,0,0,source_page_capture_blocked_no_network,"Open the source URL, confirm product identity, date cues, label visibility, rights note, and capture coordinates before OCR or transcription.",reviewer;reviewed_at;source_url;source_title_or_owner;review_decision;reviewer_notes;source_access_result;label_visibility;rights_note;capture_or_archive_coordinates,,,,,1,0,0,0
hybrid-ocr-v1,manual_review_75f4d989225dfb,capn_crunch_original__earliest_verified_label__440__7,capn_crunch_original,Cap'n Crunch Original,earliest_verified_label,underunderstood.com,https://underunderstood.com/podcast/episode/capn-crunch-smaller/,needs_source_review,,needs_source_review,0,,0,0,0,0,0,source_page_capture_blocked_no_network,"Open the source URL, confirm product identity, date cues, label visibility, rights note, and capture coordinates before OCR or transcription.",reviewer;reviewed_at;source_url;source_title_or_owner;review_decision;reviewer_notes;source_access_result;label_visibility;rights_note;capture_or_archive_coordinates,,,,,1,0,0,0
hybrid-ocr-v1,manual_review_ff6828385aec37,cheerios_original__1980s_or_earlier__368__1,cheerios_original,Cheerios Original,1980s_or_earlier,www.flickr.com,https://www.flickr.com/photos/25692985%40N07/3523833856,needs_source_review,,needs_source_review,0,,0,0,0,0,0,source_page_capture_blocked_no_network,"Open the source URL, confirm product identity, date cues, label visibility, rights note, and capture coordinates before OCR or transcription.",reviewer;reviewed_at;source_url;source_title_or_owner;review_decision;reviewer_notes;source_access_result;label_visibility;rights_note;capture_or_archive_coordinates,,,,,1,0,0,0
hybrid-ocr-v1,manual_review_e26fe5909cc511,cheerios_original__current_2020s__10__1,cheerios_original,Cheerios Original,current_2020s,www.cheerios.com,https://www.cheerios.com/products/original-cheerios,needs_source_review,,needs_source_review,0,,0,0,0,0,0,source_page_capture_blocked_no_network,"Open the source URL, confirm product identity, date cues, label visibility, rights note, and capture coordinates before OCR or transcription.",reviewer;reviewed_at;source_url;source_title_or_owner;review_decision;reviewer_notes;source_access_result;label_visibility;rights_note;capture_or_archive_coordinates,,,,,1,0,0,0
hybrid-ocr-v1,manual_review_53e5fb8ab8902d,cheerios_original__earliest_verified_label__368__1,cheerios_original,Cheerios Original,earliest_verified_label,www.flickr.com,https://www.flickr.com/photos/25692985%40N07/3523833856,needs_source_review,,needs_source_review,0,,0,0,0,0,0,source_page_capture_blocked_no_network,"Open the source URL, confirm product identity, date cues, label visibility, rights note, and capture coordinates before OCR or transcription.",reviewer;reviewed_at;source_url;source_title_or_owner;review_decision;reviewer_notes;source_access_result;label_visibility;rights_note;capture_or_archive_coordinates,,,,,1,0,0,0
hybrid-ocr-v1,manual_review_2b0c20d86e714b,cheerios_original__earliest_verified_label__460__11,cheerios_original,Cheerios Original,earliest_verified_label,www.mashed.com,https://www.mashed.com/1561524/first-cheerios-unrecognizable/,needs_source_review,,needs_source_review,0,,0,0,0,0,0,source_page_capture_blocked_no_network,"Open the source URL, confirm product identity, date cues, label visibility, rights note, and capture coordinates before OCR or transcription.",reviewer;reviewed_at;source_url;source_title_or_owner;review_decision;reviewer_notes;source_access_result;label_visibility;rights_note;capture_or_archive_coordinates,,,,,1,0,0,0
hybrid-ocr-v1,manual_review_91110ec80e851d,cheetos_crunchy__current_2020s__267__1,cheetos_crunchy,Cheetos Crunchy,current_2020s,www.walmart.com,https://www.walmart.com/ip/16306222837,needs_source_review,,needs_source_review,0,,0,0,0,0,0,source_page_capture_blocked_no_network,"Open the source URL, confirm product identity, date cues, label visibility, rights note, and capture coordinates before OCR or transcription.",reviewer;reviewed_at;source_url;source_title_or_owner;review_decision;reviewer_notes;source_access_result;label_visibility;rights_note;capture_or_archive_coordinates,,,,,1,0,0,0
hybrid-ocr-v1,manual_review_88d9cc04938284,cheetos_crunchy__current_2020s__38__2,cheetos_crunchy,Cheetos Crunchy,current_2020s,smartlabel.pepsico.info,https://smartlabel.pepsico.info/028400589501-0001-en-US/index.html,needs_source_review,,needs_source_review,0,,0,0,0,0,0,source_page_capture_blocked_no_network,"Open the source URL, confirm product identity, date cues, label visibility, rights note, and capture coordinates before OCR or transcription.",reviewer;reviewed_at;source_url;source_title_or_owner;review_decision;reviewer_notes;source_access_result;label_visibility;rights_note;capture_or_archive_coordinates,,,,,1,0,0,0
hybrid-ocr-v1,manual_review_9d86d91b0f78dc,cheetos_crunchy__current_2020s__495__3,cheetos_crunchy,Cheetos Crunchy,current_2020s,smartlabel.pepsico.info,https://smartlabel.pepsico.info/028400329453-0021-en-US/index.html,needs_source_review,,needs_source_review,0,,0,0,0,0,0,source_page_capture_blocked_no_network,"Open the source URL, confirm product identity, date cues, label visibility, rights note, and capture coordinates before OCR or transcription.",reviewer;reviewed_at;source_url;source_title_or_owner;review_decision;reviewer_notes;source_access_result;label_visibility;rights_note;capture_or_archive_coordinates,,,,,1,0,0,0
hybrid-ocr-v1,manual_review_e88fec9bd251d4,cheez_it_original__current_2020s__21__1,cheez_it_original,Cheez-It Original Crackers,current_2020s,www.cheezit.com,https://www.cheezit.com/en-us/products/cheez-it-original-crackers-product.html,needs_source_review,,needs_source_review,0,,0,0,0,0,0,source_page_capture_blocked_no_network,"Open the source URL, confirm product identity, date cues, label visibility, rights note, and capture coordinates before OCR or transcription.",reviewer;reviewed_at;source_url;source_title_or_owner;review_decision;reviewer_notes;source_access_result;label_visibility;rights_note;capture_or_archive_coordinates,,,,,1,0,0,0
hybrid-ocr-v1,manual_review_b9be051cf98e59,cheez_it_original__current_2020s__22__4,cheez_it_original,Cheez-It Original Crackers,current_2020s,smartlabel.kelloggs.com,https://smartlabel.kelloggs.com/Product/Index/024100106844,needs_source_review,,needs_source_review,0,,0,0,0,0,0,source_page_capture_blocked_no_network,"Open the source URL, confirm product identity, date cues, label visibility, rights note, and capture coordinates before OCR or transcription.",reviewer;reviewed_at;source_url;source_title_or_owner;review_decision;reviewer_notes;source_access_result;label_visibility;rights_note;capture_or_archive_coordinates,,,,,1,0,0,0
hybrid-ocr-v1,manual_review_f02bbdbf72bb3a,cheez_it_original__current_2020s__509__2,cheez_it_original,Cheez-It Original Crackers,current_2020s,www.kroger.com,https://www.kroger.com/p/cheez-ita-original-cheese-crackers/0002410010685,needs_source_review,,needs_source_review,0,,0,0,0,0,0,source_page_capture_blocked_no_network,"Open the source URL, confirm product identity, date cues, label visibility, rights note, and capture coordinates before OCR or transcription.",reviewer;reviewed_at;source_url;source_title_or_owner;review_decision;reviewer_notes;source_access_result;label_visibility;rights_note;capture_or_archive_coordinates,,,,,1,0,0,0
hybrid-ocr-v1,manual_review_3b1142a503c0e5,cheez_it_original__current_2020s__510__3,cheez_it_original,Cheez-It Original Crackers,current_2020s,www.kroger.com,https://www.kroger.com/p/cheezit-original-baked-snack-crackers/0002410012464,needs_source_review,,needs_source_review,0,,0,0,0,0,0,source_page_capture_blocked_no_network,"Open the source URL, confirm product identity, date cues, label visibility, rights note, and capture coordinates before OCR or transcription.",reviewer;reviewed_at;source_url;source_title_or_owner;review_decision;reviewer_notes;source_access_result;label_visibility;rights_note;capture_or_archive_coordinates,,,,,1,0,0,0
hybrid-ocr-v1,manual_review_d2d1eee716a9ec,chef_boyardee_beefaroni__current_2020s__1016__4,chef_boyardee_beefaroni,Chef Boyardee Beefaroni,current_2020s,www.chefboyardee.com,https://www.chefboyardee.com/products/beefaroni/beefaroni-40-oz,needs_source_review,,needs_source_review,0,,0,0,0,0,0,source_page_capture_blocked_no_network,"Open the source URL, confirm product identity, date cues, label visibility, rights note, and capture coordinates before OCR or transcription.",reviewer;reviewed_at;source_url;source_title_or_owner;review_decision;reviewer_notes;source_access_result;label_visibility;rights_note;capture_or_archive_coordinates,,,,,1,0,0,0
hybrid-ocr-v1,manual_review_7d8443f1707368,chef_boyardee_beefaroni__current_2020s__290__2,chef_boyardee_beefaroni,Chef Boyardee Beefaroni,current_2020s,www.walmart.com,https://www.walmart.com/ip/10308533,needs_source_review,,needs_source_review,0,,0,0,0,0,0,source_page_capture_blocked_no_network,"Open the source URL, confirm product identity, date cues, label visibility, rights note, and capture coordinates before OCR or transcription.",reviewer;reviewed_at;source_url;source_title_or_owner;review_decision;reviewer_notes;source_access_result;label_visibility;rights_note;capture_or_archive_coordinates,,,,,1,0,0,0
hybrid-ocr-v1,manual_review_d792b412f1c435,chef_boyardee_beefaroni__current_2020s__69__1,chef_boyardee_beefaroni,Chef Boyardee Beefaroni,current_2020s,www.chefboyardee.com,https://www.chefboyardee.com/products/classics/beefaroni,needs_source_review,,needs_source_review,0,,0,0,0,0,0,source_page_capture_blocked_no_network,"Open the source URL, confirm product identity, date cues, label visibility, rights note, and capture coordinates before OCR or transcription.",reviewer;reviewed_at;source_url;source_title_or_owner;review_decision;reviewer_notes;source_access_result;label_visibility;rights_note;capture_or_archive_coordinates,,,,,1,0,0,0
hybrid-ocr-v1,manual_review_5c8f3f2b9b56c7,chef_boyardee_beefaroni__current_2020s__755__5,chef_boyardee_beefaroni,Chef Boyardee Beefaroni,current_2020s,www.chefboyardee.com,https://www.chefboyardee.com/products/classics/beefaroni-can,needs_source_review,,needs_source_review,0,,0,0,0,0,0,source_page_capture_blocked_no_network,"Open the source URL, confirm product identity, date cues, label visibility, rights note, and capture coordinates before OCR or transcription.",reviewer;reviewed_at;source_url;source_title_or_owner;review_decision;reviewer_notes;source_access_result;label_visibility;rights_note;capture_or_archive_coordinates,,,,,1,0,0,0
hybrid-ocr-v1,manual_review_a03ae2f900fd2d,chips_ahoy_original__2010s__448__3,chips_ahoy_original,Chips Ahoy! Original Cookies,2010s,upcfoodsearch.com,https://upcfoodsearch.com/food-products/chocolate-chip-cookies/044000032197/,needs_source_review,,needs_source_review,0,,0,0,0,0,0,source_page_capture_blocked_no_network,"Open the source URL, confirm product identity, date cues, label visibility, rights note, and capture coordinates before OCR or transcription.",reviewer;reviewed_at;source_url;source_title_or_owner;review_decision;reviewer_notes;source_access_result;label_visibility;rights_note;capture_or_archive_coordinates,,,,,1,0,0,0
hybrid-ocr-v1,manual_review_d35fbeb04a32dc,chips_ahoy_original__2010s__481__2,chips_ahoy_original,Chips Ahoy! Original Cookies,2010s,www.walmart.com,https://www.walmart.com/ip/174419753,needs_source_review,,needs_source_review,0,,0,0,0,0,0,source_page_capture_blocked_no_network,"Open the source URL, confirm product identity, date cues, label visibility, rights note, and capture coordinates before OCR or transcription.",reviewer;reviewed_at;source_url;source_title_or_owner;review_decision;reviewer_notes;source_access_result;label_visibility;rights_note;capture_or_archive_coordinates,,,,,1,0,0,0
hybrid-ocr-v1,manual_review_97e7e05fb4bf83,chips_ahoy_original__2010s__482__1,chips_ahoy_original,Chips Ahoy! Original Cookies,2010s,www.walmart.com,https://www.walmart.com/ip/10292127,needs_source_review,,needs_source_review,0,,0,0,0,0,0,source_page_capture_blocked_no_network,"Open the source URL, confirm product identity, date cues, label visibility, rights note, and capture coordinates before OCR or transcription.",reviewer;reviewed_at;source_url;source_title_or_owner;review_decision;reviewer_notes;source_access_result;label_visibility;rights_note;capture_or_archive_coordinates,,,,,1,0,0,0
hybrid-ocr-v1,manual_review_37ab0b4f2c8167,chips_ahoy_original__current_2020s__11__7,chips_ahoy_original,Chips Ahoy! Original Cookies,current_2020s,smartlabel.mondelez.info,https://smartlabel.mondelez.info/044000073336-0001-en-US/index.html,needs_source_review,,needs_source_review,0,,0,0,0,0,0,source_page_capture_blocked_no_network,"Open the source URL, confirm product identity, date cues, label visibility, rights note, and capture coordinates before OCR or transcription.",reviewer;reviewed_at;source_url;source_title_or_owner;review_decision;reviewer_notes;source_access_result;label_visibility;rights_note;capture_or_archive_coordinates,,,,,1,0,0,0
hybrid-ocr-v1,manual_review_c59ce95dfc8ed8,chips_ahoy_original__current_2020s__12__1,chips_ahoy_original,Chips Ahoy! Original Cookies,current_2020s,www.kroger.com,https://www.kroger.com/p/chips-ahoy-original-chocolate-chip-cookies/0004400003219,needs_source_review,,needs_source_review,0,,0,0,0,0,0,source_page_capture_blocked_no_network,"Open the source URL, confirm product identity, date cues, label visibility, rights note, and capture coordinates before OCR or transcription.",reviewer;reviewed_at;source_url;source_title_or_owner;review_decision;reviewer_notes;source_access_result;label_visibility;rights_note;capture_or_archive_coordinates,,,,,1,0,0,0
hybrid-ocr-v1,manual_review_2f252f965e3a2c,chips_ahoy_original__current_2020s__253__2,chips_ahoy_original,Chips Ahoy! Original Cookies,current_2020s,www.walmart.com,https://www.walmart.com/ip/17176252,needs_source_review,,needs_source_review,0,,0,0,0,0,0,source_page_capture_blocked_no_network,"Open the source URL, confirm product identity, date cues, label visibility, rights note, and capture coordinates before OCR or transcription.",reviewer;reviewed_at;source_url;source_title_or_owner;review_decision;reviewer_notes;source_access_result;label_visibility;rights_note;capture_or_archive_coordinates,,,,,1,0,0,0
hybrid-ocr-v1,manual_review_468f80b5b0a168,chips_ahoy_original__current_2020s__408__3,chips_ahoy_original,Chips Ahoy! Original Cookies,current_2020s,www.thefreshgrocer.com,https://www.thefreshgrocer.com/sm/planning/rsid/484/product/nabisco-chips-ahoy-original-real-chocolate-chip-cookies-13-oz-id-00044000032197,needs_source_review,,needs_source_review,0,,0,0,0,0,0,source_page_capture_blocked_no_network,"Open the source URL, confirm product identity, date cues, label visibility, rights note, and capture coordinates before OCR or transcription.",reviewer;reviewed_at;source_url;source_title_or_owner;review_decision;reviewer_notes;source_access_result;label_visibility;rights_note;capture_or_archive_coordinates,,,,,1,0,0,0
hybrid-ocr-v1,manual_review_4581ddcc7ed84a,chips_ahoy_original__current_2020s__409__6,chips_ahoy_original,Chips Ahoy! Original Cookies,current_2020s,www.upcitemdb.com,https://www.upcitemdb.com/upc/44000032197,needs_source_review,,needs_source_review,0,,0,0,0,0,0,source_page_capture_blocked_no_network,"Open the source URL, confirm product identity, date cues, label visibility, rights note, and capture coordinates before OCR or transcription.",reviewer;reviewed_at;source_url;source_title_or_owner;review_decision;reviewer_notes;source_access_result;label_visibility;rights_note;capture_or_archive_coordinates,,,,,1,0,0,0
hybrid-ocr-v1,manual_review_5f52b5471cbbcf,chips_ahoy_original__current_2020s__481__5,chips_ahoy_original,Chips Ahoy! Original Cookies,current_2020s,www.walmart.com,https://www.walmart.com/ip/174419753,needs_source_review,,needs_source_review,0,,0,0,0,0,0,source_page_capture_blocked_no_network,"Open the source URL, confirm product identity, date cues, label visibility, rights note, and capture coordinates before OCR or transcription.",reviewer;reviewed_at;source_url;source_title_or_owner;review_decision;reviewer_notes;source_access_result;label_visibility;rights_note;capture_or_archive_coordinates,,,,,1,0,0,0
hybrid-ocr-v1,manual_review_e1cf23ce396325,chips_ahoy_original__current_2020s__482__4,chips_ahoy_original,Chips Ahoy! Original Cookies,current_2020s,www.walmart.com,https://www.walmart.com/ip/10292127,needs_source_review,,needs_source_review,0,,0,0,0,0,0,source_page_capture_blocked_no_network,"Open the source URL, confirm product identity, date cues, label visibility, rights note, and capture coordinates before OCR or transcription.",reviewer;reviewed_at;source_url;source_title_or_owner;review_decision;reviewer_notes;source_access_result;label_visibility;rights_note;capture_or_archive_coordinates,,,,,1,0,0,0
hybrid-ocr-v1,manual_review_ea5931f547664e,chips_ahoy_original__earliest_verified_label__448__3,chips_ahoy_original,Chips Ahoy! Original Cookies,earliest_verified_label,upcfoodsearch.com,https://upcfoodsearch.com/food-products/chocolate-chip-cookies/044000032197/,needs_source_review,,needs_source_review,0,,0,0,0,0,0,source_page_capture_blocked_no_network,"Open the source URL, confirm product identity, date cues, label visibility, rights note, and capture coordinates before OCR or transcription.",reviewer;reviewed_at;source_url;source_title_or_owner;review_decision;reviewer_notes;source_access_result;label_visibility;rights_note;capture_or_archive_coordinates,,,,,1,0,0,0
hybrid-ocr-v1,manual_review_4ec2bc5152dfda,cinnamon_toast_crunch__current_2020s__44__1,cinnamon_toast_crunch,Cinnamon Toast Crunch,current_2020s,www.cinnamontoastcrunch.com,https://www.cinnamontoastcrunch.com/products/cinnamon-toast-crunch-cereal,needs_source_review,,needs_source_review,0,,0,0,0,0,0,source_page_capture_blocked_no_network,"Open the source URL, confirm product identity, date cues, label visibility, rights note, and capture coordinates before OCR or transcription.",reviewer;reviewed_at;source_url;source_title_or_owner;review_decision;reviewer_notes;source_access_result;label_visibility;rights_note;capture_or_archive_coordinates,,,,,1,0,0,0
hybrid-ocr-v1,manual_review_99540a4a995867,cinnamon_toast_crunch__current_2020s__511__2,cinnamon_toast_crunch,Cinnamon Toast Crunch,current_2020s,www.generalmillsconvenience.com,https://www.generalmillsconvenience.com/products/cinnamon-toast-crunch-12oz,needs_source_review,,needs_source_review,0,,0,0,0,0,0,source_page_capture_blocked_no_network,"Open the source URL, confirm product identity, date cues, label visibility, rights note, and capture coordinates before OCR or transcription.",reviewer;reviewed_at;source_url;source_title_or_owner;review_decision;reviewer_notes;source_access_result;label_visibility;rights_note;capture_or_archive_coordinates,,,,,1,0,0,0
hybrid-ocr-v1,manual_review_c9da65293f9646,coca_cola_classic__1980s_or_earlier__725__1,coca_cola_classic,Coca-Cola Classic,1980s_or_earlier,www.flickr.com,https://www.flickr.com/photos/studioz7/29453244726,needs_source_review,,needs_source_review,0,,0,0,0,0,0,source_page_capture_blocked_no_network,"Open the source URL, confirm product identity, date cues, label visibility, rights note, and capture coordinates before OCR or transcription.",reviewer;reviewed_at;source_url;source_title_or_owner;review_decision;reviewer_notes;source_access_result;label_visibility;rights_note;capture_or_archive_coordinates,,,,,1,0,0,0
hybrid-ocr-v1,manual_review_51797f1de29805,coca_cola_classic__current_2020s__249__1,coca_cola_classic,Coca-Cola Classic,current_2020s,www.coca-cola.com,https://www.coca-cola.com/us/en/brands/coca-cola/products/original?redirect=true,needs_source_review,,needs_source_review,0,,0,0,0,0,0,source_page_capture_blocked_no_network,"Open the source URL, confirm product identity, date cues, label visibility, rights note, and capture coordinates before OCR or transcription.",reviewer;reviewed_at;source_url;source_title_or_owner;review_decision;reviewer_notes;source_access_result;label_visibility;rights_note;capture_or_archive_coordinates,,,,,1,0,0,0
hybrid-ocr-v1,manual_review_8f0001b1cfe7f6,coca_cola_classic__earliest_verified_label__725__1,coca_cola_classic,Coca-Cola Classic,earliest_verified_label,www.flickr.com,https://www.flickr.com/photos/studioz7/29453244726,needs_source_review,,needs_source_review,0,,0,0,0,0,0,source_page_capture_blocked_no_network,"Open the source URL, confirm product identity, date cues, label visibility, rights note, and capture coordinates before OCR or transcription.",reviewer;reviewed_at;source_url;source_title_or_owner;review_decision;reviewer_notes;source_access_result;label_visibility;rights_note;capture_or_archive_coordinates,,,,,1,0,0,0
hybrid-ocr-v1,manual_review_4ce1ba458819d3,cocoa_puffs__current_2020s__75__4,cocoa_puffs,Cocoa Puffs,current_2020s,www.generalmills.com,https://www.generalmills.com/food-we-make/brands/cocoa-puffs,needs_source_review,,needs_source_review,0,,0,0,0,0,0,source_page_capture_blocked_no_network,"Open the source URL, confirm product identity, date cues, label visibility, rights note, and capture coordinates before OCR or transcription.",reviewer;reviewed_at;source_url;source_title_or_owner;review_decision;reviewer_notes;source_access_result;label_visibility;rights_note;capture_or_archive_coordinates,,,,,1,0,0,0
hybrid-ocr-v1,manual_review_4261248b4a73a3,cocoa_puffs__current_2020s__76__3,cocoa_puffs,Cocoa Puffs,current_2020s,www.cvs.com,https://www.cvs.com/shop/ingredients/general-mills-cocoa-puffs-whole-grain-cereal-10-4-oz-prodid-558865,needs_source_review,,needs_source_review,0,,0,0,0,0,0,source_page_capture_blocked_no_network,"Open the source URL, confirm product identity, date cues, label visibility, rights note, and capture coordinates before OCR or transcription.",reviewer;reviewed_at;source_url;source_title_or_owner;review_decision;reviewer_notes;source_access_result;label_visibility;rights_note;capture_or_archive_coordinates,,,,,1,0,0,0
hybrid-ocr-v1,manual_review_5f56c563dd44ad,doritos_nacho_cheese__2010s__469__2,doritos_nacho_cheese,Doritos Nacho Cheese,2010s,www.heb.com,https://www.heb.com/product-detail/doritos-nacho-cheese-flavored-tortilla-chips/1530760,needs_source_review,,needs_source_review,0,,0,0,0,0,0,source_page_capture_blocked_no_network,"Open the source URL, confirm product identity, date cues, label visibility, rights note, and capture coordinates before OCR or transcription.",reviewer;reviewed_at;source_url;source_title_or_owner;review_decision;reviewer_notes;source_access_result;label_visibility;rights_note;capture_or_archive_coordinates,,,,,1,0,0,0
hybrid-ocr-v1,manual_review_00962105e7dae3,doritos_nacho_cheese__current_2020s__250__2,doritos_nacho_cheese,Doritos Nacho Cheese,current_2020s,www.kroger.com,https://www.kroger.com/p/doritos-nacho-cheese-flavored-tortilla-chips/0002840033579,needs_source_review,,needs_source_review,0,,0,0,0,0,0,source_page_capture_blocked_no_network,"Open the source URL, confirm product identity, date cues, label visibility, rights note, and capture coordinates before OCR or transcription.",reviewer;reviewed_at;source_url;source_title_or_owner;review_decision;reviewer_notes;source_access_result;label_visibility;rights_note;capture_or_archive_coordinates,,,,,1,0,0,0
hybrid-ocr-v1,manual_review_99f48f29277412,doritos_nacho_cheese__current_2020s__407__1,doritos_nacho_cheese,Doritos Nacho Cheese,current_2020s,wvww.gardengrocer.com,https://wvww.gardengrocer.com/product/1762-doritos-tortilla-chips-nacho-cheese-975oz-bag,needs_source_review,,needs_source_review,0,,0,0,0,0,0,source_page_capture_blocked_no_network,"Open the source URL, confirm product identity, date cues, label visibility, rights note, and capture coordinates before OCR or transcription.",reviewer;reviewed_at;source_url;source_title_or_owner;review_decision;reviewer_notes;source_access_result;label_visibility;rights_note;capture_or_archive_coordinates,,,,,1,0,0,0
hybrid-ocr-v1,manual_review_fd2589cb5518c7,doritos_nacho_cheese__current_2020s__469__3,doritos_nacho_cheese,Doritos Nacho Cheese,current_2020s,www.heb.com,https://www.heb.com/product-detail/doritos-nacho-cheese-flavored-tortilla-chips/1530760,needs_source_review,,needs_source_review,0,,0,0,0,0,0,source_page_capture_blocked_no_network,"Open the source URL, confirm product identity, date cues, label visibility, rights note, and capture coordinates before OCR or transcription.",reviewer;reviewed_at;source_url;source_title_or_owner;review_decision;reviewer_notes;source_access_result;label_visibility;rights_note;capture_or_archive_coordinates,,,,,1,0,0,0
hybrid-ocr-v1,manual_review_8b10b149b6d1b1,doritos_nacho_cheese__current_2020s__727__4,doritos_nacho_cheese,Doritos Nacho Cheese,current_2020s,smartlabel.pepsico.info,https://smartlabel.pepsico.info/028400017305-0007-en-US/index.html,needs_source_review,,needs_source_review,0,,0,0,0,0,0,source_page_capture_blocked_no_network,"Open the source URL, confirm product identity, date cues, label visibility, rights note, and capture coordinates before OCR or transcription.",reviewer;reviewed_at;source_url;source_title_or_owner;review_decision;reviewer_notes;source_access_result;label_visibility;rights_note;capture_or_archive_coordinates,,,,,1,0,0,0
hybrid-ocr-v1,manual_review_42e539d179cc42,dr_pepper_original__current_2020s__1085__3,dr_pepper_original,Dr Pepper Original,current_2020s,www.walmart.com,https://www.walmart.com/ip/121314773,needs_source_review,,needs_source_review,0,,0,0,0,0,0,source_page_capture_blocked_no_network,"Open the source URL, confirm product identity, date cues, label visibility, rights note, and capture coordinates before OCR or transcription.",reviewer;reviewed_at;source_url;source_title_or_owner;review_decision;reviewer_notes;source_access_result;label_visibility;rights_note;capture_or_archive_coordinates,,,,,1,0,0,0
hybrid-ocr-v1,manual_review_47069d72dcff0c,dr_pepper_original__current_2020s__261__1,dr_pepper_original,Dr Pepper Original,current_2020s,www.target.com,https://www.target.com/p/-/A-12965290,needs_source_review,,needs_source_review,0,,0,0,0,0,0,source_page_capture_blocked_no_network,"Open the source URL, confirm product identity, date cues, label visibility, rights note, and capture coordinates before OCR or transcription.",reviewer;reviewed_at;source_url;source_title_or_owner;review_decision;reviewer_notes;source_access_result;label_visibility;rights_note;capture_or_archive_coordinates,,,,,1,0,0,0
hybrid-ocr-v1,manual_review_539fcbcfc6ef90,dr_pepper_original__current_2020s__506__2,dr_pepper_original,Dr Pepper Original,current_2020s,www.kroger.com,https://www.kroger.com/p/dr-pepper-soda/0007800008246,needs_source_review,,needs_source_review,0,,0,0,0,0,0,source_page_capture_blocked_no_network,"Open the source URL, confirm product identity, date cues, label visibility, rights note, and capture coordinates before OCR or transcription.",reviewer;reviewed_at;source_url;source_title_or_owner;review_decision;reviewer_notes;source_access_result;label_visibility;rights_note;capture_or_archive_coordinates,,,,,1,0,0,0
hybrid-ocr-v1,manual_review_ebd7544a3d9847,dr_pepper_original__current_2020s__52__4,dr_pepper_original,Dr Pepper Original,current_2020s,www.kroger.com,https://www.kroger.com/p/dr-pepper/0007800008216,needs_source_review,,needs_source_review,0,,0,0,0,0,0,source_page_capture_blocked_no_network,"Open the source URL, confirm product identity, date cues, label visibility, rights note, and capture coordinates before OCR or transcription.",reviewer;reviewed_at;source_url;source_title_or_owner;review_decision;reviewer_notes;source_access_result;label_visibility;rights_note;capture_or_archive_coordinates,,,,,1,0,0,0
hybrid-ocr-v1,manual_review_f60910d3e6b993,eggo_homestyle_waffles__2010s__775__1,eggo_homestyle_waffles,Eggo Homestyle Waffles,2010s,www.upcitemdb.com,https://www.upcitemdb.com/upc/38000017148,needs_source_review,,needs_source_review,0,,0,0,0,0,0,source_page_capture_blocked_no_network,"Open the source URL, confirm product identity, date cues, label visibility, rights note, and capture coordinates before OCR or transcription.",reviewer;reviewed_at;source_url;source_title_or_owner;review_decision;reviewer_notes;source_access_result;label_visibility;rights_note;capture_or_archive_coordinates,,,,,1,0,0,0
hybrid-ocr-v1,manual_review_f463acf18fa741,eggo_homestyle_waffles__current_2020s__626__4,eggo_homestyle_waffles,Eggo Homestyle Waffles,current_2020s,www.leggomyeggo.com,https://www.leggomyeggo.com/en_US/eggo-homestyle-waffles-product.html,needs_source_review,,needs_source_review,0,,0,0,0,0,0,source_page_capture_blocked_no_network,"Open the source URL, confirm product identity, date cues, label visibility, rights note, and capture coordinates before OCR or transcription.",reviewer;reviewed_at;source_url;source_title_or_owner;review_decision;reviewer_notes;source_access_result;label_visibility;rights_note;capture_or_archive_coordinates,,,,,1,0,0,0
hybrid-ocr-v1,manual_review_e0ca6a94260baf,eggo_homestyle_waffles__current_2020s__68__2,eggo_homestyle_waffles,Eggo Homestyle Waffles,current_2020s,www.leggomyeggo.com,https://www.leggomyeggo.com/en-us/products/waffles/homestyle-waffles-product.html,needs_source_review,,needs_source_review,0,,0,0,0,0,0,source_page_capture_blocked_no_network,"Open the source URL, confirm product identity, date cues, label visibility, rights note, and capture coordinates before OCR or transcription.",reviewer;reviewed_at;source_url;source_title_or_owner;review_decision;reviewer_notes;source_access_result;label_visibility;rights_note;capture_or_archive_coordinates,,,,,1,0,0,0
hybrid-ocr-v1,manual_review_6101f45bcb3fe6,eggo_homestyle_waffles__current_2020s__773__3,eggo_homestyle_waffles,Eggo Homestyle Waffles,current_2020s,www.kellanovaawayfromhome.com,https://www.kellanovaawayfromhome.com/en-us/products/eggo-homestyle-waffles-product.00038000178672.html,needs_source_review,,needs_source_review,0,,0,0,0,0,0,source_page_capture_blocked_no_network,"Open the source URL, confirm product identity, date cues, label visibility, rights note, and capture coordinates before OCR or transcription.",reviewer;reviewed_at;source_url;source_title_or_owner;review_decision;reviewer_notes;source_access_result;label_visibility;rights_note;capture_or_archive_coordinates,,,,,1,0,0,0
hybrid-ocr-v1,manual_review_6effa807e2dd87,eggo_homestyle_waffles__current_2020s__776__5,eggo_homestyle_waffles,Eggo Homestyle Waffles,current_2020s,www.upcitemdb.com,https://www.upcitemdb.com/upc/38000402807,needs_source_review,,needs_source_review,0,,0,0,0,0,0,source_page_capture_blocked_no_network,"Open the source URL, confirm product identity, date cues, label visibility, rights note, and capture coordinates before OCR or transcription.",reviewer;reviewed_at;source_url;source_title_or_owner;review_decision;reviewer_notes;source_access_result;label_visibility;rights_note;capture_or_archive_coordinates,,,,,1,0,0,0
hybrid-ocr-v1,manual_review_685da1e257b3a6,fig_newtons__2010s__59__1,fig_newtons,Fig Newtons,2010s,www.walmart.com,https://www.walmart.com/ip/13281445,needs_source_review,,needs_source_review,0,,0,0,0,0,0,source_page_capture_blocked_no_network,"Open the source URL, confirm product identity, date cues, label visibility, rights note, and capture coordinates before OCR or transcription.",reviewer;reviewed_at;source_url;source_title_or_owner;review_decision;reviewer_notes;source_access_result;label_visibility;rights_note;capture_or_archive_coordinates,,,,,1,0,0,0
hybrid-ocr-v1,manual_review_07fb82d6bd1ad4,fig_newtons__current_2020s__300__1,fig_newtons,Fig Newtons,current_2020s,www.walmart.com,https://www.walmart.com/ip/16893752394,needs_source_review,,needs_source_review,0,,0,0,0,0,0,source_page_capture_blocked_no_network,"Open the source URL, confirm product identity, date cues, label visibility, rights note, and capture coordinates before OCR or transcription.",reviewer;reviewed_at;source_url;source_title_or_owner;review_decision;reviewer_notes;source_access_result;label_visibility;rights_note;capture_or_archive_coordinates,,,,,1,0,0,0
hybrid-ocr-v1,manual_review_0fd0101d94fb9b,fig_newtons__current_2020s__520__2,fig_newtons,Fig Newtons,current_2020s,www.walmart.com,https://www.walmart.com/ip/108444023,needs_source_review,,needs_source_review,0,,0,0,0,0,0,source_page_capture_blocked_no_network,"Open the source URL, confirm product identity, date cues, label visibility, rights note, and capture coordinates before OCR or transcription.",reviewer;reviewed_at;source_url;source_title_or_owner;review_decision;reviewer_notes;source_access_result;label_visibility;rights_note;capture_or_archive_coordinates,,,,,1,0,0,0
hybrid-ocr-v1,manual_review_2021f088dd3c02,fig_newtons__current_2020s__58__4,fig_newtons,Fig Newtons,current_2020s,smartlabel.mondelez.info,https://smartlabel.mondelez.info/044000078348-0001-en-US/index.html,needs_source_review,,needs_source_review,0,,0,0,0,0,0,source_page_capture_blocked_no_network,"Open the source URL, confirm product identity, date cues, label visibility, rights note, and capture coordinates before OCR or transcription.",reviewer;reviewed_at;source_url;source_title_or_owner;review_decision;reviewer_notes;source_access_result;label_visibility;rights_note;capture_or_archive_coordinates,,,,,1,0,0,0
hybrid-ocr-v1,manual_review_62cdfe881c39cf,fritos_original__current_2020s__77__4,fritos_original,Fritos Original Corn Chips,current_2020s,smartlabel.pepsico.info,https://smartlabel.pepsico.info/028400017206-0003-en-US/index.html,needs_source_review,,needs_source_review,0,,0,0,0,0,0,source_page_capture_blocked_no_network,"Open the source URL, confirm product identity, date cues, label visibility, rights note, and capture coordinates before OCR or transcription.",reviewer;reviewed_at;source_url;source_title_or_owner;review_decision;reviewer_notes;source_access_result;label_visibility;rights_note;capture_or_archive_coordinates,,,,,1,0,0,0
hybrid-ocr-v1,manual_review_4bd1815e079376,gatorade_lemon_lime__current_2020s__1021__4,gatorade_lemon_lime,Gatorade Lemon-Lime,current_2020s,smartlabel.pepsico.info,https://smartlabel.pepsico.info/052000058987-0001-en-US/index.html,needs_source_review,,needs_source_review,0,,0,0,0,0,0,source_page_capture_blocked_no_network,"Open the source URL, confirm product identity, date cues, label visibility, rights note, and capture coordinates before OCR or transcription.",reviewer;reviewed_at;source_url;source_title_or_owner;review_decision;reviewer_notes;source_access_result;label_visibility;rights_note;capture_or_archive_coordinates,,,,,1,0,0,0
hybrid-ocr-v1,manual_review_f1c5da51194ee2,gatorade_lemon_lime__current_2020s__1022__6,gatorade_lemon_lime,Gatorade Lemon-Lime,current_2020s,smartlabel.pepsico.info,https://smartlabel.pepsico.info/052000328684-0011-en-US/index.html,needs_source_review,,needs_source_review,0,,0,0,0,0,0,source_page_capture_blocked_no_network,"Open the source URL, confirm product identity, date cues, label visibility, rights note, and capture coordinates before OCR or transcription.",reviewer;reviewed_at;source_url;source_title_or_owner;review_decision;reviewer_notes;source_access_result;label_visibility;rights_note;capture_or_archive_coordinates,,,,,1,0,0,0
hybrid-ocr-v1,manual_review_efb337fb2bc4df,gatorade_lemon_lime__current_2020s__659__5,gatorade_lemon_lime,Gatorade Lemon-Lime,current_2020s,www.gatorade.com,https://www.gatorade.com/products/gatorade-thirst-quencher,needs_source_review,,needs_source_review,0,,0,0,0,0,0,source_page_capture_blocked_no_network,"Open the source URL, confirm product identity, date cues, label visibility, rights note, and capture coordinates before OCR or transcription.",reviewer;reviewed_at;source_url;source_title_or_owner;review_decision;reviewer_notes;source_access_result;label_visibility;rights_note;capture_or_archive_coordinates,,,,,1,0,0,0
hybrid-ocr-v1,manual_review_315f00c5f7310a,gatorade_lemon_lime__current_2020s__81__3,gatorade_lemon_lime,Gatorade Lemon-Lime,current_2020s,smartlabel.pepsico.info,https://smartlabel.pepsico.info/052000208054-0012-en-US/index.html,needs_source_review,,needs_source_review,0,,0,0,0,0,0,source_page_capture_blocked_no_network,"Open the source URL, confirm product identity, date cues, label visibility, rights note, and capture coordinates before OCR or transcription.",reviewer;reviewed_at;source_url;source_title_or_owner;review_decision;reviewer_notes;source_access_result;label_visibility;rights_note;capture_or_archive_coordinates,,,,,1,0,0,0
hybrid-ocr-v1,manual_review_a6c278de43a144,heinz_tomato_ketchup__current_2020s__251__3,heinz_tomato_ketchup,Heinz Tomato Ketchup,current_2020s,www.heinz.com,https://www.heinz.com/products/00013000006408-tomato-ketchup,needs_source_review,,needs_source_review,0,,0,0,0,0,0,source_page_capture_blocked_no_network,"Open the source URL, confirm product identity, date cues, label visibility, rights note, and capture coordinates before OCR or transcription.",reviewer;reviewed_at;source_url;source_title_or_owner;review_decision;reviewer_notes;source_access_result;label_visibility;rights_note;capture_or_archive_coordinates,,,,,1,0,0,0
hybrid-ocr-v1,manual_review_0533cf8bbb70f8,heinz_tomato_ketchup__current_2020s__504__2,heinz_tomato_ketchup,Heinz Tomato Ketchup,current_2020s,www.walmart.com,https://www.walmart.com/ip/19362103123,needs_source_review,,needs_source_review,0,,0,0,0,0,0,source_page_capture_blocked_no_network,"Open the source URL, confirm product identity, date cues, label visibility, rights note, and capture coordinates before OCR or transcription.",reviewer;reviewed_at;source_url;source_title_or_owner;review_decision;reviewer_notes;source_access_result;label_visibility;rights_note;capture_or_archive_coordinates,,,,,1,0,0,0
hybrid-ocr-v1,manual_review_7fd7bf0c740ed8,heinz_tomato_ketchup__current_2020s__505__1,heinz_tomato_ketchup,Heinz Tomato Ketchup,current_2020s,www.walmart.com,https://www.walmart.com/ip/20971263,needs_source_review,,needs_source_review,0,,0,0,0,0,0,source_page_capture_blocked_no_network,"Open the source URL, confirm product identity, date cues, label visibility, rights note, and capture coordinates before OCR or transcription.",reviewer;reviewed_at;source_url;source_title_or_owner;review_decision;reviewer_notes;source_access_result;label_visibility;rights_note;capture_or_archive_coordinates,,,,,1,0,0,0
hybrid-ocr-v1,manual_review_89917be6751964,heinz_tomato_ketchup__current_2020s__847__4,heinz_tomato_ketchup,Heinz Tomato Ketchup,current_2020s,www.walmart.com,https://www.walmart.com/ip/22217916,needs_source_review,,needs_source_review,0,,0,0,0,0,0,source_page_capture_blocked_no_network,"Open the source URL, confirm product identity, date cues, label visibility, rights note, and capture coordinates before OCR or transcription.",reviewer;reviewed_at;source_url;source_title_or_owner;review_decision;reviewer_notes;source_access_result;label_visibility;rights_note;capture_or_archive_coordinates,,,,,1,0,0,0
hybrid-ocr-v1,manual_review_ae2a0c4fbd01e5,heinz_tomato_ketchup__current_2020s__848__7,heinz_tomato_ketchup,Heinz Tomato Ketchup,current_2020s,www.walmart.com,https://www.walmart.com/ip/149302230,needs_source_review,,needs_source_review,0,,0,0,0,0,0,source_page_capture_blocked_no_network,"Open the source URL, confirm product identity, date cues, label visibility, rights note, and capture coordinates before OCR or transcription.",reviewer;reviewed_at;source_url;source_title_or_owner;review_decision;reviewer_notes;source_access_result;label_visibility;rights_note;capture_or_archive_coordinates,,,,,1,0,0,0
hybrid-ocr-v1,manual_review_e6e7dc1baf7c13,hellmanns_mayonnaise_real__current_2020s__1023__5,hellmanns_mayonnaise_real,Hellmann's Real Mayonnaise,current_2020s,www.qualityfoods.com,https://www.qualityfoods.com/product/hellmanns-real-mayonnaise-id-00068400662105,needs_source_review,,needs_source_review,0,,0,0,0,0,0,source_page_capture_blocked_no_network,"Open the source URL, confirm product identity, date cues, label visibility, rights note, and capture coordinates before OCR or transcription.",reviewer;reviewed_at;source_url;source_title_or_owner;review_decision;reviewer_notes;source_access_result;label_visibility;rights_note;capture_or_archive_coordinates,,,,,1,0,0,0
hybrid-ocr-v1,manual_review_36ca4ea8f91bcd,hellmanns_mayonnaise_real__current_2020s__850__6,hellmanns_mayonnaise_real,Hellmann's Real Mayonnaise,current_2020s,smartlabel.unileverusa.com,https://smartlabel.unileverusa.com/048001213388-0001-en-US/index.html,needs_source_review,,needs_source_review,0,,0,0,0,0,0,source_page_capture_blocked_no_network,"Open the source URL, confirm product identity, date cues, label visibility, rights note, and capture coordinates before OCR or transcription.",reviewer;reviewed_at;source_url;source_title_or_owner;review_decision;reviewer_notes;source_access_result;label_visibility;rights_note;capture_or_archive_coordinates,,,,,1,0,0,0
hybrid-ocr-v1,manual_review_3ae3cd92455c35,hersheys_milk_chocolate_bar__current_2020s__25__1,hersheys_milk_chocolate_bar,Hershey's Milk Chocolate Bar,current_2020s,smartlabel.hersheys.com,https://smartlabel.hersheys.com/034000290055-0051-en-US/index.html,needs_source_review,,needs_source_review,0,,0,0,0,0,0,source_page_capture_blocked_no_network,"Open the source URL, confirm product identity, date cues, label visibility, rights note, and capture coordinates before OCR or transcription.",reviewer;reviewed_at;source_url;source_title_or_owner;review_decision;reviewer_notes;source_access_result;label_visibility;rights_note;capture_or_archive_coordinates,,,,,1,0,0,0
hybrid-ocr-v1,manual_review_7bf29434eeea27,hersheys_milk_chocolate_bar__current_2020s__496__2,hersheys_milk_chocolate_bar,Hershey's Milk Chocolate Bar,current_2020s,smartlabel.hersheys.com,https://smartlabel.hersheys.com/034000859474-0050-en-US/index.html,needs_source_review,,needs_source_review,0,,0,0,0,0,0,source_page_capture_blocked_no_network,"Open the source URL, confirm product identity, date cues, label visibility, rights note, and capture coordinates before OCR or transcription.",reviewer;reviewed_at;source_url;source_title_or_owner;review_decision;reviewer_notes;source_access_result;label_visibility;rights_note;capture_or_archive_coordinates,,,,,1,0,0,0
hybrid-ocr-v1,manual_review_0be3bf801f4519,hidden_valley_ranch_original__current_2020s__95__3,hidden_valley_ranch_original,Hidden Valley Original Ranch,current_2020s,www.hiddenvalley.com,https://www.hiddenvalley.com/products/bottled-dressings/original-ranch/original-ranch/,needs_source_review,,needs_source_review,0,,0,0,0,0,0,source_page_capture_blocked_no_network,"Open the source URL, confirm product identity, date cues, label visibility, rights note, and capture coordinates before OCR or transcription.",reviewer;reviewed_at;source_url;source_title_or_owner;review_decision;reviewer_notes;source_access_result;label_visibility;rights_note;capture_or_archive_coordinates,,,,,1,0,0,0
hybrid-ocr-v1,manual_review_e01c772cb59721,hidden_valley_ranch_original__earliest_verified_label__454__2,hidden_valley_ranch_original,Hidden Valley Original Ranch,earliest_verified_label,upcfoodsearch.com,https://upcfoodsearch.com/food-products/ranch-dressing/071100000214/,needs_source_review,,needs_source_review,0,,0,0,0,0,0,source_page_capture_blocked_no_network,"Open the source URL, confirm product identity, date cues, label visibility, rights note, and capture coordinates before OCR or transcription.",reviewer;reviewed_at;source_url;source_title_or_owner;review_decision;reviewer_notes;source_access_result;label_visibility;rights_note;capture_or_archive_coordinates,,,,,1,0,0,0
hybrid-ocr-v1,manual_review_1df34b98f7052a,honey_nut_cheerios__1990s__370__1,honey_nut_cheerios,Honey Nut Cheerios,1990s,www.flickr.com,https://www.flickr.com/photos/jasonliebigstuff/3214563110,needs_source_review,,needs_source_review,0,,0,0,0,0,0,source_page_capture_blocked_no_network,"Open the source URL, confirm product identity, date cues, label visibility, rights note, and capture coordinates before OCR or transcription.",reviewer;reviewed_at;source_url;source_title_or_owner;review_decision;reviewer_notes;source_access_result;label_visibility;rights_note;capture_or_archive_coordinates,,,,,1,0,0,0
hybrid-ocr-v1,manual_review_eadac69c0e208c,honey_nut_cheerios__current_2020s__31__1,honey_nut_cheerios,Honey Nut Cheerios,current_2020s,www.cheerios.com,https://www.cheerios.com/products/honey-nut-cheerios,needs_source_review,,needs_source_review,0,,0,0,0,0,0,source_page_capture_blocked_no_network,"Open the source URL, confirm product identity, date cues, label visibility, rights note, and capture coordinates before OCR or transcription.",reviewer;reviewed_at;source_url;source_title_or_owner;review_decision;reviewer_notes;source_access_result;label_visibility;rights_note;capture_or_archive_coordinates,,,,,1,0,0,0
hybrid-ocr-v1,manual_review_5a0692dd4b05b4,honey_nut_cheerios__earliest_verified_label__370__1,honey_nut_cheerios,Honey Nut Cheerios,earliest_verified_label,www.flickr.com,https://www.flickr.com/photos/jasonliebigstuff/3214563110,needs_source_review,,needs_source_review,0,,0,0,0,0,0,source_page_capture_blocked_no_network,"Open the source URL, confirm product identity, date cues, label visibility, rights note, and capture coordinates before OCR or transcription.",reviewer;reviewed_at;source_url;source_title_or_owner;review_decision;reviewer_notes;source_access_result;label_visibility;rights_note;capture_or_archive_coordinates,,,,,1,0,0,0
hybrid-ocr-v1,manual_review_df5ef4cc1e293b,hostess_cupcakes__current_2020s__284__1,hostess_cupcakes,Hostess CupCakes,current_2020s,www.walmart.com,https://www.walmart.com/ip/42679339,needs_source_review,,needs_source_review,0,,0,0,0,0,0,source_page_capture_blocked_no_network,"Open the source URL, confirm product identity, date cues, label visibility, rights note, and capture coordinates before OCR or transcription.",reviewer;reviewed_at;source_url;source_title_or_owner;review_decision;reviewer_notes;source_access_result;label_visibility;rights_note;capture_or_archive_coordinates,,,,,1,0,0,0
hybrid-ocr-v1,manual_review_473480a003d006,hostess_cupcakes__current_2020s__540__2,hostess_cupcakes,Hostess CupCakes,current_2020s,www.walmart.com,https://www.walmart.com/ip/27047495,needs_source_review,,needs_source_review,0,,0,0,0,0,0,source_page_capture_blocked_no_network,"Open the source URL, confirm product identity, date cues, label visibility, rights note, and capture coordinates before OCR or transcription.",reviewer;reviewed_at;source_url;source_title_or_owner;review_decision;reviewer_notes;source_access_result;label_visibility;rights_note;capture_or_archive_coordinates,,,,,1,0,0,0
hybrid-ocr-v1,manual_review_c1455929f4b926,hostess_cupcakes__current_2020s__74__4,hostess_cupcakes,Hostess CupCakes,current_2020s,www.walmart.com,https://www.walmart.com/ip/35772686,needs_source_review,,needs_source_review,0,,0,0,0,0,0,source_page_capture_blocked_no_network,"Open the source URL, confirm product identity, date cues, label visibility, rights note, and capture coordinates before OCR or transcription.",reviewer;reviewed_at;source_url;source_title_or_owner;review_decision;reviewer_notes;source_access_result;label_visibility;rights_note;capture_or_archive_coordinates,,,,,1,0,0,0
hybrid-ocr-v1,manual_review_59d5df6ff6ce6e,twinkies__2010s__15__1,twinkies,Hostess Twinkies,2010s,upcfoodsearch.com,https://upcfoodsearch.com/food-products/other-pastries/045000001008/,needs_source_review,,needs_source_review,0,,0,0,0,0,0,source_page_capture_blocked_no_network,"Open the source URL, confirm product identity, date cues, label visibility, rights note, and capture coordinates before OCR or transcription.",reviewer;reviewed_at;source_url;source_title_or_owner;review_decision;reviewer_notes;source_access_result;label_visibility;rights_note;capture_or_archive_coordinates,,,,,1,0,0,0
hybrid-ocr-v1,manual_review_2c330efa967460,twinkies__current_2020s__16__2,twinkies,Hostess Twinkies,current_2020s,www.kroger.com,https://www.kroger.com/p/hostess-twinkies-single-serve-chocolate-cakes/0088810901090,needs_source_review,,needs_source_review,0,,0,0,0,0,0,source_page_capture_blocked_no_network,"Open the source URL, confirm product identity, date cues, label visibility, rights note, and capture coordinates before OCR or transcription.",reviewer;reviewed_at;source_url;source_title_or_owner;review_decision;reviewer_notes;source_access_result;label_visibility;rights_note;capture_or_archive_coordinates,,,,,1,0,0,0
hybrid-ocr-v1,manual_review_7d236829ed635f,twinkies__current_2020s__299__1,twinkies,Hostess Twinkies,current_2020s,www.walmart.com,https://www.walmart.com/ip/36462419,needs_source_review,,needs_source_review,0,,0,0,0,0,0,source_page_capture_blocked_no_network,"Open the source URL, confirm product identity, date cues, label visibility, rights note, and capture coordinates before OCR or transcription.",reviewer;reviewed_at;source_url;source_title_or_owner;review_decision;reviewer_notes;source_access_result;label_visibility;rights_note;capture_or_archive_coordinates,,,,,1,0,0,0
hybrid-ocr-v1,manual_review_515556640b3afe,hot_pockets_pepperoni_pizza__2010s__84__1,hot_pockets_pepperoni_pizza,Hot Pockets Pepperoni Pizza,2010s,www.walmart.com,https://www.walmart.com/ip/49866144,needs_source_review,,needs_source_review,0,,0,0,0,0,0,source_page_capture_blocked_no_network,"Open the source URL, confirm product identity, date cues, label visibility, rights note, and capture coordinates before OCR or transcription.",reviewer;reviewed_at;source_url;source_title_or_owner;review_decision;reviewer_notes;source_access_result;label_visibility;rights_note;capture_or_archive_coordinates,,,,,1,0,0,0
hybrid-ocr-v1,manual_review_aaef89499b794d,hot_pockets_pepperoni_pizza__current_2020s__83__2,hot_pockets_pepperoni_pizza,Hot Pockets Pepperoni Pizza,current_2020s,www.walmart.com,https://www.walmart.com/ip/14122459,needs_source_review,,needs_source_review,0,,0,0,0,0,0,source_page_capture_blocked_no_network,"Open the source URL, confirm product identity, date cues, label visibility, rights note, and capture coordinates before OCR or transcription.",reviewer;reviewed_at;source_url;source_title_or_owner;review_decision;reviewer_notes;source_access_result;label_visibility;rights_note;capture_or_archive_coordinates,,,,,1,0,0,0
hybrid-ocr-v1,manual_review_4e53757401b9ed,jello_strawberry_gelatin__current_2020s__283__1,jello_strawberry_gelatin,Jell-O Strawberry Gelatin,current_2020s,www.walmart.com,https://www.walmart.com/ip/13812780,needs_source_review,,needs_source_review,0,,0,0,0,0,0,source_page_capture_blocked_no_network,"Open the source URL, confirm product identity, date cues, label visibility, rights note, and capture coordinates before OCR or transcription.",reviewer;reviewed_at;source_url;source_title_or_owner;review_decision;reviewer_notes;source_access_result;label_visibility;rights_note;capture_or_archive_coordinates,,,,,1,0,0,0
hybrid-ocr-v1,manual_review_bcf85e3e1500db,jello_strawberry_gelatin__current_2020s__53__3,jello_strawberry_gelatin,Jell-O Strawberry Gelatin,current_2020s,www.kroger.com,https://www.kroger.com/p/jello-strawberry-gelatin-dessert-mix-family-size-box/0004300020051,needs_source_review,,needs_source_review,0,,0,0,0,0,0,source_page_capture_blocked_no_network,"Open the source URL, confirm product identity, date cues, label visibility, rights note, and capture coordinates before OCR or transcription.",reviewer;reviewed_at;source_url;source_title_or_owner;review_decision;reviewer_notes;source_access_result;label_visibility;rights_note;capture_or_archive_coordinates,,,,,1,0,0,0
hybrid-ocr-v1,manual_review_7e1a484095de9f,jello_strawberry_gelatin__current_2020s__560__2,jello_strawberry_gelatin,Jell-O Strawberry Gelatin,current_2020s,www.walmart.com,https://www.walmart.com/ip/13812769,needs_source_review,,needs_source_review,0,,0,0,0,0,0,source_page_capture_blocked_no_network,"Open the source URL, confirm product identity, date cues, label visibility, rights note, and capture coordinates before OCR or transcription.",reviewer;reviewed_at;source_url;source_title_or_owner;review_decision;reviewer_notes;source_access_result;label_visibility;rights_note;capture_or_archive_coordinates,,,,,1,0,0,0
hybrid-ocr-v1,manual_review_9b16237bb89a3c,jello_strawberry_gelatin__earliest_verified_label__185__1,jello_strawberry_gelatin,Jell-O Strawberry Gelatin,earliest_verified_label,www.flickr.com,https://www.flickr.com/photos/jasonliebigstuff/2629782517,needs_source_review,,needs_source_review,0,,0,0,0,0,0,source_page_capture_blocked_no_network,"Open the source URL, confirm product identity, date cues, label visibility, rights note, and capture coordinates before OCR or transcription.",reviewer;reviewed_at;source_url;source_title_or_owner;review_decision;reviewer_notes;source_access_result;label_visibility;rights_note;capture_or_archive_coordinates,,,,,1,0,0,0
hybrid-ocr-v1,manual_review_6f5171d868e242,jello_strawberry_gelatin__earliest_verified_label__562__2,jello_strawberry_gelatin,Jell-O Strawberry Gelatin,earliest_verified_label,www.etsy.com,https://www.etsy.com/listing/1780879043/vintage-jell-o-strawberry-gelatin,needs_source_review,,needs_source_review,0,,0,0,0,0,0,source_page_capture_blocked_no_network,"Open the source URL, confirm product identity, date cues, label visibility, rights note, and capture coordinates before OCR or transcription.",reviewer;reviewed_at;source_url;source_title_or_owner;review_decision;reviewer_notes;source_access_result;label_visibility;rights_note;capture_or_archive_coordinates,,,,,1,0,0,0
hybrid-ocr-v1,manual_review_39bfab3c098b65,jif_creamy_peanut_butter__current_2020s__285__2,jif_creamy_peanut_butter,Jif Creamy Peanut Butter,current_2020s,www.walmart.com,https://www.walmart.com/ip/17901350703,needs_source_review,,needs_source_review,0,,0,0,0,0,0,source_page_capture_blocked_no_network,"Open the source URL, confirm product identity, date cues, label visibility, rights note, and capture coordinates before OCR or transcription.",reviewer;reviewed_at;source_url;source_title_or_owner;review_decision;reviewer_notes;source_access_result;label_visibility;rights_note;capture_or_archive_coordinates,,,,,1,0,0,0
hybrid-ocr-v1,manual_review_99feed31585c37,jif_creamy_peanut_butter__current_2020s__518__1,jif_creamy_peanut_butter,Jif Creamy Peanut Butter,current_2020s,www.kroger.com,https://www.kroger.com/p/jif-creamy-peanut-butter/0005150024177,needs_source_review,,needs_source_review,0,,0,0,0,0,0,source_page_capture_blocked_no_network,"Open the source URL, confirm product identity, date cues, label visibility, rights note, and capture coordinates before OCR or transcription.",reviewer;reviewed_at;source_url;source_title_or_owner;review_decision;reviewer_notes;source_access_result;label_visibility;rights_note;capture_or_archive_coordinates,,,,,1,0,0,0
hybrid-ocr-v1,manual_review_07a2a52af4bcf8,jif_creamy_peanut_butter__current_2020s__60__3,jif_creamy_peanut_butter,Jif Creamy Peanut Butter,current_2020s,www.jif.com,https://www.jif.com/products/creamy/creamy-peanut-butter,needs_source_review,,needs_source_review,0,,0,0,0,0,0,source_page_capture_blocked_no_network,"Open the source URL, confirm product identity, date cues, label visibility, rights note, and capture coordinates before OCR or transcription.",reviewer;reviewed_at;source_url;source_title_or_owner;review_decision;reviewer_notes;source_access_result;label_visibility;rights_note;capture_or_archive_coordinates,,,,,1,0,0,0
hybrid-ocr-v1,manual_review_ce13ae093ee19e,corn_flakes__current_2020s__255__1,corn_flakes,Kellogg's Corn Flakes,current_2020s,www.wkkellogg.com,https://www.wkkellogg.com/products/kellogg-s-corn-flakes-cereal-product,needs_source_review,,needs_source_review,0,,0,0,0,0,0,source_page_capture_blocked_no_network,"Open the source URL, confirm product identity, date cues, label visibility, rights note, and capture coordinates before OCR or transcription.",reviewer;reviewed_at;source_url;source_title_or_owner;review_decision;reviewer_notes;source_access_result;label_visibility;rights_note;capture_or_archive_coordinates,,,,,1,0,0,0
hybrid-ocr-v1,manual_review_9a8bfab9ce0348,corn_flakes__current_2020s__39__3,corn_flakes,Kellogg's Corn Flakes,current_2020s,smartlabel.kelloggs.com,https://smartlabel.kelloggs.com/Product/Index/038000001305,needs_source_review,,needs_source_review,0,,0,0,0,0,0,source_page_capture_blocked_no_network,"Open the source URL, confirm product identity, date cues, label visibility, rights note, and capture coordinates before OCR or transcription.",reviewer;reviewed_at;source_url;source_title_or_owner;review_decision;reviewer_notes;source_access_result;label_visibility;rights_note;capture_or_archive_coordinates,,,,,1,0,0,0
hybrid-ocr-v1,manual_review_9c6ebc24cc7bfd,corn_flakes__current_2020s__514__2,corn_flakes,Kellogg's Corn Flakes,current_2020s,www.walmart.com,https://www.walmart.com/ip/10818608,needs_source_review,,needs_source_review,0,,0,0,0,0,0,source_page_capture_blocked_no_network,"Open the source URL, confirm product identity, date cues, label visibility, rights note, and capture coordinates before OCR or transcription.",reviewer;reviewed_at;source_url;source_title_or_owner;review_decision;reviewer_notes;source_access_result;label_visibility;rights_note;capture_or_archive_coordinates,,,,,1,0,0,0
hybrid-ocr-v1,manual_review_094a75190295ba,froot_loops__1980s_or_earlier__435__2,froot_loops,Kellogg's Froot Loops,1980s_or_earlier,www.flickr.com,https://www.flickr.com/photos/bolio88/7323343912/,needs_source_review,,needs_source_review,0,,0,0,0,0,0,source_page_capture_blocked_no_network,"Open the source URL, confirm product identity, date cues, label visibility, rights note, and capture coordinates before OCR or transcription.",reviewer;reviewed_at;source_url;source_title_or_owner;review_decision;reviewer_notes;source_access_result;label_visibility;rights_note;capture_or_archive_coordinates,,,,,1,0,0,0
hybrid-ocr-v1,manual_review_fe4bd5989c3f6e,froot_loops__1990s__330__1,froot_loops,Kellogg's Froot Loops,1990s,www.flickr.com,https://www.flickr.com/photos/25692985%40N07/3502316339,needs_source_review,,needs_source_review,0,,0,0,0,0,0,source_page_capture_blocked_no_network,"Open the source URL, confirm product identity, date cues, label visibility, rights note, and capture coordinates before OCR or transcription.",reviewer;reviewed_at;source_url;source_title_or_owner;review_decision;reviewer_notes;source_access_result;label_visibility;rights_note;capture_or_archive_coordinates,,,,,1,0,0,0
hybrid-ocr-v1,manual_review_9588d4dcef2644,froot_loops__current_2020s__256__1,froot_loops,Kellogg's Froot Loops,current_2020s,www.wkkellogg.com,https://www.wkkellogg.com/products/froot-loops-cereal,needs_source_review,,needs_source_review,0,,0,0,0,0,0,source_page_capture_blocked_no_network,"Open the source URL, confirm product identity, date cues, label visibility, rights note, and capture coordinates before OCR or transcription.",reviewer;reviewed_at;source_url;source_title_or_owner;review_decision;reviewer_notes;source_access_result;label_visibility;rights_note;capture_or_archive_coordinates,,,,,1,0,0,0
hybrid-ocr-v1,manual_review_4fcb1cd2ee28bb,froot_loops__current_2020s__40__2,froot_loops,Kellogg's Froot Loops,current_2020s,smartlabel.kelloggs.com,https://smartlabel.kelloggs.com/Product/Index/038000198645,needs_source_review,,needs_source_review,0,,0,0,0,0,0,source_page_capture_blocked_no_network,"Open the source URL, confirm product identity, date cues, label visibility, rights note, and capture coordinates before OCR or transcription.",reviewer;reviewed_at;source_url;source_title_or_owner;review_decision;reviewer_notes;source_access_result;label_visibility;rights_note;capture_or_archive_coordinates,,,,,1,0,0,0
hybrid-ocr-v1,manual_review_e56314377332f2,froot_loops__earliest_verified_label__330__1,froot_loops,Kellogg's Froot Loops,earliest_verified_label,www.flickr.com,https://www.flickr.com/photos/25692985%40N07/3502316339,needs_source_review,,needs_source_review,0,,0,0,0,0,0,source_page_capture_blocked_no_network,"Open the source URL, confirm product identity, date cues, label visibility, rights note, and capture coordinates before OCR or transcription.",reviewer;reviewed_at;source_url;source_title_or_owner;review_decision;reviewer_notes;source_access_result;label_visibility;rights_note;capture_or_archive_coordinates,,,,,1,0,0,0
hybrid-ocr-v1,manual_review_40d5aaeaa4f730,froot_loops__earliest_verified_label__435__4,froot_loops,Kellogg's Froot Loops,earliest_verified_label,www.flickr.com,https://www.flickr.com/photos/bolio88/7323343912/,needs_source_review,,needs_source_review,0,,0,0,0,0,0,source_page_capture_blocked_no_network,"Open the source URL, confirm product identity, date cues, label visibility, rights note, and capture coordinates before OCR or transcription.",reviewer;reviewed_at;source_url;source_title_or_owner;review_decision;reviewer_notes;source_access_result;label_visibility;rights_note;capture_or_archive_coordinates,,,,,1,0,0,0
hybrid-ocr-v1,manual_review_8aacfd4692225d,frosted_flakes__1980s_or_earlier__478__1,frosted_flakes,Kellogg's Frosted Flakes,1980s_or_earlier,www.flickr.com,https://www.flickr.com/photos/25692985%40N07/3598792821,needs_source_review,,needs_source_review,0,,0,0,0,0,0,source_page_capture_blocked_no_network,"Open the source URL, confirm product identity, date cues, label visibility, rights note, and capture coordinates before OCR or transcription.",reviewer;reviewed_at;source_url;source_title_or_owner;review_decision;reviewer_notes;source_access_result;label_visibility;rights_note;capture_or_archive_coordinates,,,,,1,0,0,0
hybrid-ocr-v1,manual_review_813a98839f541f,frosted_flakes__1990s__405__1,frosted_flakes,Kellogg's Frosted Flakes,1990s,www.flickr.com,https://www.flickr.com/photos/25692985%40N07/3544406888,needs_source_review,,needs_source_review,0,,0,0,0,0,0,source_page_capture_blocked_no_network,"Open the source URL, confirm product identity, date cues, label visibility, rights note, and capture coordinates before OCR or transcription.",reviewer;reviewed_at;source_url;source_title_or_owner;review_decision;reviewer_notes;source_access_result;label_visibility;rights_note;capture_or_archive_coordinates,,,,,1,0,0,0
hybrid-ocr-v1,manual_review_3e02cbcab9daf0,frosted_flakes__current_2020s__257__1,frosted_flakes,Kellogg's Frosted Flakes,current_2020s,www.wkkellogg.com,https://www.wkkellogg.com/products/kellogg-s-frosted-flakes-cereal-product,needs_source_review,,needs_source_review,0,,0,0,0,0,0,source_page_capture_blocked_no_network,"Open the source URL, confirm product identity, date cues, label visibility, rights note, and capture coordinates before OCR or transcription.",reviewer;reviewed_at;source_url;source_title_or_owner;review_decision;reviewer_notes;source_access_result;label_visibility;rights_note;capture_or_archive_coordinates,,,,,1,0,0,0
hybrid-ocr-v1,manual_review_cbd1aea9f570c5,frosted_flakes__current_2020s__41__2,frosted_flakes,Kellogg's Frosted Flakes,current_2020s,smartlabel.kelloggs.com,https://smartlabel.kelloggs.com/Product/Index/038000001299,needs_source_review,,needs_source_review,0,,0,0,0,0,0,source_page_capture_blocked_no_network,"Open the source URL, confirm product identity, date cues, label visibility, rights note, and capture coordinates before OCR or transcription.",reviewer;reviewed_at;source_url;source_title_or_owner;review_decision;reviewer_notes;source_access_result;label_visibility;rights_note;capture_or_archive_coordinates,,,,,1,0,0,0
hybrid-ocr-v1,manual_review_93aa9588a84058,frosted_flakes__earliest_verified_label__405__1,frosted_flakes,Kellogg's Frosted Flakes,earliest_verified_label,www.flickr.com,https://www.flickr.com/photos/25692985%40N07/3544406888,needs_source_review,,needs_source_review,0,,0,0,0,0,0,source_page_capture_blocked_no_network,"Open the source URL, confirm product identity, date cues, label visibility, rights note, and capture coordinates before OCR or transcription.",reviewer;reviewed_at;source_url;source_title_or_owner;review_decision;reviewer_notes;source_access_result;label_visibility;rights_note;capture_or_archive_coordinates,,,,,1,0,0,0
hybrid-ocr-v1,manual_review_379e35da3de7d4,frosted_flakes__earliest_verified_label__478__2,frosted_flakes,Kellogg's Frosted Flakes,earliest_verified_label,www.flickr.com,https://www.flickr.com/photos/25692985%40N07/3598792821,needs_source_review,,needs_source_review,0,,0,0,0,0,0,source_page_capture_blocked_no_network,"Open the source URL, confirm product identity, date cues, label visibility, rights note, and capture coordinates before OCR or transcription.",reviewer;reviewed_at;source_url;source_title_or_owner;review_decision;reviewer_notes;source_access_result;label_visibility;rights_note;capture_or_archive_coordinates,,,,,1,0,0,0
hybrid-ocr-v1,manual_review_b3f8a591c760fb,rice_krispies__current_2020s__513__2,rice_krispies,Kellogg's Rice Krispies,current_2020s,www.walmart.com,https://www.walmart.com/ip/171865464,needs_source_review,,needs_source_review,0,,0,0,0,0,0,source_page_capture_blocked_no_network,"Open the source URL, confirm product identity, date cues, label visibility, rights note, and capture coordinates before OCR or transcription.",reviewer;reviewed_at;source_url;source_title_or_owner;review_decision;reviewer_notes;source_access_result;label_visibility;rights_note;capture_or_archive_coordinates,,,,,1,0,0,0
hybrid-ocr-v1,manual_review_ef6fef2dc9e980,rice_krispies__current_2020s__54__1,rice_krispies,Kellogg's Rice Krispies,current_2020s,www.wkkellogg.com,https://www.wkkellogg.com/products/kelloggs-rice-krispies-cereal-product,needs_source_review,,needs_source_review,0,,0,0,0,0,0,source_page_capture_blocked_no_network,"Open the source URL, confirm product identity, date cues, label visibility, rights note, and capture coordinates before OCR or transcription.",reviewer;reviewed_at;source_url;source_title_or_owner;review_decision;reviewer_notes;source_access_result;label_visibility;rights_note;capture_or_archive_coordinates,,,,,1,0,0,0
hybrid-ocr-v1,manual_review_92539ae3dcc65d,rice_krispies__current_2020s__55__3,rice_krispies,Kellogg's Rice Krispies,current_2020s,smartlabel.wkkellogg.com,https://smartlabel.wkkellogg.com/Product/Index?gtin=00038000005657,needs_source_review,,needs_source_review,0,,0,0,0,0,0,source_page_capture_blocked_no_network,"Open the source URL, confirm product identity, date cues, label visibility, rights note, and capture coordinates before OCR or transcription.",reviewer;reviewed_at;source_url;source_title_or_owner;review_decision;reviewer_notes;source_access_result;label_visibility;rights_note;capture_or_archive_coordinates,,,,,1,0,0,0
hybrid-ocr-v1,manual_review_dc9a6d56bc960e,kit_kat_bar__current_2020s__61__1,kit_kat_bar,Kit Kat Bar,current_2020s,smartlabel.hersheys.com,https://smartlabel.hersheys.com/034000002467-0011-en-US/index.html,needs_source_review,,needs_source_review,0,,0,0,0,0,0,source_page_capture_blocked_no_network,"Open the source URL, confirm product identity, date cues, label visibility, rights note, and capture coordinates before OCR or transcription.",reviewer;reviewed_at;source_url;source_title_or_owner;review_decision;reviewer_notes;source_access_result;label_visibility;rights_note;capture_or_archive_coordinates,,,,,1,0,0,0
hybrid-ocr-v1,manual_review_d60dd2901f97d2,kit_kat_bar__current_2020s__903__2,kit_kat_bar,Kit Kat Bar,current_2020s,www.hersheyland.com,https://www.hersheyland.com/products/kit-kat-milk-chocolate-candy-bar-1-5-oz.html,needs_source_review,,needs_source_review,0,,0,0,0,0,0,source_page_capture_blocked_no_network,"Open the source URL, confirm product identity, date cues, label visibility, rights note, and capture coordinates before OCR or transcription.",reviewer;reviewed_at;source_url;source_title_or_owner;review_decision;reviewer_notes;source_access_result;label_visibility;rights_note;capture_or_archive_coordinates,,,,,1,0,0,0
hybrid-ocr-v1,manual_review_dc0d914bf6b126,kraft_macaroni_and_cheese_original__current_2020s__252__3,kraft_macaroni_and_cheese_original,Kraft Macaroni & Cheese Original,current_2020s,www.kroger.com,https://www.kroger.com/p/kraft-original-mac-n-cheese-macaroni-and-cheese-dinner/0002100065883,needs_source_review,,needs_source_review,0,,0,0,0,0,0,source_page_capture_blocked_no_network,"Open the source URL, confirm product identity, date cues, label visibility, rights note, and capture coordinates before OCR or transcription.",reviewer;reviewed_at;source_url;source_title_or_owner;review_decision;reviewer_notes;source_access_result;label_visibility;rights_note;capture_or_archive_coordinates,,,,,1,0,0,0
hybrid-ocr-v1,manual_review_c06145c217c7e0,kraft_macaroni_and_cheese_original__current_2020s__411__5,kraft_macaroni_and_cheese_original,Kraft Macaroni & Cheese Original,current_2020s,www.super99.com,https://www.super99.com/20113956-kraft-macaroni-and-cheese-original-156g,needs_source_review,,needs_source_review,0,,0,0,0,0,0,source_page_capture_blocked_no_network,"Open the source URL, confirm product identity, date cues, label visibility, rights note, and capture coordinates before OCR or transcription.",reviewer;reviewed_at;source_url;source_title_or_owner;review_decision;reviewer_notes;source_access_result;label_visibility;rights_note;capture_or_archive_coordinates,,,,,1,0,0,0
hybrid-ocr-v1,manual_review_2cbf83e495843d,kraft_macaroni_and_cheese_original__current_2020s__464__1,kraft_macaroni_and_cheese_original,Kraft Macaroni & Cheese Original,current_2020s,www.walmart.com,https://www.walmart.com/ip/1178903502,needs_source_review,,needs_source_review,0,,0,0,0,0,0,source_page_capture_blocked_no_network,"Open the source URL, confirm product identity, date cues, label visibility, rights note, and capture coordinates before OCR or transcription.",reviewer;reviewed_at;source_url;source_title_or_owner;review_decision;reviewer_notes;source_access_result;label_visibility;rights_note;capture_or_archive_coordinates,,,,,1,0,0,0
hybrid-ocr-v1,manual_review_3ae4707bb074c8,kraft_macaroni_and_cheese_original__current_2020s__465__2,kraft_macaroni_and_cheese_original,Kraft Macaroni & Cheese Original,current_2020s,giantfood.com,https://giantfood.com/groceries/rice-pasta-beans/packaged-meals-sides/macaroni-cheese/macaroni-cheese-boxed/kraft-original-flavor-mac-cheese-dinner-725-oz-box.html,needs_source_review,,needs_source_review,0,,0,0,0,0,0,source_page_capture_blocked_no_network,"Open the source URL, confirm product identity, date cues, label visibility, rights note, and capture coordinates before OCR or transcription.",reviewer;reviewed_at;source_url;source_title_or_owner;review_decision;reviewer_notes;source_access_result;label_visibility;rights_note;capture_or_archive_coordinates,,,,,1,0,0,0
hybrid-ocr-v1,manual_review_dbb95cc7a1b6f0,kraft_macaroni_and_cheese_original__current_2020s__6__4,kraft_macaroni_and_cheese_original,Kraft Macaroni & Cheese Original,current_2020s,www.walmart.com,https://www.walmart.com/ip/10295759,needs_source_review,,needs_source_review,0,,0,0,0,0,0,source_page_capture_blocked_no_network,"Open the source URL, confirm product identity, date cues, label visibility, rights note, and capture coordinates before OCR or transcription.",reviewer;reviewed_at;source_url;source_title_or_owner;review_decision;reviewer_notes;source_access_result;label_visibility;rights_note;capture_or_archive_coordinates,,,,,1,0,0,0
hybrid-ocr-v1,manual_review_73d6502cc92681,kraft_singles_american__current_2020s__1042__10,kraft_singles_american,Kraft Singles American Cheese,current_2020s,www.ewg.org,https://www.ewg.org/foodscores/products/0021000024834-KraftSinglesSingles2MilkAmericanCheeseSlices/,needs_source_review,,needs_source_review,0,,0,0,0,0,0,source_page_capture_blocked_no_network,"Open the source URL, confirm product identity, date cues, label visibility, rights note, and capture coordinates before OCR or transcription.",reviewer;reviewed_at;source_url;source_title_or_owner;review_decision;reviewer_notes;source_access_result;label_visibility;rights_note;capture_or_archive_coordinates,,,,,1,0,0,0
hybrid-ocr-v1,manual_review_7ce93c82c17af9,kraft_singles_american__current_2020s__286__6,kraft_singles_american,Kraft Singles American Cheese,current_2020s,www.walmart.com,https://www.walmart.com/ip/11964619,needs_source_review,,needs_source_review,0,,0,0,0,0,0,source_page_capture_blocked_no_network,"Open the source URL, confirm product identity, date cues, label visibility, rights note, and capture coordinates before OCR or transcription.",reviewer;reviewed_at;source_url;source_title_or_owner;review_decision;reviewer_notes;source_access_result;label_visibility;rights_note;capture_or_archive_coordinates,,,,,1,0,0,0
hybrid-ocr-v1,manual_review_dacf963c11d7a6,kraft_singles_american__current_2020s__753__8,kraft_singles_american,Kraft Singles American Cheese,current_2020s,www.kraftheinz.com,https://www.kraftheinz.com/kraft-singles/products/00021000604739-singles-american-pasteurized-prepared-cheese-product-slices,needs_source_review,,needs_source_review,0,,0,0,0,0,0,source_page_capture_blocked_no_network,"Open the source URL, confirm product identity, date cues, label visibility, rights note, and capture coordinates before OCR or transcription.",reviewer;reviewed_at;source_url;source_title_or_owner;review_decision;reviewer_notes;source_access_result;label_visibility;rights_note;capture_or_archive_coordinates,,,,,1,0,0,0
hybrid-ocr-v1,manual_review_42fc204fcf81cc,kraft_singles_american__current_2020s__78__4,kraft_singles_american,Kraft Singles American Cheese,current_2020s,www.kraftheinz.com,https://www.kraftheinz.com/kraft-singles/products/00021000604739-singles-american-pasteurized-prepared-cheese-product-slices/,needs_source_review,,needs_source_review,0,,0,0,0,0,0,source_page_capture_blocked_no_network,"Open the source URL, confirm product identity, date cues, label visibility, rights note, and capture coordinates before OCR or transcription.",reviewer;reviewed_at;source_url;source_title_or_owner;review_decision;reviewer_notes;source_access_result;label_visibility;rights_note;capture_or_archive_coordinates,,,,,1,0,0,0
hybrid-ocr-v1,manual_review_2d2f931d4662e6,kraft_singles_american__current_2020s__868__5,kraft_singles_american,Kraft Singles American Cheese,current_2020s,www.kraftheinz.com,https://www.kraftheinz.com/kraft-singles/products/00021000615262-kraft-singles-american-cheese-slices,needs_source_review,,needs_source_review,0,,0,0,0,0,0,source_page_capture_blocked_no_network,"Open the source URL, confirm product identity, date cues, label visibility, rights note, and capture coordinates before OCR or transcription.",reviewer;reviewed_at;source_url;source_title_or_owner;review_decision;reviewer_notes;source_access_result;label_visibility;rights_note;capture_or_archive_coordinates,,,,,1,0,0,0
hybrid-ocr-v1,manual_review_77559d70772437,kraft_singles_american__current_2020s__961__9,kraft_singles_american,Kraft Singles American Cheese,current_2020s,www.kraftheinz.com,https://www.kraftheinz.com/kraft-singles/products/00021000604913-american-slices,needs_source_review,,needs_source_review,0,,0,0,0,0,0,source_page_capture_blocked_no_network,"Open the source URL, confirm product identity, date cues, label visibility, rights note, and capture coordinates before OCR or transcription.",reviewer;reviewed_at;source_url;source_title_or_owner;review_decision;reviewer_notes;source_access_result;label_visibility;rights_note;capture_or_archive_coordinates,,,,,1,0,0,0
hybrid-ocr-v1,manual_review_f43ccaac19fadf,lays_classic__2010s__27__1,lays_classic,Lay's Classic Potato Chips,2010s,lays.backend.headless.majestic.dev,https://lays.backend.headless.majestic.dev/products/lays-classic-potato-chips,needs_source_review,,needs_source_review,0,,0,0,0,0,0,source_page_capture_blocked_no_network,"Open the source URL, confirm product identity, date cues, label visibility, rights note, and capture coordinates before OCR or transcription.",reviewer;reviewed_at;source_url;source_title_or_owner;review_decision;reviewer_notes;source_access_result;label_visibility;rights_note;capture_or_archive_coordinates,,,,,1,0,0,0
hybrid-ocr-v1,manual_review_606db2d0e74798,lays_classic__current_2020s__26__3,lays_classic,Lay's Classic Potato Chips,current_2020s,smartlabel.pepsico.info,https://smartlabel.pepsico.info/028400017145-0003-en-US/index.html,needs_source_review,,needs_source_review,0,,0,0,0,0,0,source_page_capture_blocked_no_network,"Open the source URL, confirm product identity, date cues, label visibility, rights note, and capture coordinates before OCR or transcription.",reviewer;reviewed_at;source_url;source_title_or_owner;review_decision;reviewer_notes;source_access_result;label_visibility;rights_note;capture_or_archive_coordinates,,,,,1,0,0,0
hybrid-ocr-v1,manual_review_48eb18a41666b5,lays_classic__current_2020s__28__2,lays_classic,Lay's Classic Potato Chips,current_2020s,smartlabel.pepsico.info,https://smartlabel.pepsico.info/028400017145-0003-en-US/index.html,needs_source_review,,needs_source_review,0,,0,0,0,0,0,source_page_capture_blocked_no_network,"Open the source URL, confirm product identity, date cues, label visibility, rights note, and capture coordinates before OCR or transcription.",reviewer;reviewed_at;source_url;source_title_or_owner;review_decision;reviewer_notes;source_access_result;label_visibility;rights_note;capture_or_archive_coordinates,,,,,1,0,0,0
hybrid-ocr-v1,manual_review_053e15a38c40bc,lays_classic__current_2020s__311__1,lays_classic,Lay's Classic Potato Chips,current_2020s,www.walmart.com,https://www.walmart.com/ip/33282303,needs_source_review,,needs_source_review,0,,0,0,0,0,0,source_page_capture_blocked_no_network,"Open the source URL, confirm product identity, date cues, label visibility, rights note, and capture coordinates before OCR or transcription.",reviewer;reviewed_at;source_url;source_title_or_owner;review_decision;reviewer_notes;source_access_result;label_visibility;rights_note;capture_or_archive_coordinates,,,,,1,0,0,0
hybrid-ocr-v1,manual_review_e1c82564c3f4c3,lays_classic__current_2020s__492__5,lays_classic,Lay's Classic Potato Chips,current_2020s,smartlabel.pepsico.info,https://smartlabel.pepsico.info/028400199148-0033-en-US/index.html,needs_source_review,,needs_source_review,0,,0,0,0,0,0,source_page_capture_blocked_no_network,"Open the source URL, confirm product identity, date cues, label visibility, rights note, and capture coordinates before OCR or transcription.",reviewer;reviewed_at;source_url;source_title_or_owner;review_decision;reviewer_notes;source_access_result;label_visibility;rights_note;capture_or_archive_coordinates,,,,,1,0,0,0
hybrid-ocr-v1,manual_review_74fc3ab5de8113,lays_classic__current_2020s__493__4,lays_classic,Lay's Classic Potato Chips,current_2020s,smartlabel.pepsico.info,https://smartlabel.pepsico.info/028400090858-0020-en-US/index.html,needs_source_review,,needs_source_review,0,,0,0,0,0,0,source_page_capture_blocked_no_network,"Open the source URL, confirm product identity, date cues, label visibility, rights note, and capture coordinates before OCR or transcription.",reviewer;reviewed_at;source_url;source_title_or_owner;review_decision;reviewer_notes;source_access_result;label_visibility;rights_note;capture_or_archive_coordinates,,,,,1,0,0,0
hybrid-ocr-v1,manual_review_347d80009e3c54,lucky_charms__1980s_or_earlier__276__2,lucky_charms,Lucky Charms,1980s_or_earlier,www.flickr.com,https://www.flickr.com/photos/neatocoolville/423218445,needs_source_review,,needs_source_review,0,,0,0,0,0,0,source_page_capture_blocked_no_network,"Open the source URL, confirm product identity, date cues, label visibility, rights note, and capture coordinates before OCR or transcription.",reviewer;reviewed_at;source_url;source_title_or_owner;review_decision;reviewer_notes;source_access_result;label_visibility;rights_note;capture_or_archive_coordinates,,,,,1,0,0,0
hybrid-ocr-v1,manual_review_6ece9a33668da1,lucky_charms__current_2020s__42__1,lucky_charms,Lucky Charms,current_2020s,www.luckycharms.com,https://www.luckycharms.com/products/lucky-charms-original-cereal,needs_source_review,,needs_source_review,0,,0,0,0,0,0,source_page_capture_blocked_no_network,"Open the source URL, confirm product identity, date cues, label visibility, rights note, and capture coordinates before OCR or transcription.",reviewer;reviewed_at;source_url;source_title_or_owner;review_decision;reviewer_notes;source_access_result;label_visibility;rights_note;capture_or_archive_coordinates,,,,,1,0,0,0
hybrid-ocr-v1,manual_review_e321580422e81a,lucky_charms__current_2020s__901__2,lucky_charms,Lucky Charms,current_2020s,www.walmart.com,https://www.walmart.com/ip/394624478,needs_source_review,,needs_source_review,0,,0,0,0,0,0,source_page_capture_blocked_no_network,"Open the source URL, confirm product identity, date cues, label visibility, rights note, and capture coordinates before OCR or transcription.",reviewer;reviewed_at;source_url;source_title_or_owner;review_decision;reviewer_notes;source_access_result;label_visibility;rights_note;capture_or_archive_coordinates,,,,,1,0,0,0
hybrid-ocr-v1,manual_review_c8d0e56c6e38fc,lucky_charms__earliest_verified_label__276__3,lucky_charms,Lucky Charms,earliest_verified_label,www.flickr.com,https://www.flickr.com/photos/neatocoolville/423218445,needs_source_review,,needs_source_review,0,,0,0,0,0,0,source_page_capture_blocked_no_network,"Open the source URL, confirm product identity, date cues, label visibility, rights note, and capture coordinates before OCR or transcription.",reviewer;reviewed_at;source_url;source_title_or_owner;review_decision;reviewer_notes;source_access_result;label_visibility;rights_note;capture_or_archive_coordinates,,,,,1,0,0,0
hybrid-ocr-v1,manual_review_1bfa1afd135925,mms_milk_chocolate__current_2020s__1082__1,mms_milk_chocolate,M&M's Milk Chocolate Candies,current_2020s,www.walmart.com,https://www.walmart.com/ip/15430114556,needs_source_review,,needs_source_review,0,,0,0,0,0,0,source_page_capture_blocked_no_network,"Open the source URL, confirm product identity, date cues, label visibility, rights note, and capture coordinates before OCR or transcription.",reviewer;reviewed_at;source_url;source_title_or_owner;review_decision;reviewer_notes;source_access_result;label_visibility;rights_note;capture_or_archive_coordinates,,,,,1,0,0,0
hybrid-ocr-v1,manual_review_9abf2918ed3357,mms_milk_chocolate__current_2020s__45__3,mms_milk_chocolate,M&M's Milk Chocolate Candies,current_2020s,www.mms.com,https://www.mms.com/en-us/mms-milk-chocolate-candy/p/milk-chocolate-candy,needs_source_review,,needs_source_review,0,,0,0,0,0,0,source_page_capture_blocked_no_network,"Open the source URL, confirm product identity, date cues, label visibility, rights note, and capture coordinates before OCR or transcription.",reviewer;reviewed_at;source_url;source_title_or_owner;review_decision;reviewer_notes;source_access_result;label_visibility;rights_note;capture_or_archive_coordinates,,,,,1,0,0,0
hybrid-ocr-v1,manual_review_a92bfec1b1ed83,mms_milk_chocolate__current_2020s__497__2,mms_milk_chocolate,M&M's Milk Chocolate Candies,current_2020s,www.mms.com,https://www.mms.com/en-us/holiday-collection/mms-christmas-bulk-candy/ct1217-p.html,needs_source_review,,needs_source_review,0,,0,0,0,0,0,source_page_capture_blocked_no_network,"Open the source URL, confirm product identity, date cues, label visibility, rights note, and capture coordinates before OCR or transcription.",reviewer;reviewed_at;source_url;source_title_or_owner;review_decision;reviewer_notes;source_access_result;label_visibility;rights_note;capture_or_archive_coordinates,,,,,1,0,0,0
hybrid-ocr-v1,manual_review_9bee4f320364b1,mountain_dew_original__current_2020s__260__1,mountain_dew_original,Mountain Dew Original,current_2020s,smartlabel.pepsico.info,https://smartlabel.pepsico.info/012000106064-0011-en-US/index.html,needs_source_review,,needs_source_review,0,,0,0,0,0,0,source_page_capture_blocked_no_network,"Open the source URL, confirm product identity, date cues, label visibility, rights note, and capture coordinates before OCR or transcription.",reviewer;reviewed_at;source_url;source_title_or_owner;review_decision;reviewer_notes;source_access_result;label_visibility;rights_note;capture_or_archive_coordinates,,,,,1,0,0,0
hybrid-ocr-v1,manual_review_a2627c8bb088a5,mountain_dew_original__current_2020s__34__3,mountain_dew_original,Mountain Dew Original,current_2020s,smartlabel.pepsico.info,https://smartlabel.pepsico.info/012000809897-0001-en-US/index.html,needs_source_review,,needs_source_review,0,,0,0,0,0,0,source_page_capture_blocked_no_network,"Open the source URL, confirm product identity, date cues, label visibility, rights note, and capture coordinates before OCR or transcription.",reviewer;reviewed_at;source_url;source_title_or_owner;review_decision;reviewer_notes;source_access_result;label_visibility;rights_note;capture_or_archive_coordinates,,,,,1,0,0,0
hybrid-ocr-v1,manual_review_68a92591c882b3,mountain_dew_original__current_2020s__760__2,mountain_dew_original,Mountain Dew Original,current_2020s,smartlabel.pepsico.info,https://smartlabel.pepsico.info/012000809965-0017-en-US/index.html,needs_source_review,,needs_source_review,0,,0,0,0,0,0,source_page_capture_blocked_no_network,"Open the source URL, confirm product identity, date cues, label visibility, rights note, and capture coordinates before OCR or transcription.",reviewer;reviewed_at;source_url;source_title_or_owner;review_decision;reviewer_notes;source_access_result;label_visibility;rights_note;capture_or_archive_coordinates,,,,,1,0,0,0
hybrid-ocr-v1,manual_review_bdd03eb9f97a89,mountain_dew_original__current_2020s__761__4,mountain_dew_original,Mountain Dew Original,current_2020s,smartlabel.pepsico.info,https://smartlabel.pepsico.info/012000100499-0001-en-US/index.html,needs_source_review,,needs_source_review,0,,0,0,0,0,0,source_page_capture_blocked_no_network,"Open the source URL, confirm product identity, date cues, label visibility, rights note, and capture coordinates before OCR or transcription.",reviewer;reviewed_at;source_url;source_title_or_owner;review_decision;reviewer_notes;source_access_result;label_visibility;rights_note;capture_or_archive_coordinates,,,,,1,0,0,0
hybrid-ocr-v1,manual_review_d018a20a1b9618,mountain_dew_original__current_2020s__862__5,mountain_dew_original,Mountain Dew Original,current_2020s,smartlabel.pepsico.info,https://smartlabel.pepsico.info/012000001574-0001-en-US/index.html,needs_source_review,,needs_source_review,0,,0,0,0,0,0,source_page_capture_blocked_no_network,"Open the source URL, confirm product identity, date cues, label visibility, rights note, and capture coordinates before OCR or transcription.",reviewer;reviewed_at;source_url;source_title_or_owner;review_decision;reviewer_notes;source_access_result;label_visibility;rights_note;capture_or_archive_coordinates,,,,,1,0,0,0
hybrid-ocr-v1,manual_review_563d42a9191246,mountain_dew_original__current_2020s__992__6,mountain_dew_original,Mountain Dew Original,current_2020s,smartlabel.pepsico.info,https://smartlabel.pepsico.info/012000002977-0001-en-US/index.html,needs_source_review,,needs_source_review,0,,0,0,0,0,0,source_page_capture_blocked_no_network,"Open the source URL, confirm product identity, date cues, label visibility, rights note, and capture coordinates before OCR or transcription.",reviewer;reviewed_at;source_url;source_title_or_owner;review_decision;reviewer_notes;source_access_result;label_visibility;rights_note;capture_or_archive_coordinates,,,,,1,0,0,0
hybrid-ocr-v1,manual_review_8b9303d45e3458,mountain_dew_original__current_2020s__993__7,mountain_dew_original,Mountain Dew Original,current_2020s,smartlabel.myproduct.info,https://smartlabel.myproduct.info/012000001314-0010-en-US/index.html,needs_source_review,,needs_source_review,0,,0,0,0,0,0,source_page_capture_blocked_no_network,"Open the source URL, confirm product identity, date cues, label visibility, rights note, and capture coordinates before OCR or transcription.",reviewer;reviewed_at;source_url;source_title_or_owner;review_decision;reviewer_notes;source_access_result;label_visibility;rights_note;capture_or_archive_coordinates,,,,,1,0,0,0
hybrid-ocr-v1,manual_review_aa131a2697f33a,nilla_wafers__2000s__865__1,nilla_wafers,Nilla Wafers,2000s,www.directionsforme.org,https://www.directionsforme.org/product/6135,needs_source_review,,needs_source_review,0,,0,0,0,0,0,source_page_capture_blocked_no_network,"Open the source URL, confirm product identity, date cues, label visibility, rights note, and capture coordinates before OCR or transcription.",reviewer;reviewed_at;source_url;source_title_or_owner;review_decision;reviewer_notes;source_access_result;label_visibility;rights_note;capture_or_archive_coordinates,,,,,1,0,0,0
hybrid-ocr-v1,manual_review_a02f064851558d,nilla_wafers__2010s__865__1,nilla_wafers,Nilla Wafers,2010s,www.directionsforme.org,https://www.directionsforme.org/product/6135,needs_source_review,,needs_source_review,0,,0,0,0,0,0,source_page_capture_blocked_no_network,"Open the source URL, confirm product identity, date cues, label visibility, rights note, and capture coordinates before OCR or transcription.",reviewer;reviewed_at;source_url;source_title_or_owner;review_decision;reviewer_notes;source_access_result;label_visibility;rights_note;capture_or_archive_coordinates,,,,,1,0,0,0
hybrid-ocr-v1,manual_review_01a3b9b19bd473,nilla_wafers__current_2020s__63__6,nilla_wafers,Nilla Wafers,current_2020s,www.directionsforme.org,https://www.directionsforme.org/product/75544,needs_source_review,,needs_source_review,0,,0,0,0,0,0,source_page_capture_blocked_no_network,"Open the source URL, confirm product identity, date cues, label visibility, rights note, and capture coordinates before OCR or transcription.",reviewer;reviewed_at;source_url;source_title_or_owner;review_decision;reviewer_notes;source_access_result;label_visibility;rights_note;capture_or_archive_coordinates,,,,,1,0,0,0
hybrid-ocr-v1,manual_review_2aabc25e378ce8,nilla_wafers__current_2020s__64__5,nilla_wafers,Nilla Wafers,current_2020s,www.walmart.com,https://www.walmart.com/ip/17176262,needs_source_review,,needs_source_review,0,,0,0,0,0,0,source_page_capture_blocked_no_network,"Open the source URL, confirm product identity, date cues, label visibility, rights note, and capture coordinates before OCR or transcription.",reviewer;reviewed_at;source_url;source_title_or_owner;review_decision;reviewer_notes;source_access_result;label_visibility;rights_note;capture_or_archive_coordinates,,,,,1,0,0,0
hybrid-ocr-v1,manual_review_728282a95815bb,nutella_hazelnut_spread__current_2020s__641__7,nutella_hazelnut_spread,Nutella Hazelnut Spread,current_2020s,www.nutella.com,https://www.nutella.com/us/en/nutellar-jar-nutellar-united-states-official-website,needs_source_review,,needs_source_review,0,,0,0,0,0,0,source_page_capture_blocked_no_network,"Open the source URL, confirm product identity, date cues, label visibility, rights note, and capture coordinates before OCR or transcription.",reviewer;reviewed_at;source_url;source_title_or_owner;review_decision;reviewer_notes;source_access_result;label_visibility;rights_note;capture_or_archive_coordinates,,,,,1,0,0,0
hybrid-ocr-v1,manual_review_f15adbb33d640f,nutella_hazelnut_spread__current_2020s__65__6,nutella_hazelnut_spread,Nutella Hazelnut Spread,current_2020s,www.nutella.com,https://www.nutella.com/us/en/products/spread/nutella,needs_source_review,,needs_source_review,0,,0,0,0,0,0,source_page_capture_blocked_no_network,"Open the source URL, confirm product identity, date cues, label visibility, rights note, and capture coordinates before OCR or transcription.",reviewer;reviewed_at;source_url;source_title_or_owner;review_decision;reviewer_notes;source_access_result;label_visibility;rights_note;capture_or_archive_coordinates,,,,,1,0,0,0
hybrid-ocr-v1,manual_review_2eacb9fcd0776e,nutella_hazelnut_spread__current_2020s__744__8,nutella_hazelnut_spread,Nutella Hazelnut Spread,current_2020s,www.nutella.com,https://www.nutella.com/us/en/inside-nutella/faqs,needs_source_review,,needs_source_review,0,,0,0,0,0,0,source_page_capture_blocked_no_network,"Open the source URL, confirm product identity, date cues, label visibility, rights note, and capture coordinates before OCR or transcription.",reviewer;reviewed_at;source_url;source_title_or_owner;review_decision;reviewer_notes;source_access_result;label_visibility;rights_note;capture_or_archive_coordinates,,,,,1,0,0,0
hybrid-ocr-v1,manual_review_3886ea81cb2f57,oreo_original_chocolate_sandwich_cookies__2010s__3__3,oreo_original_chocolate_sandwich_cookies,Oreo Original Chocolate Sandwich Cookies,2010s,www.ewg.org,https://www.ewg.org/foodscores/products/044000081034-OreoChocolateSandwichCookiesOriginalWinter/,needs_source_review,,needs_source_review,0,,0,0,0,0,0,source_page_capture_blocked_no_network,"Open the source URL, confirm product identity, date cues, label visibility, rights note, and capture coordinates before OCR or transcription.",reviewer;reviewed_at;source_url;source_title_or_owner;review_decision;reviewer_notes;source_access_result;label_visibility;rights_note;capture_or_archive_coordinates,,,,,1,0,0,0
hybrid-ocr-v1,manual_review_a5789b2c5a0b50,oreo_original_chocolate_sandwich_cookies__current_2020s__1__5,oreo_original_chocolate_sandwich_cookies,Oreo Original Chocolate Sandwich Cookies,current_2020s,smartlabel.mondelez.info,https://smartlabel.mondelez.info/00044000033262-0001-en-US/index.html,needs_source_review,,needs_source_review,0,,0,0,0,0,0,source_page_capture_blocked_no_network,"Open the source URL, confirm product identity, date cues, label visibility, rights note, and capture coordinates before OCR or transcription.",reviewer;reviewed_at;source_url;source_title_or_owner;review_decision;reviewer_notes;source_access_result;label_visibility;rights_note;capture_or_archive_coordinates,,,,,1,0,0,0
hybrid-ocr-v1,manual_review_23fa898c65f077,oreo_original_chocolate_sandwich_cookies__current_2020s__2__6,oreo_original_chocolate_sandwich_cookies,Oreo Original Chocolate Sandwich Cookies,current_2020s,www.ewg.org,https://www.ewg.org/foodscores/products/0044000051617-OreoChocolateOriginalFlavorSandwichCookies/,needs_source_review,,needs_source_review,0,,0,0,0,0,0,source_page_capture_blocked_no_network,"Open the source URL, confirm product identity, date cues, label visibility, rights note, and capture coordinates before OCR or transcription.",reviewer;reviewed_at;source_url;source_title_or_owner;review_decision;reviewer_notes;source_access_result;label_visibility;rights_note;capture_or_archive_coordinates,,,,,1,0,0,0
hybrid-ocr-v1,manual_review_2e63b6ee664ec8,oreo_original_chocolate_sandwich_cookies__current_2020s__372__4,oreo_original_chocolate_sandwich_cookies,Oreo Original Chocolate Sandwich Cookies,current_2020s,smartlabel.mondelez.info,https://smartlabel.mondelez.info/00044000032029-0001-en-US/index.html,needs_source_review,,needs_source_review,0,,0,0,0,0,0,source_page_capture_blocked_no_network,"Open the source URL, confirm product identity, date cues, label visibility, rights note, and capture coordinates before OCR or transcription.",reviewer;reviewed_at;source_url;source_title_or_owner;review_decision;reviewer_notes;source_access_result;label_visibility;rights_note;capture_or_archive_coordinates,,,,,1,0,0,0
hybrid-ocr-v1,manual_review_1866509d6e5bf6,oreo_original_chocolate_sandwich_cookies__current_2020s__445__1,oreo_original_chocolate_sandwich_cookies,Oreo Original Chocolate Sandwich Cookies,current_2020s,www.kroger.com,https://www.kroger.com/p/nabisco-original-oreos/0004400003202,needs_source_review,,needs_source_review,0,,0,0,0,0,0,source_page_capture_blocked_no_network,"Open the source URL, confirm product identity, date cues, label visibility, rights note, and capture coordinates before OCR or transcription.",reviewer;reviewed_at;source_url;source_title_or_owner;review_decision;reviewer_notes;source_access_result;label_visibility;rights_note;capture_or_archive_coordinates,,,,,1,0,0,0
hybrid-ocr-v1,manual_review_72c9149022e3c8,oreo_original_chocolate_sandwich_cookies__current_2020s__607__2,oreo_original_chocolate_sandwich_cookies,Oreo Original Chocolate Sandwich Cookies,current_2020s,business.walmart.com,https://business.walmart.com/ip/Oreo-Original-Cookie-13-29-oz/16255757318,needs_source_review,,needs_source_review,0,,0,0,0,0,0,source_page_capture_blocked_no_network,"Open the source URL, confirm product identity, date cues, label visibility, rights note, and capture coordinates before OCR or transcription.",reviewer;reviewed_at;source_url;source_title_or_owner;review_decision;reviewer_notes;source_access_result;label_visibility;rights_note;capture_or_archive_coordinates,,,,,1,0,0,0
hybrid-ocr-v1,manual_review_58d8f3d070d396,oscar_mayer_wieners__current_2020s__110__2,oscar_mayer_wieners,Oscar Mayer Wieners,current_2020s,www.oscarmayer.com,https://www.oscarmayer.com/products/00044700097014-classic-wieners-hot-dogs-mega-pack/,needs_source_review,,needs_source_review,0,,0,0,0,0,0,source_page_capture_blocked_no_network,"Open the source URL, confirm product identity, date cues, label visibility, rights note, and capture coordinates before OCR or transcription.",reviewer;reviewed_at;source_url;source_title_or_owner;review_decision;reviewer_notes;source_access_result;label_visibility;rights_note;capture_or_archive_coordinates,,,,,1,0,0,0
hybrid-ocr-v1,manual_review_d66cbd6635e4f5,pepperidge_farm_goldfish_cheddar__current_2020s__280__1,pepperidge_farm_goldfish_cheddar,Pepperidge Farm Goldfish Cheddar,current_2020s,www.walmart.com,https://www.walmart.com/ip/957662616,needs_source_review,,needs_source_review,0,,0,0,0,0,0,source_page_capture_blocked_no_network,"Open the source URL, confirm product identity, date cues, label visibility, rights note, and capture coordinates before OCR or transcription.",reviewer;reviewed_at;source_url;source_title_or_owner;review_decision;reviewer_notes;source_access_result;label_visibility;rights_note;capture_or_archive_coordinates,,,,,1,0,0,0
hybrid-ocr-v1,manual_review_9a74a3bb2378c7,pepperidge_farm_goldfish_cheddar__current_2020s__47__4,pepperidge_farm_goldfish_cheddar,Pepperidge Farm Goldfish Cheddar,current_2020s,www.pepperidgefarm.com,https://www.pepperidgefarm.com/product/goldfish-cheddar-crackers/,needs_source_review,,needs_source_review,0,,0,0,0,0,0,source_page_capture_blocked_no_network,"Open the source URL, confirm product identity, date cues, label visibility, rights note, and capture coordinates before OCR or transcription.",reviewer;reviewed_at;source_url;source_title_or_owner;review_decision;reviewer_notes;source_access_result;label_visibility;rights_note;capture_or_archive_coordinates,,,,,1,0,0,0
hybrid-ocr-v1,manual_review_cc4a3e78845506,pepperidge_farm_goldfish_cheddar__current_2020s__522__2,pepperidge_farm_goldfish_cheddar,Pepperidge Farm Goldfish Cheddar,current_2020s,www.target.com,https://www.target.com/p/-/A-89409907,needs_source_review,,needs_source_review,0,,0,0,0,0,0,source_page_capture_blocked_no_network,"Open the source URL, confirm product identity, date cues, label visibility, rights note, and capture coordinates before OCR or transcription.",reviewer;reviewed_at;source_url;source_title_or_owner;review_decision;reviewer_notes;source_access_result;label_visibility;rights_note;capture_or_archive_coordinates,,,,,1,0,0,0
hybrid-ocr-v1,manual_review_cc2707954d3b25,pepsi_cola__current_2020s__259__1,pepsi_cola,Pepsi Cola,current_2020s,smartlabel.pepsico.info,https://smartlabel.pepsico.info/012000192524-0014-en-US/index.html,needs_source_review,,needs_source_review,0,,0,0,0,0,0,source_page_capture_blocked_no_network,"Open the source URL, confirm product identity, date cues, label visibility, rights note, and capture coordinates before OCR or transcription.",reviewer;reviewed_at;source_url;source_title_or_owner;review_decision;reviewer_notes;source_access_result;label_visibility;rights_note;capture_or_archive_coordinates,,,,,1,0,0,0
hybrid-ocr-v1,manual_review_f78090d449f9d4,pepsi_cola__current_2020s__33__3,pepsi_cola,Pepsi Cola,current_2020s,smartlabel.pepsico.info,https://smartlabel.pepsico.info/012000809941-0001-en-US/index.html,needs_source_review,,needs_source_review,0,,0,0,0,0,0,source_page_capture_blocked_no_network,"Open the source URL, confirm product identity, date cues, label visibility, rights note, and capture coordinates before OCR or transcription.",reviewer;reviewed_at;source_url;source_title_or_owner;review_decision;reviewer_notes;source_access_result;label_visibility;rights_note;capture_or_archive_coordinates,,,,,1,0,0,0
hybrid-ocr-v1,manual_review_e9a94837411382,pepsi_cola__current_2020s__666__2,pepsi_cola,Pepsi Cola,current_2020s,www.wegmans.com,https://www.wegmans.com/shop/product/18297-Cola,needs_source_review,,needs_source_review,0,,0,0,0,0,0,source_page_capture_blocked_no_network,"Open the source URL, confirm product identity, date cues, label visibility, rights note, and capture coordinates before OCR or transcription.",reviewer;reviewed_at;source_url;source_title_or_owner;review_decision;reviewer_notes;source_access_result;label_visibility;rights_note;capture_or_archive_coordinates,,,,,1,0,0,0
hybrid-ocr-v1,manual_review_d2c689f99be232,poptarts_brown_sugar_cinnamon__current_2020s__279__2,poptarts_brown_sugar_cinnamon,Pop-Tarts Frosted Brown Sugar Cinnamon,current_2020s,www.walmart.com,https://www.walmart.com/ip/15462074871,needs_source_review,,needs_source_review,0,,0,0,0,0,0,source_page_capture_blocked_no_network,"Open the source URL, confirm product identity, date cues, label visibility, rights note, and capture coordinates before OCR or transcription.",reviewer;reviewed_at;source_url;source_title_or_owner;review_decision;reviewer_notes;source_access_result;label_visibility;rights_note;capture_or_archive_coordinates,,,,,1,0,0,0
hybrid-ocr-v1,manual_review_64b682bd104bbb,poptarts_brown_sugar_cinnamon__current_2020s__43__5,poptarts_brown_sugar_cinnamon,Pop-Tarts Frosted Brown Sugar Cinnamon,current_2020s,smartlabel.kelloggs.com,https://smartlabel.kelloggs.com/Product/Index/038000317309,needs_source_review,,needs_source_review,0,,0,0,0,0,0,source_page_capture_blocked_no_network,"Open the source URL, confirm product identity, date cues, label visibility, rights note, and capture coordinates before OCR or transcription.",reviewer;reviewed_at;source_url;source_title_or_owner;review_decision;reviewer_notes;source_access_result;label_visibility;rights_note;capture_or_archive_coordinates,,,,,1,0,0,0
hybrid-ocr-v1,manual_review_835230c6e8fc1e,poptarts_brown_sugar_cinnamon__current_2020s__536__6,poptarts_brown_sugar_cinnamon,Pop-Tarts Frosted Brown Sugar Cinnamon,current_2020s,smartlabel.kelloggs.com,https://smartlabel.kelloggs.com/Product/Index/038000311307,needs_source_review,,needs_source_review,0,,0,0,0,0,0,source_page_capture_blocked_no_network,"Open the source URL, confirm product identity, date cues, label visibility, rights note, and capture coordinates before OCR or transcription.",reviewer;reviewed_at;source_url;source_title_or_owner;review_decision;reviewer_notes;source_access_result;label_visibility;rights_note;capture_or_archive_coordinates,,,,,1,0,0,0
hybrid-ocr-v1,manual_review_5d4457e0cfc459,poptarts_brown_sugar_cinnamon__current_2020s__537__1,poptarts_brown_sugar_cinnamon,Pop-Tarts Frosted Brown Sugar Cinnamon,current_2020s,www.poptarts.com,https://www.poptarts.com/en_US/products/all-flavors/pop-tarts-frosted-brown-sugar-cinnamon-product.html,needs_source_review,,needs_source_review,0,,0,0,0,0,0,source_page_capture_blocked_no_network,"Open the source URL, confirm product identity, date cues, label visibility, rights note, and capture coordinates before OCR or transcription.",reviewer;reviewed_at;source_url;source_title_or_owner;review_decision;reviewer_notes;source_access_result;label_visibility;rights_note;capture_or_archive_coordinates,,,,,1,0,0,0
hybrid-ocr-v1,manual_review_8ab34b4b90fd4f,poptarts_brown_sugar_cinnamon__current_2020s__853__7,poptarts_brown_sugar_cinnamon,Pop-Tarts Frosted Brown Sugar Cinnamon,current_2020s,smartlabel.kelloggs.com,https://smartlabel.kelloggs.com/Product/Index/00038000311307,needs_source_review,,needs_source_review,0,,0,0,0,0,0,source_page_capture_blocked_no_network,"Open the source URL, confirm product identity, date cues, label visibility, rights note, and capture coordinates before OCR or transcription.",reviewer;reviewed_at;source_url;source_title_or_owner;review_decision;reviewer_notes;source_access_result;label_visibility;rights_note;capture_or_archive_coordinates,,,,,1,0,0,0
hybrid-ocr-v1,manual_review_6352a7acd95187,poptarts_brown_sugar_cinnamon__current_2020s__854__4,poptarts_brown_sugar_cinnamon,Pop-Tarts Frosted Brown Sugar Cinnamon,current_2020s,www.kroger.com,https://www.kroger.com/p/pop-tarts-frosted-brown-sugar-cinnamon-toaster-pastries/0003800022261,needs_source_review,,needs_source_review,0,,0,0,0,0,0,source_page_capture_blocked_no_network,"Open the source URL, confirm product identity, date cues, label visibility, rights note, and capture coordinates before OCR or transcription.",reviewer;reviewed_at;source_url;source_title_or_owner;review_decision;reviewer_notes;source_access_result;label_visibility;rights_note;capture_or_archive_coordinates,,,,,1,0,0,0
hybrid-ocr-v1,manual_review_0c1099d9227aa9,poptarts_brown_sugar_cinnamon__current_2020s__959__8,poptarts_brown_sugar_cinnamon,Pop-Tarts Frosted Brown Sugar Cinnamon,current_2020s,www.kroger.com,https://www.kroger.com/p/kellogg-s-pop-tarts-frosted-brown-sugar-cinnamon-toaster-pastries/0003800022261,needs_source_review,,needs_source_review,0,,0,0,0,0,0,source_page_capture_blocked_no_network,"Open the source URL, confirm product identity, date cues, label visibility, rights note, and capture coordinates before OCR or transcription.",reviewer;reviewed_at;source_url;source_title_or_owner;review_decision;reviewer_notes;source_access_result;label_visibility;rights_note;capture_or_archive_coordinates,,,,,1,0,0,0
hybrid-ocr-v1,manual_review_04d9aec676df8e,poptarts_brown_sugar_cinnamon__current_2020s__960__3,poptarts_brown_sugar_cinnamon,Pop-Tarts Frosted Brown Sugar Cinnamon,current_2020s,www.walmart.com,https://www.walmart.com/ip/181775429,needs_source_review,,needs_source_review,0,,0,0,0,0,0,source_page_capture_blocked_no_network,"Open the source URL, confirm product identity, date cues, label visibility, rights note, and capture coordinates before OCR or transcription.",reviewer;reviewed_at;source_url;source_title_or_owner;review_decision;reviewer_notes;source_access_result;label_visibility;rights_note;capture_or_archive_coordinates,,,,,1,0,0,0
hybrid-ocr-v1,manual_review_cfbd54eda0c897,poptarts_frosted_strawberry__2010s__449__1,poptarts_frosted_strawberry,Pop-Tarts Frosted Strawberry,2010s,www.foodrepo.org,https://www.foodrepo.org/en/products/47947,needs_source_review,,needs_source_review,0,,0,0,0,0,0,source_page_capture_blocked_no_network,"Open the source URL, confirm product identity, date cues, label visibility, rights note, and capture coordinates before OCR or transcription.",reviewer;reviewed_at;source_url;source_title_or_owner;review_decision;reviewer_notes;source_access_result;label_visibility;rights_note;capture_or_archive_coordinates,,,,,1,0,0,0
hybrid-ocr-v1,manual_review_26ff37959d8a10,poptarts_frosted_strawberry__current_2020s__13__3,poptarts_frosted_strawberry,Pop-Tarts Frosted Strawberry,current_2020s,smartlabel.kelloggs.com,https://smartlabel.kelloggs.com/Product/Index/038000317316,needs_source_review,,needs_source_review,0,,0,0,0,0,0,source_page_capture_blocked_no_network,"Open the source URL, confirm product identity, date cues, label visibility, rights note, and capture coordinates before OCR or transcription.",reviewer;reviewed_at;source_url;source_title_or_owner;review_decision;reviewer_notes;source_access_result;label_visibility;rights_note;capture_or_archive_coordinates,,,,,1,0,0,0
hybrid-ocr-v1,manual_review_c5fc882e7efb7b,poptarts_frosted_strawberry__current_2020s__14__4,poptarts_frosted_strawberry,Pop-Tarts Frosted Strawberry,current_2020s,www.poptarts.com,https://www.poptarts.com/en_US/products/all-flavors/pop-tarts-frosted-strawberry-product.html,needs_source_review,,needs_source_review,0,,0,0,0,0,0,source_page_capture_blocked_no_network,"Open the source URL, confirm product identity, date cues, label visibility, rights note, and capture coordinates before OCR or transcription.",reviewer;reviewed_at;source_url;source_title_or_owner;review_decision;reviewer_notes;source_access_result;label_visibility;rights_note;capture_or_archive_coordinates,,,,,1,0,0,0
hybrid-ocr-v1,manual_review_08247306d15ab5,poptarts_frosted_strawberry__current_2020s__254__1,poptarts_frosted_strawberry,Pop-Tarts Frosted Strawberry,current_2020s,www.walmart.com,https://www.walmart.com/ip/759722026,needs_source_review,,needs_source_review,0,,0,0,0,0,0,source_page_capture_blocked_no_network,"Open the source URL, confirm product identity, date cues, label visibility, rights note, and capture coordinates before OCR or transcription.",reviewer;reviewed_at;source_url;source_title_or_owner;review_decision;reviewer_notes;source_access_result;label_visibility;rights_note;capture_or_archive_coordinates,,,,,1,0,0,0
hybrid-ocr-v1,manual_review_78ead7f89d76f6,poptarts_frosted_strawberry__current_2020s__449__5,poptarts_frosted_strawberry,Pop-Tarts Frosted Strawberry,current_2020s,www.foodrepo.org,https://www.foodrepo.org/en/products/47947,needs_source_review,,needs_source_review,0,,0,0,0,0,0,source_page_capture_blocked_no_network,"Open the source URL, confirm product identity, date cues, label visibility, rights note, and capture coordinates before OCR or transcription.",reviewer;reviewed_at;source_url;source_title_or_owner;review_decision;reviewer_notes;source_access_result;label_visibility;rights_note;capture_or_archive_coordinates,,,,,1,0,0,0
hybrid-ocr-v1,manual_review_f102c5180663bf,poptarts_frosted_strawberry__current_2020s__721__6,poptarts_frosted_strawberry,Pop-Tarts Frosted Strawberry,current_2020s,www.poptarts.com,https://www.poptarts.com/en_US/products/all-flavors/pop-tarts-frosted-strawberry-product.html?bvstate=pg%3A15%2Fct%3Ar,needs_source_review,,needs_source_review,0,,0,0,0,0,0,source_page_capture_blocked_no_network,"Open the source URL, confirm product identity, date cues, label visibility, rights note, and capture coordinates before OCR or transcription.",reviewer;reviewed_at;source_url;source_title_or_owner;review_decision;reviewer_notes;source_access_result;label_visibility;rights_note;capture_or_archive_coordinates,,,,,1,0,0,0
hybrid-ocr-v1,manual_review_b44d70f8dd1333,poptarts_frosted_strawberry__current_2020s__722__7,poptarts_frosted_strawberry,Pop-Tarts Frosted Strawberry,current_2020s,smartlabel.kelloggs.com,https://smartlabel.kelloggs.com/en_US/Product/Index/00038000317316,needs_source_review,,needs_source_review,0,,0,0,0,0,0,source_page_capture_blocked_no_network,"Open the source URL, confirm product identity, date cues, label visibility, rights note, and capture coordinates before OCR or transcription.",reviewer;reviewed_at;source_url;source_title_or_owner;review_decision;reviewer_notes;source_access_result;label_visibility;rights_note;capture_or_archive_coordinates,,,,,1,0,0,0
hybrid-ocr-v1,manual_review_dd1361115356bc,pringles_original__current_2020s__282__1,pringles_original,Pringles Original Crisps,current_2020s,www.walmart.com,https://www.walmart.com/ip/47217461,needs_source_review,,needs_source_review,0,,0,0,0,0,0,source_page_capture_blocked_no_network,"Open the source URL, confirm product identity, date cues, label visibility, rights note, and capture coordinates before OCR or transcription.",reviewer;reviewed_at;source_url;source_title_or_owner;review_decision;reviewer_notes;source_access_result;label_visibility;rights_note;capture_or_archive_coordinates,,,,,1,0,0,0
hybrid-ocr-v1,manual_review_df05f1c04057ff,pringles_original__current_2020s__48__5,pringles_original,Pringles Original Crisps,current_2020s,www.pringles.com,https://www.pringles.com/en-us/products/pringles-original-crisps.html,needs_source_review,,needs_source_review,0,,0,0,0,0,0,source_page_capture_blocked_no_network,"Open the source URL, confirm product identity, date cues, label visibility, rights note, and capture coordinates before OCR or transcription.",reviewer;reviewed_at;source_url;source_title_or_owner;review_decision;reviewer_notes;source_access_result;label_visibility;rights_note;capture_or_archive_coordinates,,,,,1,0,0,0
hybrid-ocr-v1,manual_review_3376ecd7c4db65,pringles_original__current_2020s__507__3,pringles_original,Pringles Original Crisps,current_2020s,www.kroger.com,https://www.kroger.com/p/pringles-original-potato-crisps-chips/0003800013841,needs_source_review,,needs_source_review,0,,0,0,0,0,0,source_page_capture_blocked_no_network,"Open the source URL, confirm product identity, date cues, label visibility, rights note, and capture coordinates before OCR or transcription.",reviewer;reviewed_at;source_url;source_title_or_owner;review_decision;reviewer_notes;source_access_result;label_visibility;rights_note;capture_or_archive_coordinates,,,,,1,0,0,0
hybrid-ocr-v1,manual_review_77570503223c50,pringles_original__current_2020s__860__6,pringles_original,Pringles Original Crisps,current_2020s,www.pringles.com,https://www.pringles.com/en-us/products/crisps/pringles-original.html,needs_source_review,,needs_source_review,0,,0,0,0,0,0,source_page_capture_blocked_no_network,"Open the source URL, confirm product identity, date cues, label visibility, rights note, and capture coordinates before OCR or transcription.",reviewer;reviewed_at;source_url;source_title_or_owner;review_decision;reviewer_notes;source_access_result;label_visibility;rights_note;capture_or_archive_coordinates,,,,,1,0,0,0
hybrid-ocr-v1,manual_review_fdd0053984f8eb,pringles_original__current_2020s__861__2,pringles_original,Pringles Original Crisps,current_2020s,www.walmart.com,https://www.walmart.com/ip/10818683,needs_source_review,,needs_source_review,0,,0,0,0,0,0,source_page_capture_blocked_no_network,"Open the source URL, confirm product identity, date cues, label visibility, rights note, and capture coordinates before OCR or transcription.",reviewer;reviewed_at;source_url;source_title_or_owner;review_decision;reviewer_notes;source_access_result;label_visibility;rights_note;capture_or_archive_coordinates,,,,,1,0,0,0
hybrid-ocr-v1,manual_review_ded29e7bf31570,pringles_original__current_2020s__996__7,pringles_original,Pringles Original Crisps,current_2020s,www.pringles.com,https://www.pringles.com/en-us/products/pringles-the-original-product.html?bvstate=pg%3A5%2Fct%3Ar,needs_source_review,,needs_source_review,0,,0,0,0,0,0,source_page_capture_blocked_no_network,"Open the source URL, confirm product identity, date cues, label visibility, rights note, and capture coordinates before OCR or transcription.",reviewer;reviewed_at;source_url;source_title_or_owner;review_decision;reviewer_notes;source_access_result;label_visibility;rights_note;capture_or_archive_coordinates,,,,,1,0,0,0
hybrid-ocr-v1,manual_review_02b66c5dca9112,quaker_old_fashioned_oats__2010s__933__1,quaker_old_fashioned_oats,Quaker Old Fashioned Oats,2010s,upcfoodsearch.com,https://upcfoodsearch.com/food-products/hot-oatmeal-cereal/030000010402/,needs_source_review,,needs_source_review,0,,0,0,0,0,0,source_page_capture_blocked_no_network,"Open the source URL, confirm product identity, date cues, label visibility, rights note, and capture coordinates before OCR or transcription.",reviewer;reviewed_at;source_url;source_title_or_owner;review_decision;reviewer_notes;source_access_result;label_visibility;rights_note;capture_or_archive_coordinates,,,,,1,0,0,0
hybrid-ocr-v1,manual_review_6f60af5fcfc479,quaker_old_fashioned_oats__current_2020s__1091__3,quaker_old_fashioned_oats,Quaker Old Fashioned Oats,current_2020s,smartlabel.pepsico.info,https://smartlabel.pepsico.info/030000010204-0004-en-US/index.html,needs_source_review,,needs_source_review,0,,0,0,0,0,0,source_page_capture_blocked_no_network,"Open the source URL, confirm product identity, date cues, label visibility, rights note, and capture coordinates before OCR or transcription.",reviewer;reviewed_at;source_url;source_title_or_owner;review_decision;reviewer_notes;source_access_result;label_visibility;rights_note;capture_or_archive_coordinates,,,,,1,0,0,0
hybrid-ocr-v1,manual_review_fe56e8e35bf7bb,quaker_old_fashioned_oats__current_2020s__86__6,quaker_old_fashioned_oats,Quaker Old Fashioned Oats,current_2020s,www.quakeroats.com,https://www.quakeroats.com/products/hot-cereals/old-fashioned-oats-quick-oats,needs_source_review,,needs_source_review,0,,0,0,0,0,0,source_page_capture_blocked_no_network,"Open the source URL, confirm product identity, date cues, label visibility, rights note, and capture coordinates before OCR or transcription.",reviewer;reviewed_at;source_url;source_title_or_owner;review_decision;reviewer_notes;source_access_result;label_visibility;rights_note;capture_or_archive_coordinates,,,,,1,0,0,0
hybrid-ocr-v1,manual_review_bdd76946b17dc5,quaker_old_fashioned_oats__current_2020s__931__4,quaker_old_fashioned_oats,Quaker Old Fashioned Oats,current_2020s,smartlabel.pepsico.info,https://smartlabel.pepsico.info/030000010402-0001-en-US/index.html,needs_source_review,,needs_source_review,0,,0,0,0,0,0,source_page_capture_blocked_no_network,"Open the source URL, confirm product identity, date cues, label visibility, rights note, and capture coordinates before OCR or transcription.",reviewer;reviewed_at;source_url;source_title_or_owner;review_decision;reviewer_notes;source_access_result;label_visibility;rights_note;capture_or_archive_coordinates,,,,,1,0,0,0
hybrid-ocr-v1,manual_review_d70e2c8c3a3c4f,reeses_peanut_butter_cups__current_2020s__1052__4,reeses_peanut_butter_cups,Reese's Peanut Butter Cups,current_2020s,smartlabel.hersheys.com,https://smartlabel.hersheys.com/00034000004409-0005#ingredients,needs_source_review,,needs_source_review,0,,0,0,0,0,0,source_page_capture_blocked_no_network,"Open the source URL, confirm product identity, date cues, label visibility, rights note, and capture coordinates before OCR or transcription.",reviewer;reviewed_at;source_url;source_title_or_owner;review_decision;reviewer_notes;source_access_result;label_visibility;rights_note;capture_or_archive_coordinates,,,,,1,0,0,0
hybrid-ocr-v1,manual_review_76cb3b6c59d5b3,reeses_peanut_butter_cups__current_2020s__1067__2,reeses_peanut_butter_cups,Reese's Peanut Butter Cups,current_2020s,www.walmart.com,https://www.walmart.com/ip/15937621010,needs_source_review,,needs_source_review,0,,0,0,0,0,0,source_page_capture_blocked_no_network,"Open the source URL, confirm product identity, date cues, label visibility, rights note, and capture coordinates before OCR or transcription.",reviewer;reviewed_at;source_url;source_title_or_owner;review_decision;reviewer_notes;source_access_result;label_visibility;rights_note;capture_or_archive_coordinates,,,,,1,0,0,0
hybrid-ocr-v1,manual_review_ca7894dd31bdc6,reeses_peanut_butter_cups__current_2020s__35__1,reeses_peanut_butter_cups,Reese's Peanut Butter Cups,current_2020s,smartlabel.hersheys.com,https://smartlabel.hersheys.com/034000430000-0001-en-US/index.html,needs_source_review,,needs_source_review,0,,0,0,0,0,0,source_page_capture_blocked_no_network,"Open the source URL, confirm product identity, date cues, label visibility, rights note, and capture coordinates before OCR or transcription.",reviewer;reviewed_at;source_url;source_title_or_owner;review_decision;reviewer_notes;source_access_result;label_visibility;rights_note;capture_or_archive_coordinates,,,,,1,0,0,0
hybrid-ocr-v1,manual_review_8eb9373c76151b,reeses_peanut_butter_cups__current_2020s__855__3,reeses_peanut_butter_cups,Reese's Peanut Butter Cups,current_2020s,www.walmart.com,https://www.walmart.com/ip/953919024,needs_source_review,,needs_source_review,0,,0,0,0,0,0,source_page_capture_blocked_no_network,"Open the source URL, confirm product identity, date cues, label visibility, rights note, and capture coordinates before OCR or transcription.",reviewer;reviewed_at;source_url;source_title_or_owner;review_decision;reviewer_notes;source_access_result;label_visibility;rights_note;capture_or_archive_coordinates,,,,,1,0,0,0
hybrid-ocr-v1,manual_review_118e42d9da73b1,ritz_original_crackers__2000s__446__1,ritz_original_crackers,Ritz Original Crackers,2000s,www.foodrepo.org,https://www.foodrepo.org/en/products/55269,needs_source_review,,needs_source_review,0,,0,0,0,0,0,source_page_capture_blocked_no_network,"Open the source URL, confirm product identity, date cues, label visibility, rights note, and capture coordinates before OCR or transcription.",reviewer;reviewed_at;source_url;source_title_or_owner;review_decision;reviewer_notes;source_access_result;label_visibility;rights_note;capture_or_archive_coordinates,,,,,1,0,0,0
hybrid-ocr-v1,manual_review_c86626157ea175,ritz_original_crackers__2010s__446__2,ritz_original_crackers,Ritz Original Crackers,2010s,www.foodrepo.org,https://www.foodrepo.org/en/products/55269,needs_source_review,,needs_source_review,0,,0,0,0,0,0,source_page_capture_blocked_no_network,"Open the source URL, confirm product identity, date cues, label visibility, rights note, and capture coordinates before OCR or transcription.",reviewer;reviewed_at;source_url;source_title_or_owner;review_decision;reviewer_notes;source_access_result;label_visibility;rights_note;capture_or_archive_coordinates,,,,,1,0,0,0
hybrid-ocr-v1,manual_review_fe4d2290c5d126,ritz_original_crackers__2010s__447__3,ritz_original_crackers,Ritz Original Crackers,2010s,www.foodrepo.org,https://www.foodrepo.org/en/products/243058,needs_source_review,,needs_source_review,0,,0,0,0,0,0,source_page_capture_blocked_no_network,"Open the source URL, confirm product identity, date cues, label visibility, rights note, and capture coordinates before OCR or transcription.",reviewer;reviewed_at;source_url;source_title_or_owner;review_decision;reviewer_notes;source_access_result;label_visibility;rights_note;capture_or_archive_coordinates,,,,,1,0,0,0
hybrid-ocr-v1,manual_review_44088e6b3f4c96,ritz_original_crackers__2010s__468__1,ritz_original_crackers,Ritz Original Crackers,2010s,www.snackworks.com,https://www.snackworks.com/products/ritz-original-crackers-family-size-206-oz/index.html,needs_source_review,,needs_source_review,0,,0,0,0,0,0,source_page_capture_blocked_no_network,"Open the source URL, confirm product identity, date cues, label visibility, rights note, and capture coordinates before OCR or transcription.",reviewer;reviewed_at;source_url;source_title_or_owner;review_decision;reviewer_notes;source_access_result;label_visibility;rights_note;capture_or_archive_coordinates,,,,,1,0,0,0
hybrid-ocr-v1,manual_review_1646ecde0d4361,ritz_original_crackers__current_2020s__19__5,ritz_original_crackers,Ritz Original Crackers,current_2020s,smartlabel.mondelez.info,https://smartlabel.mondelez.info/044000069056-0001-en-US/index.html,needs_source_review,,needs_source_review,0,,0,0,0,0,0,source_page_capture_blocked_no_network,"Open the source URL, confirm product identity, date cues, label visibility, rights note, and capture coordinates before OCR or transcription.",reviewer;reviewed_at;source_url;source_title_or_owner;review_decision;reviewer_notes;source_access_result;label_visibility;rights_note;capture_or_archive_coordinates,,,,,1,0,0,0
hybrid-ocr-v1,manual_review_9db5c5e66607fa,ritz_original_crackers__current_2020s__20__4,ritz_original_crackers,Ritz Original Crackers,current_2020s,smartlabel.mondelez.info,https://smartlabel.mondelez.info/044000031121-0001-en-US/index.html,needs_source_review,,needs_source_review,0,,0,0,0,0,0,source_page_capture_blocked_no_network,"Open the source URL, confirm product identity, date cues, label visibility, rights note, and capture coordinates before OCR or transcription.",reviewer;reviewed_at;source_url;source_title_or_owner;review_decision;reviewer_notes;source_access_result;label_visibility;rights_note;capture_or_archive_coordinates,,,,,1,0,0,0
hybrid-ocr-v1,manual_review_dc4f142b1c4d1e,ritz_original_crackers__current_2020s__29__3,ritz_original_crackers,Ritz Original Crackers,current_2020s,smartlabel.mondelez.info,https://smartlabel.mondelez.info/044000031121-0001-en-US/index.html,needs_source_review,,needs_source_review,0,,0,0,0,0,0,source_page_capture_blocked_no_network,"Open the source URL, confirm product identity, date cues, label visibility, rights note, and capture coordinates before OCR or transcription.",reviewer;reviewed_at;source_url;source_title_or_owner;review_decision;reviewer_notes;source_access_result;label_visibility;rights_note;capture_or_archive_coordinates,,,,,1,0,0,0
hybrid-ocr-v1,manual_review_e8114c6d39d8d2,ritz_original_crackers__current_2020s__30__2,ritz_original_crackers,Ritz Original Crackers,current_2020s,smartlabel.mondelez.info,https://smartlabel.mondelez.info/044000031121-0001-en-US/index.html,needs_source_review,,needs_source_review,0,,0,0,0,0,0,source_page_capture_blocked_no_network,"Open the source URL, confirm product identity, date cues, label visibility, rights note, and capture coordinates before OCR or transcription.",reviewer;reviewed_at;source_url;source_title_or_owner;review_decision;reviewer_notes;source_access_result;label_visibility;rights_note;capture_or_archive_coordinates,,,,,1,0,0,0
hybrid-ocr-v1,manual_review_86c8d3d8899313,ritz_original_crackers__current_2020s__318__1,ritz_original_crackers,Ritz Original Crackers,current_2020s,www.walmart.com,https://www.walmart.com/ip/34632324,needs_source_review,,needs_source_review,0,,0,0,0,0,0,source_page_capture_blocked_no_network,"Open the source URL, confirm product identity, date cues, label visibility, rights note, and capture coordinates before OCR or transcription.",reviewer;reviewed_at;source_url;source_title_or_owner;review_decision;reviewer_notes;source_access_result;label_visibility;rights_note;capture_or_archive_coordinates,,,,,1,0,0,0
hybrid-ocr-v1,manual_review_91cb9cb720d17f,ritz_original_crackers__current_2020s__447__7,ritz_original_crackers,Ritz Original Crackers,current_2020s,www.foodrepo.org,https://www.foodrepo.org/en/products/243058,needs_source_review,,needs_source_review,0,,0,0,0,0,0,source_page_capture_blocked_no_network,"Open the source URL, confirm product identity, date cues, label visibility, rights note, and capture coordinates before OCR or transcription.",reviewer;reviewed_at;source_url;source_title_or_owner;review_decision;reviewer_notes;source_access_result;label_visibility;rights_note;capture_or_archive_coordinates,,,,,1,0,0,0
hybrid-ocr-v1,manual_review_5cd1dd91da8777,ritz_original_crackers__current_2020s__468__6,ritz_original_crackers,Ritz Original Crackers,current_2020s,www.snackworks.com,https://www.snackworks.com/products/ritz-original-crackers-family-size-206-oz/index.html,needs_source_review,,needs_source_review,0,,0,0,0,0,0,source_page_capture_blocked_no_network,"Open the source URL, confirm product identity, date cues, label visibility, rights note, and capture coordinates before OCR or transcription.",reviewer;reviewed_at;source_url;source_title_or_owner;review_decision;reviewer_notes;source_access_result;label_visibility;rights_note;capture_or_archive_coordinates,,,,,1,0,0,0
hybrid-ocr-v1,manual_review_6674a450cfb2f3,ritz_original_crackers__earliest_verified_label__401__2,ritz_original_crackers,Ritz Original Crackers,earliest_verified_label,www.flickr.com,https://www.flickr.com/photos/25692985%40N07/3780750883/,needs_source_review,,needs_source_review,0,,0,0,0,0,0,source_page_capture_blocked_no_network,"Open the source URL, confirm product identity, date cues, label visibility, rights note, and capture coordinates before OCR or transcription.",reviewer;reviewed_at;source_url;source_title_or_owner;review_decision;reviewer_notes;source_access_result;label_visibility;rights_note;capture_or_archive_coordinates,,,,,1,0,0,0
hybrid-ocr-v1,manual_review_e3130e0f2b776c,ruffles_original__current_2020s__494__4,ruffles_original,Ruffles Original Potato Chips,current_2020s,smartlabel.pepsico.info,https://smartlabel.pepsico.info/028400077910-0012-en-US/index.html,needs_source_review,,needs_source_review,0,,0,0,0,0,0,source_page_capture_blocked_no_network,"Open the source URL, confirm product identity, date cues, label visibility, rights note, and capture coordinates before OCR or transcription.",reviewer;reviewed_at;source_url;source_title_or_owner;review_decision;reviewer_notes;source_access_result;label_visibility;rights_note;capture_or_archive_coordinates,,,,,1,0,0,0
hybrid-ocr-v1,manual_review_518828727a7e87,ruffles_original__current_2020s__79__3,ruffles_original,Ruffles Original Potato Chips,current_2020s,smartlabel.pepsico.info,https://smartlabel.pepsico.info/028400020893-0003-en-US/index.html,needs_source_review,,needs_source_review,0,,0,0,0,0,0,source_page_capture_blocked_no_network,"Open the source URL, confirm product identity, date cues, label visibility, rights note, and capture coordinates before OCR or transcription.",reviewer;reviewed_at;source_url;source_title_or_owner;review_decision;reviewer_notes;source_access_result;label_visibility;rights_note;capture_or_archive_coordinates,,,,,1,0,0,0
hybrid-ocr-v1,manual_review_1cf76ff9fd79aa,skippy_creamy_peanut_butter__current_2020s__66__4,skippy_creamy_peanut_butter,Skippy Creamy Peanut Butter,current_2020s,www.peanutbutter.com,https://www.peanutbutter.com/product/creamy-peanut-butter/,needs_source_review,,needs_source_review,0,,0,0,0,0,0,source_page_capture_blocked_no_network,"Open the source URL, confirm product identity, date cues, label visibility, rights note, and capture coordinates before OCR or transcription.",reviewer;reviewed_at;source_url;source_title_or_owner;review_decision;reviewer_notes;source_access_result;label_visibility;rights_note;capture_or_archive_coordinates,,,,,1,0,0,0
hybrid-ocr-v1,manual_review_d00264cb5d73dd,snickers_bar__current_2020s__49__1,snickers_bar,Snickers Bar,current_2020s,www.snickers.com,https://www.snickers.com/products/chocolate/snickers-singles-size-chocolate-candy-bar-186-oz,needs_source_review,,needs_source_review,0,,0,0,0,0,0,source_page_capture_blocked_no_network,"Open the source URL, confirm product identity, date cues, label visibility, rights note, and capture coordinates before OCR or transcription.",reviewer;reviewed_at;source_url;source_title_or_owner;review_decision;reviewer_notes;source_access_result;label_visibility;rights_note;capture_or_archive_coordinates,,,,,1,0,0,0
hybrid-ocr-v1,manual_review_a5b3bc4e96e4be,snickers_bar__current_2020s__526__2,snickers_bar,Snickers Bar,current_2020s,www.walmart.com,https://www.walmart.com/ip/38253488,needs_source_review,,needs_source_review,0,,0,0,0,0,0,source_page_capture_blocked_no_network,"Open the source URL, confirm product identity, date cues, label visibility, rights note, and capture coordinates before OCR or transcription.",reviewer;reviewed_at;source_url;source_title_or_owner;review_decision;reviewer_notes;source_access_result;label_visibility;rights_note;capture_or_archive_coordinates,,,,,1,0,0,0
hybrid-ocr-v1,manual_review_8f6c8c322898a0,spam_classic__2010s__686__2,spam_classic,SPAM Classic,2010s,osm-us.com,https://osm-us.com/index.php?main_page=product_info&products_id=3529,needs_source_review,,needs_source_review,0,,0,0,0,0,0,source_page_capture_blocked_no_network,"Open the source URL, confirm product identity, date cues, label visibility, rights note, and capture coordinates before OCR or transcription.",reviewer;reviewed_at;source_url;source_title_or_owner;review_decision;reviewer_notes;source_access_result;label_visibility;rights_note;capture_or_archive_coordinates,,,,,1,0,0,0
hybrid-ocr-v1,manual_review_cfd79e00cc0ce5,spam_classic__current_2020s__67__7,spam_classic,SPAM Classic,current_2020s,www.spam.com,https://www.spam.com/varieties/spam-classic,needs_source_review,,needs_source_review,0,,0,0,0,0,0,source_page_capture_blocked_no_network,"Open the source URL, confirm product identity, date cues, label visibility, rights note, and capture coordinates before OCR or transcription.",reviewer;reviewed_at;source_url;source_title_or_owner;review_decision;reviewer_notes;source_access_result;label_visibility;rights_note;capture_or_archive_coordinates,,,,,1,0,0,0
hybrid-ocr-v1,manual_review_75a0db9df64474,spam_classic__earliest_verified_label__733__1,spam_classic,SPAM Classic,earliest_verified_label,www.spam.com,https://www.spam.com/what-is-spam-brand,needs_source_review,,needs_source_review,0,,0,0,0,0,0,source_page_capture_blocked_no_network,"Open the source URL, confirm product identity, date cues, label visibility, rights note, and capture coordinates before OCR or transcription.",reviewer;reviewed_at;source_url;source_title_or_owner;review_decision;reviewer_notes;source_access_result;label_visibility;rights_note;capture_or_archive_coordinates,,,,,1,0,0,0
hybrid-ocr-v1,manual_review_3be1e730852121,sprite_original__earliest_verified_label__417__1,sprite_original,Sprite Original,earliest_verified_label,www.flickr.com,https://www.flickr.com/photos/jasonliebigstuff/581987504,needs_source_review,,needs_source_review,0,,0,0,0,0,0,source_page_capture_blocked_no_network,"Open the source URL, confirm product identity, date cues, label visibility, rights note, and capture coordinates before OCR or transcription.",reviewer;reviewed_at;source_url;source_title_or_owner;review_decision;reviewer_notes;source_access_result;label_visibility;rights_note;capture_or_archive_coordinates,,,,,1,0,0,0
hybrid-ocr-v1,manual_review_dbb42835f101fb,tostitos_original__2010s__1065__1,tostitos_original,Tostitos Original Restaurant Style,2010s,www.foodrepo.org,https://www.foodrepo.org/en/products/53357,needs_source_review,,needs_source_review,0,,0,0,0,0,0,source_page_capture_blocked_no_network,"Open the source URL, confirm product identity, date cues, label visibility, rights note, and capture coordinates before OCR or transcription.",reviewer;reviewed_at;source_url;source_title_or_owner;review_decision;reviewer_notes;source_access_result;label_visibility;rights_note;capture_or_archive_coordinates,,,,,1,0,0,0
hybrid-ocr-v1,manual_review_f81e693bb55f42,tostitos_original__current_2020s__90__4,tostitos_original,Tostitos Original Restaurant Style,current_2020s,smartlabel.pepsico.info,https://smartlabel.pepsico.info/028400517997-0005-en-US/index.html?stylekey=tostitos-10,needs_source_review,,needs_source_review,0,,0,0,0,0,0,source_page_capture_blocked_no_network,"Open the source URL, confirm product identity, date cues, label visibility, rights note, and capture coordinates before OCR or transcription.",reviewer;reviewed_at;source_url;source_title_or_owner;review_decision;reviewer_notes;source_access_result;label_visibility;rights_note;capture_or_archive_coordinates,,,,,1,0,0,0
hybrid-ocr-v1,manual_review_159f2906eb72db,totinos_pizza_rolls__2010s__557__1,totinos_pizza_rolls,Totino's Pizza Rolls,2010s,www.walmart.com,https://www.walmart.com/ip/51259445,needs_source_review,,needs_source_review,0,,0,0,0,0,0,source_page_capture_blocked_no_network,"Open the source URL, confirm product identity, date cues, label visibility, rights note, and capture coordinates before OCR or transcription.",reviewer;reviewed_at;source_url;source_title_or_owner;review_decision;reviewer_notes;source_access_result;label_visibility;rights_note;capture_or_archive_coordinates,,,,,1,0,0,0
hybrid-ocr-v1,manual_review_2ad8fab91c7fa8,totinos_pizza_rolls__current_2020s__557__4,totinos_pizza_rolls,Totino's Pizza Rolls,current_2020s,www.walmart.com,https://www.walmart.com/ip/51259445,needs_source_review,,needs_source_review,0,,0,0,0,0,0,source_page_capture_blocked_no_network,"Open the source URL, confirm product identity, date cues, label visibility, rights note, and capture coordinates before OCR or transcription.",reviewer;reviewed_at;source_url;source_title_or_owner;review_decision;reviewer_notes;source_access_result;label_visibility;rights_note;capture_or_archive_coordinates,,,,,1,0,0,0
hybrid-ocr-v1,manual_review_8f7411b39b471f,totinos_pizza_rolls__current_2020s__749__2,totinos_pizza_rolls,Totino's Pizza Rolls,current_2020s,www.super1foods.com,https://www.super1foods.com/sm/pickup/rsid/617/product/totinos-pepperoni-pizza-rolls-0496-ounce-50-count-id-00042800109538,needs_source_review,,needs_source_review,0,,0,0,0,0,0,source_page_capture_blocked_no_network,"Open the source URL, confirm product identity, date cues, label visibility, rights note, and capture coordinates before OCR or transcription.",reviewer;reviewed_at;source_url;source_title_or_owner;review_decision;reviewer_notes;source_access_result;label_visibility;rights_note;capture_or_archive_coordinates,,,,,1,0,0,0
hybrid-ocr-v1,manual_review_cd520f3e4c3cfe,totinos_pizza_rolls__current_2020s__91__3,totinos_pizza_rolls,Totino's Pizza Rolls,current_2020s,www.totinos.com,https://www.totinos.com/products/pepperoni-pizza-rolls/,needs_source_review,,needs_source_review,0,,0,0,0,0,0,source_page_capture_blocked_no_network,"Open the source URL, confirm product identity, date cues, label visibility, rights note, and capture coordinates before OCR or transcription.",reviewer;reviewed_at;source_url;source_title_or_owner;review_decision;reviewer_notes;source_access_result;label_visibility;rights_note;capture_or_archive_coordinates,,,,,1,0,0,0
hybrid-ocr-v1,manual_review_92fbd7a6f50c37,triscuit_original__2010s__937__1,triscuit_original,Triscuit Original Crackers,2010s,smartlabel.mondelez.info,https://smartlabel.mondelez.info/044000050986-0001-en-US/index.html,needs_source_review,,needs_source_review,0,,0,0,0,0,0,source_page_capture_blocked_no_network,"Open the source URL, confirm product identity, date cues, label visibility, rights note, and capture coordinates before OCR or transcription.",reviewer;reviewed_at;source_url;source_title_or_owner;review_decision;reviewer_notes;source_access_result;label_visibility;rights_note;capture_or_archive_coordinates,,,,,1,0,0,0
hybrid-ocr-v1,manual_review_36d344efbad813,triscuit_original__current_2020s__319__1,triscuit_original,Triscuit Original Crackers,current_2020s,www.walmart.com,https://www.walmart.com/ip/5229071936,needs_source_review,,needs_source_review,0,,0,0,0,0,0,source_page_capture_blocked_no_network,"Open the source URL, confirm product identity, date cues, label visibility, rights note, and capture coordinates before OCR or transcription.",reviewer;reviewed_at;source_url;source_title_or_owner;review_decision;reviewer_notes;source_access_result;label_visibility;rights_note;capture_or_archive_coordinates,,,,,1,0,0,0
hybrid-ocr-v1,manual_review_ec51df03be1d7d,triscuit_original__current_2020s__62__6,triscuit_original,Triscuit Original Crackers,current_2020s,smartlabel.mondelez.info,https://smartlabel.mondelez.info/044000077143-0001-en-US/index.html,needs_source_review,,needs_source_review,0,,0,0,0,0,0,source_page_capture_blocked_no_network,"Open the source URL, confirm product identity, date cues, label visibility, rights note, and capture coordinates before OCR or transcription.",reviewer;reviewed_at;source_url;source_title_or_owner;review_decision;reviewer_notes;source_access_result;label_visibility;rights_note;capture_or_archive_coordinates,,,,,1,0,0,0
hybrid-ocr-v1,manual_review_218fb80ccb76fb,triscuit_original__current_2020s__754__5,triscuit_original,Triscuit Original Crackers,current_2020s,www.walmart.com,https://www.walmart.com/ip/534402624,needs_source_review,,needs_source_review,0,,0,0,0,0,0,source_page_capture_blocked_no_network,"Open the source URL, confirm product identity, date cues, label visibility, rights note, and capture coordinates before OCR or transcription.",reviewer;reviewed_at;source_url;source_title_or_owner;review_decision;reviewer_notes;source_access_result;label_visibility;rights_note;capture_or_archive_coordinates,,,,,1,0,0,0
hybrid-ocr-v1,manual_review_7c8ef72d8d5385,triscuit_original__current_2020s__936__3,triscuit_original,Triscuit Original Crackers,current_2020s,smartlabel.mondelez.info,https://smartlabel.mondelez.info/044000050986-0002-en-US/index.html,needs_source_review,,needs_source_review,0,,0,0,0,0,0,source_page_capture_blocked_no_network,"Open the source URL, confirm product identity, date cues, label visibility, rights note, and capture coordinates before OCR or transcription.",reviewer;reviewed_at;source_url;source_title_or_owner;review_decision;reviewer_notes;source_access_result;label_visibility;rights_note;capture_or_archive_coordinates,,,,,1,0,0,0
hybrid-ocr-v1,manual_review_77a76c258f2e06,triscuit_original__current_2020s__937__4,triscuit_original,Triscuit Original Crackers,current_2020s,smartlabel.mondelez.info,https://smartlabel.mondelez.info/044000050986-0001-en-US/index.html,needs_source_review,,needs_source_review,0,,0,0,0,0,0,source_page_capture_blocked_no_network,"Open the source URL, confirm product identity, date cues, label visibility, rights note, and capture coordinates before OCR or transcription.",reviewer;reviewed_at;source_url;source_title_or_owner;review_decision;reviewer_notes;source_access_result;label_visibility;rights_note;capture_or_archive_coordinates,,,,,1,0,0,0
hybrid-ocr-v1,manual_review_f81e05a24ef1c5,velveeta_shells_and_cheese__2010s__680__1,velveeta_shells_and_cheese,Velveeta Shells & Cheese,2010s,upcfoodsearch.com,https://upcfoodsearch.com/food-products/pasta-side-mixes/021000045129/,needs_source_review,,needs_source_review,0,,0,0,0,0,0,source_page_capture_blocked_no_network,"Open the source URL, confirm product identity, date cues, label visibility, rights note, and capture coordinates before OCR or transcription.",reviewer;reviewed_at;source_url;source_title_or_owner;review_decision;reviewer_notes;source_access_result;label_visibility;rights_note;capture_or_archive_coordinates,,,,,1,0,0,0
hybrid-ocr-v1,manual_review_30acd8eb1acd40,velveeta_shells_and_cheese__current_2020s__94__2,velveeta_shells_and_cheese,Velveeta Shells & Cheese,current_2020s,www.walmart.com,https://www.walmart.com/ip/10295758,needs_source_review,,needs_source_review,0,,0,0,0,0,0,source_page_capture_blocked_no_network,"Open the source URL, confirm product identity, date cues, label visibility, rights note, and capture coordinates before OCR or transcription.",reviewer;reviewed_at;source_url;source_title_or_owner;review_decision;reviewer_notes;source_access_result;label_visibility;rights_note;capture_or_archive_coordinates,,,,,1,0,0,0
hybrid-ocr-v1,manual_review_2528ac199718ad,velveeta_shells_and_cheese__earliest_verified_label__679__2,velveeta_shells_and_cheese,Velveeta Shells & Cheese,earliest_verified_label,upcfoodsearch.com,https://upcfoodsearch.com/food-products/pasta-side-mixes/021000023226/,needs_source_review,,needs_source_review,0,,0,0,0,0,0,source_page_capture_blocked_no_network,"Open the source URL, confirm product identity, date cues, label visibility, rights note, and capture coordinates before OCR or transcription.",reviewer;reviewed_at;source_url;source_title_or_owner;review_decision;reviewer_notes;source_access_result;label_visibility;rights_note;capture_or_archive_coordinates,,,,,1,0,0,0
hybrid-ocr-v1,manual_review_af056aa5ae6f51,velveeta_shells_and_cheese__earliest_verified_label__680__1,velveeta_shells_and_cheese,Velveeta Shells & Cheese,earliest_verified_label,upcfoodsearch.com,https://upcfoodsearch.com/food-products/pasta-side-mixes/021000045129/,needs_source_review,,needs_source_review,0,,0,0,0,0,0,source_page_capture_blocked_no_network,"Open the source URL, confirm product identity, date cues, label visibility, rights note, and capture coordinates before OCR or transcription.",reviewer;reviewed_at;source_url;source_title_or_owner;review_decision;reviewer_notes;source_access_result;label_visibility;rights_note;capture_or_archive_coordinates,,,,,1,0,0,0
hybrid-ocr-v1,manual_review_a06b2af165f2f0,wheat_thins_original__current_2020s__1000__5,wheat_thins_original,Wheat Thins Original,current_2020s,smartlabel.mondelez.info,https://smartlabel.mondelez.info/044000009625-0003-en-US/index.html,needs_source_review,,needs_source_review,0,,0,0,0,0,0,source_page_capture_blocked_no_network,"Open the source URL, confirm product identity, date cues, label visibility, rights note, and capture coordinates before OCR or transcription.",reviewer;reviewed_at;source_url;source_title_or_owner;review_decision;reviewer_notes;source_access_result;label_visibility;rights_note;capture_or_archive_coordinates,,,,,1,0,0,0
hybrid-ocr-v1,manual_review_16a9ff0404cd46,wheat_thins_original__current_2020s__1001__8,wheat_thins_original,Wheat Thins Original,current_2020s,www.ewg.org,https://www.ewg.org/foodscores/products/019320007989-WheatThinsOriginalSnacksOriginal/,needs_source_review,,needs_source_review,0,,0,0,0,0,0,source_page_capture_blocked_no_network,"Open the source URL, confirm product identity, date cues, label visibility, rights note, and capture coordinates before OCR or transcription.",reviewer;reviewed_at;source_url;source_title_or_owner;review_decision;reviewer_notes;source_access_result;label_visibility;rights_note;capture_or_archive_coordinates,,,,,1,0,0,0
hybrid-ocr-v1,manual_review_0bb8aa726b58e4,wheat_thins_original__current_2020s__313__1,wheat_thins_original,Wheat Thins Original,current_2020s,www.walmart.com,https://www.walmart.com/ip/16632570806,needs_source_review,,needs_source_review,0,,0,0,0,0,0,source_page_capture_blocked_no_network,"Open the source URL, confirm product identity, date cues, label visibility, rights note, and capture coordinates before OCR or transcription.",reviewer;reviewed_at;source_url;source_title_or_owner;review_decision;reviewer_notes;source_access_result;label_visibility;rights_note;capture_or_archive_coordinates,,,,,1,0,0,0
hybrid-ocr-v1,manual_review_809f6b121067b9,wheat_thins_original__current_2020s__516__2,wheat_thins_original,Wheat Thins Original,current_2020s,business.walmart.com,https://business.walmart.com/ip/Wheat-Thins-Original-Whole-Grain-Wheat-Crackers-Family-Size-16-oz/10292635,needs_source_review,,needs_source_review,0,,0,0,0,0,0,source_page_capture_blocked_no_network,"Open the source URL, confirm product identity, date cues, label visibility, rights note, and capture coordinates before OCR or transcription.",reviewer;reviewed_at;source_url;source_title_or_owner;review_decision;reviewer_notes;source_access_result;label_visibility;rights_note;capture_or_archive_coordinates,,,,,1,0,0,0
hybrid-ocr-v1,manual_review_3db3547ae802b1,wheat_thins_original__current_2020s__517__6,wheat_thins_original,Wheat Thins Original,current_2020s,spoonfulapp.com,https://spoonfulapp.com/products/wheat-thins-original-whole-grain-wheat-crackers-family-size-16-oz/MDA0NDAwMDAwMjI1MQ%3D%3D,needs_source_review,,needs_source_review,0,,0,0,0,0,0,source_page_capture_blocked_no_network,"Open the source URL, confirm product identity, date cues, label visibility, rights note, and capture coordinates before OCR or transcription.",reviewer;reviewed_at;source_url;source_title_or_owner;review_decision;reviewer_notes;source_access_result;label_visibility;rights_note;capture_or_archive_coordinates,,,,,1,0,0,0
hybrid-ocr-v1,manual_review_6404efb9209254,wheat_thins_original__current_2020s__56__3,wheat_thins_original,Wheat Thins Original,current_2020s,www.kroger.com,https://www.kroger.com/p/wheat-thins-original-whole-grain-wheat-crackers/0004400006918,needs_source_review,,needs_source_review,0,,0,0,0,0,0,source_page_capture_blocked_no_network,"Open the source URL, confirm product identity, date cues, label visibility, rights note, and capture coordinates before OCR or transcription.",reviewer;reviewed_at;source_url;source_title_or_owner;review_decision;reviewer_notes;source_access_result;label_visibility;rights_note;capture_or_archive_coordinates,,,,,1,0,0,0
hybrid-ocr-v1,manual_review_833d2afc6ba19c,wheat_thins_original__current_2020s__57__4,wheat_thins_original,Wheat Thins Original,current_2020s,www.directionsforme.org,https://www.directionsforme.org/product/75431,needs_source_review,,needs_source_review,0,,0,0,0,0,0,source_page_capture_blocked_no_network,"Open the source URL, confirm product identity, date cues, label visibility, rights note, and capture coordinates before OCR or transcription.",reviewer;reviewed_at;source_url;source_title_or_owner;review_decision;reviewer_notes;source_access_result;label_visibility;rights_note;capture_or_archive_coordinates,,,,,1,0,0,0
hybrid-ocr-v1,manual_review_d464193124c9bb,wheat_thins_original__current_2020s__870__7,wheat_thins_original,Wheat Thins Original,current_2020s,smartlabel.mondelez.info,https://smartlabel.mondelez.info/00044000027117-0001-en-US/index.html,needs_source_review,,needs_source_review,0,,0,0,0,0,0,source_page_capture_blocked_no_network,"Open the source URL, confirm product identity, date cues, label visibility, rights note, and capture coordinates before OCR or transcription.",reviewer;reviewed_at;source_url;source_title_or_owner;review_decision;reviewer_notes;source_access_result;label_visibility;rights_note;capture_or_archive_coordinates,,,,,1,0,0,0
