product_id,product_name,category,corpus_scope,version_id,vintage,version_label,year,version_status,panel_acquisition_state,priority,evidence_count,primary_panel_candidate_count,public_panel_embed_count,secondary_context_count,candidate_text_available,manual_verified,missing_primary_panel,needs_panel_acquisition,top_evidence_id,top_source_title,top_source_domain,top_source_url,label_panel_state,photo_role,public_display_rule,next_action
cheerios_original,Cheerios Original,cereal,story_rich_pilot,earliest_verified_label,earliest_verified_label,Earliest bounded chapter,1950,label_text_candidate,panel_source_candidate,125,4,1,0,3,1,0,0,1,cheerios_original_evidence_1,1985 General Mills Cheerios Cereal Box Back - Flickr,flickr.com,https://www.flickr.com/photos/25692985%40N07/3523833856,ingredient panel visible,package or source evidence,source_receipt_or_gap_only,"Capture a private crop of the ingredient/nutrition/document panel, run native OCR, and batch-review the candidate text."
coca_cola_classic,Coca-Cola Classic,beverages,story_rich_pilot,earliest_verified_label,earliest_verified_label,Earliest bounded chapter,1950,label_text_candidate,panel_source_candidate,125,4,1,0,3,1,0,0,1,coca_cola_classic_evidence_1,1960s Coca-Cola syrup label collector photo,flickr.com,https://www.flickr.com/photos/studioz7/29453244726,ingredient panel visible,package or source evidence,source_receipt_or_gap_only,"Capture a private crop of the ingredient/nutrition/document panel, run native OCR, and batch-review the candidate text."
oreo_original_chocolate_sandwich_cookies,Oreo Original Chocolate Sandwich Cookies,packaged cookies,story_rich_pilot,package_1993,1990s,1993 label candidate,1993,label_text_candidate,panel_source_candidate,125,1,1,0,0,1,0,0,1,flickr_oreo_1993,Nabisco - Oreo - 6-pack cookie pack - 1993 - Flickr,flickr.com,https://www.flickr.com/photos/jasonliebigstuff/6823914204,ingredient/nutrition panel visible in supplied screenshot,front/package object plus ingredient panel,source_receipt_or_gap_only,"Capture a private crop of the ingredient/nutrition/document panel, run native OCR, and batch-review the candidate text."
campbells_tomato_soup,Campbell's Condensed Tomato Soup,soup,story_rich_pilot,current_2020s,current_2020s,Current anchor,2026,label_text_candidate,panel_source_candidate,117,4,4,0,0,1,0,0,1,campbells_tomato_soup_evidence_7,Campbell's Condensed Tomato Soup 10.75 oz current product page,campbells.com,https://www.campbells.com/products/condensed/tomato-soup/,ingredient panel visible; net weight visible,package or source evidence,source_receipt_or_gap_only,"Capture a private crop of the ingredient/nutrition/document panel, run native OCR, and batch-review the candidate text."
cheerios_original,Cheerios Original,cereal,story_rich_pilot,current_2020s,current_2020s,Current anchor,2026,label_text_candidate,panel_source_candidate,117,1,1,0,0,1,0,0,1,cheerios_original_evidence_8,Original Cheerios - Cheerios,cheerios.com,https://www.cheerios.com/products/original-cheerios,ingredient panel visible; net weight visible,package or source evidence,source_receipt_or_gap_only,"Capture a private crop of the ingredient/nutrition/document panel, run native OCR, and batch-review the candidate text."
coca_cola_classic,Coca-Cola Classic,beverages,story_rich_pilot,current_2020s,current_2020s,Current anchor,2026,label_text_candidate,panel_source_candidate,117,1,1,0,0,1,0,0,1,coca_cola_classic_evidence_6,Coca-Cola Original Soda current US product page,coca-cola.com,https://www.coca-cola.com/us/en/brands/coca-cola/products/original?redirect=true,ingredient panel visible; nutrition panel visible,package or source evidence,source_receipt_or_gap_only,"Capture a private crop of the ingredient/nutrition/document panel, run native OCR, and batch-review the candidate text."
doritos_nacho_cheese,Doritos Nacho Cheese,chips,story_rich_pilot,current_2020s,current_2020s,Current anchor,2026,label_text_candidate,panel_source_candidate,117,4,4,0,0,1,0,0,1,doritos_nacho_cheese_evidence_7,Doritos Nacho Cheese Flavored Tortilla Chips - H-E-B,heb.com,https://www.heb.com/product-detail/doritos-nacho-cheese-flavored-tortilla-chips/1530760,ingredient panel visible,package or source evidence,source_receipt_or_gap_only,"Capture a private crop of the ingredient/nutrition/document panel, run native OCR, and batch-review the candidate text."
heinz_tomato_ketchup,Heinz Tomato Ketchup,condiments,story_rich_pilot,current_2020s,current_2020s,Current anchor,2026,label_text_candidate,panel_source_candidate,117,4,4,0,0,1,0,0,1,heinz_tomato_ketchup_evidence_6,Heinz Tomato Ketchup 14 oz bottle Walmart page,walmart.com,https://www.walmart.com/ip/20971263,ingredient panel visible; net weight visible,package or source evidence,source_receipt_or_gap_only,"Capture a private crop of the ingredient/nutrition/document panel, run native OCR, and batch-review the candidate text."
kraft_macaroni_and_cheese_original,Kraft Macaroni & Cheese Original,prepared foods,story_rich_pilot,current_2020s,current_2020s,Current anchor,2026,label_text_candidate,panel_source_candidate,117,4,4,0,0,1,0,0,1,kraft_macaroni_and_cheese_original_evidence_8,"Kraft Mac and Cheese, Original Flavor, 7.25 oz - Walmart",walmart.com,https://www.walmart.com/ip/1178903502,ingredient panel visible; net weight visible,package or source evidence,source_receipt_or_gap_only,"Capture a private crop of the ingredient/nutrition/document panel, run native OCR, and batch-review the candidate text."
mcdonalds_big_mac,McDonald's Big Mac,fast food,story_rich_pilot,earliest_verified_label,earliest_verified_label,Earliest bounded chapter,1950,usable_photo,panel_source_candidate,117,3,1,0,2,0,0,0,1,mcdonalds_big_mac_evidence_1,McDonald's USA Nutrition Facts for Popular Menu Items PDF mirror,grist.org,https://grist.org/wp-content/uploads/2010/07/nutritionfacts.pdf,panel role not yet reviewed,document/disclosure source,source_receipt_or_gap_only,"Capture a private crop of the ingredient/nutrition/document panel, run native OCR, and batch-review the candidate text."
mcdonalds_big_mac,McDonald's Big Mac,fast food,story_rich_pilot,current_2020s,current_2020s,Current anchor,2026,label_text_candidate,panel_source_candidate,117,2,2,0,0,1,0,0,1,mcdonalds_big_mac_evidence_5,Big Mac - McDonald's US Spanish product page,mcdonalds.com,https://www.mcdonalds.com/us/es-us/product/big-mac.html,ingredient panel visible,document/disclosure source,source_receipt_or_gap_only,"Capture a private crop of the ingredient/nutrition/document panel, run native OCR, and batch-review the candidate text."
mcdonalds_chicken_mcnuggets,McDonald's Chicken McNuggets,fast food,story_rich_pilot,earliest_verified_label,earliest_verified_label,Earliest bounded chapter,1950,usable_photo,panel_source_candidate,117,3,1,0,2,0,0,0,1,mcdonalds_chicken_mcnuggets_evidence_2,McDonald's USA Nutrition Facts for Popular Menu Items PDF mirror - McNuggets rows,grist.org,https://grist.org/wp-content/uploads/2010/07/nutritionfacts.pdf,panel role not yet reviewed,document/disclosure source,source_receipt_or_gap_only,"Capture a private crop of the ingredient/nutrition/document panel, run native OCR, and batch-review the candidate text."
mcdonalds_chicken_mcnuggets,McDonald's Chicken McNuggets,fast food,story_rich_pilot,current_2020s,current_2020s,Current anchor,2026,label_text_candidate,panel_source_candidate,117,2,2,0,0,1,0,0,1,mcdonalds_chicken_mcnuggets_evidence_7,4 Piece Chicken McNuggets with All White Meat Chicken - McDonald's,mcdonalds.com,https://www.mcdonalds.com/us/en-us/product/chicken-mcnuggets-4-piece.html,ingredient panel visible,document/disclosure source,source_receipt_or_gap_only,"Capture a private crop of the ingredient/nutrition/document panel, run native OCR, and batch-review the candidate text."
oreo_original_chocolate_sandwich_cookies,Oreo Original Chocolate Sandwich Cookies,packaged cookies,story_rich_pilot,current_2020s,current_2020s,Current SKU anchor,2026,label_text_candidate,panel_source_candidate,117,4,4,0,0,1,0,0,1,smartlabel_oreo_143,Nabisco Oreo Sandwich Cookies 14.3 oz - SmartLabel,smartlabel.mondelez.info,https://smartlabel.mondelez.info/00044000033262-0001-en-US/index.html,ingredient text candidate,current label source,source_receipt_or_gap_only,"Capture a private crop of the ingredient/nutrition/document panel, run native OCR, and batch-review the candidate text."
poptarts_frosted_strawberry,Pop-Tarts Frosted Strawberry,breakfast,story_rich_pilot,current_2020s,current_2020s,Current anchor,2026,label_text_candidate,panel_source_candidate,117,4,4,0,0,1,0,0,1,poptarts_frosted_strawberry_evidence_7,Frosted Strawberry Pop-Tarts - SmartLabel,smartlabel.kelloggs.com,https://smartlabel.kelloggs.com/Product/Index/038000317316,ingredient panel visible,package or source evidence,source_receipt_or_gap_only,"Capture a private crop of the ingredient/nutrition/document panel, run native OCR, and batch-review the candidate text."
campbells_tomato_soup,Campbell's Condensed Tomato Soup,soup,story_rich_pilot,1980s_or_earlier,1980s_or_earlier,1980s or earlier,1985,label_text_candidate,panel_source_candidate,115,4,1,0,3,1,0,0,1,campbells_tomato_soup_evidence_5,Ingredient Inspector Campbell's Tomato Soup ingredients article,ingredientinspector.org,https://www.ingredientinspector.org/home/campbells-tomato-soup-ingredients,ingredient panel visible,package or source evidence,source_receipt_or_gap_only,"Capture a private crop of the ingredient/nutrition/document panel, run native OCR, and batch-review the candidate text."
cheerios_original,Cheerios Original,cereal,story_rich_pilot,1980s_or_earlier,1980s_or_earlier,1980s or earlier,1985,label_text_candidate,panel_source_candidate,115,4,1,0,3,1,0,0,1,cheerios_original_evidence_1,1985 General Mills Cheerios Cereal Box Back - Flickr,flickr.com,https://www.flickr.com/photos/25692985%40N07/3523833856,ingredient panel visible,package or source evidence,source_receipt_or_gap_only,"Capture a private crop of the ingredient/nutrition/document panel, run native OCR, and batch-review the candidate text."
coca_cola_classic,Coca-Cola Classic,beverages,story_rich_pilot,1980s_or_earlier,1980s_or_earlier,1980s or earlier,1985,label_text_candidate,panel_source_candidate,115,2,1,0,1,1,0,0,1,coca_cola_classic_evidence_1,1960s Coca-Cola syrup label collector photo,flickr.com,https://www.flickr.com/photos/studioz7/29453244726,ingredient panel visible,package or source evidence,source_receipt_or_gap_only,"Capture a private crop of the ingredient/nutrition/document panel, run native OCR, and batch-review the candidate text."
oreo_original_chocolate_sandwich_cookies,Oreo Original Chocolate Sandwich Cookies,packaged cookies,story_rich_pilot,early_package_leads,1980s_or_earlier,1950s-1960s package lead,1960,label_text_candidate,panel_source_candidate,115,4,1,0,3,1,0,0,1,flickr_oreo_1960s,"Nabisco Oreo Creme Sandwich cello package, 1950s-1960s - Flickr",flickr.com,https://www.flickr.com/photos/jasonliebigstuff/4635007453,partial package text visible in supplied screenshot,front/package object plus partial wrapper text,source_receipt_or_gap_only,"Capture a private crop of the ingredient/nutrition/document panel, run native OCR, and batch-review the candidate text."
doritos_nacho_cheese,Doritos Nacho Cheese,chips,story_rich_pilot,2010s,2010s,2010s bridge,2015,label_text_candidate,panel_source_candidate,107,2,1,0,1,1,0,0,1,doritos_nacho_cheese_evidence_7,Doritos Nacho Cheese Flavored Tortilla Chips - H-E-B,heb.com,https://www.heb.com/product-detail/doritos-nacho-cheese-flavored-tortilla-chips/1530760,ingredient panel visible,package or source evidence,source_receipt_or_gap_only,"Capture a private crop of the ingredient/nutrition/document panel, run native OCR, and batch-review the candidate text."
mcdonalds_big_mac,McDonald's Big Mac,fast food,story_rich_pilot,2000s,2000s,2000s bridge,2005,label_text_candidate,panel_source_candidate,107,2,2,0,0,1,0,0,1,mcdonalds_big_mac_evidence_4,McDonald's USA Ingredients Listing for Popular Menu Items PDF mirror,canceredinstitute.org,https://www.canceredinstitute.org/uploads/2/3/8/8/23883109/mcdonalds_ingredientslist.pdf,ingredient panel visible,document/disclosure source,source_receipt_or_gap_only,"Capture a private crop of the ingredient/nutrition/document panel, run native OCR, and batch-review the candidate text."
mcdonalds_big_mac,McDonald's Big Mac,fast food,story_rich_pilot,2010s,2010s,2010s bridge,2015,label_text_candidate,panel_source_candidate,107,2,2,0,0,1,0,0,1,mcdonalds_big_mac_evidence_4,McDonald's USA Ingredients Listing for Popular Menu Items PDF mirror,canceredinstitute.org,https://www.canceredinstitute.org/uploads/2/3/8/8/23883109/mcdonalds_ingredientslist.pdf,ingredient panel visible,document/disclosure source,source_receipt_or_gap_only,"Capture a private crop of the ingredient/nutrition/document panel, run native OCR, and batch-review the candidate text."
mcdonalds_chicken_mcnuggets,McDonald's Chicken McNuggets,fast food,story_rich_pilot,2000s,2000s,2000s bridge,2005,label_text_candidate,panel_source_candidate,107,3,3,0,0,1,0,0,1,mcdonalds_chicken_mcnuggets_evidence_4,McDonald's USA Ingredients Listing for Popular Menu Items - archived PDF mirror,s3.amazonaws.com,https://s3.amazonaws.com/saveoneverything_assets/pdfs/1376490717-mcdonalds-ingredientslist.pdf,ingredient panel visible,document/disclosure source,source_receipt_or_gap_only,"Capture a private crop of the ingredient/nutrition/document panel, run native OCR, and batch-review the candidate text."
mcdonalds_chicken_mcnuggets,McDonald's Chicken McNuggets,fast food,story_rich_pilot,2010s,2010s,2010s bridge,2015,label_text_candidate,panel_source_candidate,107,4,4,0,0,1,0,0,1,mcdonalds_chicken_mcnuggets_evidence_4,McDonald's USA Ingredients Listing for Popular Menu Items - archived PDF mirror,s3.amazonaws.com,https://s3.amazonaws.com/saveoneverything_assets/pdfs/1376490717-mcdonalds-ingredientslist.pdf,ingredient panel visible,document/disclosure source,source_receipt_or_gap_only,"Capture a private crop of the ingredient/nutrition/document panel, run native OCR, and batch-review the candidate text."
oreo_original_chocolate_sandwich_cookies,Oreo Original Chocolate Sandwich Cookies,packaged cookies,story_rich_pilot,label_2010s,2010s,2010s label bridge,2010,label_text_candidate,panel_source_candidate,107,3,1,0,2,1,0,0,1,ewg_oreo_winter_2010,"EWG Food Scores - Oreo Chocolate Sandwich Cookies, Original, Winter",ewg.org,https://www.ewg.org/foodscores/products/044000081034-OreoChocolateSandwichCookiesOriginalWinter/,ingredient text candidate,package-derived label text,source_receipt_or_gap_only,"Capture a private crop of the ingredient/nutrition/document panel, run native OCR, and batch-review the candidate text."
poptarts_frosted_strawberry,Pop-Tarts Frosted Strawberry,breakfast,story_rich_pilot,2010s,2010s,2010s bridge,2015,label_text_candidate,panel_source_candidate,107,1,1,0,0,1,0,0,1,poptarts_frosted_strawberry_evidence_6,Kellogg's Pop-Tarts Frosted Strawberry 58.6 oz - FoodRepo,foodrepo.org,https://www.foodrepo.org/en/products/47947,ingredient panel visible; net weight visible,package or source evidence,source_receipt_or_gap_only,"Capture a private crop of the ingredient/nutrition/document panel, run native OCR, and batch-review the candidate text."
campbells_tomato_soup,Campbell's Condensed Tomato Soup,soup,story_rich_pilot,earliest_verified_label,earliest_verified_label,Earliest bounded chapter,1950,usable_photo,secondary_context_only,106,4,0,0,4,0,0,1,1,campbells_tomato_soup_evidence_0,"Campbell's Tomato Soup, 1947 (Canning) - Penn State Harrisburg Flickr album",flickr.com,https://www.flickr.com/photos/pennstate_harrisburg_archives/29079862112/in/album-72157719415160219/,panel role not yet reviewed,package or source evidence,source_receipt_or_gap_only,Use existing product/package photos for identity only; hunt for a readable ingredient or nutrition panel for this vintage slot.
cheerios_original,Cheerios Original,cereal,story_rich_pilot,1990s,1990s,1990s bridge,1995,usable_photo,secondary_context_only,106,2,0,0,2,0,0,1,1,cheerios_original_evidence_5,Cereal Box Backs Archive - The Imaginary World,theimaginaryworld.com,https://theimaginaryworld.com/cbarch.html,panel role not yet reviewed,package or source evidence,source_receipt_or_gap_only,Use existing product/package photos for identity only; hunt for a readable ingredient or nutrition panel for this vintage slot.
coca_cola_classic,Coca-Cola Classic,beverages,story_rich_pilot,1990s,1990s,1990s bridge,1995,usable_photo,secondary_context_only,106,1,0,0,1,0,0,1,1,coca_cola_classic_evidence_4,1990 Coca-Cola MagiCan - Flickr,flickr.com,https://www.flickr.com/photos/therog77/3200756272/,panel role not yet reviewed,package or source evidence,source_receipt_or_gap_only,Use existing product/package photos for identity only; hunt for a readable ingredient or nutrition panel for this vintage slot.
doritos_nacho_cheese,Doritos Nacho Cheese,chips,story_rich_pilot,earliest_verified_label,earliest_verified_label,Earliest bounded chapter,1950,usable_photo,secondary_context_only,106,4,0,0,4,0,0,1,1,doritos_nacho_cheese_evidence_0,"Frito-Lay Doritos Nacho Cheese Flavor 1-ounce bag, 1970s - Flickr",flickr.com,https://www.flickr.com/photos/jasonliebigstuff/3496903865,net weight visible,package or source evidence,source_receipt_or_gap_only,Use existing product/package photos for identity only; hunt for a readable ingredient or nutrition panel for this vintage slot.
doritos_nacho_cheese,Doritos Nacho Cheese,chips,story_rich_pilot,1990s,1990s,1990s bridge,1995,usable_photo,secondary_context_only,106,2,0,0,2,0,0,1,1,doritos_nacho_cheese_evidence_1,Frito-Lay - Doritos Big Grab - chip snack bag - Toy Story - 1995,flickr.com,https://www.flickr.com/photos/jasonliebigstuff/4319728854/,panel role not yet reviewed,package or source evidence,source_receipt_or_gap_only,Use existing product/package photos for identity only; hunt for a readable ingredient or nutrition panel for this vintage slot.
heinz_tomato_ketchup,Heinz Tomato Ketchup,condiments,story_rich_pilot,earliest_verified_label,earliest_verified_label,Earliest bounded chapter,1950,usable_photo,secondary_context_only,106,4,0,0,4,0,0,1,1,heinz_tomato_ketchup_evidence_0,Old Heinz Ketchup Bottles with Labels - Laurel Leaf Farm,laurelleaffarm.com,https://laurelleaffarm.com/item-pages/antique-bottles/old-heinz-ketchup-bottles.htm,panel role not yet reviewed,package or source evidence,source_receipt_or_gap_only,Use existing product/package photos for identity only; hunt for a readable ingredient or nutrition panel for this vintage slot.
kraft_macaroni_and_cheese_original,Kraft Macaroni & Cheese Original,prepared foods,story_rich_pilot,earliest_verified_label,earliest_verified_label,Earliest bounded chapter,1950,usable_photo,secondary_context_only,106,4,0,0,4,0,0,1,1,kraft_macaroni_and_cheese_original_evidence_0,"Kraft Dinner Macaroni-and-Cheese box, 1940s maybe 1950s - Flickr",flickr.com,https://www.flickr.com/photos/jasonliebigstuff/6175679516,panel role not yet reviewed,package or source evidence,source_receipt_or_gap_only,Use existing product/package photos for identity only; hunt for a readable ingredient or nutrition panel for this vintage slot.
kraft_macaroni_and_cheese_original,Kraft Macaroni & Cheese Original,prepared foods,story_rich_pilot,1990s,1990s,1990s bridge,1995,usable_photo,secondary_context_only,106,3,0,0,3,0,0,1,1,kraft_macaroni_and_cheese_original_evidence_1,1998 Kraft Macaroni & Cheese Charlie Brown Christmas Peanuts box - Flickr,flickr.com,https://www.flickr.com/photos/25692985%40N07/8404786724,panel role not yet reviewed,package or source evidence,source_receipt_or_gap_only,Use existing product/package photos for identity only; hunt for a readable ingredient or nutrition panel for this vintage slot.
mcdonalds_big_mac,McDonald's Big Mac,fast food,story_rich_pilot,1990s,1990s,1990s bridge,1995,usable_photo,secondary_context_only,106,1,0,0,1,0,0,1,1,mcdonalds_big_mac_evidence_3,"McDonald's Big Mac styrofoam restaurant packaging, circa 1990s - Flickr",flickr.com,https://www.flickr.com/photos/jasonliebigstuff/16377543110,panel role not yet reviewed,document/disclosure source,source_receipt_or_gap_only,Use existing product/package photos for identity only; hunt for a readable ingredient or nutrition panel for this vintage slot.
poptarts_frosted_strawberry,Pop-Tarts Frosted Strawberry,breakfast,story_rich_pilot,earliest_verified_label,earliest_verified_label,Earliest bounded chapter,1950,usable_photo,secondary_context_only,106,4,0,0,4,0,0,1,1,poptarts_frosted_strawberry_evidence_0,1980 Kellogg's Frosted Pop-Tarts Box Milton the Toaster - Flickr,flickr.com,https://www.flickr.com/photos/25692985%40N07/4198259897,panel role not yet reviewed,package or source evidence,source_receipt_or_gap_only,Use existing product/package photos for identity only; hunt for a readable ingredient or nutrition panel for this vintage slot.
campbells_tomato_soup,Campbell's Condensed Tomato Soup,soup,story_rich_pilot,1990s,1990s,1990s bridge,1995,gap_publishable,publishable_gap,98,0,0,0,0,0,0,0,0,,,,,not readable or not reviewed,package/photo/source evidence,source_receipt_or_gap_only,"Keep the gap visible, but run source hunting for a vintage label or document that can replace the gap."
heinz_tomato_ketchup,Heinz Tomato Ketchup,condiments,story_rich_pilot,1990s,1990s,1990s bridge,1995,gap_publishable,publishable_gap,98,0,0,0,0,0,0,0,0,,,,,not readable or not reviewed,package/photo/source evidence,source_receipt_or_gap_only,"Keep the gap visible, but run source hunting for a vintage label or document that can replace the gap."
mcdonalds_chicken_mcnuggets,McDonald's Chicken McNuggets,fast food,story_rich_pilot,1990s,1990s,1990s bridge,1995,gap_publishable,publishable_gap,98,0,0,0,0,0,0,0,0,,,,,not readable or not reviewed,document/disclosure evidence,source_receipt_or_gap_only,"Keep the gap visible, but run source hunting for a vintage label or document that can replace the gap."
oreo_original_chocolate_sandwich_cookies,Oreo Original Chocolate Sandwich Cookies,packaged cookies,story_rich_pilot,origin_1912_gap,earliest_verified_label,1912 origin gap,1912,gap_publishable,publishable_gap,98,0,0,0,0,0,0,0,0,,,,,not attached,origin gap,source_receipt_or_gap_only,"Keep the gap visible, but run source hunting for a vintage label or document that can replace the gap."
poptarts_frosted_strawberry,Pop-Tarts Frosted Strawberry,breakfast,story_rich_pilot,1990s,1990s,1990s bridge,1995,gap_publishable,publishable_gap,98,0,0,0,0,0,0,0,0,,,,,not readable or not reviewed,package/photo/source evidence,source_receipt_or_gap_only,"Keep the gap visible, but run source hunting for a vintage label or document that can replace the gap."
doritos_nacho_cheese,Doritos Nacho Cheese,chips,story_rich_pilot,1980s_or_earlier,1980s_or_earlier,1980s or earlier,1985,usable_photo,secondary_context_only,96,4,0,0,4,0,0,1,1,doritos_nacho_cheese_evidence_0,"Frito-Lay Doritos Nacho Cheese Flavor 1-ounce bag, 1970s - Flickr",flickr.com,https://www.flickr.com/photos/jasonliebigstuff/3496903865,net weight visible,package or source evidence,source_receipt_or_gap_only,Use existing product/package photos for identity only; hunt for a readable ingredient or nutrition panel for this vintage slot.
heinz_tomato_ketchup,Heinz Tomato Ketchup,condiments,story_rich_pilot,1980s_or_earlier,1980s_or_earlier,1980s or earlier,1985,usable_photo,secondary_context_only,96,3,0,0,3,0,0,1,1,heinz_tomato_ketchup_evidence_1,Heinz Ketchup 1932 advertisement - Flickr,flickr.com,https://www.flickr.com/photos/36878773%40N07/3782511003,panel role not yet reviewed,package or source evidence,source_receipt_or_gap_only,Use existing product/package photos for identity only; hunt for a readable ingredient or nutrition panel for this vintage slot.
kraft_macaroni_and_cheese_original,Kraft Macaroni & Cheese Original,prepared foods,story_rich_pilot,1980s_or_earlier,1980s_or_earlier,1980s or earlier,1985,usable_photo,secondary_context_only,96,4,0,0,4,0,0,1,1,kraft_macaroni_and_cheese_original_evidence_0,"Kraft Dinner Macaroni-and-Cheese box, 1940s maybe 1950s - Flickr",flickr.com,https://www.flickr.com/photos/jasonliebigstuff/6175679516,panel role not yet reviewed,package or source evidence,source_receipt_or_gap_only,Use existing product/package photos for identity only; hunt for a readable ingredient or nutrition panel for this vintage slot.
mcdonalds_big_mac,McDonald's Big Mac,fast food,story_rich_pilot,1980s_or_earlier,1980s_or_earlier,1980s or earlier,1985,usable_photo,secondary_context_only,96,2,0,0,2,0,0,1,1,mcdonalds_big_mac_evidence_0,McDonald's 1974 Big Mac box folded-up shots - Flickr,flickr.com,https://www.flickr.com/photos/jasonliebigstuff/4714969880,panel role not yet reviewed,document/disclosure source,source_receipt_or_gap_only,Use existing product/package photos for identity only; hunt for a readable ingredient or nutrition panel for this vintage slot.
mcdonalds_chicken_mcnuggets,McDonald's Chicken McNuggets,fast food,story_rich_pilot,1980s_or_earlier,1980s_or_earlier,1980s or earlier,1985,usable_photo,secondary_context_only,96,3,0,0,3,0,0,1,1,mcdonalds_chicken_mcnuggets_evidence_0,McDonald's Chicken McNuggets 20-piece box - 1983-1985 collector photo,flickr.com,https://www.flickr.com/photos/jasonliebigstuff/6781604892/,panel role not yet reviewed,document/disclosure source,source_receipt_or_gap_only,Use existing product/package photos for identity only; hunt for a readable ingredient or nutrition panel for this vintage slot.
poptarts_frosted_strawberry,Pop-Tarts Frosted Strawberry,breakfast,story_rich_pilot,1980s_or_earlier,1980s_or_earlier,1980s or earlier,1985,usable_photo,secondary_context_only,96,2,0,0,2,0,0,1,1,poptarts_frosted_strawberry_evidence_0,1980 Kellogg's Frosted Pop-Tarts Box Milton the Toaster - Flickr,flickr.com,https://www.flickr.com/photos/25692985%40N07/4198259897,panel role not yet reviewed,package or source evidence,source_receipt_or_gap_only,Use existing product/package photos for identity only; hunt for a readable ingredient or nutrition panel for this vintage slot.
campbells_tomato_soup,Campbell's Condensed Tomato Soup,soup,story_rich_pilot,2010s,2010s,2010s bridge,2015,usable_photo,secondary_context_only,88,1,0,0,1,0,0,1,1,campbells_tomato_soup_evidence_6,Wikimedia Commons Campbell's Condensed Tomato Soup category,commons.wikimedia.org,https://commons.wikimedia.org/wiki/Category%3ACampbell%27s_Condensed_Tomato_Soup,panel role not yet reviewed,package or source evidence,source_receipt_or_gap_only,Use existing product/package photos for identity only; hunt for a readable ingredient or nutrition panel for this vintage slot.
cheerios_original,Cheerios Original,cereal,story_rich_pilot,2000s,2000s,2000s bridge,2005,usable_photo,secondary_context_only,88,1,0,0,1,0,0,1,1,cheerios_original_evidence_7,Cheerios Millennios Cereal Box - National Museum of American History,americanhistory.si.edu,https://americanhistory.si.edu/collections/search/object/nmah_1348223,panel role not yet reviewed,package or source evidence,source_receipt_or_gap_only,Use existing product/package photos for identity only; hunt for a readable ingredient or nutrition panel for this vintage slot.
coca_cola_classic,Coca-Cola Classic,beverages,story_rich_pilot,2000s,2000s,2000s bridge,2005,usable_photo,secondary_context_only,88,2,0,0,2,0,0,1,1,coca_cola_classic_evidence_2,"Coca-Cola Classic aluminum bottle holiday design, 2009 - Flickr",flickr.com,https://www.flickr.com/photos/jasonliebigstuff/3267332145/,panel role not yet reviewed,package or source evidence,source_receipt_or_gap_only,Use existing product/package photos for identity only; hunt for a readable ingredient or nutrition panel for this vintage slot.
coca_cola_classic,Coca-Cola Classic,beverages,story_rich_pilot,2010s,2010s,2010s bridge,2015,usable_photo,secondary_context_only,88,1,0,0,1,0,0,1,1,coca_cola_classic_evidence_5,"Coke Classic can, 2011 - Flickr",flickr.com,https://www.flickr.com/photos/skatepunk69/4985996111/,panel role not yet reviewed,package or source evidence,source_receipt_or_gap_only,Use existing product/package photos for identity only; hunt for a readable ingredient or nutrition panel for this vintage slot.
doritos_nacho_cheese,Doritos Nacho Cheese,chips,story_rich_pilot,2000s,2000s,2000s bridge,2005,usable_photo,secondary_context_only,88,1,0,0,1,0,0,1,1,doritos_nacho_cheese_evidence_6,Doritos bag - Wikimedia Commons,commons.wikimedia.org,https://commons.wikimedia.org/wiki/File%3ADoritos_bag.jpg,panel role not yet reviewed,package or source evidence,source_receipt_or_gap_only,Use existing product/package photos for identity only; hunt for a readable ingredient or nutrition panel for this vintage slot.
heinz_tomato_ketchup,Heinz Tomato Ketchup,condiments,story_rich_pilot,2000s,2000s,2000s bridge,2005,usable_photo,secondary_context_only,88,1,0,0,1,0,0,1,1,heinz_tomato_ketchup_evidence_5,Heinz Ketchup bottles old and new Flickr photo,flickr.com,https://flickr.com/photos/scotteh/3399348449,panel role not yet reviewed,package or source evidence,source_receipt_or_gap_only,Use existing product/package photos for identity only; hunt for a readable ingredient or nutrition panel for this vintage slot.
kraft_macaroni_and_cheese_original,Kraft Macaroni & Cheese Original,prepared foods,story_rich_pilot,2010s,2010s,2010s bridge,2015,usable_photo,secondary_context_only,88,1,0,0,1,0,0,1,1,kraft_macaroni_and_cheese_original_evidence_7,"Kraft Macaroni & Cheese Angry Birds Space boxes, 2012 - Flickr",flickr.com,https://www.flickr.com/photos/jasonliebigstuff/7994363814/,panel role not yet reviewed,package or source evidence,source_receipt_or_gap_only,Use existing product/package photos for identity only; hunt for a readable ingredient or nutrition panel for this vintage slot.
oreo_original_chocolate_sandwich_cookies,Oreo Original Chocolate Sandwich Cookies,packaged cookies,story_rich_pilot,package_2000s,2000s,2000s package bridge,2002,usable_photo,secondary_context_only,88,2,0,0,2,0,0,1,1,flickr_oreo_harley_2000,"Nabisco Oreo Win Harley-Davidson cookie box, 2000 - Flickr",flickr.com,https://www.flickr.com/photos/jasonliebigstuff/6823913378,panel not verified readable,front/package object,source_receipt_or_gap_only,Use existing product/package photos for identity only; hunt for a readable ingredient or nutrition panel for this vintage slot.
poptarts_frosted_strawberry,Pop-Tarts Frosted Strawberry,breakfast,story_rich_pilot,2000s,2000s,2000s bridge,2005,usable_photo,secondary_context_only,88,4,0,0,4,0,0,1,1,poptarts_frosted_strawberry_evidence_2,"Kellogg's Pop-Tarts Frosted Strawberry Box, 2002 - Flickr",flickr.com,https://www.flickr.com/photos/jasonliebigstuff/5204205477,panel role not yet reviewed,package or source evidence,source_receipt_or_gap_only,Use existing product/package photos for identity only; hunt for a readable ingredient or nutrition panel for this vintage slot.
campbells_tomato_soup,Campbell's Condensed Tomato Soup,soup,story_rich_pilot,2000s,2000s,2000s bridge,2005,gap_publishable,publishable_gap,80,0,0,0,0,0,0,0,0,,,,,not readable or not reviewed,package/photo/source evidence,source_receipt_or_gap_only,"Keep the gap visible, but run source hunting for a vintage label or document that can replace the gap."
cheerios_original,Cheerios Original,cereal,story_rich_pilot,2010s,2010s,2010s bridge,2015,gap_publishable,publishable_gap,80,0,0,0,0,0,0,0,0,,,,,not readable or not reviewed,package/photo/source evidence,source_receipt_or_gap_only,"Keep the gap visible, but run source hunting for a vintage label or document that can replace the gap."
heinz_tomato_ketchup,Heinz Tomato Ketchup,condiments,story_rich_pilot,2010s,2010s,2010s bridge,2015,gap_publishable,publishable_gap,80,0,0,0,0,0,0,0,0,,,,,not readable or not reviewed,package/photo/source evidence,source_receipt_or_gap_only,"Keep the gap visible, but run source hunting for a vintage label or document that can replace the gap."
kraft_macaroni_and_cheese_original,Kraft Macaroni & Cheese Original,prepared foods,story_rich_pilot,2000s,2000s,2000s bridge,2005,gap_publishable,publishable_gap,80,0,0,0,0,0,0,0,0,,,,,not readable or not reviewed,package/photo/source evidence,source_receipt_or_gap_only,"Keep the gap visible, but run source hunting for a vintage label or document that can replace the gap."
7up_original,7UP Original,beverages,full_corpus_shell,earliest_verified_label,earliest_verified_label,Earliest label hunt,1912,needs_label_transcription,panel_source_candidate,57,6,1,0,5,1,0,0,1,7up_original__earliest_verified_label__273__1,"Unrolled Can Flat - 7UP, 1970s - Jason Liebig Flickr",flickr.com,https://www.flickr.com/photos/jasonliebigstuff/548698222,ingredient panel visible,front/package object,source_receipt_or_gap_only,"Capture a private crop of the ingredient/nutrition/document panel, run native OCR, and batch-review the candidate text."
capn_crunch_original,Cap'n Crunch Original,cereal,full_corpus_shell,earliest_verified_label,earliest_verified_label,Earliest label hunt,1912,needs_photo_review,panel_source_candidate,57,7,3,0,4,1,0,0,1,capn_crunch_original__earliest_verified_label__440__7,The Incredible Shrinking Cap'n - Underunderstood,underunderstood.com,https://underunderstood.com/podcast/episode/capn-crunch-smaller/,ingredient panel visible,ingredient panel candidate,source_receipt_or_gap_only,"Capture a private crop of the ingredient/nutrition/document panel, run native OCR, and batch-review the candidate text."
capn_crunch_original,Cap'n Crunch Original,cereal,full_corpus_shell,1990s,1990s,1990s bridge,1993,needs_label_transcription,panel_source_candidate,57,2,2,0,0,1,0,0,1,capn_crunch_original__1990s__440__2,The Incredible Shrinking Cap'n - Underunderstood,underunderstood.com,https://underunderstood.com/podcast/episode/capn-crunch-smaller/,ingredient panel visible,ingredient panel candidate,source_receipt_or_gap_only,"Capture a private crop of the ingredient/nutrition/document panel, run native OCR, and batch-review the candidate text."
chips_ahoy_original,Chips Ahoy! Original Cookies,cookies,full_corpus_shell,earliest_verified_label,earliest_verified_label,Earliest label hunt,1912,needs_photo_review,panel_source_candidate,57,3,1,0,2,1,0,0,1,chips_ahoy_original__earliest_verified_label__448__3,"Nabisco Chips Ahoy! Cookies Original, UPC 044000032197 - UPC Food Search",upcfoodsearch.com,https://upcfoodsearch.com/food-products/chocolate-chip-cookies/044000032197/,ingredient panel visible,ingredient panel candidate,source_receipt_or_gap_only,"Capture a private crop of the ingredient/nutrition/document panel, run native OCR, and batch-review the candidate text."
cinnamon_toast_crunch,Cinnamon Toast Crunch,cereal,full_corpus_shell,earliest_verified_label,earliest_verified_label,Earliest label hunt,1912,needs_photo_review,panel_source_candidate,57,4,1,0,3,1,0,0,1,cinnamon_toast_crunch__earliest_verified_label__512__4,Cinnamon Toast Crunch cereal school nutrition PDF printed 03/21/2013,district.schoolnutritionandfitness.com,https://district.schoolnutritionandfitness.com/santaclaritavsfsa/files/labels/Breakfast/Cinnamon_Toast_Crunch_Cereal_200838.pdf,ingredient panel visible,ingredient panel candidate,source_receipt_or_gap_only,"Capture a private crop of the ingredient/nutrition/document panel, run native OCR, and batch-review the candidate text."
dinty_moore_beef_stew,Dinty Moore Beef Stew,prepared foods,full_corpus_shell,earliest_verified_label,earliest_verified_label,Earliest label hunt,1912,needs_photo_review,panel_source_candidate,57,5,1,0,4,1,0,0,1,dinty_moore_beef_stew__earliest_verified_label__1059__2,"Hormel Dinty Moore beef stew 1 1/2 pound can label, 1968 - Jason Liebig Flickr",flickr.com,https://www.flickr.com/photos/jasonliebigstuff/24195451113/,ingredient panel visible,front/package object,source_receipt_or_gap_only,"Capture a private crop of the ingredient/nutrition/document panel, run native OCR, and batch-review the candidate text."
dominos_hand_tossed_pepperoni,Domino's Hand Tossed Pepperoni Pizza,fast food,full_corpus_shell,earliest_verified_label,earliest_verified_label,Earliest label hunt,1912,needs_photo_review,panel_source_candidate,57,2,1,0,1,1,0,0,1,dominos_hand_tossed_pepperoni__earliest_verified_label__785__2,"Domino's Nutrition Guide PDF, January 2015",dominos.com,https://www.dominos.com/assets/derived/pdf/DominosNutritionGuide.pdf,ingredient panel visible,ingredient panel candidate,source_receipt_or_gap_only,"Capture a private crop of the ingredient/nutrition/document panel, run native OCR, and batch-review the candidate text."
dunkin_glazed_donut,Dunkin' Glazed Donut,fast food,full_corpus_shell,earliest_verified_label,earliest_verified_label,Earliest label hunt,1912,source_review,panel_source_candidate,57,1,1,0,0,1,0,0,1,dunkin_glazed_donut__earliest_verified_label__801__1,"Fast Food Ingredients Dunkin' Donuts Glazed Munchkin transcript, 2008",fastfoodingredients.com,https://www.fastfoodingredients.com/2008/05/03/dunkin-donuts-glazed-munchkin/,ingredient panel visible,ingredient panel candidate,source_receipt_or_gap_only,"Capture a private crop of the ingredient/nutrition/document panel, run native OCR, and batch-review the candidate text."
gatorade_lemon_lime,Gatorade Lemon-Lime,beverages,full_corpus_shell,earliest_verified_label,earliest_verified_label,Earliest label hunt,1912,needs_label_transcription,panel_source_candidate,57,5,1,0,4,1,0,0,1,gatorade_lemon_lime__earliest_verified_label__191__1,"Stokely Van Camp Gatorade Thirst Quencher 32 oz bottle label, 1960s - Jason Liebig Flickr",flickr.com,https://www.flickr.com/photos/jasonliebigstuff/24471957900,ingredient panel visible,front/package object,source_receipt_or_gap_only,"Capture a private crop of the ingredient/nutrition/document panel, run native OCR, and batch-review the candidate text."
hidden_valley_ranch_original,Hidden Valley Original Ranch,condiments,full_corpus_shell,earliest_verified_label,earliest_verified_label,Earliest label hunt,1912,needs_photo_review,panel_source_candidate,57,2,1,0,1,1,0,0,1,hidden_valley_ranch_original__earliest_verified_label__454__2,"Hidden Valley Ranch Dressing & Topping Original, UPC 071100000214 - UPC Food Search",upcfoodsearch.com,https://upcfoodsearch.com/food-products/ranch-dressing/071100000214/,ingredient panel visible,ingredient panel candidate,source_receipt_or_gap_only,"Capture a private crop of the ingredient/nutrition/document panel, run native OCR, and batch-review the candidate text."
honey_nut_cheerios,Honey Nut Cheerios,cereal,full_corpus_shell,earliest_verified_label,earliest_verified_label,Earliest label hunt,1912,needs_label_transcription,panel_source_candidate,57,5,1,0,4,1,0,0,1,honey_nut_cheerios__earliest_verified_label__370__1,"Honey Nut Cheerios McDonald's Mac Tonight box back, 1990 - Flickr",flickr.com,https://www.flickr.com/photos/jasonliebigstuff/3214563110,ingredient panel visible,ingredient panel candidate,source_receipt_or_gap_only,"Capture a private crop of the ingredient/nutrition/document panel, run native OCR, and batch-review the candidate text."
honey_nut_cheerios,Honey Nut Cheerios,cereal,full_corpus_shell,1990s,1990s,1990s bridge,1993,needs_label_transcription,panel_source_candidate,57,3,1,0,2,1,0,0,1,honey_nut_cheerios__1990s__370__1,"Honey Nut Cheerios McDonald's Mac Tonight box back, 1990 - Flickr",flickr.com,https://www.flickr.com/photos/jasonliebigstuff/3214563110,ingredient panel visible,ingredient panel candidate,source_receipt_or_gap_only,"Capture a private crop of the ingredient/nutrition/document panel, run native OCR, and batch-review the candidate text."
hormel_chili_no_beans,Hormel Chili No Beans,prepared foods,full_corpus_shell,earliest_verified_label,earliest_verified_label,Earliest label hunt,1912,source_review,panel_source_candidate,57,1,1,0,0,1,0,0,1,hormel_chili_no_beans__earliest_verified_label__677__1,Hormel Chili No Beans UPC Food Search record,upcfoodsearch.com,https://upcfoodsearch.com/food-products/canned-chili/037600241939/,ingredient panel visible,ingredient panel candidate,source_receipt_or_gap_only,"Capture a private crop of the ingredient/nutrition/document panel, run native OCR, and batch-review the candidate text."
jello_strawberry_gelatin,Jell-O Strawberry Gelatin,desserts,full_corpus_shell,earliest_verified_label,earliest_verified_label,Earliest label hunt,1912,needs_label_transcription,panel_source_candidate,57,3,2,0,1,1,0,0,1,jello_strawberry_gelatin__earliest_verified_label__185__1,"General Foods Jell-O Wild Strawberry Gelatin Dessert box file flat, August 1 1969 - Flickr",flickr.com,https://www.flickr.com/photos/jasonliebigstuff/2629782517,ingredient panel visible,front/package object,source_receipt_or_gap_only,"Capture a private crop of the ingredient/nutrition/document panel, run native OCR, and batch-review the candidate text."
froot_loops,Kellogg's Froot Loops,cereal,full_corpus_shell,earliest_verified_label,earliest_verified_label,Earliest label hunt,1912,needs_label_transcription,panel_source_candidate,57,5,2,0,3,1,0,0,1,froot_loops__earliest_verified_label__330__1,1990 Kellogg's Froot Loops Cereal Box Back - Flickr,flickr.com,https://www.flickr.com/photos/25692985%40N07/3502316339,ingredient panel visible,ingredient panel candidate,source_receipt_or_gap_only,"Capture a private crop of the ingredient/nutrition/document panel, run native OCR, and batch-review the candidate text."
froot_loops,Kellogg's Froot Loops,cereal,full_corpus_shell,1990s,1990s,1990s bridge,1993,needs_label_transcription,panel_source_candidate,57,2,1,0,1,1,0,0,1,froot_loops__1990s__330__1,1990 Kellogg's Froot Loops Cereal Box Back - Flickr,flickr.com,https://www.flickr.com/photos/25692985%40N07/3502316339,ingredient panel visible,ingredient panel candidate,source_receipt_or_gap_only,"Capture a private crop of the ingredient/nutrition/document panel, run native OCR, and batch-review the candidate text."
frosted_flakes,Kellogg's Frosted Flakes,cereal,full_corpus_shell,earliest_verified_label,earliest_verified_label,Earliest label hunt,1912,needs_label_transcription,panel_source_candidate,57,8,2,0,6,1,0,0,1,frosted_flakes__earliest_verified_label__405__1,"Kellogg's Frosted Flakes Cereal Box Back, Early 1990's - Flickr",flickr.com,https://www.flickr.com/photos/25692985%40N07/3544406888,ingredient panel visible,ingredient panel candidate,source_receipt_or_gap_only,"Capture a private crop of the ingredient/nutrition/document panel, run native OCR, and batch-review the candidate text."
frosted_flakes,Kellogg's Frosted Flakes,cereal,full_corpus_shell,1990s,1990s,1990s bridge,1993,needs_label_transcription,panel_source_candidate,57,4,1,0,3,1,0,0,1,frosted_flakes__1990s__405__1,"Kellogg's Frosted Flakes Cereal Box Back, Early 1990's - Flickr",flickr.com,https://www.flickr.com/photos/25692985%40N07/3544406888,ingredient panel visible,ingredient panel candidate,source_receipt_or_gap_only,"Capture a private crop of the ingredient/nutrition/document panel, run native OCR, and batch-review the candidate text."
kfc_famous_bowl,KFC Famous Bowl,fast food,full_corpus_shell,earliest_verified_label,earliest_verified_label,Earliest label hunt,1912,source_review,panel_source_candidate,57,2,1,0,1,1,0,0,1,kfc_famous_bowl__earliest_verified_label__700__1,KFC Ingredients PDF mirror with July 17 2012 ingredient list,docslib.org,https://docslib.org/doc/513747/kfc-ingredients-pdf,ingredient panel visible,ingredient panel candidate,source_receipt_or_gap_only,"Capture a private crop of the ingredient/nutrition/document panel, run native OCR, and batch-review the candidate text."
kfc_original_recipe_chicken,KFC Original Recipe Chicken,fast food,full_corpus_shell,earliest_verified_label,earliest_verified_label,Earliest label hunt,1912,needs_photo_review,panel_source_candidate,57,2,1,0,1,1,0,0,1,kfc_original_recipe_chicken__earliest_verified_label__765__2,"KFC ingredient list PDF mirror, July 17 2012",docslib.org,https://docslib.org/doc/513747/kfc-ingredients-pdf,ingredient panel visible,ingredient panel candidate,source_receipt_or_gap_only,"Capture a private crop of the ingredient/nutrition/document panel, run native OCR, and batch-review the candidate text."
lucky_charms,Lucky Charms,cereal,full_corpus_shell,earliest_verified_label,earliest_verified_label,Earliest label hunt,1912,needs_photo_review,panel_source_candidate,57,3,1,0,2,1,0,0,1,lucky_charms__earliest_verified_label__276__3,"Lucky Charms Box Character Cutouts Back, 1980 - Flickr",flickr.com,https://www.flickr.com/photos/neatocoolville/423218445,ingredient panel visible,ingredient panel candidate,source_receipt_or_gap_only,"Capture a private crop of the ingredient/nutrition/document panel, run native OCR, and batch-review the candidate text."
pillsbury_toaster_strudel_strawberry,Pillsbury Toaster Strudel Strawberry,frozen foods,full_corpus_shell,earliest_verified_label,earliest_verified_label,Earliest label hunt,1912,source_review,panel_source_candidate,57,1,1,0,0,1,0,0,1,pillsbury_toaster_strudel_strawberry__earliest_verified_label__675__1,Pillsbury Toaster Strudel Strawberry BCScan item record,bcscan.com,https://www.bcscan.com/itemdetail.php?ean=0018000655205,ingredient panel visible,ingredient panel candidate,source_receipt_or_gap_only,"Capture a private crop of the ingredient/nutrition/document panel, run native OCR, and batch-review the candidate text."
pizza_hut_original_pan_pepperoni,Pizza Hut Original Pan Pepperoni Pizza,fast food,full_corpus_shell,earliest_verified_label,earliest_verified_label,Earliest label hunt,1912,source_review,panel_source_candidate,57,2,1,0,1,1,0,0,1,pizza_hut_original_pan_pepperoni__earliest_verified_label__655__1,Pizza Hut Ingredient Statement July 2004 document view,yumpu.com,https://www.yumpu.com/en/document/view/2176122/ingredient-statement-july-2004-pizza-hut,ingredient panel visible,ingredient panel candidate,source_receipt_or_gap_only,"Capture a private crop of the ingredient/nutrition/document panel, run native OCR, and batch-review the candidate text."
ritz_original_crackers,Ritz Original Crackers,crackers,full_corpus_shell,earliest_verified_label,earliest_verified_label,Earliest label hunt,1912,needs_photo_review,panel_source_candidate,57,5,1,0,4,1,0,0,1,ritz_original_crackers__earliest_verified_label__401__2,1975 Nabisco Ritz Crackers Box Back - Flickr,flickr.com,https://www.flickr.com/photos/25692985%40N07/3780750883/,ingredient panel visible,ingredient panel candidate,source_receipt_or_gap_only,"Capture a private crop of the ingredient/nutrition/document panel, run native OCR, and batch-review the candidate text."
spam_classic,SPAM Classic,meat,full_corpus_shell,earliest_verified_label,earliest_verified_label,Earliest label hunt,1912,source_review,panel_source_candidate,57,1,1,0,0,1,0,0,1,spam_classic__earliest_verified_label__733__1,SPAM Brand official product ingredients and history page,spam.com,https://www.spam.com/what-is-spam-brand,ingredient panel visible,ingredient panel candidate,source_receipt_or_gap_only,"Capture a private crop of the ingredient/nutrition/document panel, run native OCR, and batch-review the candidate text."
sprite_original,Sprite Original,beverages,full_corpus_shell,earliest_verified_label,earliest_verified_label,Earliest label hunt,1912,needs_label_transcription,panel_source_candidate,57,3,1,0,2,1,0,0,1,sprite_original__earliest_verified_label__417__1,Sprite Can - Unrolled Flat - 1960's - Flickr,flickr.com,https://www.flickr.com/photos/jasonliebigstuff/581987504,ingredient panel visible,front/package object,source_receipt_or_gap_only,"Capture a private crop of the ingredient/nutrition/document panel, run native OCR, and batch-review the candidate text."
stouffers_lasagna_meat_sauce,Stouffer's Lasagna with Meat & Sauce,frozen foods,full_corpus_shell,earliest_verified_label,earliest_verified_label,Earliest label hunt,1912,source_review,panel_source_candidate,57,1,1,0,0,1,0,0,1,stouffers_lasagna_meat_sauce__earliest_verified_label__681__1,Stouffer's Large Family Size Lasagna With Meat & Sauce UPC Food Search record,upcfoodsearch.com,https://upcfoodsearch.com/food-products/frozen-complete-meals/013800232601/,ingredient panel visible,ingredient panel candidate,source_receipt_or_gap_only,"Capture a private crop of the ingredient/nutrition/document panel, run native OCR, and batch-review the candidate text."
taco_bell_bean_burrito,Taco Bell Bean Burrito,fast food,full_corpus_shell,earliest_verified_label,earliest_verified_label,Earliest label hunt,1912,source_review,panel_source_candidate,57,2,2,0,0,1,0,0,1,taco_bell_bean_burrito__earliest_verified_label__798__1,"Fast Food Ingredients Taco Bell Bean Burrito transcript, 2008",fastfoodingredients.com,https://www.fastfoodingredients.com/2008/02/14/taco-bell-bean-burrito/,ingredient panel visible,ingredient panel candidate,source_receipt_or_gap_only,"Capture a private crop of the ingredient/nutrition/document panel, run native OCR, and batch-review the candidate text."
tang_orange,Tang Orange Drink Mix,beverages,full_corpus_shell,earliest_verified_label,earliest_verified_label,Earliest label hunt,1912,source_review,panel_source_candidate,57,2,1,0,1,1,0,0,1,tang_orange__earliest_verified_label__580__1,"General Foods Tang label file copy, December 1971 Flickr photo",flickr.com,https://www.flickr.com/photos/jasonliebigstuff/2629548371,ingredient panel visible,front/package object,source_receipt_or_gap_only,"Capture a private crop of the ingredient/nutrition/document panel, run native OCR, and batch-review the candidate text."
trix_cereal,Trix Cereal,cereal,full_corpus_shell,earliest_verified_label,earliest_verified_label,Earliest label hunt,1912,needs_label_transcription,panel_source_candidate,57,4,2,0,2,1,0,0,1,trix_cereal__earliest_verified_label__208__1,"General Mills Trix Cereal Box with Back Panel, 1978 - Flickr",flickr.com,https://www.flickr.com/photos/jasonliebigstuff/2037147592/,ingredient panel visible,ingredient panel candidate,source_receipt_or_gap_only,"Capture a private crop of the ingredient/nutrition/document panel, run native OCR, and batch-review the candidate text."
twizzlers_strawberry,Twizzlers Strawberry Twists,candy,full_corpus_shell,earliest_verified_label,earliest_verified_label,Earliest label hunt,1912,source_review,panel_source_candidate,57,1,1,0,0,1,0,0,1,twizzlers_strawberry__earliest_verified_label__687__1,Twizzlers Strawberry Twists Candy UPC Food Search record,upcfoodsearch.com,https://upcfoodsearch.com/food-products/other-flavored-soft/034000531042/,ingredient panel visible,ingredient panel candidate,source_receipt_or_gap_only,"Capture a private crop of the ingredient/nutrition/document panel, run native OCR, and batch-review the candidate text."
velveeta_shells_and_cheese,Velveeta Shells & Cheese,prepared foods,full_corpus_shell,earliest_verified_label,earliest_verified_label,Earliest label hunt,1912,source_review,panel_source_candidate,57,2,2,0,0,1,0,0,1,velveeta_shells_and_cheese__earliest_verified_label__680__1,Velveeta Shells & Cheese Original UPC Food Search record,upcfoodsearch.com,https://upcfoodsearch.com/food-products/pasta-side-mixes/021000045129/,ingredient panel visible,ingredient panel candidate,source_receipt_or_gap_only,"Capture a private crop of the ingredient/nutrition/document panel, run native OCR, and batch-review the candidate text."
wheaties,Wheaties,cereal,full_corpus_shell,earliest_verified_label,earliest_verified_label,Earliest label hunt,1912,needs_label_transcription,panel_source_candidate,57,4,1,0,3,1,0,0,1,wheaties__earliest_verified_label__638__1,"General Mills Wheaties cereal box front and back panels, 1960s - Flickr",flickr.com,https://www.flickr.com/photos/jasonliebigstuff/4729777211,ingredient panel visible,front/package object,source_receipt_or_gap_only,"Capture a private crop of the ingredient/nutrition/document panel, run native OCR, and batch-review the candidate text."
7up_original,7UP Original,beverages,full_corpus_shell,current_2020s,current_2020s,Current SKU anchor,2026,needs_photo_review,panel_source_candidate,49,4,3,0,1,1,0,0,1,7up_original__current_2020s__263__1,Original 7UP Product Page - 7UP,7up.com,https://www.7up.com/en/products/7up?bvstate=pg%3A2%2Fct,ingredient panel visible,front/package object,source_receipt_or_gap_only,"Capture a private crop of the ingredient/nutrition/document panel, run native OCR, and batch-review the candidate text."
ball_park_franks,Ball Park Franks,meat,full_corpus_shell,current_2020s,current_2020s,Current SKU anchor,2026,needs_photo_review,panel_source_candidate,49,16,13,0,3,1,0,0,1,ball_park_franks__current_2020s__916__11,Ball Park Franks foodservice PDF hosted by Food for Kids Nevada,foodforkidsnevada.org,https://foodforkidsnevada.org/wp-content/uploads/2025/07/Ball-Park-Franks.pdf,ingredient panel visible,ingredient panel candidate,source_receipt_or_gap_only,"Capture a private crop of the ingredient/nutrition/document panel, run native OCR, and batch-review the candidate text."
banquet_chicken_pot_pie,Banquet Chicken Pot Pie,frozen foods,full_corpus_shell,current_2020s,current_2020s,Current SKU anchor,2026,source_review,panel_source_candidate,49,7,7,0,0,1,0,0,1,banquet_chicken_pot_pie__current_2020s__130__1,Banquet Chicken Pot Pie 7 oz Walmart page,walmart.com,https://www.walmart.com/ip/10794554,ingredient panel visible,ingredient panel candidate,source_receipt_or_gap_only,"Capture a private crop of the ingredient/nutrition/document panel, run native OCR, and batch-review the candidate text."
betty_crocker_super_moist_yellow_cake_mix,Betty Crocker Super Moist Yellow Cake Mix,baking,full_corpus_shell,current_2020s,current_2020s,Current SKU anchor,2026,needs_photo_review,panel_source_candidate,49,6,6,0,0,1,0,0,1,betty_crocker_super_moist_yellow_cake_mix__current_2020s__100__1,"Betty Crocker Favorites Super Moist Yellow Cake Mix, 13.25 oz - BettyCrocker.com",bettycrocker.com,https://www.bettycrocker.com/products/betty-crocker-baking-and-cake-mixes/yellow,ingredient panel visible,front/package object,source_receipt_or_gap_only,"Capture a private crop of the ingredient/nutrition/document panel, run native OCR, and batch-review the candidate text."
bisquick_original,Bisquick Original Pancake and Baking Mix,baking,full_corpus_shell,current_2020s,current_2020s,Current SKU anchor,2026,needs_photo_review,panel_source_candidate,49,5,5,0,0,1,0,0,1,bisquick_original__current_2020s__701__3,Bisquick Original Pancake and Baking Mix UPCItemDB record,upcitemdb.com,https://www.upcitemdb.com/upc/16000420403,ingredient panel visible,ingredient panel candidate,source_receipt_or_gap_only,"Capture a private crop of the ingredient/nutrition/document panel, run native OCR, and batch-review the candidate text."
butterfinger_bar,Butterfinger Bar,candy,full_corpus_shell,current_2020s,current_2020s,Current SKU anchor,2026,needs_photo_review,panel_source_candidate,49,3,3,0,0,1,0,0,1,butterfinger_bar__current_2020s__525__1,Butterfinger Candy Bar 1.9 oz Kroger page,kroger.com,https://www.kroger.com/p/butterfinger-candy-bar/0002800020203,ingredient panel visible,front/package object,source_receipt_or_gap_only,"Capture a private crop of the ingredient/nutrition/document panel, run native OCR, and batch-review the candidate text."
campbells_chicken_noodle_soup,Campbell's Chicken Noodle Soup,soup,full_corpus_shell,current_2020s,current_2020s,Current SKU anchor,2026,needs_photo_review,panel_source_candidate,49,6,6,0,0,1,0,0,1,campbells_chicken_noodle_soup__current_2020s__530__2,Campbell's Condensed Chicken Noodle Soup 10.75 oz can 48 pack Foodservice PDF,campbellsfoodservice.com,https://www.campbellsfoodservice.com/product/chicken-noodle-soup-2/?product-pdf=_,ingredient panel visible,ingredient panel candidate,source_receipt_or_gap_only,"Capture a private crop of the ingredient/nutrition/document panel, run native OCR, and batch-review the candidate text."
capn_crunch_original,Cap'n Crunch Original,cereal,full_corpus_shell,current_2020s,current_2020s,Current SKU anchor,2026,needs_photo_review,panel_source_candidate,49,3,3,0,0,1,0,0,1,capn_crunch_original__current_2020s__440__3,The Incredible Shrinking Cap'n - Underunderstood,underunderstood.com,https://underunderstood.com/podcast/episode/capn-crunch-smaller/,ingredient panel visible,ingredient panel candidate,source_receipt_or_gap_only,"Capture a private crop of the ingredient/nutrition/document panel, run native OCR, and batch-review the candidate text."
cheetos_crunchy,Cheetos Crunchy,chips,full_corpus_shell,current_2020s,current_2020s,Current SKU anchor,2026,needs_photo_review,panel_source_candidate,49,4,4,0,0,1,0,0,1,cheetos_crunchy__current_2020s__38__2,Cheetos Crunchy Cheese Flavored Snacks - SmartLabel,smartlabel.pepsico.info,https://smartlabel.pepsico.info/028400589501-0001-en-US/index.html,ingredient panel visible,ingredient panel candidate,source_receipt_or_gap_only,"Capture a private crop of the ingredient/nutrition/document panel, run native OCR, and batch-review the candidate text."
cheez_it_original,Cheez-It Original Crackers,crackers,full_corpus_shell,current_2020s,current_2020s,Current SKU anchor,2026,needs_photo_review,panel_source_candidate,49,4,4,0,0,1,0,0,1,cheez_it_original__current_2020s__22__4,Cheez-It Original Snack Crackers - SmartLabel,smartlabel.kelloggs.com,https://smartlabel.kelloggs.com/Product/Index/024100106844,ingredient panel visible,ingredient panel candidate,source_receipt_or_gap_only,"Capture a private crop of the ingredient/nutrition/document panel, run native OCR, and batch-review the candidate text."
chef_boyardee_beefaroni,Chef Boyardee Beefaroni,prepared foods,full_corpus_shell,current_2020s,current_2020s,Current SKU anchor,2026,source_review,panel_source_candidate,49,5,5,0,0,1,0,0,1,chef_boyardee_beefaroni__current_2020s__69__1,Chef Boyardee Beefaroni - Chef Boyardee,chefboyardee.com,https://www.chefboyardee.com/products/classics/beefaroni,ingredient panel visible,ingredient panel candidate,source_receipt_or_gap_only,"Capture a private crop of the ingredient/nutrition/document panel, run native OCR, and batch-review the candidate text."
chick_fil_a_chicken_sandwich,Chick-fil-A Chicken Sandwich,fast food,full_corpus_shell,current_2020s,current_2020s,Current SKU anchor,2026,source_review,panel_source_candidate,49,6,6,0,0,1,0,0,1,chick_fil_a_chicken_sandwich__current_2020s__946__2,Chick-fil-A Chicken Sandwich official menu page,chick-fil-a.com,https://www.chick-fil-a.com/menu/entrees/chick-fil-a-chicken-sandwich/,ingredient panel visible,ingredient panel candidate,source_receipt_or_gap_only,"Capture a private crop of the ingredient/nutrition/document panel, run native OCR, and batch-review the candidate text."
chips_ahoy_original,Chips Ahoy! Original Cookies,cookies,full_corpus_shell,current_2020s,current_2020s,Current SKU anchor,2026,needs_photo_review,panel_source_candidate,49,7,7,0,0,1,0,0,1,chips_ahoy_original__current_2020s__409__6,UPC 044000032197 - Chips Ahoy! Original Chocolate Chip Cookies 13 oz - UPCitemdb,upcitemdb.com,https://www.upcitemdb.com/upc/44000032197,ingredient panel visible,ingredient panel candidate,source_receipt_or_gap_only,"Capture a private crop of the ingredient/nutrition/document panel, run native OCR, and batch-review the candidate text."
cinnamon_toast_crunch,Cinnamon Toast Crunch,cereal,full_corpus_shell,current_2020s,current_2020s,Current SKU anchor,2026,needs_photo_review,panel_source_candidate,49,2,2,0,0,1,0,0,1,cinnamon_toast_crunch__current_2020s__44__1,Cinnamon Toast Crunch Cereal - Cinnamon Toast Crunch,cinnamontoastcrunch.com,https://www.cinnamontoastcrunch.com/products/cinnamon-toast-crunch-cereal,ingredient panel visible,front/package object,source_receipt_or_gap_only,"Capture a private crop of the ingredient/nutrition/document panel, run native OCR, and batch-review the candidate text."
cocoa_puffs,Cocoa Puffs,cereal,full_corpus_shell,current_2020s,current_2020s,Current SKU anchor,2026,needs_photo_review,panel_source_candidate,49,4,3,0,1,1,0,0,1,cocoa_puffs__current_2020s__76__3,"General Mills Cocoa Puffs Whole Grain Cereal, 10.4 oz Ingredients - CVS",cvs.com,https://www.cvs.com/shop/ingredients/general-mills-cocoa-puffs-whole-grain-cereal-10-4-oz-prodid-558865,ingredient panel visible,ingredient panel candidate,source_receipt_or_gap_only,"Capture a private crop of the ingredient/nutrition/document panel, run native OCR, and batch-review the candidate text."
cool_whip_original,Cool Whip Original,desserts,full_corpus_shell,current_2020s,current_2020s,Current SKU anchor,2026,needs_photo_review,panel_source_candidate,49,6,6,0,0,1,0,0,1,cool_whip_original__current_2020s__118__4,Cool Whip Original Whipped Topping - Kraft Heinz,kraftheinz.com,https://www.kraftheinz.com/cool-whip/products/00043000009604-original-whipped-topping,ingredient panel visible,ingredient panel candidate,source_receipt_or_gap_only,"Capture a private crop of the ingredient/nutrition/document panel, run native OCR, and batch-review the candidate text."
dinty_moore_beef_stew,Dinty Moore Beef Stew,prepared foods,full_corpus_shell,current_2020s,current_2020s,Current SKU anchor,2026,needs_photo_review,panel_source_candidate,49,5,5,0,0,1,0,0,1,dinty_moore_beef_stew__current_2020s__1058__5,Hormel SmartLabel DINTY MOORE Beef Stew page,smartlabel.hormelfoods.com,https://smartlabel.hormelfoods.com/product-info/00037600249348,ingredient panel visible,ingredient panel candidate,source_receipt_or_gap_only,"Capture a private crop of the ingredient/nutrition/document panel, run native OCR, and batch-review the candidate text."
dominos_hand_tossed_pepperoni,Domino's Hand Tossed Pepperoni Pizza,fast food,full_corpus_shell,current_2020s,current_2020s,Current SKU anchor,2026,source_review,panel_source_candidate,49,5,5,0,0,1,0,0,1,dominos_hand_tossed_pepperoni__current_2020s__571__1,Domino's US Nutrition Guide PDF with Hand Tossed Pizza ingredient nutrition tables,cache.dominos.com,https://cache.dominos.com/olo/6_164_0/assets/build/market/US/_en/pdf/DominosNutritionGuide.pdf,ingredient panel visible,ingredient panel candidate,source_receipt_or_gap_only,"Capture a private crop of the ingredient/nutrition/document panel, run native OCR, and batch-review the candidate text."
dr_pepper_original,Dr Pepper Original,beverages,full_corpus_shell,current_2020s,current_2020s,Current SKU anchor,2026,needs_photo_review,panel_source_candidate,49,6,6,0,0,1,0,0,1,dr_pepper_original__current_2020s__52__4,"Dr Pepper Soda Cans, 12 pk / 12 fl oz - Kroger",kroger.com,https://www.kroger.com/p/dr-pepper/0007800008216,ingredient panel visible,ingredient panel candidate,source_receipt_or_gap_only,"Capture a private crop of the ingredient/nutrition/document panel, run native OCR, and batch-review the candidate text."
dunkin_glazed_donut,Dunkin' Glazed Donut,fast food,full_corpus_shell,current_2020s,current_2020s,Current SKU anchor,2026,source_review,panel_source_candidate,49,6,5,0,1,1,0,0,1,dunkin_glazed_donut__current_2020s__574__1,Dunkin' Nutrition page with nutrition and allergen/ingredient PDF links,dunkindonuts.com,https://www.dunkindonuts.com/content/dunkindonuts/en/menu/nutrition/nutrition_catalog.html.,ingredient panel visible,ingredient panel candidate,source_receipt_or_gap_only,"Capture a private crop of the ingredient/nutrition/document panel, run native OCR, and batch-review the candidate text."
eggo_homestyle_waffles,Eggo Homestyle Waffles,frozen foods,full_corpus_shell,current_2020s,current_2020s,Current SKU anchor,2026,needs_photo_review,panel_source_candidate,49,6,5,0,1,1,0,0,1,eggo_homestyle_waffles__current_2020s__68__2,Eggo Homestyle Waffles - Eggo,leggomyeggo.com,https://www.leggomyeggo.com/en-us/products/waffles/homestyle-waffles-product.html,ingredient panel visible,ingredient panel candidate,source_receipt_or_gap_only,"Capture a private crop of the ingredient/nutrition/document panel, run native OCR, and batch-review the candidate text."
fig_newtons,Fig Newtons,cookies,full_corpus_shell,current_2020s,current_2020s,Current SKU anchor,2026,needs_photo_review,panel_source_candidate,49,5,4,0,1,1,0,0,1,fig_newtons__current_2020s__58__4,Newtons Soft & Chewy Fig Fruit Chewy Cookies - SmartLabel,smartlabel.mondelez.info,https://smartlabel.mondelez.info/044000078348-0001-en-US/index.html,ingredient panel visible,ingredient panel candidate,source_receipt_or_gap_only,"Capture a private crop of the ingredient/nutrition/document panel, run native OCR, and batch-review the candidate text."
frenchs_yellow_mustard,French's Classic Yellow Mustard,condiments,full_corpus_shell,current_2020s,current_2020s,Current SKU anchor,2026,needs_photo_review,panel_source_candidate,49,6,5,0,1,1,0,0,1,frenchs_yellow_mustard__current_2020s__702__4,French's Classic Yellow Mustard 20 oz UPCItemDB record,upcitemdb.com,https://www.upcitemdb.com/upc/41500000312,ingredient panel visible,ingredient panel candidate,source_receipt_or_gap_only,"Capture a private crop of the ingredient/nutrition/document panel, run native OCR, and batch-review the candidate text."
fritos_original,Fritos Original Corn Chips,chips,full_corpus_shell,current_2020s,current_2020s,Current SKU anchor,2026,needs_photo_review,panel_source_candidate,49,4,3,0,1,1,0,0,1,fritos_original__current_2020s__77__4,"Fritos, The Original, Corn Chips - SmartLabel",smartlabel.pepsico.info,https://smartlabel.pepsico.info/028400017206-0003-en-US/index.html,ingredient panel visible,ingredient panel candidate,source_receipt_or_gap_only,"Capture a private crop of the ingredient/nutrition/document panel, run native OCR, and batch-review the candidate text."
gatorade_lemon_lime,Gatorade Lemon-Lime,beverages,full_corpus_shell,current_2020s,current_2020s,Current SKU anchor,2026,needs_photo_review,panel_source_candidate,49,6,6,0,0,1,0,0,1,gatorade_lemon_lime__current_2020s__81__3,Gatorade Lemon-Lime Flavored Thirst Quencher - SmartLabel,smartlabel.pepsico.info,https://smartlabel.pepsico.info/052000208054-0012-en-US/index.html,ingredient panel visible,ingredient panel candidate,source_receipt_or_gap_only,"Capture a private crop of the ingredient/nutrition/document panel, run native OCR, and batch-review the candidate text."
hamburger_helper_cheeseburger_macaroni,Hamburger Helper Cheeseburger Macaroni,prepared foods,full_corpus_shell,current_2020s,current_2020s,Current SKU anchor,2026,needs_photo_review,panel_source_candidate,49,3,3,0,0,1,0,0,1,hamburger_helper_cheeseburger_macaroni__current_2020s__104__3,Hamburger Helper Cheeseburger Macaroni - Hamburger Helper,hamburgerhelper.com,https://www.hamburgerhelper.com/product/amburger-helper-cheeseburger-macaroni/,ingredient panel visible,ingredient panel candidate,source_receipt_or_gap_only,"Capture a private crop of the ingredient/nutrition/document panel, run native OCR, and batch-review the candidate text."
hebrew_national_franks,Hebrew National Beef Franks,meat,full_corpus_shell,current_2020s,current_2020s,Current SKU anchor,2026,needs_photo_review,panel_source_candidate,49,8,8,0,0,1,0,0,1,hebrew_national_franks__current_2020s__133__3,"Hebrew National Beef Franks, 34.1 oz, 20 Count - Walmart",walmart.com,https://www.walmart.com/ip/21289107,ingredient panel visible,ingredient panel candidate,source_receipt_or_gap_only,"Capture a private crop of the ingredient/nutrition/document panel, run native OCR, and batch-review the candidate text."
hellmanns_mayonnaise_real,Hellmann's Real Mayonnaise,condiments,full_corpus_shell,current_2020s,current_2020s,Current SKU anchor,2026,needs_photo_review,panel_source_candidate,49,7,7,0,0,1,0,0,1,hellmanns_mayonnaise_real__current_2020s__608__4,Hellmann's Real Mayonnaise 30 lb pail product data sheet PDF,webstaurantstore.com,https://www.webstaurantstore.com/documents/nutrition/10048001265544-68941199_pds_hellmann_s_real_mayonnaise_30_lbs_pail_062322.pdf,ingredient panel visible,ingredient panel candidate,source_receipt_or_gap_only,"Capture a private crop of the ingredient/nutrition/document panel, run native OCR, and batch-review the candidate text."
hersheys_milk_chocolate_bar,Hershey's Milk Chocolate Bar,candy,full_corpus_shell,current_2020s,current_2020s,Current SKU anchor,2026,source_review,panel_source_candidate,49,2,2,0,0,1,0,0,1,hersheys_milk_chocolate_bar__current_2020s__25__1,"HERSHEY'S Milk Chocolate 6 full size bars 9.3 oz SmartLabel, updated 2024",smartlabel.hersheys.com,https://smartlabel.hersheys.com/034000290055-0051-en-US/index.html,ingredient panel visible,ingredient panel candidate,source_receipt_or_gap_only,"Capture a private crop of the ingredient/nutrition/document panel, run native OCR, and batch-review the candidate text."
hidden_valley_ranch_original,Hidden Valley Original Ranch,condiments,full_corpus_shell,current_2020s,current_2020s,Current SKU anchor,2026,needs_photo_review,panel_source_candidate,49,3,3,0,0,1,0,0,1,hidden_valley_ranch_original__current_2020s__95__3,Hidden Valley Original Ranch Condiment & Salad Dressing - Hidden Valley,hiddenvalley.com,https://www.hiddenvalley.com/products/bottled-dressings/original-ranch/original-ranch/,ingredient panel visible,ingredient panel candidate,source_receipt_or_gap_only,"Capture a private crop of the ingredient/nutrition/document panel, run native OCR, and batch-review the candidate text."
honey_nut_cheerios,Honey Nut Cheerios,cereal,full_corpus_shell,current_2020s,current_2020s,Current SKU anchor,2026,needs_photo_review,panel_source_candidate,49,2,2,0,0,1,0,0,1,honey_nut_cheerios__current_2020s__32__2,General Mills Honey Nut Cheerios 1 oz Nutrition PDF,evfoodservices.com,https://www.evfoodservices.com/info/Breakfast-Entrees/Honey_Nu_Cheerios_1oz_Nutrition.pdf,ingredient panel visible,ingredient panel candidate,source_receipt_or_gap_only,"Capture a private crop of the ingredient/nutrition/document panel, run native OCR, and batch-review the candidate text."
hormel_chili_no_beans,Hormel Chili No Beans,prepared foods,full_corpus_shell,current_2020s,current_2020s,Current SKU anchor,2026,needs_photo_review,panel_source_candidate,49,8,8,0,0,1,0,0,1,hormel_chili_no_beans__current_2020s__894__3,Hormel SmartLabel HORMEL Chili No Beans,nutrition.hormelfoods.com,https://nutrition.hormelfoods.com/product-info/00037600165884,ingredient panel visible,ingredient panel candidate,source_receipt_or_gap_only,"Capture a private crop of the ingredient/nutrition/document panel, run native OCR, and batch-review the candidate text."
hostess_cupcakes,Hostess CupCakes,snack cakes,full_corpus_shell,current_2020s,current_2020s,Current SKU anchor,2026,needs_photo_review,panel_source_candidate,49,7,7,0,0,1,0,0,1,hostess_cupcakes__current_2020s__74__4,"Hostess Chocolate CupCakes, 3.17 oz Sleeve - Walmart",walmart.com,https://www.walmart.com/ip/35772686,ingredient panel visible,ingredient panel candidate,source_receipt_or_gap_only,"Capture a private crop of the ingredient/nutrition/document panel, run native OCR, and batch-review the candidate text."
twinkies,Hostess Twinkies,snack cakes,full_corpus_shell,current_2020s,current_2020s,Current SKU anchor,2026,needs_photo_review,panel_source_candidate,49,2,2,0,0,1,0,0,1,twinkies__current_2020s__16__2,"Hostess Twinkies Single-Serve Chocolate Cakes, 2 ct / 2.7 oz - Kroger",kroger.com,https://www.kroger.com/p/hostess-twinkies-single-serve-chocolate-cakes/0088810901090,ingredient panel visible,ingredient panel candidate,source_receipt_or_gap_only,"Capture a private crop of the ingredient/nutrition/document panel, run native OCR, and batch-review the candidate text."
hot_pockets_pepperoni_pizza,Hot Pockets Pepperoni Pizza,frozen foods,full_corpus_shell,current_2020s,current_2020s,Current SKU anchor,2026,needs_photo_review,panel_source_candidate,49,2,2,0,0,1,0,0,1,hot_pockets_pepperoni_pizza__current_2020s__83__2,"Hot Pockets Pepperoni Pizza Snacks, 54 oz 12 Pack - Walmart",walmart.com,https://www.walmart.com/ip/14122459,ingredient panel visible,ingredient panel candidate,source_receipt_or_gap_only,"Capture a private crop of the ingredient/nutrition/document panel, run native OCR, and batch-review the candidate text."
jello_strawberry_gelatin,Jell-O Strawberry Gelatin,desserts,full_corpus_shell,current_2020s,current_2020s,Current SKU anchor,2026,needs_photo_review,panel_source_candidate,49,3,3,0,0,1,0,0,1,jello_strawberry_gelatin__current_2020s__53__3,"Jell-O Strawberry Gelatin Dessert Mix, Family Size, 6 oz - Kroger",kroger.com,https://www.kroger.com/p/jello-strawberry-gelatin-dessert-mix-family-size-box/0004300020051,ingredient panel visible,ingredient panel candidate,source_receipt_or_gap_only,"Capture a private crop of the ingredient/nutrition/document panel, run native OCR, and batch-review the candidate text."
jif_creamy_peanut_butter,Jif Creamy Peanut Butter,spreads,full_corpus_shell,current_2020s,current_2020s,Current SKU anchor,2026,needs_photo_review,panel_source_candidate,49,3,3,0,0,1,0,0,1,jif_creamy_peanut_butter__current_2020s__60__3,Jif Creamy Peanut Butter - Jif,jif.com,https://www.jif.com/products/creamy/creamy-peanut-butter,ingredient panel visible,ingredient panel candidate,source_receipt_or_gap_only,"Capture a private crop of the ingredient/nutrition/document panel, run native OCR, and batch-review the candidate text."
corn_flakes,Kellogg's Corn Flakes,cereal,full_corpus_shell,current_2020s,current_2020s,Current SKU anchor,2026,needs_photo_review,panel_source_candidate,49,3,3,0,0,1,0,0,1,corn_flakes__current_2020s__39__3,Kellogg's Corn Flakes Original - SmartLabel,smartlabel.kelloggs.com,https://smartlabel.kelloggs.com/Product/Index/038000001305,ingredient panel visible,ingredient panel candidate,source_receipt_or_gap_only,"Capture a private crop of the ingredient/nutrition/document panel, run native OCR, and batch-review the candidate text."
froot_loops,Kellogg's Froot Loops,cereal,full_corpus_shell,current_2020s,current_2020s,Current SKU anchor,2026,needs_photo_review,panel_source_candidate,49,2,2,0,0,1,0,0,1,froot_loops__current_2020s__40__2,Kellogg's Froot Loops Original - SmartLabel,smartlabel.kelloggs.com,https://smartlabel.kelloggs.com/Product/Index/038000198645,ingredient panel visible,ingredient panel candidate,source_receipt_or_gap_only,"Capture a private crop of the ingredient/nutrition/document panel, run native OCR, and batch-review the candidate text."
frosted_flakes,Kellogg's Frosted Flakes,cereal,full_corpus_shell,current_2020s,current_2020s,Current SKU anchor,2026,needs_photo_review,panel_source_candidate,49,2,2,0,0,1,0,0,1,frosted_flakes__current_2020s__41__2,Kellogg's Frosted Flakes Original - SmartLabel,smartlabel.kelloggs.com,https://smartlabel.kelloggs.com/Product/Index/038000001299,ingredient panel visible,ingredient panel candidate,source_receipt_or_gap_only,"Capture a private crop of the ingredient/nutrition/document panel, run native OCR, and batch-review the candidate text."
raisin_bran_kelloggs,Kellogg's Raisin Bran,cereal,full_corpus_shell,current_2020s,current_2020s,Current SKU anchor,2026,needs_photo_review,panel_source_candidate,49,6,5,0,1,1,0,0,1,raisin_bran_kelloggs__current_2020s__111__3,Kellogg's Raisin Bran Original Cereal - SmartLabel,smartlabel.wkkellogg.com,https://smartlabel.wkkellogg.com/Product/Index?gtin=00038000270840,ingredient panel visible,ingredient panel candidate,source_receipt_or_gap_only,"Capture a private crop of the ingredient/nutrition/document panel, run native OCR, and batch-review the candidate text."
rice_krispies,Kellogg's Rice Krispies,cereal,full_corpus_shell,current_2020s,current_2020s,Current SKU anchor,2026,needs_photo_review,panel_source_candidate,49,3,3,0,0,1,0,0,1,rice_krispies__current_2020s__55__3,Kellogg's Rice Krispies Cereal - SmartLabel,smartlabel.wkkellogg.com,https://smartlabel.wkkellogg.com/Product/Index?gtin=00038000005657,ingredient panel visible,ingredient panel candidate,source_receipt_or_gap_only,"Capture a private crop of the ingredient/nutrition/document panel, run native OCR, and batch-review the candidate text."
kfc_famous_bowl,KFC Famous Bowl,fast food,full_corpus_shell,current_2020s,current_2020s,Current SKU anchor,2026,source_review,panel_source_candidate,49,3,1,0,2,1,0,0,1,kfc_famous_bowl__current_2020s__581__1,KFC location delivery page with Famous Bowl product description,locations.kfc.com,https://locations.kfc.com/vt/rutland/153-s-main-st/delivery,ingredient panel visible,ingredient panel candidate,source_receipt_or_gap_only,"Capture a private crop of the ingredient/nutrition/document panel, run native OCR, and batch-review the candidate text."
kit_kat_bar,Kit Kat Bar,candy,full_corpus_shell,current_2020s,current_2020s,Current SKU anchor,2026,needs_photo_review,panel_source_candidate,49,2,2,0,0,1,0,0,1,kit_kat_bar__current_2020s__61__1,Kit Kat Crisp Wafer Bar in Milk Chocolate - SmartLabel,smartlabel.hersheys.com,https://smartlabel.hersheys.com/034000002467-0011-en-US/index.html,ingredient panel visible,front/package object,source_receipt_or_gap_only,"Capture a private crop of the ingredient/nutrition/document panel, run native OCR, and batch-review the candidate text."
kool_aid_cherry,Kool-Aid Cherry Drink Mix,beverages,full_corpus_shell,current_2020s,current_2020s,Current SKU anchor,2026,needs_photo_review,panel_source_candidate,49,4,4,0,0,1,0,0,1,kool_aid_cherry__current_2020s__265__1,Kool-Aid Cherry Powdered Drink Mix 19 oz Canister - Walmart,walmart.com,https://www.walmart.com/ip/10292772,ingredient panel visible,front/package object,source_receipt_or_gap_only,"Capture a private crop of the ingredient/nutrition/document panel, run native OCR, and batch-review the candidate text."
kraft_singles_american,Kraft Singles American Cheese,dairy,full_corpus_shell,current_2020s,current_2020s,Current SKU anchor,2026,needs_photo_review,panel_source_candidate,49,11,10,0,1,1,0,0,1,kraft_singles_american__current_2020s__78__4,Kraft Singles American Slices - Kraft Heinz,kraftheinz.com,https://www.kraftheinz.com/kraft-singles/products/00021000604739-singles-american-pasteurized-prepared-cheese-product-slices/,ingredient panel visible,ingredient panel candidate,source_receipt_or_gap_only,"Capture a private crop of the ingredient/nutrition/document panel, run native OCR, and batch-review the candidate text."
lays_classic,Lay's Classic Potato Chips,chips,full_corpus_shell,current_2020s,current_2020s,Current SKU anchor,2026,needs_photo_review,panel_source_candidate,49,6,6,0,0,1,0,0,1,lays_classic__current_2020s__28__2,Lay's Classic Potato Chips - SmartLabel,smartlabel.pepsico.info,https://smartlabel.pepsico.info/028400017145-0003-en-US/index.html,ingredient panel visible,ingredient panel candidate,source_receipt_or_gap_only,"Capture a private crop of the ingredient/nutrition/document panel, run native OCR, and batch-review the candidate text."
lean_cuisine_salisbury_steak,Lean Cuisine Salisbury Steak,frozen foods,full_corpus_shell,current_2020s,current_2020s,Current SKU anchor,2026,needs_photo_review,panel_source_candidate,49,11,10,0,1,1,0,0,1,lean_cuisine_salisbury_steak__current_2020s__771__5,Lean Cuisine Salisbury Steak with Macaroni and Cheese official product page,goodnes.com,https://www.goodnes.com/lean-cuisine/products/salisbury-steak-macaroni-cheese-meal/,ingredient panel visible,ingredient panel candidate,source_receipt_or_gap_only,"Capture a private crop of the ingredient/nutrition/document panel, run native OCR, and batch-review the candidate text."
life_cereal_original,Life Cereal Original,cereal,full_corpus_shell,current_2020s,current_2020s,Current SKU anchor,2026,needs_photo_review,panel_source_candidate,49,4,4,0,0,1,0,0,1,life_cereal_original__current_2020s__121__2,Quaker Life Original Multigrain Cereal - SmartLabel,smartlabel.pepsico.info,https://smartlabel.pepsico.info/030000063545-0021-en-US/index.html,ingredient panel visible,ingredient panel candidate,source_receipt_or_gap_only,"Capture a private crop of the ingredient/nutrition/document panel, run native OCR, and batch-review the candidate text."
little_debbie_oatmeal_creme_pies,Little Debbie Oatmeal Creme Pies,snack cakes,full_corpus_shell,current_2020s,current_2020s,Current SKU anchor,2026,needs_photo_review,panel_source_candidate,49,6,5,0,1,1,0,0,1,little_debbie_oatmeal_creme_pies__current_2020s__831__5,Little Debbie Oatmeal Creme Pies Detail Sheet - McKee Foodservice,mckeefoodservice.com,https://mckeefoodservice.com/storage/app/media/Products/2026-spec-sheets/ld-dd-oatmeal-creme-pies-detail-sheet-1.pdf,ingredient panel visible,ingredient panel candidate,source_receipt_or_gap_only,"Capture a private crop of the ingredient/nutrition/document panel, run native OCR, and batch-review the candidate text."
little_debbie_swiss_rolls,Little Debbie Swiss Rolls,snack cakes,full_corpus_shell,current_2020s,current_2020s,Current SKU anchor,2026,needs_photo_review,panel_source_candidate,49,5,4,0,1,1,0,0,1,little_debbie_swiss_rolls__current_2020s__107__1,"Little Debbie Swiss Rolls, 13.31 oz, 12 count - Walmart",walmart.com,https://www.walmart.com/ip/10295209,ingredient panel visible,front/package object,source_receipt_or_gap_only,"Capture a private crop of the ingredient/nutrition/document panel, run native OCR, and batch-review the candidate text."
lucky_charms,Lucky Charms,cereal,full_corpus_shell,current_2020s,current_2020s,Current SKU anchor,2026,needs_photo_review,panel_source_candidate,49,2,2,0,0,1,0,0,1,lucky_charms__current_2020s__42__1,Lucky Charms Original Cereal - Lucky Charms,luckycharms.com,https://www.luckycharms.com/products/lucky-charms-original-cereal,ingredient panel visible,front/package object,source_receipt_or_gap_only,"Capture a private crop of the ingredient/nutrition/document panel, run native OCR, and batch-review the candidate text."
mms_milk_chocolate,M&M's Milk Chocolate Candies,candy,full_corpus_shell,current_2020s,current_2020s,Current SKU anchor,2026,needs_photo_review,panel_source_candidate,49,4,3,0,1,1,0,0,1,mms_milk_chocolate__current_2020s__1082__1,"M&M'S Milk Chocolate Candy Family Size, 18 oz Bag - Walmart",walmart.com,https://www.walmart.com/ip/15430114556,ingredient panel visible,front/package object,source_receipt_or_gap_only,"Capture a private crop of the ingredient/nutrition/document panel, run native OCR, and batch-review the candidate text."
mcdonalds_world_famous_fries,McDonald's World Famous Fries,fast food,full_corpus_shell,earliest_verified_label,earliest_verified_label,Earliest label hunt,1912,needs_photo_review,panel_source_candidate,49,3,1,0,2,0,0,0,1,mcdonalds_world_famous_fries__earliest_verified_label__650__3,McDonald's USA Nutrition Facts for Popular Menu Items PDF mirror - fries rows,grist.org,https://grist.org/wp-content/uploads/2010/07/nutritionfacts.pdf,panel not verified readable,menu_or_nutrition_document,source_receipt_or_gap_only,"Capture a private crop of the ingredient/nutrition/document panel, run native OCR, and batch-review the candidate text."
mcdonalds_world_famous_fries,McDonald's World Famous Fries,fast food,full_corpus_shell,current_2020s,current_2020s,Current SKU anchor,2026,source_review,panel_source_candidate,49,1,1,0,0,1,0,0,1,mcdonalds_world_famous_fries__current_2020s__498__1,McDonald's Small World Famous Fries official product page,mcdonalds.com,https://www.mcdonalds.com/us/en-us/product/small-french-fries.html,ingredient panel visible,ingredient panel candidate,source_receipt_or_gap_only,"Capture a private crop of the ingredient/nutrition/document panel, run native OCR, and batch-review the candidate text."
milky_way_bar,Milky Way Bar,candy,full_corpus_shell,current_2020s,current_2020s,Current SKU anchor,2026,needs_photo_review,panel_source_candidate,49,6,6,0,0,1,0,0,1,milky_way_bar__current_2020s__927__5,Target Milky Way Chocolate Candy Bars 36 count 1.84 oz page,target.com,https://www.target.com/p/-/A-87922432,ingredient panel visible,ingredient panel candidate,source_receipt_or_gap_only,"Capture a private crop of the ingredient/nutrition/document panel, run native OCR, and batch-review the candidate text."
miracle_whip_original,Miracle Whip Original,condiments,full_corpus_shell,current_2020s,current_2020s,Current SKU anchor,2026,needs_photo_review,panel_source_candidate,49,5,5,0,0,1,0,0,1,miracle_whip_original__current_2020s__955__3,Miracle Whip Original Mayo-like Dressing official product page,kraftheinz.com,https://www.kraftheinz.com/miracle-whip/products/00021000647002-mayo-like-dressing,ingredient panel visible,ingredient panel candidate,source_receipt_or_gap_only,"Capture a private crop of the ingredient/nutrition/document panel, run native OCR, and batch-review the candidate text."
mountain_dew_original,Mountain Dew Original,beverages,full_corpus_shell,current_2020s,current_2020s,Current SKU anchor,2026,needs_photo_review,panel_source_candidate,49,8,8,0,0,1,0,0,1,mountain_dew_original__current_2020s__34__3,"Mountain Dew, 12 fl oz can - SmartLabel",smartlabel.pepsico.info,https://smartlabel.pepsico.info/012000809897-0001-en-US/index.html,ingredient panel visible,ingredient panel candidate,source_receipt_or_gap_only,"Capture a private crop of the ingredient/nutrition/document panel, run native OCR, and batch-review the candidate text."
nilla_wafers,Nilla Wafers,cookies,full_corpus_shell,current_2020s,current_2020s,Current SKU anchor,2026,needs_photo_review,panel_source_candidate,49,6,6,0,0,1,0,0,1,nilla_wafers__current_2020s__64__5,"Nilla Wafers Mini Cookies, 11 oz - Walmart",walmart.com,https://www.walmart.com/ip/17176262,ingredient panel visible,ingredient panel candidate,source_receipt_or_gap_only,"Capture a private crop of the ingredient/nutrition/document panel, run native OCR, and batch-review the candidate text."
nutella_hazelnut_spread,Nutella Hazelnut Spread,spreads,full_corpus_shell,current_2020s,current_2020s,Current SKU anchor,2026,needs_photo_review,panel_source_candidate,49,10,7,0,3,1,0,0,1,nutella_hazelnut_spread__current_2020s__878__5,Nutella foodservice product specification PDF,vitcofoods.com,https://www.vitcofoods.com/productspecs/3298.pdf,ingredient panel visible,ingredient panel candidate,source_receipt_or_gap_only,"Capture a private crop of the ingredient/nutrition/document panel, run native OCR, and batch-review the candidate text."
oscar_mayer_bologna,Oscar Mayer Bologna,meat,full_corpus_shell,current_2020s,current_2020s,Current SKU anchor,2026,needs_photo_review,panel_source_candidate,49,7,7,0,0,1,0,0,1,oscar_mayer_bologna__current_2020s__822__4,Oscar Mayer Original Bologna 16 oz The Fresh Grocer page,thefreshgrocer.com,https://www.thefreshgrocer.com/product/oscar-mayer-original-bologna-16-oz-id-00044700008577,ingredient panel visible,ingredient panel candidate,source_receipt_or_gap_only,"Capture a private crop of the ingredient/nutrition/document panel, run native OCR, and batch-review the candidate text."
oscar_mayer_wieners,Oscar Mayer Wieners,meat,full_corpus_shell,earliest_verified_label,earliest_verified_label,Earliest label hunt,1912,source_review,panel_source_candidate,49,1,1,0,0,0,0,0,1,oscar_mayer_wieners__earliest_verified_label__791__1,2014 Kraft Foods Oscar Mayer Classic Wieners recall notice with label context,in.gov,https://www.in.gov/health/food-protection/files/Kraft_Foods_Group_Inc_RECALL_Food.pdf,panel not verified readable,current_web_page,source_receipt_or_gap_only,"Capture a private crop of the ingredient/nutrition/document panel, run native OCR, and batch-review the candidate text."
oscar_mayer_wieners,Oscar Mayer Wieners,meat,full_corpus_shell,current_2020s,current_2020s,Current SKU anchor,2026,needs_photo_review,panel_source_candidate,49,5,5,0,0,1,0,0,1,oscar_mayer_wieners__current_2020s__110__2,Oscar Mayer Classic Wieners Hot Dogs Mega Pack - Oscar Mayer,oscarmayer.com,https://www.oscarmayer.com/products/00044700097014-classic-wieners-hot-dogs-mega-pack/,ingredient panel visible,ingredient panel candidate,source_receipt_or_gap_only,"Capture a private crop of the ingredient/nutrition/document panel, run native OCR, and batch-review the candidate text."
panera_broccoli_cheddar_soup,Panera Broccoli Cheddar Soup,fast food,full_corpus_shell,current_2020s,current_2020s,Current SKU anchor,2026,needs_photo_review,panel_source_candidate,49,13,11,0,2,1,0,0,1,panera_broccoli_cheddar_soup__current_2020s__832__3,Panera Bread 16 oz retail Broccoli Cheddar Soup PDF - Blount Fine Foods,blountfinefoods.com,https://blountfinefoods.com/images/documents/nutritionals/Panera_16oz_Retail/Panera_16oz_BrocChed_69091.pdf,ingredient panel visible,ingredient panel candidate,source_receipt_or_gap_only,"Capture a private crop of the ingredient/nutrition/document panel, run native OCR, and batch-review the candidate text."
pearl_milling_pancake_mix_original,Pearl Milling Company Original Pancake Mix,breakfast,full_corpus_shell,current_2020s,current_2020s,Current SKU anchor,2026,needs_photo_review,panel_source_candidate,49,7,7,0,0,1,0,0,1,pearl_milling_pancake_mix_original__current_2020s__742__6,Pearl Milling Company Original pancake and waffle mix page,pearlmillingcompany.com,https://www.pearlmillingcompany.com/productos-esp/pancake_waffle_mixes/original_pancakes,ingredient panel visible,ingredient panel candidate,source_receipt_or_gap_only,"Capture a private crop of the ingredient/nutrition/document panel, run native OCR, and batch-review the candidate text."
pepperidge_farm_goldfish_cheddar,Pepperidge Farm Goldfish Cheddar,crackers,full_corpus_shell,current_2020s,current_2020s,Current SKU anchor,2026,needs_photo_review,panel_source_candidate,49,4,3,0,1,1,0,0,1,pepperidge_farm_goldfish_cheddar__current_2020s__47__4,Goldfish Cheddar Crackers - Pepperidge Farm,pepperidgefarm.com,https://www.pepperidgefarm.com/product/goldfish-cheddar-crackers/,ingredient panel visible,ingredient panel candidate,source_receipt_or_gap_only,"Capture a private crop of the ingredient/nutrition/document panel, run native OCR, and batch-review the candidate text."
pepsi_cola,Pepsi Cola,beverages,full_corpus_shell,current_2020s,current_2020s,Current SKU anchor,2026,needs_photo_review,panel_source_candidate,49,4,4,0,0,1,0,0,1,pepsi_cola__current_2020s__33__3,Pepsi Cola SmartLabel product record,smartlabel.pepsico.info,https://smartlabel.pepsico.info/012000809941-0001-en-US/index.html,ingredient panel visible,ingredient panel candidate,source_receipt_or_gap_only,"Capture a private crop of the ingredient/nutrition/document panel, run native OCR, and batch-review the candidate text."
philadelphia_cream_cheese_original,Philadelphia Original Cream Cheese,dairy,full_corpus_shell,current_2020s,current_2020s,Current SKU anchor,2026,needs_photo_review,panel_source_candidate,49,5,4,0,1,1,0,0,1,philadelphia_cream_cheese_original__current_2020s__1062__1,Philadelphia Original Cream Cheese 8 oz - Target,target.com,https://www.target.com/p/-/A-12958523,ingredient panel visible,front/package object,source_receipt_or_gap_only,"Capture a private crop of the ingredient/nutrition/document panel, run native OCR, and batch-review the candidate text."
pillsbury_crescent_rolls,Pillsbury Crescent Rolls,refrigerated dough,full_corpus_shell,current_2020s,current_2020s,Current SKU anchor,2026,needs_photo_review,panel_source_candidate,49,11,10,0,1,1,0,0,1,pillsbury_crescent_rolls__current_2020s__692__5,Pillsbury Value 2 Pack Original Crescent Rolls Go-UPC record,go-upc.com,https://go-upc.com/search?q=018000287123,ingredient panel visible,ingredient panel candidate,source_receipt_or_gap_only,"Capture a private crop of the ingredient/nutrition/document panel, run native OCR, and batch-review the candidate text."
pillsbury_toaster_strudel_strawberry,Pillsbury Toaster Strudel Strawberry,frozen foods,full_corpus_shell,current_2020s,current_2020s,Current SKU anchor,2026,needs_photo_review,panel_source_candidate,49,3,3,0,0,1,0,0,1,pillsbury_toaster_strudel_strawberry__current_2020s__136__1,"Pillsbury Toaster Strudel Mega Icing Strawberry, 13.3 oz - Pillsbury",pillsbury.com,https://www.pillsbury.com/products/toaster-strudel/pillsbury-toaster-strudel-pastries-mega-icing-strawberry,ingredient panel visible,front/package object,source_receipt_or_gap_only,"Capture a private crop of the ingredient/nutrition/document panel, run native OCR, and batch-review the candidate text."
pizza_hut_original_pan_pepperoni,Pizza Hut Original Pan Pepperoni Pizza,fast food,full_corpus_shell,current_2020s,current_2020s,Current SKU anchor,2026,source_review,panel_source_candidate,49,2,1,0,1,1,0,0,1,pizza_hut_original_pan_pepperoni__current_2020s__656__1,Pizza Hut School Lunch Ingredient Statement PDF,district.schoolnutritionandfitness.com,https://district.schoolnutritionandfitness.com/webstercentralsd/files/Specs2/PizzaEntrees/Pizza_Hut_School_Lunch_Ingredient_Statement.pdf,ingredient panel visible,ingredient panel candidate,source_receipt_or_gap_only,"Capture a private crop of the ingredient/nutrition/document panel, run native OCR, and batch-review the candidate text."
poptarts_brown_sugar_cinnamon,Pop-Tarts Frosted Brown Sugar Cinnamon,breakfast,full_corpus_shell,current_2020s,current_2020s,Current SKU anchor,2026,needs_photo_review,panel_source_candidate,49,9,8,0,1,1,0,0,1,poptarts_brown_sugar_cinnamon__current_2020s__43__5,Frosted Brown Sugar Cinnamon Pop-Tarts - SmartLabel,smartlabel.kelloggs.com,https://smartlabel.kelloggs.com/Product/Index/038000317309,ingredient panel visible,ingredient panel candidate,source_receipt_or_gap_only,"Capture a private crop of the ingredient/nutrition/document panel, run native OCR, and batch-review the candidate text."
popeyes_chicken_sandwich,Popeyes Chicken Sandwich,fast food,full_corpus_shell,current_2020s,current_2020s,Current SKU anchor,2026,source_review,panel_source_candidate,49,3,3,0,0,1,0,0,1,popeyes_chicken_sandwich__current_2020s__667__1,Popeyes US Ingredient Information PDF,plk-use1-prod.sites.rbictg.com,https://plk-use1-prod.sites.rbictg.com/nutrition/PLK_US_Ingredient_Information.pdf,ingredient panel visible,ingredient panel candidate,source_receipt_or_gap_only,"Capture a private crop of the ingredient/nutrition/document panel, run native OCR, and batch-review the candidate text."
grape_nuts,Post Grape-Nuts,cereal,full_corpus_shell,current_2020s,current_2020s,Current SKU anchor,2026,needs_photo_review,panel_source_candidate,49,5,5,0,0,1,0,0,1,grape_nuts__current_2020s__120__2,Grape-Nuts The Original Cereal - Grape-Nuts,grapenuts.com,https://www.grapenuts.com/products/the-original/,ingredient panel visible,ingredient panel candidate,source_receipt_or_gap_only,"Capture a private crop of the ingredient/nutrition/document panel, run native OCR, and batch-review the candidate text."
pringles_original,Pringles Original Crisps,chips,full_corpus_shell,current_2020s,current_2020s,Current SKU anchor,2026,needs_photo_review,panel_source_candidate,49,7,6,0,1,1,0,0,1,pringles_original__current_2020s__48__5,Pringles Original Crisps - Pringles,pringles.com,https://www.pringles.com/en-us/products/pringles-original-crisps.html,ingredient panel visible,ingredient panel candidate,source_receipt_or_gap_only,"Capture a private crop of the ingredient/nutrition/document panel, run native OCR, and batch-review the candidate text."
quaker_old_fashioned_oats,Quaker Old Fashioned Oats,breakfast,full_corpus_shell,current_2020s,current_2020s,Current SKU anchor,2026,needs_photo_review,panel_source_candidate,49,9,8,0,1,1,0,0,1,quaker_old_fashioned_oats__current_2020s__1091__3,"Quaker Old Fashioned Oats SmartLabel, 18 oz canister",smartlabel.pepsico.info,https://smartlabel.pepsico.info/030000010204-0004-en-US/index.html,ingredient panel visible,ingredient panel candidate,source_receipt_or_gap_only,"Capture a private crop of the ingredient/nutrition/document panel, run native OCR, and batch-review the candidate text."
reeses_peanut_butter_cups,Reese's Peanut Butter Cups,candy,full_corpus_shell,current_2020s,current_2020s,Current SKU anchor,2026,needs_photo_review,panel_source_candidate,49,4,4,0,0,1,0,0,1,reeses_peanut_butter_cups__current_2020s__1052__4,Hershey SmartLabel Reese's Peanut Butter Cups ingredients page,smartlabel.hersheys.com,https://smartlabel.hersheys.com/00034000004409-0005#ingredients,ingredient panel visible,ingredient panel candidate,source_receipt_or_gap_only,"Capture a private crop of the ingredient/nutrition/document panel, run native OCR, and batch-review the candidate text."
rice_krispies_treats_original,Rice Krispies Treats Original,snack bars,full_corpus_shell,current_2020s,current_2020s,Current SKU anchor,2026,needs_photo_review,panel_source_candidate,49,3,3,0,0,1,0,0,1,rice_krispies_treats_original__current_2020s__112__2,Kellogg's Rice Krispies Treats Original Bars - SmartLabel,smartlabel.kelloggs.com,https://smartlabel.kelloggs.com/Product/Index/038000126710,ingredient panel visible,ingredient panel candidate,source_receipt_or_gap_only,"Capture a private crop of the ingredient/nutrition/document panel, run native OCR, and batch-review the candidate text."
ritz_original_crackers,Ritz Original Crackers,crackers,full_corpus_shell,current_2020s,current_2020s,Current SKU anchor,2026,needs_photo_review,panel_source_candidate,49,7,7,0,0,1,0,0,1,ritz_original_crackers__current_2020s__30__2,"RITZ, The Original, Crackers, 10.3 oz - SmartLabel",smartlabel.mondelez.info,https://smartlabel.mondelez.info/044000031121-0001-en-US/index.html,ingredient panel visible,ingredient panel candidate,source_receipt_or_gap_only,"Capture a private crop of the ingredient/nutrition/document panel, run native OCR, and batch-review the candidate text."
ruffles_original,Ruffles Original Potato Chips,chips,full_corpus_shell,current_2020s,current_2020s,Current SKU anchor,2026,needs_photo_review,panel_source_candidate,49,4,3,0,1,1,0,0,1,ruffles_original__current_2020s__79__3,"Ruffles, Original, Potato Chips - SmartLabel",smartlabel.pepsico.info,https://smartlabel.pepsico.info/028400020893-0003-en-US/index.html,ingredient panel visible,ingredient panel candidate,source_receipt_or_gap_only,"Capture a private crop of the ingredient/nutrition/document panel, run native OCR, and batch-review the candidate text."
skippy_creamy_peanut_butter,Skippy Creamy Peanut Butter,spreads,full_corpus_shell,current_2020s,current_2020s,Current SKU anchor,2026,needs_photo_review,panel_source_candidate,49,9,9,0,0,1,0,0,1,skippy_creamy_peanut_butter__current_2020s__66__4,Skippy Creamy Peanut Butter - Skippy,peanutbutter.com,https://www.peanutbutter.com/product/creamy-peanut-butter/,ingredient panel visible,ingredient panel candidate,source_receipt_or_gap_only,"Capture a private crop of the ingredient/nutrition/document panel, run native OCR, and batch-review the candidate text."
skittles_original,Skittles Original,candy,full_corpus_shell,current_2020s,current_2020s,Current SKU anchor,2026,needs_photo_review,panel_source_candidate,49,3,3,0,0,1,0,0,1,skittles_original__current_2020s__113__1,"SKITTLES Original Fruity Candy Single Pack, 2.17 oz - SKITTLES",skittles.com,https://www.skittles.com/products/skittles-original-fruity-candy-single-pack-217-oz-skittles-chewy,ingredient panel visible,front/package object,source_receipt_or_gap_only,"Capture a private crop of the ingredient/nutrition/document panel, run native OCR, and batch-review the candidate text."
smuckers_strawberry_preserves,Smucker's Strawberry Preserves,spreads,full_corpus_shell,current_2020s,current_2020s,Current SKU anchor,2026,needs_photo_review,panel_source_candidate,49,7,7,0,0,1,0,0,1,smuckers_strawberry_preserves__current_2020s__892__2,Smucker's Strawberry Preserves 48 oz glass jar product PDF,smuckerawayfromhome.com,https://www.smuckerawayfromhome.com/products-pdf/smucker-48-ounce-strawberry-preserves-6-count.pdf,ingredient panel visible,ingredient panel candidate,source_receipt_or_gap_only,"Capture a private crop of the ingredient/nutrition/document panel, run native OCR, and batch-review the candidate text."
snickers_bar,Snickers Bar,candy,full_corpus_shell,current_2020s,current_2020s,Current SKU anchor,2026,needs_photo_review,panel_source_candidate,49,2,2,0,0,1,0,0,1,snickers_bar__current_2020s__49__1,"SNICKERS Singles Size Chocolate Candy Bar, 1.86 oz - Snickers",snickers.com,https://www.snickers.com/products/chocolate/snickers-singles-size-chocolate-candy-bar-186-oz,ingredient panel visible,front/package object,source_receipt_or_gap_only,"Capture a private crop of the ingredient/nutrition/document panel, run native OCR, and batch-review the candidate text."
spaghettios_original,SpaghettiOs Original,prepared foods,full_corpus_shell,current_2020s,current_2020s,Current SKU anchor,2026,needs_photo_review,panel_source_candidate,49,3,3,0,0,1,0,0,1,spaghettios_original__current_2020s__89__3,SpaghettiOs Original Canned Pasta Foodservice PDF View - Campbell's,campbellsfoodservice.com,https://www.campbellsfoodservice.com/product/spaghettios-original/?product-pdf=_,ingredient panel visible,ingredient panel candidate,source_receipt_or_gap_only,"Capture a private crop of the ingredient/nutrition/document panel, run native OCR, and batch-review the candidate text."
spam_classic,SPAM Classic,meat,full_corpus_shell,current_2020s,current_2020s,Current SKU anchor,2026,needs_photo_review,panel_source_candidate,49,13,12,0,1,1,0,0,1,spam_classic__current_2020s__67__7,SPAM Classic - SPAM,spam.com,https://www.spam.com/varieties/spam-classic,ingredient panel visible,ingredient panel candidate,source_receipt_or_gap_only,"Capture a private crop of the ingredient/nutrition/document panel, run native OCR, and batch-review the candidate text."
sprite_original,Sprite Original,beverages,full_corpus_shell,current_2020s,current_2020s,Current SKU anchor,2026,needs_photo_review,panel_source_candidate,49,3,3,0,0,1,0,0,1,sprite_original__current_2020s__80__2,"Sprite - Varieties, Nutrition Facts & Ingredients - Coca-Cola US",coca-cola.com,https://www.coca-cola.com/us/en/brands/sprite/products,ingredient panel visible,ingredient panel candidate,source_receipt_or_gap_only,"Capture a private crop of the ingredient/nutrition/document panel, run native OCR, and batch-review the candidate text."
starbucks_pumpkin_spice_latte,Starbucks Pumpkin Spice Latte,fast food,full_corpus_shell,earliest_verified_label,earliest_verified_label,Earliest label hunt,1912,source_review,panel_source_candidate,49,2,1,0,1,0,0,0,1,starbucks_pumpkin_spice_latte__earliest_verified_label__768__1,Starbucks PSL 20th season timeline PDF,stories.starbucks.com,https://stories.starbucks.com/uploads/2023/08/PA082-Fall-Promo-PSL-20-Timeline-US-EN.pdf,panel not verified readable,menu_or_nutrition_document,source_receipt_or_gap_only,"Capture a private crop of the ingredient/nutrition/document panel, run native OCR, and batch-review the candidate text."
starbucks_pumpkin_spice_latte,Starbucks Pumpkin Spice Latte,fast food,full_corpus_shell,current_2020s,current_2020s,Current SKU anchor,2026,source_review,panel_source_candidate,49,7,3,0,4,1,0,0,1,starbucks_pumpkin_spice_latte__current_2020s__966__1,Starbucks UK Autumn 2025 beverage allergen guide with Pumpkin Spice Latte rows,starbucks.co.uk,https://www.starbucks.co.uk/sites/starbucks-uk-pwa/files/2025-09/AUT25_UK_AllergenBook_CORE_BEVERAGE_v1509.pdf,ingredient panel visible,ingredient panel candidate,source_receipt_or_gap_only,"Capture a private crop of the ingredient/nutrition/document panel, run native OCR, and batch-review the candidate text."
starburst_original,Starburst Original,candy,full_corpus_shell,current_2020s,current_2020s,Current SKU anchor,2026,needs_photo_review,panel_source_candidate,49,5,5,0,0,1,0,0,1,starburst_original__current_2020s__689__4,Starburst Original Fruit Chews branded food record,healthscienceinsights.com,https://www.healthscienceinsights.com/en/tools/nutrition-facts/products/2109372-starburst-fruit-chews-original-original/,ingredient panel visible,ingredient panel candidate,source_receipt_or_gap_only,"Capture a private crop of the ingredient/nutrition/document panel, run native OCR, and batch-review the candidate text."
stouffers_lasagna_meat_sauce,Stouffer's Lasagna with Meat & Sauce,frozen foods,full_corpus_shell,current_2020s,current_2020s,Current SKU anchor,2026,needs_photo_review,panel_source_candidate,49,6,6,0,0,1,0,0,1,stouffers_lasagna_meat_sauce__current_2020s__453__4,Stouffer's Lasagna with Meat & Sauce 4 x 96 oz tray - Nestle Professional,nestleprofessional.us,https://www.nestleprofessional.us/stouffers/stouffers-lasagna-meat-sauce-4-x-96-ounces-tray,ingredient panel visible,ingredient panel candidate,source_receipt_or_gap_only,"Capture a private crop of the ingredient/nutrition/document panel, run native OCR, and batch-review the candidate text."
subway_italian_bmt,Subway Italian B.M.T.,fast food,full_corpus_shell,current_2020s,current_2020s,Current SKU anchor,2026,source_review,panel_source_candidate,49,3,3,0,0,1,0,0,1,subway_italian_bmt__current_2020s__570__1,"Subway US Nutrition and Allergies page with nutrition, allergy, and ingredient guide links",subway.com,https://www.subway.com/en-US/MenuNutrition/Nutrition/NutritionGrid,ingredient panel visible,ingredient panel candidate,source_receipt_or_gap_only,"Capture a private crop of the ingredient/nutrition/document panel, run native OCR, and batch-review the candidate text."
subway_tuna_sub,Subway Tuna Sub,fast food,full_corpus_shell,earliest_verified_label,earliest_verified_label,Earliest label hunt,1912,source_review,panel_source_candidate,49,1,1,0,0,0,0,0,1,subway_tuna_sub__earliest_verified_label__803__1,"Subway U.S. Nutrition Information PDF mirror, August 2015",cpb-us-e1.wpmucdn.com,https://cpb-us-e1.wpmucdn.com/sites.psu.edu/dist/9/18072/files/2015/10/Subway_NutritionFacts.pdf,panel not verified readable,menu_or_nutrition_document,source_receipt_or_gap_only,"Capture a private crop of the ingredient/nutrition/document panel, run native OCR, and batch-review the candidate text."
subway_tuna_sub,Subway Tuna Sub,fast food,full_corpus_shell,current_2020s,current_2020s,Current SKU anchor,2026,source_review,panel_source_candidate,49,4,4,0,0,1,0,0,1,subway_tuna_sub__current_2020s__587__1,Subway US Product Ingredient Guide January 2025 PDF,subway.com,https://www.subway.com/en-us/-/media/northamerica/usa/nutrition/nutritiondocuments/2025/us_ingredients_eng_1-23-25.pdf,ingredient panel visible,ingredient panel candidate,source_receipt_or_gap_only,"Capture a private crop of the ingredient/nutrition/document panel, run native OCR, and batch-review the candidate text."
sunchips_harvest_cheddar,SunChips Harvest Cheddar,chips,full_corpus_shell,current_2020s,current_2020s,Current SKU anchor,2026,needs_photo_review,panel_source_candidate,49,17,15,0,2,1,0,0,1,sunchips_harvest_cheddar__current_2020s__127__5,SunChips Harvest Cheddar Flavored Whole Grain Snacks - SmartLabel,smartlabel.pepsico.info,https://smartlabel.pepsico.info/028400160001-0003-en-US/index.html,ingredient panel visible,ingredient panel candidate,source_receipt_or_gap_only,"Capture a private crop of the ingredient/nutrition/document panel, run native OCR, and batch-review the candidate text."
taco_bell_bean_burrito,Taco Bell Bean Burrito,fast food,full_corpus_shell,current_2020s,current_2020s,Current SKU anchor,2026,source_review,panel_source_candidate,49,6,4,0,2,1,0,0,1,taco_bell_bean_burrito__current_2020s__709__1,Taco Bell Ingredient Statements page,tacobell.com,https://www.tacobell.com/nutrition/ingredients,ingredient panel visible,ingredient panel candidate,source_receipt_or_gap_only,"Capture a private crop of the ingredient/nutrition/document panel, run native OCR, and batch-review the candidate text."
taco_bell_crunchy_taco,Taco Bell Crunchy Taco,fast food,full_corpus_shell,current_2020s,current_2020s,Current SKU anchor,2026,source_review,panel_source_candidate,49,6,4,0,2,1,0,0,1,taco_bell_crunchy_taco__current_2020s__1060__2,Allergen Information | Taco Bell,tacobell.com,https://www.tacobell.com/nutrition/allergen-info,ingredient panel visible,ingredient panel candidate,source_receipt_or_gap_only,"Capture a private crop of the ingredient/nutrition/document panel, run native OCR, and batch-review the candidate text."
tang_orange,Tang Orange Drink Mix,beverages,full_corpus_shell,current_2020s,current_2020s,Current SKU anchor,2026,needs_photo_review,panel_source_candidate,49,4,4,0,0,1,0,0,1,tang_orange__current_2020s__125__4,"Tang Drink Mix, Zero Sugar, Orange - Directions for Me",directionsforme.org,https://www.directionsforme.org/product/72807,ingredient panel visible,ingredient panel candidate,source_receipt_or_gap_only,"Capture a private crop of the ingredient/nutrition/document panel, run native OCR, and batch-review the candidate text."
teddy_grahams_honey,Teddy Grahams Honey,cookies,full_corpus_shell,current_2020s,current_2020s,Current SKU anchor,2026,needs_photo_review,panel_source_candidate,49,9,7,0,2,1,0,0,1,teddy_grahams_honey__current_2020s__841__4,Nabisco Teddy Grahams Honey SmartLabel page,smartlabel.mondelez.info,https://smartlabel.mondelez.info/00044000045586-0001-en-US/index.html,ingredient panel visible,ingredient panel candidate,source_receipt_or_gap_only,"Capture a private crop of the ingredient/nutrition/document panel, run native OCR, and batch-review the candidate text."
tootsie_roll,Tootsie Roll,candy,full_corpus_shell,current_2020s,current_2020s,Current SKU anchor,2026,needs_photo_review,panel_source_candidate,49,6,5,0,1,1,0,0,1,tootsie_roll__current_2020s__922__3,Tootsie Roll 36 count 2.25 oz bar QR label page,tootsie.com,https://tootsie.com/qr/071720309315/,ingredient panel visible,ingredient panel candidate,source_receipt_or_gap_only,"Capture a private crop of the ingredient/nutrition/document panel, run native OCR, and batch-review the candidate text."
tostitos_original,Tostitos Original Restaurant Style,chips,full_corpus_shell,current_2020s,current_2020s,Current SKU anchor,2026,needs_photo_review,panel_source_candidate,49,6,6,0,0,1,0,0,1,tostitos_original__current_2020s__90__4,Tostitos Original Restaurant Style Tortilla Chips - SmartLabel,smartlabel.pepsico.info,https://smartlabel.pepsico.info/028400517997-0005-en-US/index.html?stylekey=tostitos-10,ingredient panel visible,ingredient panel candidate,source_receipt_or_gap_only,"Capture a private crop of the ingredient/nutrition/document panel, run native OCR, and batch-review the candidate text."
totinos_pizza_rolls,Totino's Pizza Rolls,frozen foods,full_corpus_shell,current_2020s,current_2020s,Current SKU anchor,2026,needs_photo_review,panel_source_candidate,49,4,4,0,0,1,0,0,1,totinos_pizza_rolls__current_2020s__749__2,Totino's Pepperoni Pizza Rolls 50 count Super 1 Foods page,super1foods.com,https://www.super1foods.com/sm/pickup/rsid/617/product/totinos-pepperoni-pizza-rolls-0496-ounce-50-count-id-00042800109538,ingredient panel visible,ingredient panel candidate,source_receipt_or_gap_only,"Capture a private crop of the ingredient/nutrition/document panel, run native OCR, and batch-review the candidate text."
triscuit_original,Triscuit Original Crackers,crackers,full_corpus_shell,current_2020s,current_2020s,Current SKU anchor,2026,needs_photo_review,panel_source_candidate,49,6,5,0,1,1,0,0,1,triscuit_original__current_2020s__936__3,Triscuit Original Made with Sea Salt SmartLabel 8.5 oz page,smartlabel.mondelez.info,https://smartlabel.mondelez.info/044000050986-0002-en-US/index.html,ingredient panel visible,ingredient panel candidate,source_receipt_or_gap_only,"Capture a private crop of the ingredient/nutrition/document panel, run native OCR, and batch-review the candidate text."
trix_cereal,Trix Cereal,cereal,full_corpus_shell,current_2020s,current_2020s,Current SKU anchor,2026,needs_photo_review,panel_source_candidate,49,2,1,0,1,1,0,0,1,trix_cereal__current_2020s__292__1,"Trix Fruit Flavored Corn Puffs Cereal, 10.7 oz - Walmart",walmart.com,https://www.walmart.com/ip/21125856,ingredient panel visible,front/package object,source_receipt_or_gap_only,"Capture a private crop of the ingredient/nutrition/document panel, run native OCR, and batch-review the candidate text."
twix_bar,Twix Bar,candy,full_corpus_shell,current_2020s,current_2020s,Current SKU anchor,2026,needs_photo_review,panel_source_candidate,49,2,2,0,0,1,0,0,1,twix_bar__current_2020s__99__1,"TWIX Caramel Full Size Candy Bar, 1.79 oz - TWIX",twix.com,https://www.twix.com/products/chocolate/twix-bar-bars,ingredient panel visible,front/package object,source_receipt_or_gap_only,"Capture a private crop of the ingredient/nutrition/document panel, run native OCR, and batch-review the candidate text."
twizzlers_strawberry,Twizzlers Strawberry Twists,candy,full_corpus_shell,current_2020s,current_2020s,Current SKU anchor,2026,needs_photo_review,panel_source_candidate,49,4,4,0,0,1,0,0,1,twizzlers_strawberry__current_2020s__139__4,TWIZZLERS Twists Strawberry - SmartLabel,smartlabel.hersheys.com,https://smartlabel.hersheys.com/034000544028-0050-en-US/index.html?cname=00034000544028-0050,ingredient panel visible,ingredient panel candidate,source_receipt_or_gap_only,"Capture a private crop of the ingredient/nutrition/document panel, run native OCR, and batch-review the candidate text."
velveeta_shells_and_cheese,Velveeta Shells & Cheese,prepared foods,full_corpus_shell,current_2020s,current_2020s,Current SKU anchor,2026,needs_photo_review,panel_source_candidate,49,3,3,0,0,1,0,0,1,velveeta_shells_and_cheese__current_2020s__94__2,"Velveeta Shells and Cheese Original Mac N Cheese Dinner, 12 oz - Walmart",walmart.com,https://www.walmart.com/ip/10295758,ingredient panel visible,ingredient panel candidate,source_receipt_or_gap_only,"Capture a private crop of the ingredient/nutrition/document panel, run native OCR, and batch-review the candidate text."
wendys_chili,Wendy's Chili,fast food,full_corpus_shell,current_2020s,current_2020s,Current SKU anchor,2026,source_review,panel_source_candidate,49,8,6,0,2,1,0,0,1,wendys_chili__current_2020s__569__1,Wendy's US Chili official order/menu page,order.wendys.com,https://order.wendys.com/us/en/national/menu/fries-sides/chili,ingredient panel visible,ingredient panel candidate,source_receipt_or_gap_only,"Capture a private crop of the ingredient/nutrition/document panel, run native OCR, and batch-review the candidate text."
wendys_daves_single,Wendy's Dave's Single,fast food,full_corpus_shell,current_2020s,current_2020s,Current SKU anchor,2026,source_review,panel_source_candidate,49,5,5,0,0,1,0,0,1,wendys_daves_single__current_2020s__632__2,Nutrition and Food Allergens | Wendy's,wendys.com,https://www.wendys.com/nutrition-allergens,ingredient panel visible,ingredient panel candidate,source_receipt_or_gap_only,"Capture a private crop of the ingredient/nutrition/document panel, run native OCR, and batch-review the candidate text."
wheat_thins_original,Wheat Thins Original,crackers,full_corpus_shell,current_2020s,current_2020s,Current SKU anchor,2026,needs_photo_review,panel_source_candidate,49,10,9,0,1,1,0,0,1,wheat_thins_original__current_2020s__56__3,"Wheat Thins Original Whole Grain Wheat Crackers, 20 oz - Kroger",kroger.com,https://www.kroger.com/p/wheat-thins-original-whole-grain-wheat-crackers/0004400006918,ingredient panel visible,ingredient panel candidate,source_receipt_or_gap_only,"Capture a private crop of the ingredient/nutrition/document panel, run native OCR, and batch-review the candidate text."
wheaties,Wheaties,cereal,full_corpus_shell,current_2020s,current_2020s,Current SKU anchor,2026,needs_photo_review,panel_source_candidate,49,2,2,0,0,1,0,0,1,wheaties__current_2020s__116__2,Wheaties Nutrition - Wheaties,wheaties.com,https://wheaties.com/nutrition,ingredient panel visible,ingredient panel candidate,source_receipt_or_gap_only,"Capture a private crop of the ingredient/nutrition/document panel, run native OCR, and batch-review the candidate text."
7up_original,7UP Original,beverages,full_corpus_shell,1980s_or_earlier,1980s_or_earlier,1980s or earlier lead,1965,needs_label_transcription,panel_source_candidate,47,5,1,0,4,1,0,0,1,7up_original__1980s_or_earlier__273__1,"Unrolled Can Flat - 7UP, 1970s - Jason Liebig Flickr",flickr.com,https://www.flickr.com/photos/jasonliebigstuff/548698222,ingredient panel visible,front/package object,source_receipt_or_gap_only,"Capture a private crop of the ingredient/nutrition/document panel, run native OCR, and batch-review the candidate text."
capn_crunch_original,Cap'n Crunch Original,cereal,full_corpus_shell,1980s_or_earlier,1980s_or_earlier,1980s or earlier lead,1965,needs_photo_review,panel_source_candidate,47,5,1,0,4,1,0,0,1,capn_crunch_original__1980s_or_earlier__277__4,1980 Quaker Cap'n Crunch Cereal Box Back - Flickr,flickr.com,https://www.flickr.com/photos/25692985%40N07/3461366520,ingredient panel visible,ingredient panel candidate,source_receipt_or_gap_only,"Capture a private crop of the ingredient/nutrition/document panel, run native OCR, and batch-review the candidate text."
dinty_moore_beef_stew,Dinty Moore Beef Stew,prepared foods,full_corpus_shell,1980s_or_earlier,1980s_or_earlier,1980s or earlier lead,1965,needs_photo_review,panel_source_candidate,47,6,1,0,5,1,0,0,1,dinty_moore_beef_stew__1980s_or_earlier__1059__2,"Hormel Dinty Moore beef stew 1 1/2 pound can label, 1968 - Jason Liebig Flickr",flickr.com,https://www.flickr.com/photos/jasonliebigstuff/24195451113/,ingredient panel visible,front/package object,source_receipt_or_gap_only,"Capture a private crop of the ingredient/nutrition/document panel, run native OCR, and batch-review the candidate text."
jello_strawberry_gelatin,Jell-O Strawberry Gelatin,desserts,full_corpus_shell,1980s_or_earlier,1980s_or_earlier,1980s or earlier lead,1965,needs_label_transcription,panel_source_candidate,47,3,2,0,1,1,0,0,1,jello_strawberry_gelatin__1980s_or_earlier__185__1,"General Foods Jell-O Wild Strawberry Gelatin Dessert box file flat, August 1 1969 - Flickr",flickr.com,https://www.flickr.com/photos/jasonliebigstuff/2629782517,ingredient panel visible,front/package object,source_receipt_or_gap_only,"Capture a private crop of the ingredient/nutrition/document panel, run native OCR, and batch-review the candidate text."
froot_loops,Kellogg's Froot Loops,cereal,full_corpus_shell,1980s_or_earlier,1980s_or_earlier,1980s or earlier lead,1965,needs_photo_review,panel_source_candidate,47,2,1,0,1,1,0,0,1,froot_loops__1980s_or_earlier__435__2,"1982 Froot Loops 3D Nose box/back, Flickr",flickr.com,https://www.flickr.com/photos/bolio88/7323343912/,ingredient panel visible,ingredient panel candidate,source_receipt_or_gap_only,"Capture a private crop of the ingredient/nutrition/document panel, run native OCR, and batch-review the candidate text."
frosted_flakes,Kellogg's Frosted Flakes,cereal,full_corpus_shell,1980s_or_earlier,1980s_or_earlier,1980s or earlier lead,1965,needs_label_transcription,panel_source_candidate,47,4,1,0,3,1,0,0,1,frosted_flakes__1980s_or_earlier__478__1,1985 Kellogg's Frosted Flakes Cereal Box Back - Flickr,flickr.com,https://www.flickr.com/photos/25692985%40N07/3598792821,ingredient panel visible,ingredient panel candidate,source_receipt_or_gap_only,"Capture a private crop of the ingredient/nutrition/document panel, run native OCR, and batch-review the candidate text."
lucky_charms,Lucky Charms,cereal,full_corpus_shell,1980s_or_earlier,1980s_or_earlier,1980s or earlier lead,1965,needs_photo_review,panel_source_candidate,47,2,1,0,1,1,0,0,1,lucky_charms__1980s_or_earlier__276__2,"Lucky Charms Box Character Cutouts Back, 1980 - Flickr",flickr.com,https://www.flickr.com/photos/neatocoolville/423218445,ingredient panel visible,ingredient panel candidate,source_receipt_or_gap_only,"Capture a private crop of the ingredient/nutrition/document panel, run native OCR, and batch-review the candidate text."
pillsbury_crescent_rolls,Pillsbury Crescent Rolls,refrigerated dough,full_corpus_shell,1980s_or_earlier,1980s_or_earlier,1980s or earlier lead,1965,needs_photo_review,panel_source_candidate,47,2,1,0,1,1,0,0,1,pillsbury_crescent_rolls__1980s_or_earlier__1035__2,Ingredient Inspector Pillsbury Crescent Rolls ingredients article,ingredientinspector.org,https://www.ingredientinspector.org/home/pillsbury-crescents-rolls-ingredients,ingredient panel visible,ingredient panel candidate,source_receipt_or_gap_only,"Capture a private crop of the ingredient/nutrition/document panel, run native OCR, and batch-review the candidate text."
spam_classic,SPAM Classic,meat,full_corpus_shell,1980s_or_earlier,1980s_or_earlier,1980s or earlier lead,1965,source_review,panel_source_candidate,47,2,1,0,1,1,0,0,1,spam_classic__1980s_or_earlier__1029__1,Hormel Foods Six Simple Ingredients SPAM Classic story,hormelfoods.com,https://www.hormelfoods.com/inspired/story/six-simple-ingredients/,ingredient panel visible,ingredient panel candidate,source_receipt_or_gap_only,"Capture a private crop of the ingredient/nutrition/document panel, run native OCR, and batch-review the candidate text."
sprite_original,Sprite Original,beverages,full_corpus_shell,1980s_or_earlier,1980s_or_earlier,1980s or earlier lead,1965,needs_label_transcription,panel_source_candidate,47,2,1,0,1,1,0,0,1,sprite_original__1980s_or_earlier__417__1,Sprite Can - Unrolled Flat - 1960's - Flickr,flickr.com,https://www.flickr.com/photos/jasonliebigstuff/581987504,ingredient panel visible,front/package object,source_receipt_or_gap_only,"Capture a private crop of the ingredient/nutrition/document panel, run native OCR, and batch-review the candidate text."
tang_orange,Tang Orange Drink Mix,beverages,full_corpus_shell,1980s_or_earlier,1980s_or_earlier,1980s or earlier lead,1965,source_review,panel_source_candidate,47,1,1,0,0,1,0,0,1,tang_orange__1980s_or_earlier__580__1,"General Foods Tang label file copy, December 1971 Flickr photo",flickr.com,https://www.flickr.com/photos/jasonliebigstuff/2629548371,ingredient panel visible,front/package object,source_receipt_or_gap_only,"Capture a private crop of the ingredient/nutrition/document panel, run native OCR, and batch-review the candidate text."
trix_cereal,Trix Cereal,cereal,full_corpus_shell,1980s_or_earlier,1980s_or_earlier,1980s or earlier lead,1965,needs_label_transcription,panel_source_candidate,47,2,2,0,0,1,0,0,1,trix_cereal__1980s_or_earlier__208__1,"General Mills Trix Cereal Box with Back Panel, 1978 - Flickr",flickr.com,https://www.flickr.com/photos/jasonliebigstuff/2037147592/,ingredient panel visible,ingredient panel candidate,source_receipt_or_gap_only,"Capture a private crop of the ingredient/nutrition/document panel, run native OCR, and batch-review the candidate text."
wheaties,Wheaties,cereal,full_corpus_shell,1980s_or_earlier,1980s_or_earlier,1980s or earlier lead,1965,needs_label_transcription,panel_source_candidate,47,5,1,0,4,1,0,0,1,wheaties__1980s_or_earlier__638__1,"General Mills Wheaties cereal box front and back panels, 1960s - Flickr",flickr.com,https://www.flickr.com/photos/jasonliebigstuff/4729777211,ingredient panel visible,front/package object,source_receipt_or_gap_only,"Capture a private crop of the ingredient/nutrition/document panel, run native OCR, and batch-review the candidate text."
burger_king_whopper,Burger King Whopper,fast food,full_corpus_shell,current_2020s,current_2020s,Current SKU anchor,2026,source_review,panel_source_candidate,41,1,1,0,0,0,0,0,1,burger_king_whopper__current_2020s__746__1,Burger King help page for nutrition and allergen information,help.bk.com,https://help.bk.com/hc/en-us/articles/36913083446935-Where-can-I-view-the-nutrition-and-allergen-information-for-Burger-King-menu-items,panel not verified readable,menu_or_nutrition_document,source_receipt_or_gap_only,"Capture a private crop of the ingredient/nutrition/document panel, run native OCR, and batch-review the candidate text."
chipotle_chicken_burrito,Chipotle Chicken Burrito,fast food,full_corpus_shell,current_2020s,current_2020s,Current SKU anchor,2026,source_review,panel_source_candidate,41,6,4,0,2,0,0,0,1,chipotle_chicken_burrito__current_2020s__669__2,Chipotle Nutrition PDF component rows,chipotle.com,https://www.chipotle.com/content/dam/chipotle/menu/nutrition/nutrition.pdf,panel not verified readable,menu_or_nutrition_document,source_receipt_or_gap_only,"Capture a private crop of the ingredient/nutrition/document panel, run native OCR, and batch-review the candidate text."
subway_italian_bmt,Subway Italian B.M.T.,fast food,full_corpus_shell,earliest_verified_label,earliest_verified_label,Earliest label hunt,1912,source_review,public_panel_embed_candidate,41,2,2,1,0,1,0,0,0,subway_italian_bmt__earliest_verified_label__945__1,Wikimedia Commons Subway US Product Ingredient Guide April 2020 PDF,commons.wikimedia.org,https://commons.wikimedia.org/wiki/File%3A%22US_Product_Ingredient_Guide%22_%28April_2020%29%2C_Subway.pdf,ingredient panel visible,ingredient panel candidate,panel_or_document_can_embed_when_rights_clear,"Show panel/document proof first, run/correct OCR, then require manual verification before any formulation claim."
ball_park_franks,Ball Park Franks,meat,full_corpus_shell,2010s,2010s,2010s bridge,2010,needs_photo_review,panel_source_candidate,39,3,2,0,1,1,0,0,1,ball_park_franks__2010s__683__2,Ball Park Classic Original Franks Chicken UPC Food Search record,upcfoodsearch.com,https://upcfoodsearch.com/food-products/hot-dogs/054500193526/,ingredient panel visible,ingredient panel candidate,source_receipt_or_gap_only,"Capture a private crop of the ingredient/nutrition/document panel, run native OCR, and batch-review the candidate text."
bisquick_original,Bisquick Original Pancake and Baking Mix,baking,full_corpus_shell,2010s,2010s,2010s bridge,2010,source_review,panel_source_candidate,39,1,1,0,0,1,0,0,1,bisquick_original__2010s__701__1,Bisquick Original Pancake and Baking Mix UPCItemDB record,upcitemdb.com,https://www.upcitemdb.com/upc/16000420403,ingredient panel visible,ingredient panel candidate,source_receipt_or_gap_only,"Capture a private crop of the ingredient/nutrition/document panel, run native OCR, and batch-review the candidate text."
cheetos_crunchy,Cheetos Crunchy,chips,full_corpus_shell,2010s,2010s,2010s bridge,2010,source_review,panel_source_candidate,39,1,1,0,0,1,0,0,1,cheetos_crunchy__2010s__483__1,Cheetos Crunchy Cheese Snacks Fun Size .625 oz product PDF - Van Eerden,customer.vaneerden.com,https://customer.vaneerden.com/Product_PDF/035453.pdf,ingredient panel visible,ingredient panel candidate,source_receipt_or_gap_only,"Capture a private crop of the ingredient/nutrition/document panel, run native OCR, and batch-review the candidate text."
chips_ahoy_original,Chips Ahoy! Original Cookies,cookies,full_corpus_shell,2010s,2010s,2010s bridge,2010,needs_photo_review,panel_source_candidate,39,3,3,0,0,1,0,0,1,chips_ahoy_original__2010s__448__3,"Nabisco Chips Ahoy! Cookies Original, UPC 044000032197 - UPC Food Search",upcfoodsearch.com,https://upcfoodsearch.com/food-products/chocolate-chip-cookies/044000032197/,ingredient panel visible,ingredient panel candidate,source_receipt_or_gap_only,"Capture a private crop of the ingredient/nutrition/document panel, run native OCR, and batch-review the candidate text."
cinnamon_toast_crunch,Cinnamon Toast Crunch,cereal,full_corpus_shell,2010s,2010s,2010s bridge,2010,source_review,panel_source_candidate,39,1,1,0,0,1,0,0,1,cinnamon_toast_crunch__2010s__512__1,Cinnamon Toast Crunch cereal school nutrition PDF printed 03/21/2013,district.schoolnutritionandfitness.com,https://district.schoolnutritionandfitness.com/santaclaritavsfsa/files/labels/Breakfast/Cinnamon_Toast_Crunch_Cereal_200838.pdf,ingredient panel visible,ingredient panel candidate,source_receipt_or_gap_only,"Capture a private crop of the ingredient/nutrition/document panel, run native OCR, and batch-review the candidate text."
dominos_hand_tossed_pepperoni,Domino's Hand Tossed Pepperoni Pizza,fast food,full_corpus_shell,2010s,2010s,2010s bridge,2010,source_review,panel_source_candidate,39,2,2,0,0,1,0,0,1,dominos_hand_tossed_pepperoni__2010s__785__1,"Domino's Nutrition Guide PDF, January 2015",dominos.com,https://www.dominos.com/assets/derived/pdf/DominosNutritionGuide.pdf,ingredient panel visible,ingredient panel candidate,source_receipt_or_gap_only,"Capture a private crop of the ingredient/nutrition/document panel, run native OCR, and batch-review the candidate text."
dr_pepper_original,Dr Pepper Original,beverages,full_corpus_shell,2010s,2010s,2010s bridge,2010,source_review,panel_source_candidate,39,1,1,0,0,1,0,0,1,dr_pepper_original__2010s__661__1,PepsiCo beverage nutrition PDF with Dr Pepper facts and ingredients,sasinc.com,https://www.sasinc.com/wp-content/uploads/2021/09/Pepsico.pdf,ingredient panel visible,ingredient panel candidate,source_receipt_or_gap_only,"Capture a private crop of the ingredient/nutrition/document panel, run native OCR, and batch-review the candidate text."
dunkin_glazed_donut,Dunkin' Glazed Donut,fast food,full_corpus_shell,2000s,2000s,2000s bridge,2002,source_review,panel_source_candidate,39,1,1,0,0,1,0,0,1,dunkin_glazed_donut__2000s__801__1,"Fast Food Ingredients Dunkin' Donuts Glazed Munchkin transcript, 2008",fastfoodingredients.com,https://www.fastfoodingredients.com/2008/05/03/dunkin-donuts-glazed-munchkin/,ingredient panel visible,ingredient panel candidate,source_receipt_or_gap_only,"Capture a private crop of the ingredient/nutrition/document panel, run native OCR, and batch-review the candidate text."
eggo_homestyle_waffles,Eggo Homestyle Waffles,frozen foods,full_corpus_shell,2010s,2010s,2010s bridge,2010,source_review,panel_source_candidate,39,1,1,0,0,1,0,0,1,eggo_homestyle_waffles__2010s__775__1,"UPCItemDB Eggo Mini Homestyle Waffles record, scanned 2019",upcitemdb.com,https://www.upcitemdb.com/upc/38000017148,ingredient panel visible,ingredient panel candidate,source_receipt_or_gap_only,"Capture a private crop of the ingredient/nutrition/document panel, run native OCR, and batch-review the candidate text."
fig_newtons,Fig Newtons,cookies,full_corpus_shell,2010s,2010s,2010s bridge,2010,source_review,panel_source_candidate,39,1,1,0,0,1,0,0,1,fig_newtons__2010s__59__1,"Nabisco Fig Newtons Cookies, 14 oz - Walmart",walmart.com,https://www.walmart.com/ip/13281445,ingredient panel visible,ingredient panel candidate,source_receipt_or_gap_only,"Capture a private crop of the ingredient/nutrition/document panel, run native OCR, and batch-review the candidate text."
frenchs_yellow_mustard,French's Classic Yellow Mustard,condiments,full_corpus_shell,2010s,2010s,2010s bridge,2010,needs_photo_review,panel_source_candidate,39,3,2,0,1,1,0,0,1,frenchs_yellow_mustard__2010s__682__2,French's Classic Yellow Squeeze Bottle Mustard UPC Food Search record,upcfoodsearch.com,https://upcfoodsearch.com/food-products/mustard/041500000312/,ingredient panel visible,ingredient panel candidate,source_receipt_or_gap_only,"Capture a private crop of the ingredient/nutrition/document panel, run native OCR, and batch-review the candidate text."
hidden_valley_ranch_original,Hidden Valley Original Ranch,condiments,full_corpus_shell,2000s,2000s,2000s bridge,2002,source_review,panel_source_candidate,39,1,1,0,0,1,0,0,1,hidden_valley_ranch_original__2000s__454__1,"Hidden Valley Ranch Dressing & Topping Original, UPC 071100000214 - UPC Food Search",upcfoodsearch.com,https://upcfoodsearch.com/food-products/ranch-dressing/071100000214/,ingredient panel visible,ingredient panel candidate,source_receipt_or_gap_only,"Capture a private crop of the ingredient/nutrition/document panel, run native OCR, and batch-review the candidate text."
hidden_valley_ranch_original,Hidden Valley Original Ranch,condiments,full_corpus_shell,2010s,2010s,2010s bridge,2010,source_review,panel_source_candidate,39,1,1,0,0,1,0,0,1,hidden_valley_ranch_original__2010s__454__1,"Hidden Valley Ranch Dressing & Topping Original, UPC 071100000214 - UPC Food Search",upcfoodsearch.com,https://upcfoodsearch.com/food-products/ranch-dressing/071100000214/,ingredient panel visible,ingredient panel candidate,source_receipt_or_gap_only,"Capture a private crop of the ingredient/nutrition/document panel, run native OCR, and batch-review the candidate text."
hormel_chili_no_beans,Hormel Chili No Beans,prepared foods,full_corpus_shell,2010s,2010s,2010s bridge,2010,source_review,panel_source_candidate,39,1,1,0,0,1,0,0,1,hormel_chili_no_beans__2010s__677__1,Hormel Chili No Beans UPC Food Search record,upcfoodsearch.com,https://upcfoodsearch.com/food-products/canned-chili/037600241939/,ingredient panel visible,ingredient panel candidate,source_receipt_or_gap_only,"Capture a private crop of the ingredient/nutrition/document panel, run native OCR, and batch-review the candidate text."
twinkies,Hostess Twinkies,snack cakes,full_corpus_shell,2010s,2010s,2010s bridge,2010,source_review,panel_source_candidate,39,1,1,0,0,1,0,0,1,twinkies__2010s__15__1,Hostess Twinkies (045000001008) - UPC Food Search,upcfoodsearch.com,https://upcfoodsearch.com/food-products/other-pastries/045000001008/,ingredient panel visible,ingredient panel candidate,source_receipt_or_gap_only,"Capture a private crop of the ingredient/nutrition/document panel, run native OCR, and batch-review the candidate text."
hot_pockets_pepperoni_pizza,Hot Pockets Pepperoni Pizza,frozen foods,full_corpus_shell,2010s,2010s,2010s bridge,2010,source_review,panel_source_candidate,39,1,1,0,0,1,0,0,1,hot_pockets_pepperoni_pizza__2010s__84__1,"Hot Pockets Pepperoni Pizza Sandwiches, 13 ct Box - Walmart",walmart.com,https://www.walmart.com/ip/49866144,ingredient panel visible,ingredient panel candidate,source_receipt_or_gap_only,"Capture a private crop of the ingredient/nutrition/document panel, run native OCR, and batch-review the candidate text."
kfc_famous_bowl,KFC Famous Bowl,fast food,full_corpus_shell,2010s,2010s,2010s bridge,2010,source_review,panel_source_candidate,39,2,1,0,1,1,0,0,1,kfc_famous_bowl__2010s__700__1,KFC Ingredients PDF mirror with July 17 2012 ingredient list,docslib.org,https://docslib.org/doc/513747/kfc-ingredients-pdf,ingredient panel visible,ingredient panel candidate,source_receipt_or_gap_only,"Capture a private crop of the ingredient/nutrition/document panel, run native OCR, and batch-review the candidate text."
kfc_original_recipe_chicken,KFC Original Recipe Chicken,fast food,full_corpus_shell,2010s,2010s,2010s bridge,2010,source_review,panel_source_candidate,39,2,2,0,0,1,0,0,1,kfc_original_recipe_chicken__2010s__765__1,"KFC ingredient list PDF mirror, July 17 2012",docslib.org,https://docslib.org/doc/513747/kfc-ingredients-pdf,ingredient panel visible,ingredient panel candidate,source_receipt_or_gap_only,"Capture a private crop of the ingredient/nutrition/document panel, run native OCR, and batch-review the candidate text."
kit_kat_bar,Kit Kat Bar,candy,full_corpus_shell,2010s,2010s,2010s bridge,2010,source_review,panel_source_candidate,39,1,1,0,0,1,0,0,1,kit_kat_bar__2010s__906__1,Kit Kat 1.5 oz foodservice product information PDF,webstaurantstore.com,https://www.webstaurantstore.com/documents/nutrition/403340007695.pdf,ingredient panel visible,ingredient panel candidate,source_receipt_or_gap_only,"Capture a private crop of the ingredient/nutrition/document panel, run native OCR, and batch-review the candidate text."
lays_classic,Lay's Classic Potato Chips,chips,full_corpus_shell,2010s,2010s,2010s bridge,2010,source_review,panel_source_candidate,39,2,2,0,0,1,0,0,1,lays_classic__2010s__27__1,LAY'S Classic Potato Chips - brand backend product page,lays.backend.headless.majestic.dev,https://lays.backend.headless.majestic.dev/products/lays-classic-potato-chips,ingredient panel visible,ingredient panel candidate,source_receipt_or_gap_only,"Capture a private crop of the ingredient/nutrition/document panel, run native OCR, and batch-review the candidate text."
lean_cuisine_salisbury_steak,Lean Cuisine Salisbury Steak,frozen foods,full_corpus_shell,2010s,2010s,2010s bridge,2010,source_review,panel_source_candidate,39,1,1,0,0,1,0,0,1,lean_cuisine_salisbury_steak__2010s__678__1,UPC Food Search Lean Cuisine Salisbury Steak record added 2019,upcfoodsearch.com,https://upcfoodsearch.com/food-products/frozen-meat-based-meals/013800166197/,ingredient panel visible,ingredient panel candidate,source_receipt_or_gap_only,"Capture a private crop of the ingredient/nutrition/document panel, run native OCR, and batch-review the candidate text."
lucky_charms,Lucky Charms,cereal,full_corpus_shell,2010s,2010s,2010s bridge,2010,source_review,panel_source_candidate,39,1,1,0,0,1,0,0,1,lucky_charms__2010s__902__1,Lucky Charms school foodservice spec sheet PDF,district.schoolnutritionandfitness.com,https://district.schoolnutritionandfitness.com/mentorpsfoodservice/files/SpecSheets/ES/Cereal%2C_Lucky_Charms%2C_WG_ES.pdf,ingredient panel visible,ingredient panel candidate,source_receipt_or_gap_only,"Capture a private crop of the ingredient/nutrition/document panel, run native OCR, and batch-review the candidate text."
mcdonalds_world_famous_fries,McDonald's World Famous Fries,fast food,full_corpus_shell,2000s,2000s,2000s bridge,2002,needs_photo_review,panel_source_candidate,39,3,2,0,1,1,0,0,1,mcdonalds_world_famous_fries__2000s__653__2,McDonald's USA Ingredients Listing for Popular Menu Items PDF mirror - fries,canceredinstitute.org,https://www.canceredinstitute.org/uploads/2/3/8/8/23883109/mcdonalds_ingredientslist.pdf,ingredient panel visible,ingredient panel candidate,source_receipt_or_gap_only,"Capture a private crop of the ingredient/nutrition/document panel, run native OCR, and batch-review the candidate text."
mcdonalds_world_famous_fries,McDonald's World Famous Fries,fast food,full_corpus_shell,2010s,2010s,2010s bridge,2010,source_review,panel_source_candidate,39,2,2,0,0,1,0,0,1,mcdonalds_world_famous_fries__2010s__653__1,McDonald's USA Ingredients Listing for Popular Menu Items PDF mirror - fries,canceredinstitute.org,https://www.canceredinstitute.org/uploads/2/3/8/8/23883109/mcdonalds_ingredientslist.pdf,ingredient panel visible,ingredient panel candidate,source_receipt_or_gap_only,"Capture a private crop of the ingredient/nutrition/document panel, run native OCR, and batch-review the candidate text."
nilla_wafers,Nilla Wafers,cookies,full_corpus_shell,2000s,2000s,2000s bridge,2002,source_review,panel_source_candidate,39,1,1,0,0,1,0,0,1,nilla_wafers__2000s__865__1,Nilla Wafers DirectionsForMe label page,directionsforme.org,https://www.directionsforme.org/product/6135,ingredient panel visible,ingredient panel candidate,source_receipt_or_gap_only,"Capture a private crop of the ingredient/nutrition/document panel, run native OCR, and batch-review the candidate text."
nilla_wafers,Nilla Wafers,cookies,full_corpus_shell,2010s,2010s,2010s bridge,2010,source_review,panel_source_candidate,39,1,1,0,0,1,0,0,1,nilla_wafers__2010s__865__1,Nilla Wafers DirectionsForMe label page,directionsforme.org,https://www.directionsforme.org/product/6135,ingredient panel visible,ingredient panel candidate,source_receipt_or_gap_only,"Capture a private crop of the ingredient/nutrition/document panel, run native OCR, and batch-review the candidate text."
nutella_hazelnut_spread,Nutella Hazelnut Spread,spreads,full_corpus_shell,1980s_or_earlier,1980s_or_earlier,1980s or earlier lead,1965,source_review,panel_source_candidate,39,1,1,0,0,0,0,0,1,nutella_hazelnut_spread__1980s_or_earlier__1034__1,Superbrands 2011 Nutella brand history PDF,superbrands.co.il,https://superbrands.co.il/pdf/2011/nutella_en.pdf,panel not verified readable,current_web_page,source_receipt_or_gap_only,"Capture a private crop of the ingredient/nutrition/document panel, run native OCR, and batch-review the candidate text."
philadelphia_cream_cheese_original,Philadelphia Original Cream Cheese,dairy,full_corpus_shell,2010s,2010s,2010s bridge,2010,source_review,panel_source_candidate,39,1,1,0,0,1,0,0,1,philadelphia_cream_cheese_original__2010s__211__1,"Philadelphia Cream Cheese Regular Package Label, 2010 - Flickr",flickr.com,https://www.flickr.com/photos/disneywizard/4282861742/in/photostream/,ingredient panel visible,ingredient panel candidate,source_receipt_or_gap_only,"Capture a private crop of the ingredient/nutrition/document panel, run native OCR, and batch-review the candidate text."
pillsbury_crescent_rolls,Pillsbury Crescent Rolls,refrigerated dough,full_corpus_shell,2010s,2010s,2010s bridge,2010,source_review,panel_source_candidate,39,2,1,0,1,1,0,0,1,pillsbury_crescent_rolls__2010s__694__1,Pillsbury Butter Flake Crescent Rolls UPCItemDB record,upcitemdb.com,https://www.upcitemdb.com/upc/18000004157,ingredient panel visible,ingredient panel candidate,source_receipt_or_gap_only,"Capture a private crop of the ingredient/nutrition/document panel, run native OCR, and batch-review the candidate text."
pillsbury_toaster_strudel_strawberry,Pillsbury Toaster Strudel Strawberry,frozen foods,full_corpus_shell,2000s,2000s,2000s bridge,2002,source_review,panel_source_candidate,39,1,1,0,0,1,0,0,1,pillsbury_toaster_strudel_strawberry__2000s__675__1,Pillsbury Toaster Strudel Strawberry BCScan item record,bcscan.com,https://www.bcscan.com/itemdetail.php?ean=0018000655205,ingredient panel visible,ingredient panel candidate,source_receipt_or_gap_only,"Capture a private crop of the ingredient/nutrition/document panel, run native OCR, and batch-review the candidate text."
pillsbury_toaster_strudel_strawberry,Pillsbury Toaster Strudel Strawberry,frozen foods,full_corpus_shell,2010s,2010s,2010s bridge,2010,source_review,panel_source_candidate,39,1,1,0,0,1,0,0,1,pillsbury_toaster_strudel_strawberry__2010s__676__1,Pillsbury Strawberry Toaster Strudel UPC Food Search record,upcfoodsearch.com,https://upcfoodsearch.com/food-products/other-frozen-breakfast-products/018000426980/,ingredient panel visible,ingredient panel candidate,source_receipt_or_gap_only,"Capture a private crop of the ingredient/nutrition/document panel, run native OCR, and batch-review the candidate text."
pizza_hut_original_pan_pepperoni,Pizza Hut Original Pan Pepperoni Pizza,fast food,full_corpus_shell,2000s,2000s,2000s bridge,2002,source_review,panel_source_candidate,39,1,1,0,0,1,0,0,1,pizza_hut_original_pan_pepperoni__2000s__655__1,Pizza Hut Ingredient Statement July 2004 document view,yumpu.com,https://www.yumpu.com/en/document/view/2176122/ingredient-statement-july-2004-pizza-hut,ingredient panel visible,ingredient panel candidate,source_receipt_or_gap_only,"Capture a private crop of the ingredient/nutrition/document panel, run native OCR, and batch-review the candidate text."
pizza_hut_original_pan_pepperoni,Pizza Hut Original Pan Pepperoni Pizza,fast food,full_corpus_shell,2010s,2010s,2010s bridge,2010,source_review,panel_source_candidate,39,3,2,0,1,1,0,0,1,pizza_hut_original_pan_pepperoni__2010s__656__1,Pizza Hut School Lunch Ingredient Statement PDF,district.schoolnutritionandfitness.com,https://district.schoolnutritionandfitness.com/webstercentralsd/files/Specs2/PizzaEntrees/Pizza_Hut_School_Lunch_Ingredient_Statement.pdf,ingredient panel visible,ingredient panel candidate,source_receipt_or_gap_only,"Capture a private crop of the ingredient/nutrition/document panel, run native OCR, and batch-review the candidate text."
popeyes_chicken_sandwich,Popeyes Chicken Sandwich,fast food,full_corpus_shell,2010s,2010s,2010s bridge,2010,source_review,panel_source_candidate,39,4,1,0,3,1,0,0,1,popeyes_chicken_sandwich__2010s__718__1,Popeyes ingredients PDF mirror from 2018 URL path,biorganic.blog,https://biorganic.blog/wp-content/uploads/2018/06/Popeyes-ingredients.pdf,ingredient panel visible,ingredient panel candidate,source_receipt_or_gap_only,"Capture a private crop of the ingredient/nutrition/document panel, run native OCR, and batch-review the candidate text."
grape_nuts,Post Grape-Nuts,cereal,full_corpus_shell,2010s,2010s,2010s bridge,2010,source_review,panel_source_candidate,39,1,1,0,0,1,0,0,1,grape_nuts__2010s__939__1,EWG Food Scores Grape-Nuts the Original Cereal package ingredient page,ewg.org,https://www.ewg.org/foodscores/products/884912105318-GrapeNutstheOriginalCereal,ingredient panel visible,ingredient panel candidate,source_receipt_or_gap_only,"Capture a private crop of the ingredient/nutrition/document panel, run native OCR, and batch-review the candidate text."
pringles_original,Pringles Original Crisps,chips,full_corpus_shell,2000s,2000s,2000s bridge,2002,source_review,panel_source_candidate,39,1,1,0,0,1,0,0,1,pringles_original__2000s__999__1,"Air Canada Pringles ingredients, nutrition, and allergen PDF",aircanada.com,https://www.aircanada.com/content/dam/aircanada/portal/documents/PDF/en/nutritional_info_allergie/PringlesIngredientsNutritionalAllergenEN.pdf,ingredient panel visible,ingredient panel candidate,source_receipt_or_gap_only,"Capture a private crop of the ingredient/nutrition/document panel, run native OCR, and batch-review the candidate text."
pringles_original,Pringles Original Crisps,chips,full_corpus_shell,2010s,2010s,2010s bridge,2010,needs_photo_review,panel_source_candidate,39,2,1,0,1,1,0,0,1,pringles_original__2010s__999__2,"Air Canada Pringles ingredients, nutrition, and allergen PDF",aircanada.com,https://www.aircanada.com/content/dam/aircanada/portal/documents/PDF/en/nutritional_info_allergie/PringlesIngredientsNutritionalAllergenEN.pdf,ingredient panel visible,ingredient panel candidate,source_receipt_or_gap_only,"Capture a private crop of the ingredient/nutrition/document panel, run native OCR, and batch-review the candidate text."
quaker_old_fashioned_oats,Quaker Old Fashioned Oats,breakfast,full_corpus_shell,2010s,2010s,2010s bridge,2010,source_review,panel_source_candidate,39,1,1,0,0,1,0,0,1,quaker_old_fashioned_oats__2010s__933__1,UPC Food Search Quaker Old Fashioned Oats UPC 030000010402 page,upcfoodsearch.com,https://upcfoodsearch.com/food-products/hot-oatmeal-cereal/030000010402/,ingredient panel visible,ingredient panel candidate,source_receipt_or_gap_only,"Capture a private crop of the ingredient/nutrition/document panel, run native OCR, and batch-review the candidate text."
ritz_original_crackers,Ritz Original Crackers,crackers,full_corpus_shell,2000s,2000s,2000s bridge,2002,source_review,panel_source_candidate,39,1,1,0,0,1,0,0,1,ritz_original_crackers__2000s__446__1,NABISCO RITZ CRACKERS ORIGINAL 1X13.7 OZ - FoodRepo,foodrepo.org,https://www.foodrepo.org/en/products/55269,ingredient panel visible,ingredient panel candidate,source_receipt_or_gap_only,"Capture a private crop of the ingredient/nutrition/document panel, run native OCR, and batch-review the candidate text."
ritz_original_crackers,Ritz Original Crackers,crackers,full_corpus_shell,2010s,2010s,2010s bridge,2010,source_review,panel_source_candidate,39,3,3,0,0,1,0,0,1,ritz_original_crackers__2010s__446__2,NABISCO RITZ CRACKERS ORIGINAL 1X13.7 OZ - FoodRepo,foodrepo.org,https://www.foodrepo.org/en/products/55269,ingredient panel visible,ingredient panel candidate,source_receipt_or_gap_only,"Capture a private crop of the ingredient/nutrition/document panel, run native OCR, and batch-review the candidate text."
spam_classic,SPAM Classic,meat,full_corpus_shell,2010s,2010s,2010s bridge,2010,source_review,panel_source_candidate,39,2,2,0,0,1,0,0,1,spam_classic__2010s__686__2,SPAM Classic OSM product record,osm-us.com,https://osm-us.com/index.php?main_page=product_info&products_id=3529,ingredient panel visible,ingredient panel candidate,source_receipt_or_gap_only,"Capture a private crop of the ingredient/nutrition/document panel, run native OCR, and batch-review the candidate text."
stouffers_lasagna_meat_sauce,Stouffer's Lasagna with Meat & Sauce,frozen foods,full_corpus_shell,2010s,2010s,2010s bridge,2010,source_review,panel_source_candidate,39,2,2,0,0,1,0,0,1,stouffers_lasagna_meat_sauce__2010s__453__1,Stouffer's Lasagna with Meat & Sauce 4 x 96 oz tray - Nestle Professional,nestleprofessional.us,https://www.nestleprofessional.us/stouffers/stouffers-lasagna-meat-sauce-4-x-96-ounces-tray,ingredient panel visible,ingredient panel candidate,source_receipt_or_gap_only,"Capture a private crop of the ingredient/nutrition/document panel, run native OCR, and batch-review the candidate text."
sunchips_harvest_cheddar,SunChips Harvest Cheddar,chips,full_corpus_shell,2010s,2010s,2010s bridge,2010,needs_photo_review,panel_source_candidate,39,4,3,0,1,1,0,0,1,sunchips_harvest_cheddar__2010s__1056__2,"SunChips Harvest Cheddar school nutrition/ingredient PDF, 2015-16",district.schoolnutritionandfitness.com,https://district.schoolnutritionandfitness.com/arlingtonheightssd25/files/2015-16/MiddleSchool/Sun_Chips_Harvest_Cheddar.pdf,ingredient panel visible,ingredient panel candidate,source_receipt_or_gap_only,"Capture a private crop of the ingredient/nutrition/document panel, run native OCR, and batch-review the candidate text."
taco_bell_bean_burrito,Taco Bell Bean Burrito,fast food,full_corpus_shell,2000s,2000s,2000s bridge,2002,source_review,panel_source_candidate,39,1,1,0,0,1,0,0,1,taco_bell_bean_burrito__2000s__798__1,"Fast Food Ingredients Taco Bell Bean Burrito transcript, 2008",fastfoodingredients.com,https://www.fastfoodingredients.com/2008/02/14/taco-bell-bean-burrito/,ingredient panel visible,ingredient panel candidate,source_receipt_or_gap_only,"Capture a private crop of the ingredient/nutrition/document panel, run native OCR, and batch-review the candidate text."
teddy_grahams_honey,Teddy Grahams Honey,cookies,full_corpus_shell,2010s,2010s,2010s bridge,2010,source_review,panel_source_candidate,39,1,1,0,0,1,0,0,1,teddy_grahams_honey__2010s__715__1,Honey Maid Teddy Grahams single serve foodservice PDF,trichilofoods.com,https://trichilofoods.com/site/wp-content/uploads/2016/04/teddy-grahams.pdf,ingredient panel visible,ingredient panel candidate,source_receipt_or_gap_only,"Capture a private crop of the ingredient/nutrition/document panel, run native OCR, and batch-review the candidate text."
tostitos_original,Tostitos Original Restaurant Style,chips,full_corpus_shell,2010s,2010s,2010s bridge,2010,source_review,panel_source_candidate,39,1,1,0,0,1,0,0,1,tostitos_original__2010s__1065__1,Tostitos Original Restaurant Style Tortilla Chips 18 Ounce Party Size Plastic Bag - FoodRepo,foodrepo.org,https://www.foodrepo.org/en/products/53357,ingredient panel visible,ingredient panel candidate,source_receipt_or_gap_only,"Capture a private crop of the ingredient/nutrition/document panel, run native OCR, and batch-review the candidate text."
totinos_pizza_rolls,Totino's Pizza Rolls,frozen foods,full_corpus_shell,2010s,2010s,2010s bridge,2010,source_review,panel_source_candidate,39,1,1,0,0,1,0,0,1,totinos_pizza_rolls__2010s__557__1,Totino's Pepperoni Pizza Rolls 48 count Walmart page,walmart.com,https://www.walmart.com/ip/51259445,ingredient panel visible,ingredient panel candidate,source_receipt_or_gap_only,"Capture a private crop of the ingredient/nutrition/document panel, run native OCR, and batch-review the candidate text."
triscuit_original,Triscuit Original Crackers,crackers,full_corpus_shell,2010s,2010s,2010s bridge,2010,source_review,panel_source_candidate,39,1,1,0,0,1,0,0,1,triscuit_original__2010s__937__1,Triscuit Original Made with Sea Salt SmartLabel earlier page variant,smartlabel.mondelez.info,https://smartlabel.mondelez.info/044000050986-0001-en-US/index.html,ingredient panel visible,ingredient panel candidate,source_receipt_or_gap_only,"Capture a private crop of the ingredient/nutrition/document panel, run native OCR, and batch-review the candidate text."
trix_cereal,Trix Cereal,cereal,full_corpus_shell,2010s,2010s,2010s bridge,2010,source_review,panel_source_candidate,39,1,1,0,0,1,0,0,1,trix_cereal__2010s__93__1,"Cereal, Trix, WG Menu Info Sheet PDF",district.schoolnutritionandfitness.com,https://district.schoolnutritionandfitness.com/masoncs/files/EC/Cereal%2C_Trix%2C_WG_EC.pdf,ingredient panel visible,ingredient panel candidate,source_receipt_or_gap_only,"Capture a private crop of the ingredient/nutrition/document panel, run native OCR, and batch-review the candidate text."
twizzlers_strawberry,Twizzlers Strawberry Twists,candy,full_corpus_shell,2010s,2010s,2010s bridge,2010,source_review,panel_source_candidate,39,1,1,0,0,1,0,0,1,twizzlers_strawberry__2010s__687__1,Twizzlers Strawberry Twists Candy UPC Food Search record,upcfoodsearch.com,https://upcfoodsearch.com/food-products/other-flavored-soft/034000531042/,ingredient panel visible,ingredient panel candidate,source_receipt_or_gap_only,"Capture a private crop of the ingredient/nutrition/document panel, run native OCR, and batch-review the candidate text."
velveeta_shells_and_cheese,Velveeta Shells & Cheese,prepared foods,full_corpus_shell,2000s,2000s,2000s bridge,2002,source_review,panel_source_candidate,39,1,1,0,0,1,0,0,1,velveeta_shells_and_cheese__2000s__679__1,Kraft Velveeta Shells & Cheese Original UPC Food Search older record,upcfoodsearch.com,https://upcfoodsearch.com/food-products/pasta-side-mixes/021000023226/,ingredient panel visible,ingredient panel candidate,source_receipt_or_gap_only,"Capture a private crop of the ingredient/nutrition/document panel, run native OCR, and batch-review the candidate text."
velveeta_shells_and_cheese,Velveeta Shells & Cheese,prepared foods,full_corpus_shell,2010s,2010s,2010s bridge,2010,source_review,panel_source_candidate,39,1,1,0,0,1,0,0,1,velveeta_shells_and_cheese__2010s__680__1,Velveeta Shells & Cheese Original UPC Food Search record,upcfoodsearch.com,https://upcfoodsearch.com/food-products/pasta-side-mixes/021000045129/,ingredient panel visible,ingredient panel candidate,source_receipt_or_gap_only,"Capture a private crop of the ingredient/nutrition/document panel, run native OCR, and batch-review the candidate text."
wheat_thins_original,Wheat Thins Original,crackers,full_corpus_shell,2010s,2010s,2010s bridge,2010,source_review,panel_source_candidate,39,2,1,0,1,1,0,0,1,wheat_thins_original__2010s__1004__1,Wheat Thins Original Smart Snacks PDF,core-docs.s3.amazonaws.com,https://core-docs.s3.amazonaws.com/documents/asset/uploaded_file/711495/Wheat_Thins-Original.pdf,ingredient panel visible,ingredient panel candidate,source_receipt_or_gap_only,"Capture a private crop of the ingredient/nutrition/document panel, run native OCR, and batch-review the candidate text."
ball_park_franks,Ball Park Franks,meat,full_corpus_shell,earliest_verified_label,earliest_verified_label,Earliest label hunt,1912,needs_photo_review,secondary_context_only,38,1,0,0,1,0,0,1,1,ball_park_franks__earliest_verified_label__990__1,Wikimedia Commons 1976 Ball Park Franks vintage ad,commons.wikimedia.org,https://commons.wikimedia.org/wiki/File%3AVintage_Ad_-780-_Baseball_Fans_Guide_to_Ball_Park_Franks_%283415970199%29.jpg,panel not verified readable,licensed_package_photo,source_receipt_or_gap_only,Use existing product/package photos for identity only; hunt for a readable ingredient or nutrition panel for this vintage slot.
banquet_chicken_pot_pie,Banquet Chicken Pot Pie,frozen foods,full_corpus_shell,earliest_verified_label,earliest_verified_label,Earliest label hunt,1912,needs_photo_review,secondary_context_only,38,1,0,0,1,0,0,1,1,banquet_chicken_pot_pie__earliest_verified_label__565__1,Flickr potpies tag page with Banquet Pot Pie vintage ad/photo leads,flickr.com,https://www.flickr.com/photos/tags/potpies/,panel not verified readable,collector_package_photo,source_receipt_or_gap_only,Use existing product/package photos for identity only; hunt for a readable ingredient or nutrition panel for this vintage slot.
betty_crocker_super_moist_yellow_cake_mix,Betty Crocker Super Moist Yellow Cake Mix,baking,full_corpus_shell,earliest_verified_label,earliest_verified_label,Earliest label hunt,1912,needs_photo_review,secondary_context_only,38,2,0,0,2,0,0,1,1,betty_crocker_super_moist_yellow_cake_mix__earliest_verified_label__218__1,"Betty Crocker Super Moist Cake Mix, 1993 - Roadsidepictures Flickr",flickr.com,https://www.flickr.com/photos/roadsidepictures/3910144871,panel not verified readable,front/package object,source_receipt_or_gap_only,Use existing product/package photos for identity only; hunt for a readable ingredient or nutrition panel for this vintage slot.
betty_crocker_super_moist_yellow_cake_mix,Betty Crocker Super Moist Yellow Cake Mix,baking,full_corpus_shell,1990s,1990s,1990s bridge,1993,needs_photo_review,secondary_context_only,38,2,0,0,2,0,0,1,1,betty_crocker_super_moist_yellow_cake_mix__1990s__218__1,"Betty Crocker Super Moist Cake Mix, 1993 - Roadsidepictures Flickr",flickr.com,https://www.flickr.com/photos/roadsidepictures/3910144871,panel not verified readable,front/package object,source_receipt_or_gap_only,Use existing product/package photos for identity only; hunt for a readable ingredient or nutrition panel for this vintage slot.
burger_king_whopper,Burger King Whopper,fast food,full_corpus_shell,earliest_verified_label,earliest_verified_label,Earliest label hunt,1912,source_review,secondary_context_only,38,1,0,0,1,0,0,1,1,burger_king_whopper__earliest_verified_label__596__1,"Burger King Whopper Hotshot card, 1979 - Flickr",flickr.com,https://www.flickr.com/photos/jasonliebigstuff/2806708794,panel not verified readable,menu_or_nutrition_document,source_receipt_or_gap_only,Use existing product/package photos for identity only; hunt for a readable ingredient or nutrition panel for this vintage slot.
butterfinger_bar,Butterfinger Bar,candy,full_corpus_shell,earliest_verified_label,earliest_verified_label,Earliest label hunt,1912,needs_photo_review,secondary_context_only,38,4,0,0,4,0,0,1,1,butterfinger_bar__earliest_verified_label__232__1,"Butterfinger Candy Wrapper, 1950s-1960s - Flickr",flickr.com,https://www.flickr.com/photos/jasonliebigstuff/5120142953,panel not verified readable,front/package object,source_receipt_or_gap_only,Use existing product/package photos for identity only; hunt for a readable ingredient or nutrition panel for this vintage slot.
campbells_chicken_noodle_soup,Campbell's Chicken Noodle Soup,soup,full_corpus_shell,earliest_verified_label,earliest_verified_label,Earliest label hunt,1912,needs_photo_review,secondary_context_only,38,2,0,0,2,0,0,1,1,campbells_chicken_noodle_soup__earliest_verified_label__859__2,Campbell's Chicken Noodle Soup 1910 image - Wikimedia Commons,commons.wikimedia.org,https://commons.wikimedia.org/wiki/File%3ACampbell%27s_Chicken_Noodle_Soup%2C_1910.jpg,panel not verified readable,licensed_package_photo,source_receipt_or_gap_only,Use existing product/package photos for identity only; hunt for a readable ingredient or nutrition panel for this vintage slot.
cheetos_crunchy,Cheetos Crunchy,chips,full_corpus_shell,earliest_verified_label,earliest_verified_label,Earliest label hunt,1912,needs_photo_review,secondary_context_only,38,5,0,0,5,0,0,1,1,cheetos_crunchy__earliest_verified_label__427__1,"Frito-Lay Cheetos 35-cent 5-ounce bag, early 1970s - Flickr",flickr.com,https://www.flickr.com/photos/jasonliebigstuff/3497760083,panel not verified readable,front/package object,source_receipt_or_gap_only,Use existing product/package photos for identity only; hunt for a readable ingredient or nutrition panel for this vintage slot.
cheetos_crunchy,Cheetos Crunchy,chips,full_corpus_shell,1990s,1990s,1990s bridge,1993,needs_photo_review,secondary_context_only,38,1,0,0,1,0,0,1,1,cheetos_crunchy__1990s__358__1,Late 1990s Cheetos bags - Flickr,flickr.com,https://www.flickr.com/photos/mankatt/26577579224,panel not verified readable,front/package object,source_receipt_or_gap_only,Use existing product/package photos for identity only; hunt for a readable ingredient or nutrition panel for this vintage slot.
cheez_it_original,Cheez-It Original Crackers,crackers,full_corpus_shell,earliest_verified_label,earliest_verified_label,Earliest label hunt,1912,needs_photo_review,secondary_context_only,38,3,0,0,3,0,0,1,1,cheez_it_original__earliest_verified_label__351__1,1980 Sunshine Cheez-It Crackers Box Front - Flickr,flickr.com,https://www.flickr.com/photos/25692985%40N07/3664214872,panel not verified readable,front/package object,source_receipt_or_gap_only,Use existing product/package photos for identity only; hunt for a readable ingredient or nutrition panel for this vintage slot.
chef_boyardee_beefaroni,Chef Boyardee Beefaroni,prepared foods,full_corpus_shell,earliest_verified_label,earliest_verified_label,Earliest label hunt,1912,needs_photo_review,secondary_context_only,38,3,0,0,3,0,0,1,1,chef_boyardee_beefaroni__earliest_verified_label__883__3,Chef Boyardee Beef Ravioli 1969 vintage ad context - Reddit,reddit.com,https://www.reddit.com/r/vintageads/comments/1kkvsya,panel not verified readable,ad_or_trade_catalog,source_receipt_or_gap_only,Use existing product/package photos for identity only; hunt for a readable ingredient or nutrition panel for this vintage slot.
chef_boyardee_beefaroni,Chef Boyardee Beefaroni,prepared foods,full_corpus_shell,1990s,1990s,1990s bridge,1993,needs_photo_review,secondary_context_only,38,1,0,0,1,0,0,1,1,chef_boyardee_beefaroni__1990s__1018__1,Flickr chefboyardee tag gallery with Beefaroni 1985 lead,flickr.com,https://www.flickr.com/photos/tags/chefboyardee/,panel not verified readable,collector_package_photo,source_receipt_or_gap_only,Use existing product/package photos for identity only; hunt for a readable ingredient or nutrition panel for this vintage slot.
chick_fil_a_chicken_sandwich,Chick-fil-A Chicken Sandwich,fast food,full_corpus_shell,earliest_verified_label,earliest_verified_label,Earliest label hunt,1912,needs_photo_review,secondary_context_only,38,3,0,0,3,0,0,1,1,chick_fil_a_chicken_sandwich__earliest_verified_label__630__2,Chick-fil-A customer support: story of the Original Chicken Sandwich,chick-fil-a.com,https://www.chick-fil-a.com/customer-support/our-food/our-menu/whats-the-story-of-the-original-chicken-sandwich,panel not verified readable,menu_or_nutrition_document,source_receipt_or_gap_only,Use existing product/package photos for identity only; hunt for a readable ingredient or nutrition panel for this vintage slot.
chipotle_chicken_burrito,Chipotle Chicken Burrito,fast food,full_corpus_shell,earliest_verified_label,earliest_verified_label,Earliest label hunt,1912,needs_photo_review,secondary_context_only,38,2,0,0,2,0,0,1,1,chipotle_chicken_burrito__earliest_verified_label__805__1,"Chipotle menu board, 2006 - Flickr",flickr.com,https://www.flickr.com/photos/katfoto/300549228/,panel not verified readable,menu_or_nutrition_document,source_receipt_or_gap_only,Use existing product/package photos for identity only; hunt for a readable ingredient or nutrition panel for this vintage slot.
cinnamon_toast_crunch,Cinnamon Toast Crunch,cereal,full_corpus_shell,1990s,1990s,1990s bridge,1993,needs_photo_review,secondary_context_only,38,2,0,0,2,0,0,1,1,cinnamon_toast_crunch__1990s__168__1,"General Mills Cinnamon Toast Crunch Fruit Roll-Ups Crazy Colors cereal box, 1993 - Flickr",flickr.com,https://www.flickr.com/photos/jasonliebigstuff/5919418100/,panel not verified readable,front/package object,source_receipt_or_gap_only,Use existing product/package photos for identity only; hunt for a readable ingredient or nutrition panel for this vintage slot.
cocoa_puffs,Cocoa Puffs,cereal,full_corpus_shell,earliest_verified_label,earliest_verified_label,Earliest label hunt,1912,needs_photo_review,secondary_context_only,38,3,0,0,3,0,0,1,1,cocoa_puffs__earliest_verified_label__202__1,"General Mills 1980s Cocoa Puffs Package Flat Art, 2009 Retro Box - Flickr",flickr.com,https://www.flickr.com/photos/jasonliebigstuff/4052841207/,panel not verified readable,front/package object,source_receipt_or_gap_only,Use existing product/package photos for identity only; hunt for a readable ingredient or nutrition panel for this vintage slot.
cool_whip_original,Cool Whip Original,desserts,full_corpus_shell,earliest_verified_label,earliest_verified_label,Earliest label hunt,1912,needs_photo_review,secondary_context_only,38,1,0,0,1,0,0,1,1,cool_whip_original__earliest_verified_label__236__1,"Cool Whip Tub Lid Insert, 1970 - Flickr",flickr.com,https://www.flickr.com/photos/roadsidepictures/2666815878,panel not verified readable,front/package object,source_receipt_or_gap_only,Use existing product/package photos for identity only; hunt for a readable ingredient or nutrition panel for this vintage slot.
dr_pepper_original,Dr Pepper Original,beverages,full_corpus_shell,earliest_verified_label,earliest_verified_label,Earliest label hunt,1912,needs_photo_review,secondary_context_only,38,4,0,0,4,0,0,1,1,dr_pepper_original__earliest_verified_label__272__1,"Dr Pepper Soda Can, 1970 - Flickr",flickr.com,https://www.flickr.com/photos/roadsidepictures/43160850,panel not verified readable,front/package object,source_receipt_or_gap_only,Use existing product/package photos for identity only; hunt for a readable ingredient or nutrition panel for this vintage slot.
eggo_homestyle_waffles,Eggo Homestyle Waffles,frozen foods,full_corpus_shell,earliest_verified_label,earliest_verified_label,Earliest label hunt,1912,needs_photo_review,secondary_context_only,38,1,0,0,1,0,0,1,1,eggo_homestyle_waffles__earliest_verified_label__206__1,"Kellogg's Eggo Homestyle Waffles Box, 1986 - Flickr",flickr.com,https://www.flickr.com/photos/jasonliebigstuff/4084823508/,panel not verified readable,front/package object,source_receipt_or_gap_only,Use existing product/package photos for identity only; hunt for a readable ingredient or nutrition panel for this vintage slot.
fig_newtons,Fig Newtons,cookies,full_corpus_shell,earliest_verified_label,earliest_verified_label,Earliest label hunt,1912,needs_photo_review,secondary_context_only,38,3,0,0,3,0,0,1,1,fig_newtons__earliest_verified_label__198__1,"U.S. Box Designs for Fig Newton Cookies, 1900-1936 - Flickr",flickr.com,https://www.flickr.com/photos/88282117%40N02/8074309580,panel not verified readable,front/package object,source_receipt_or_gap_only,Use existing product/package photos for identity only; hunt for a readable ingredient or nutrition panel for this vintage slot.
frenchs_yellow_mustard,French's Classic Yellow Mustard,condiments,full_corpus_shell,earliest_verified_label,earliest_verified_label,Earliest label hunt,1912,needs_photo_review,secondary_context_only,38,1,0,0,1,0,0,1,1,frenchs_yellow_mustard__earliest_verified_label__811__1,"French's classic yellow mustard bottle photo, 2006 - Wikimedia Commons",commons.wikimedia.org,https://commons.wikimedia.org/wiki/File:French%27s_classic_yellow_mustard.jpg,panel not verified readable,front/package object,source_receipt_or_gap_only,Use existing product/package photos for identity only; hunt for a readable ingredient or nutrition panel for this vintage slot.
fritos_original,Fritos Original Corn Chips,chips,full_corpus_shell,earliest_verified_label,earliest_verified_label,Earliest label hunt,1912,needs_photo_review,secondary_context_only,38,9,0,0,9,0,0,1,1,fritos_original__earliest_verified_label__197__1,"Fritos Corn Chips Can, 1967 - Flickr",flickr.com,https://www.flickr.com/photos/roadsidepictures/42904977/,panel not verified readable,front/package object,source_receipt_or_gap_only,Use existing product/package photos for identity only; hunt for a readable ingredient or nutrition panel for this vintage slot.
fritos_original,Fritos Original Corn Chips,chips,full_corpus_shell,1990s,1990s,1990s bridge,1993,needs_photo_review,secondary_context_only,38,2,0,0,2,0,0,1,1,fritos_original__1990s__359__1,"Fritos Corn Chips, Early 1990s - Flickr",flickr.com,https://www.flickr.com/photos/roadsidepictures/5651025140/,panel not verified readable,front/package object,source_receipt_or_gap_only,Use existing product/package photos for identity only; hunt for a readable ingredient or nutrition panel for this vintage slot.
gatorade_lemon_lime,Gatorade Lemon-Lime,beverages,full_corpus_shell,1990s,1990s,1990s bridge,1993,needs_photo_review,secondary_context_only,38,1,0,0,1,0,0,1,1,gatorade_lemon_lime__1990s__1020__1,80s and 90s Gatorade Labels - Flickr,flickr.com,https://www.flickr.com/photos/somethingretro/6350501017/,panel not verified readable,front/package object,source_receipt_or_gap_only,Use existing product/package photos for identity only; hunt for a readable ingredient or nutrition panel for this vintage slot.
hamburger_helper_cheeseburger_macaroni,Hamburger Helper Cheeseburger Macaroni,prepared foods,full_corpus_shell,earliest_verified_label,earliest_verified_label,Earliest label hunt,1912,needs_photo_review,secondary_context_only,38,1,0,0,1,0,0,1,1,hamburger_helper_cheeseburger_macaroni__earliest_verified_label__216__1,"Hamburger Helper Egg Noodles and Sauce Mix Box, 1978 - Flickr",flickr.com,https://www.flickr.com/photos/jasonliebigstuff/3354938312,panel not verified readable,front/package object,source_receipt_or_gap_only,Use existing product/package photos for identity only; hunt for a readable ingredient or nutrition panel for this vintage slot.
hebrew_national_franks,Hebrew National Beef Franks,meat,full_corpus_shell,earliest_verified_label,earliest_verified_label,Earliest label hunt,1912,needs_photo_review,secondary_context_only,38,1,0,0,1,0,0,1,1,hebrew_national_franks__earliest_verified_label__814__1,"Hebrew National Beef Franks photo, Serious Eats taste test, 2010 - Flickr",flickr.com,https://flickr.com/photos/seriouseats/4747419300,panel not verified readable,front/package object,source_receipt_or_gap_only,Use existing product/package photos for identity only; hunt for a readable ingredient or nutrition panel for this vintage slot.
hellmanns_mayonnaise_real,Hellmann's Real Mayonnaise,condiments,full_corpus_shell,earliest_verified_label,earliest_verified_label,Earliest label hunt,1912,needs_photo_review,secondary_context_only,38,4,0,0,4,0,0,1,1,hellmanns_mayonnaise_real__earliest_verified_label__382__1,Vintage Best Foods Mayonnaise Jar - Flickr,flickr.com,https://www.flickr.com/photos/theclassicfarmhouse/3663555672/,panel not verified readable,front/package object,source_receipt_or_gap_only,Use existing product/package photos for identity only; hunt for a readable ingredient or nutrition panel for this vintage slot.
hersheys_milk_chocolate_bar,Hershey's Milk Chocolate Bar,candy,full_corpus_shell,earliest_verified_label,earliest_verified_label,Earliest label hunt,1912,needs_photo_review,secondary_context_only,38,5,0,0,5,0,0,1,1,hersheys_milk_chocolate_bar__earliest_verified_label__484__1,Hershey's Milk Chocolate 20-cent bar wrapper 1.35 ozs - 1970s - Flickr,flickr.com,https://www.flickr.com/photos/jasonliebigstuff/3617295724,panel not verified readable,collector_package_photo,source_receipt_or_gap_only,Use existing product/package photos for identity only; hunt for a readable ingredient or nutrition panel for this vintage slot.
hersheys_milk_chocolate_bar,Hershey's Milk Chocolate Bar,candy,full_corpus_shell,1990s,1990s,1990s bridge,1993,needs_photo_review,secondary_context_only,38,1,0,0,1,0,0,1,1,hersheys_milk_chocolate_bar__1990s__341__1,"Hershey's Milk Chocolate Jurassic Park The Lost World candy bar wrapper, 1997 - Flickr",flickr.com,https://www.flickr.com/photos/jasonliebigstuff/3650430235,panel not verified readable,front/package object,source_receipt_or_gap_only,Use existing product/package photos for identity only; hunt for a readable ingredient or nutrition panel for this vintage slot.
hostess_cupcakes,Hostess CupCakes,snack cakes,full_corpus_shell,earliest_verified_label,earliest_verified_label,Earliest label hunt,1912,needs_photo_review,secondary_context_only,38,3,0,0,3,0,0,1,1,hostess_cupcakes__earliest_verified_label__355__1,1986 Hostess Cupcakes box - Flickr,flickr.com,https://www.flickr.com/photos/mankatt/6016212504,panel not verified readable,front/package object,source_receipt_or_gap_only,Use existing product/package photos for identity only; hunt for a readable ingredient or nutrition panel for this vintage slot.
twinkies,Hostess Twinkies,snack cakes,full_corpus_shell,earliest_verified_label,earliest_verified_label,Earliest label hunt,1912,needs_photo_review,secondary_context_only,38,3,0,0,3,0,0,1,1,twinkies__earliest_verified_label__18__1,Hostess - Twinkies box - mid-1990s - Flickr,flickr.com,https://www.flickr.com/photos/jasonliebigstuff/5220262256,panel not verified readable,front/package object,source_receipt_or_gap_only,Use existing product/package photos for identity only; hunt for a readable ingredient or nutrition panel for this vintage slot.
twinkies,Hostess Twinkies,snack cakes,full_corpus_shell,1990s,1990s,1990s bridge,1993,needs_photo_review,secondary_context_only,38,2,0,0,2,0,0,1,1,twinkies__1990s__18__1,Hostess - Twinkies box - mid-1990s - Flickr,flickr.com,https://www.flickr.com/photos/jasonliebigstuff/5220262256,panel not verified readable,front/package object,source_receipt_or_gap_only,Use existing product/package photos for identity only; hunt for a readable ingredient or nutrition panel for this vintage slot.
hot_pockets_pepperoni_pizza,Hot Pockets Pepperoni Pizza,frozen foods,full_corpus_shell,earliest_verified_label,earliest_verified_label,Earliest label hunt,1912,needs_photo_review,secondary_context_only,38,1,0,0,1,0,0,1,1,hot_pockets_pepperoni_pizza__earliest_verified_label__210__1,1987 Hot Pockets Box - Flickr,flickr.com,https://www.flickr.com/photos/mankatt/3502500167,panel not verified readable,front/package object,source_receipt_or_gap_only,Use existing product/package photos for identity only; hunt for a readable ingredient or nutrition panel for this vintage slot.
jello_strawberry_gelatin,Jell-O Strawberry Gelatin,desserts,full_corpus_shell,1990s,1990s,1990s bridge,1993,needs_photo_review,secondary_context_only,38,1,0,0,1,0,0,1,1,jello_strawberry_gelatin__1990s__561__1,"Jell-O Gelatin Dessert, 1980s-90s Flickr photo",flickr.com,https://www.flickr.com/photos/roadsidepictures/4552405263,panel not verified readable,front/package object,source_receipt_or_gap_only,Use existing product/package photos for identity only; hunt for a readable ingredient or nutrition panel for this vintage slot.
jif_creamy_peanut_butter,Jif Creamy Peanut Butter,spreads,full_corpus_shell,earliest_verified_label,earliest_verified_label,Earliest label hunt,1912,needs_photo_review,secondary_context_only,38,1,0,0,1,0,0,1,1,jif_creamy_peanut_butter__earliest_verified_label__186__1,Old 1982 JIF Peanut Butter Jar - Flickr,flickr.com,https://www.flickr.com/photos/25692985%40N07/5569369430,panel not verified readable,front/package object,source_receipt_or_gap_only,Use existing product/package photos for identity only; hunt for a readable ingredient or nutrition panel for this vintage slot.
corn_flakes,Kellogg's Corn Flakes,cereal,full_corpus_shell,earliest_verified_label,earliest_verified_label,Earliest label hunt,1912,needs_photo_review,secondary_context_only,38,2,0,0,2,0,0,1,1,corn_flakes__earliest_verified_label__258__1,"Kellogg's Corn Flakes Basketball Game Cereal Box, 1963 - Flickr",flickr.com,https://www.flickr.com/photos/jasonliebigstuff/5175019905,panel not verified readable,front/package object,source_receipt_or_gap_only,Use existing product/package photos for identity only; hunt for a readable ingredient or nutrition panel for this vintage slot.
raisin_bran_kelloggs,Kellogg's Raisin Bran,cereal,full_corpus_shell,earliest_verified_label,earliest_verified_label,Earliest label hunt,1912,needs_photo_review,secondary_context_only,38,3,0,0,3,0,0,1,1,raisin_bran_kelloggs__earliest_verified_label__345__1,"Kellogg's Raisin Bran basketball game cereal box, 1972 - Flickr",flickr.com,https://www.flickr.com/photos/jasonliebigstuff/5175629314,panel not verified readable,front/package object,source_receipt_or_gap_only,Use existing product/package photos for identity only; hunt for a readable ingredient or nutrition panel for this vintage slot.
rice_krispies,Kellogg's Rice Krispies,cereal,full_corpus_shell,earliest_verified_label,earliest_verified_label,Earliest label hunt,1912,needs_photo_review,secondary_context_only,38,3,0,0,3,0,0,1,1,rice_krispies__earliest_verified_label__343__1,"Kellogg's Rice Krispies cereal box, coupons, 1979 - Flickr",flickr.com,https://www.flickr.com/photos/jasonliebigstuff/3450602033/,panel not verified readable,front/package object,source_receipt_or_gap_only,Use existing product/package photos for identity only; hunt for a readable ingredient or nutrition panel for this vintage slot.
rice_krispies,Kellogg's Rice Krispies,cereal,full_corpus_shell,1990s,1990s,1990s bridge,1993,needs_photo_review,secondary_context_only,38,2,0,0,2,0,0,1,1,rice_krispies__1990s__344__1,"Kellogg's All-American Rice Krispies cereal box, 1996 - Flickr",flickr.com,https://www.flickr.com/photos/jasonliebigstuff/3895071977/,panel not verified readable,front/package object,source_receipt_or_gap_only,Use existing product/package photos for identity only; hunt for a readable ingredient or nutrition panel for this vintage slot.
kit_kat_bar,Kit Kat Bar,candy,full_corpus_shell,earliest_verified_label,earliest_verified_label,Earliest label hunt,1912,needs_photo_review,secondary_context_only,38,5,0,0,5,0,0,1,1,kit_kat_bar__earliest_verified_label__441__1,"Hershey Kit Kat two-stick candy bar wrapper, early 1970s - Flickr",flickr.com,https://www.flickr.com/photos/jasonliebigstuff/6343423726,panel not verified readable,front/package object,source_receipt_or_gap_only,Use existing product/package photos for identity only; hunt for a readable ingredient or nutrition panel for this vintage slot.
kool_aid_cherry,Kool-Aid Cherry Drink Mix,beverages,full_corpus_shell,earliest_verified_label,earliest_verified_label,Earliest label hunt,1912,needs_photo_review,secondary_context_only,38,3,0,0,3,0,0,1,1,kool_aid_cherry__earliest_verified_label__610__3,Inside the black cherry market of vintage Kool-Aid packet collectors - Longreads,longreads.com,https://longreads.com/2019/06/11/inside-the-black-cherry-market-of-vintage-kool-aid-packet-collectors/,panel not verified readable,current_web_page,source_receipt_or_gap_only,Use existing product/package photos for identity only; hunt for a readable ingredient or nutrition panel for this vintage slot.
kool_aid_cherry,Kool-Aid Cherry Drink Mix,beverages,full_corpus_shell,1990s,1990s,1990s bridge,1993,needs_photo_review,secondary_context_only,38,2,0,0,2,0,0,1,1,kool_aid_cherry__1990s__610__2,Inside the black cherry market of vintage Kool-Aid packet collectors - Longreads,longreads.com,https://longreads.com/2019/06/11/inside-the-black-cherry-market-of-vintage-kool-aid-packet-collectors/,panel not verified readable,current_web_page,source_receipt_or_gap_only,Use existing product/package photos for identity only; hunt for a readable ingredient or nutrition panel for this vintage slot.
kraft_singles_american,Kraft Singles American Cheese,dairy,full_corpus_shell,earliest_verified_label,earliest_verified_label,Earliest label hunt,1912,needs_photo_review,secondary_context_only,38,1,0,0,1,0,0,1,1,kraft_singles_american__earliest_verified_label__188__1,"Kraft American Singles cheese cellophane packaging, early 1970s - Jason Liebig Flickr",flickr.com,https://www.flickr.com/photos/jasonliebigstuff/5257381414,panel not verified readable,front/package object,source_receipt_or_gap_only,Use existing product/package photos for identity only; hunt for a readable ingredient or nutrition panel for this vintage slot.
lays_classic,Lay's Classic Potato Chips,chips,full_corpus_shell,earliest_verified_label,earliest_verified_label,Earliest label hunt,1912,needs_photo_review,secondary_context_only,38,3,0,0,3,0,0,1,1,lays_classic__earliest_verified_label__160__1,"Lay's Potato Chips 8 Pack Bag, probably 1970s - Flickr",flickr.com,https://www.flickr.com/photos/neatocoolville/5790937684/,panel not verified readable,front/package object,source_receipt_or_gap_only,Use existing product/package photos for identity only; hunt for a readable ingredient or nutrition panel for this vintage slot.
lays_classic,Lay's Classic Potato Chips,chips,full_corpus_shell,1990s,1990s,1990s bridge,1993,needs_photo_review,secondary_context_only,38,1,0,0,1,0,0,1,1,lays_classic__1990s__360__1,"Frito-Lay Lay's WOW Original potato chip bag, late 1990s - Flickr",flickr.com,https://www.flickr.com/photos/jasonliebigstuff/5007754397/,panel not verified readable,front/package object,source_receipt_or_gap_only,Use existing product/package photos for identity only; hunt for a readable ingredient or nutrition panel for this vintage slot.
lean_cuisine_salisbury_steak,Lean Cuisine Salisbury Steak,frozen foods,full_corpus_shell,earliest_verified_label,earliest_verified_label,Earliest label hunt,1912,needs_photo_review,secondary_context_only,38,1,0,0,1,0,0,1,1,lean_cuisine_salisbury_steak__earliest_verified_label__1032__1,"Vintage Ad #1,317: New Lean Cuisine, Canadian Living May 1983",flickr.com,https://www.flickr.com/photos/jbcurio/5324139064,panel not verified readable,collector_package_photo,source_receipt_or_gap_only,Use existing product/package photos for identity only; hunt for a readable ingredient or nutrition panel for this vintage slot.
lean_cuisine_salisbury_steak,Lean Cuisine Salisbury Steak,frozen foods,full_corpus_shell,1990s,1990s,1990s bridge,1993,source_review,secondary_context_only,38,1,0,0,1,0,0,1,1,lean_cuisine_salisbury_steak__1990s__986__1,1990 Stouffer's Lean Cuisine vintage print advertisement listing,ebay.com,https://www.ebay.com/itm/396813206134,panel not verified readable,marketplace_listing,source_receipt_or_gap_only,Use existing product/package photos for identity only; hunt for a readable ingredient or nutrition panel for this vintage slot.
life_cereal_original,Life Cereal Original,cereal,full_corpus_shell,earliest_verified_label,earliest_verified_label,Earliest label hunt,1912,needs_photo_review,secondary_context_only,38,2,0,0,2,0,0,1,1,life_cereal_original__earliest_verified_label__234__1,"Quaker Life Cereal Box, 1979 - Flickr",flickr.com,https://www.flickr.com/photos/jasonliebigstuff/3425922052,panel not verified readable,front/package object,source_receipt_or_gap_only,Use existing product/package photos for identity only; hunt for a readable ingredient or nutrition panel for this vintage slot.
life_cereal_original,Life Cereal Original,cereal,full_corpus_shell,1990s,1990s,1990s bridge,1993,needs_photo_review,secondary_context_only,38,1,0,0,1,0,0,1,1,life_cereal_original__1990s__235__1,"Quaker Life Cereal Cinnamon Raisin Crunch Box, 1997 - Flickr",flickr.com,https://www.flickr.com/photos/jasonliebigstuff/5043181100,panel not verified readable,front/package object,source_receipt_or_gap_only,Use existing product/package photos for identity only; hunt for a readable ingredient or nutrition panel for this vintage slot.
little_debbie_oatmeal_creme_pies,Little Debbie Oatmeal Creme Pies,snack cakes,full_corpus_shell,earliest_verified_label,earliest_verified_label,Earliest label hunt,1912,needs_photo_review,secondary_context_only,38,2,0,0,2,0,0,1,1,little_debbie_oatmeal_creme_pies__earliest_verified_label__231__1,"Little Debbie Oatmeal Creme Pies Box, 1983 - Flickr",flickr.com,https://www.flickr.com/photos/jasonliebigstuff/3849477470,panel not verified readable,front/package object,source_receipt_or_gap_only,Use existing product/package photos for identity only; hunt for a readable ingredient or nutrition panel for this vintage slot.
little_debbie_swiss_rolls,Little Debbie Swiss Rolls,snack cakes,full_corpus_shell,earliest_verified_label,earliest_verified_label,Earliest label hunt,1912,needs_photo_review,secondary_context_only,38,2,0,0,2,0,0,1,1,little_debbie_swiss_rolls__earliest_verified_label__379__1,1982 Little Debbie Swiss Cake Rolls box - Flickr,flickr.com,https://www.flickr.com/photos/28453850%40N06/3689436904/,panel not verified readable,front/package object,source_receipt_or_gap_only,Use existing product/package photos for identity only; hunt for a readable ingredient or nutrition panel for this vintage slot.
lucky_charms,Lucky Charms,cereal,full_corpus_shell,1990s,1990s,1990s bridge,1993,needs_photo_review,secondary_context_only,38,1,0,0,1,0,0,1,1,lucky_charms__1990s__148__1,"General Mills Winter Lucky Charms cereal box, 1993 - Flickr",flickr.com,https://www.flickr.com/photos/jasonliebigstuff/3265493269,panel not verified readable,front/package object,source_receipt_or_gap_only,Use existing product/package photos for identity only; hunt for a readable ingredient or nutrition panel for this vintage slot.
mms_milk_chocolate,M&M's Milk Chocolate Candies,candy,full_corpus_shell,earliest_verified_label,earliest_verified_label,Earliest label hunt,1912,needs_photo_review,secondary_context_only,38,6,0,0,6,0,0,1,1,mms_milk_chocolate__earliest_verified_label__430__1,"M&M's Plain chocolate candies 6-ounce bag, late 1950s early 1960s - Flickr",flickr.com,https://www.flickr.com/photos/jasonliebigstuff/4525987713,panel not verified readable,front/package object,source_receipt_or_gap_only,Use existing product/package photos for identity only; hunt for a readable ingredient or nutrition panel for this vintage slot.
mms_milk_chocolate,M&M's Milk Chocolate Candies,candy,full_corpus_shell,1990s,1990s,1990s bridge,1993,needs_photo_review,secondary_context_only,38,1,0,0,1,0,0,1,1,mms_milk_chocolate__1990s__339__1,"LMK Collection candy packaging album, 1975-1999 - Flickr",flickr.com,https://www.flickr.com/photos/jasonliebigstuff/albums/72157629654950995/,panel not verified readable,collector_package_photo,source_receipt_or_gap_only,Use existing product/package photos for identity only; hunt for a readable ingredient or nutrition panel for this vintage slot.
milky_way_bar,Milky Way Bar,candy,full_corpus_shell,earliest_verified_label,earliest_verified_label,Earliest label hunt,1912,needs_photo_review,secondary_context_only,38,4,0,0,4,0,0,1,1,milky_way_bar__earliest_verified_label__362__1,"M&M-Mars Milky Way chocolate candy bar wrapper, 1981 - Flickr",flickr.com,https://www.flickr.com/photos/jasonliebigstuff/6954684555/,panel not verified readable,front/package object,source_receipt_or_gap_only,Use existing product/package photos for identity only; hunt for a readable ingredient or nutrition panel for this vintage slot.
miracle_whip_original,Miracle Whip Original,condiments,full_corpus_shell,earliest_verified_label,earliest_verified_label,Earliest label hunt,1912,needs_photo_review,secondary_context_only,38,1,0,0,1,0,0,1,1,miracle_whip_original__earliest_verified_label__219__1,1980s Kraft Miracle Whip Jar - Flickr,flickr.com,https://www.flickr.com/photos/25692985%40N07/4341504807,panel not verified readable,front/package object,source_receipt_or_gap_only,Use existing product/package photos for identity only; hunt for a readable ingredient or nutrition panel for this vintage slot.
mountain_dew_original,Mountain Dew Original,beverages,full_corpus_shell,earliest_verified_label,earliest_verified_label,Earliest label hunt,1912,needs_photo_review,secondary_context_only,38,2,0,0,2,0,0,1,1,mountain_dew_original__earliest_verified_label__158__1,Mountain Dew Gallery - Mountain Dew Wiki,mountaindew.fandom.com,https://mountaindew.fandom.com/wiki/Mountain_Dew/Gallery,panel not verified readable,front/package object,source_receipt_or_gap_only,Use existing product/package photos for identity only; hunt for a readable ingredient or nutrition panel for this vintage slot.
mountain_dew_original,Mountain Dew Original,beverages,full_corpus_shell,1990s,1990s,1990s bridge,1993,needs_photo_review,secondary_context_only,38,1,0,0,1,0,0,1,1,mountain_dew_original__1990s__995__1,Mountain Dew Collectors Wiki 2 Liter Bottles gallery,dewcollectors.fandom.com,https://dewcollectors.fandom.com/wiki/2_Liter_Bottles/Gallery,panel not verified readable,current_web_page,source_receipt_or_gap_only,Use existing product/package photos for identity only; hunt for a readable ingredient or nutrition panel for this vintage slot.
nilla_wafers,Nilla Wafers,cookies,full_corpus_shell,earliest_verified_label,earliest_verified_label,Earliest label hunt,1912,needs_photo_review,secondary_context_only,38,2,0,0,2,0,0,1,1,nilla_wafers__earliest_verified_label__201__1,"Nabisco Vanilla Wafers Package Wrapper, 1930s-1940s - Flickr",flickr.com,https://www.flickr.com/photos/jasonliebigstuff/4084565942/,panel not verified readable,front/package object,source_receipt_or_gap_only,Use existing product/package photos for identity only; hunt for a readable ingredient or nutrition panel for this vintage slot.
oscar_mayer_bologna,Oscar Mayer Bologna,meat,full_corpus_shell,earliest_verified_label,earliest_verified_label,Earliest label hunt,1912,needs_photo_review,secondary_context_only,38,2,0,0,2,0,0,1,1,oscar_mayer_bologna__earliest_verified_label__823__1,"Oscar Mayer Cleveland Bologna Sausage photograph, circa 1945 - Wisconsin Historical Society",wisconsinhistory.org,https://www.wisconsinhistory.org/Records/Image/IM135397,panel not verified readable,current_web_page,source_receipt_or_gap_only,Use existing product/package photos for identity only; hunt for a readable ingredient or nutrition panel for this vintage slot.
pearl_milling_pancake_mix_original,Pearl Milling Company Original Pancake Mix,breakfast,full_corpus_shell,earliest_verified_label,earliest_verified_label,Earliest label hunt,1912,needs_photo_review,secondary_context_only,38,2,0,0,2,0,0,1,1,pearl_milling_pancake_mix_original__earliest_verified_label__808__2,Pearl Milling Company history and original formula summary,en.wikipedia.org,https://en.wikipedia.org/wiki/Pearl_Milling_Company,panel not verified readable,current_web_page,source_receipt_or_gap_only,Use existing product/package photos for identity only; hunt for a readable ingredient or nutrition panel for this vintage slot.
pepperidge_farm_goldfish_cheddar,Pepperidge Farm Goldfish Cheddar,crackers,full_corpus_shell,earliest_verified_label,earliest_verified_label,Earliest label hunt,1912,needs_photo_review,secondary_context_only,38,2,0,0,2,0,0,1,1,pepperidge_farm_goldfish_cheddar__earliest_verified_label__181__1,"Pepperidge Farm Goldfish Crackers Lightly Salted Snack Package, 1978 - Flickr",flickr.com,https://www.flickr.com/photos/jasonliebigstuff/5161485017/,panel not verified readable,front/package object,source_receipt_or_gap_only,Use existing product/package photos for identity only; hunt for a readable ingredient or nutrition panel for this vintage slot.
pepperidge_farm_goldfish_cheddar,Pepperidge Farm Goldfish Cheddar,crackers,full_corpus_shell,1990s,1990s,1990s bridge,1993,needs_photo_review,secondary_context_only,38,1,0,0,1,0,0,1,1,pepperidge_farm_goldfish_cheddar__1990s__182__1,1996 Pepperidge Farm Goldfish Crackers Bag - Flickr,flickr.com,https://www.flickr.com/photos/mankatt/4617655006,panel not verified readable,front/package object,source_receipt_or_gap_only,Use existing product/package photos for identity only; hunt for a readable ingredient or nutrition panel for this vintage slot.
pepsi_cola,Pepsi Cola,beverages,full_corpus_shell,earliest_verified_label,earliest_verified_label,Earliest label hunt,1912,needs_photo_review,secondary_context_only,38,3,0,0,3,0,0,1,1,pepsi_cola__earliest_verified_label__356__1,1990s Pepsi Can - Flickr,flickr.com,https://www.flickr.com/photos/jonrev/6279525238/,panel not verified readable,front/package object,source_receipt_or_gap_only,Use existing product/package photos for identity only; hunt for a readable ingredient or nutrition panel for this vintage slot.
pepsi_cola,Pepsi Cola,beverages,full_corpus_shell,1990s,1990s,1990s bridge,1993,needs_photo_review,secondary_context_only,38,1,0,0,1,0,0,1,1,pepsi_cola__1990s__356__1,1990s Pepsi Can - Flickr,flickr.com,https://www.flickr.com/photos/jonrev/6279525238/,panel not verified readable,front/package object,source_receipt_or_gap_only,Use existing product/package photos for identity only; hunt for a readable ingredient or nutrition panel for this vintage slot.
philadelphia_cream_cheese_original,Philadelphia Original Cream Cheese,dairy,full_corpus_shell,earliest_verified_label,earliest_verified_label,Earliest label hunt,1912,needs_photo_review,secondary_context_only,38,3,0,0,3,0,0,1,1,philadelphia_cream_cheese_original__earliest_verified_label__1064__3,Philadelphia Cream Cheese - Encyclopedia of Greater Philadelphia,philadelphiaencyclopedia.org,https://philadelphiaencyclopedia.org/archive/philadelphia-cream-cheese/,panel not verified readable,current_web_page,source_receipt_or_gap_only,Use existing product/package photos for identity only; hunt for a readable ingredient or nutrition panel for this vintage slot.
poptarts_brown_sugar_cinnamon,Pop-Tarts Frosted Brown Sugar Cinnamon,breakfast,full_corpus_shell,earliest_verified_label,earliest_verified_label,Earliest label hunt,1912,needs_photo_review,secondary_context_only,38,2,0,0,2,0,0,1,1,poptarts_brown_sugar_cinnamon__earliest_verified_label__180__1,Jason Liebig Kellogg's Frosted Pop-Tarts Brown Sugar-Cinnamon 1979 box photo,flickr.com,https://www.flickr.com/photos/jasonliebigstuff/3466116636,panel not verified readable,front/package object,source_receipt_or_gap_only,Use existing product/package photos for identity only; hunt for a readable ingredient or nutrition panel for this vintage slot.
popeyes_chicken_sandwich,Popeyes Chicken Sandwich,fast food,full_corpus_shell,earliest_verified_label,earliest_verified_label,Earliest label hunt,1912,source_review,secondary_context_only,38,2,0,0,2,0,0,1,1,popeyes_chicken_sandwich__earliest_verified_label__719__1,Popeyes chicken sandwich national launch report August 2019,chewboom.com,https://www.chewboom.com/2019/08/08/popeyes-set-to-officially-drop-new-chicken-sandwich-nationwide-on-august-12-2019/,panel not verified readable,menu_or_nutrition_document,source_receipt_or_gap_only,Use existing product/package photos for identity only; hunt for a readable ingredient or nutrition panel for this vintage slot.
grape_nuts,Post Grape-Nuts,cereal,full_corpus_shell,earliest_verified_label,earliest_verified_label,Earliest label hunt,1912,needs_photo_review,secondary_context_only,38,3,0,0,3,0,0,1,1,grape_nuts__earliest_verified_label__224__1,1982 Post Grape-Nuts Cereal Box Front - Flickr,flickr.com,https://www.flickr.com/photos/25692985%40N07/3598641049/,panel not verified readable,front/package object,source_receipt_or_gap_only,Use existing product/package photos for identity only; hunt for a readable ingredient or nutrition panel for this vintage slot.
pringles_original,Pringles Original Crisps,chips,full_corpus_shell,earliest_verified_label,earliest_verified_label,Earliest label hunt,1912,needs_photo_review,secondary_context_only,38,5,0,0,5,0,0,1,1,pringles_original__earliest_verified_label__336__1,"Country Style Pringles Potato Chips, 1970s - Flickr",flickr.com,https://www.flickr.com/photos/roadsidepictures/108957826,panel not verified readable,front/package object,source_receipt_or_gap_only,Use existing product/package photos for identity only; hunt for a readable ingredient or nutrition panel for this vintage slot.
quaker_old_fashioned_oats,Quaker Old Fashioned Oats,breakfast,full_corpus_shell,earliest_verified_label,earliest_verified_label,Earliest label hunt,1912,needs_photo_review,secondary_context_only,38,2,0,0,2,0,0,1,1,quaker_old_fashioned_oats__earliest_verified_label__214__1,Quaker Oats Metamorphic Trade Card - Flickr,flickr.com,https://www.flickr.com/photos/aemays/15098487343,panel not verified readable,front/package object,source_receipt_or_gap_only,Use existing product/package photos for identity only; hunt for a readable ingredient or nutrition panel for this vintage slot.
reeses_peanut_butter_cups,Reese's Peanut Butter Cups,candy,full_corpus_shell,earliest_verified_label,earliest_verified_label,Earliest label hunt,1912,needs_photo_review,secondary_context_only,38,9,0,0,9,0,0,1,1,reeses_peanut_butter_cups__earliest_verified_label__487__1,Hershey Reese's 2 Peanut Butter Cups 15-cent 1.5 oz wrapper - 1970s - Flickr,flickr.com,https://www.flickr.com/photos/jasonliebigstuff/3607347857,panel not verified readable,collector_package_photo,source_receipt_or_gap_only,Use existing product/package photos for identity only; hunt for a readable ingredient or nutrition panel for this vintage slot.
rice_krispies_treats_original,Rice Krispies Treats Original,snack bars,full_corpus_shell,earliest_verified_label,earliest_verified_label,Earliest label hunt,1912,needs_photo_review,secondary_context_only,38,3,0,0,3,0,0,1,1,rice_krispies_treats_original__earliest_verified_label__222__1,Kellogg's Rice Krispies Treats Original snack box 1999 - Flickr,flickr.com,https://www.flickr.com/photos/jasonliebigstuff/3986667940,panel not verified readable,collector_package_photo,source_receipt_or_gap_only,Use existing product/package photos for identity only; hunt for a readable ingredient or nutrition panel for this vintage slot.
rice_krispies_treats_original,Rice Krispies Treats Original,snack bars,full_corpus_shell,1990s,1990s,1990s bridge,1993,needs_photo_review,secondary_context_only,38,1,0,0,1,0,0,1,1,rice_krispies_treats_original__1990s__222__1,Kellogg's Rice Krispies Treats Original snack box 1999 - Flickr,flickr.com,https://www.flickr.com/photos/jasonliebigstuff/3986667940,panel not verified readable,collector_package_photo,source_receipt_or_gap_only,Use existing product/package photos for identity only; hunt for a readable ingredient or nutrition panel for this vintage slot.
ruffles_original,Ruffles Original Potato Chips,chips,full_corpus_shell,earliest_verified_label,earliest_verified_label,Earliest label hunt,1912,needs_photo_review,secondary_context_only,38,3,0,0,3,0,0,1,1,ruffles_original__earliest_verified_label__164__1,"Frito-Lay Ruffles WOW Original Potato Chip Bag, Late 1990s - Flickr",flickr.com,https://www.flickr.com/photos/jasonliebigstuff/5007752145,panel not verified readable,front/package object,source_receipt_or_gap_only,Use existing product/package photos for identity only; hunt for a readable ingredient or nutrition panel for this vintage slot.
ruffles_original,Ruffles Original Potato Chips,chips,full_corpus_shell,1990s,1990s,1990s bridge,1993,needs_photo_review,secondary_context_only,38,2,0,0,2,0,0,1,1,ruffles_original__1990s__164__1,"Frito-Lay Ruffles WOW Original Potato Chip Bag, Late 1990s - Flickr",flickr.com,https://www.flickr.com/photos/jasonliebigstuff/5007752145,panel not verified readable,front/package object,source_receipt_or_gap_only,Use existing product/package photos for identity only; hunt for a readable ingredient or nutrition panel for this vintage slot.
skippy_creamy_peanut_butter,Skippy Creamy Peanut Butter,spreads,full_corpus_shell,earliest_verified_label,earliest_verified_label,Earliest label hunt,1912,needs_photo_review,secondary_context_only,38,3,0,0,3,0,0,1,1,skippy_creamy_peanut_butter__earliest_verified_label__1061__3,Our History - Skippy Brand,peanutbutter.com,https://www.peanutbutter.com/our-history/,panel not verified readable,current_web_page,source_receipt_or_gap_only,Use existing product/package photos for identity only; hunt for a readable ingredient or nutrition panel for this vintage slot.
skittles_original,Skittles Original,candy,full_corpus_shell,earliest_verified_label,earliest_verified_label,Earliest label hunt,1912,needs_photo_review,secondary_context_only,38,2,0,0,2,0,0,1,1,skittles_original__earliest_verified_label__443__1,"Skittles Half-Pound candy bag Rainbow Machine Offer, 1989 - Flickr",flickr.com,https://www.flickr.com/photos/jasonliebigstuff/4178480644/,panel not verified readable,front/package object,source_receipt_or_gap_only,Use existing product/package photos for identity only; hunt for a readable ingredient or nutrition panel for this vintage slot.
skittles_original,Skittles Original,candy,full_corpus_shell,1990s,1990s,1990s bridge,1993,needs_photo_review,secondary_context_only,38,1,0,0,1,0,0,1,1,skittles_original__1990s__442__1,Skittles Original wrapper/package lead - Jason Liebig Flickr,flickr.com,https://www.flickr.com/photos/jasonliebigstuff/2794745798,panel not verified readable,front/package object,source_receipt_or_gap_only,Use existing product/package photos for identity only; hunt for a readable ingredient or nutrition panel for this vintage slot.
smuckers_strawberry_preserves,Smucker's Strawberry Preserves,spreads,full_corpus_shell,earliest_verified_label,earliest_verified_label,Earliest label hunt,1912,needs_photo_review,secondary_context_only,38,1,0,0,1,0,0,1,1,smuckers_strawberry_preserves__earliest_verified_label__383__1,"Smucker's Red Raspberry Preserves jar label, early 1970s - Flickr",flickr.com,https://www.flickr.com/photos/jasonliebigstuff/4598338749,panel not verified readable,front/package object,source_receipt_or_gap_only,Use existing product/package photos for identity only; hunt for a readable ingredient or nutrition panel for this vintage slot.
snickers_bar,Snickers Bar,candy,full_corpus_shell,earliest_verified_label,earliest_verified_label,Earliest label hunt,1912,needs_photo_review,secondary_context_only,38,2,0,0,2,0,0,1,1,snickers_bar__earliest_verified_label__174__1,Snickers Candy Wrapper Archive,candywrapperarchive.com,https://www.candywrapperarchive.com/candy-collection/snickers/,panel not verified readable,front/package object,source_receipt_or_gap_only,Use existing product/package photos for identity only; hunt for a readable ingredient or nutrition panel for this vintage slot.
snickers_bar,Snickers Bar,candy,full_corpus_shell,1990s,1990s,1990s bridge,1993,needs_photo_review,secondary_context_only,38,2,0,0,2,0,0,1,1,snickers_bar__1990s__174__1,Snickers Candy Wrapper Archive,candywrapperarchive.com,https://www.candywrapperarchive.com/candy-collection/snickers/,panel not verified readable,front/package object,source_receipt_or_gap_only,Use existing product/package photos for identity only; hunt for a readable ingredient or nutrition panel for this vintage slot.
spaghettios_original,SpaghettiOs Original,prepared foods,full_corpus_shell,earliest_verified_label,earliest_verified_label,Earliest label hunt,1912,needs_photo_review,secondary_context_only,38,4,0,0,4,0,0,1,1,spaghettios_original__earliest_verified_label__333__1,"Franco-American SpaghettiO's pasta Skateboarding O can label, 1990s - Flickr",flickr.com,https://www.flickr.com/photos/jasonliebigstuff/4986423905,panel not verified readable,front/package object,source_receipt_or_gap_only,Use existing product/package photos for identity only; hunt for a readable ingredient or nutrition panel for this vintage slot.
spaghettios_original,SpaghettiOs Original,prepared foods,full_corpus_shell,1990s,1990s,1990s bridge,1993,needs_photo_review,secondary_context_only,38,3,0,0,3,0,0,1,1,spaghettios_original__1990s__333__1,"Franco-American SpaghettiO's pasta Skateboarding O can label, 1990s - Flickr",flickr.com,https://www.flickr.com/photos/jasonliebigstuff/4986423905,panel not verified readable,front/package object,source_receipt_or_gap_only,Use existing product/package photos for identity only; hunt for a readable ingredient or nutrition panel for this vintage slot.
starburst_original,Starburst Original,candy,full_corpus_shell,earliest_verified_label,earliest_verified_label,Earliest label hunt,1912,needs_photo_review,secondary_context_only,38,3,0,0,3,0,0,1,1,starburst_original__earliest_verified_label__229__1,Old Starburst Fruit Chews Candy Wrappers - Flickr,flickr.com,https://www.flickr.com/photos/25692985%40N07/6439554945,panel not verified readable,front/package object,source_receipt_or_gap_only,Use existing product/package photos for identity only; hunt for a readable ingredient or nutrition panel for this vintage slot.
taco_bell_crunchy_taco,Taco Bell Crunchy Taco,fast food,full_corpus_shell,earliest_verified_label,earliest_verified_label,Earliest label hunt,1912,needs_photo_review,secondary_context_only,38,1,0,0,1,0,0,1,1,taco_bell_crunchy_taco__earliest_verified_label__624__1,"Taco Bell wrapper, January 2015 - Flickr",flickr.com,https://www.flickr.com/photos/target_man_2000/16329290081,panel not verified readable,menu_or_nutrition_document,source_receipt_or_gap_only,Use existing product/package photos for identity only; hunt for a readable ingredient or nutrition panel for this vintage slot.
teddy_grahams_honey,Teddy Grahams Honey,cookies,full_corpus_shell,earliest_verified_label,earliest_verified_label,Earliest label hunt,1912,needs_photo_review,secondary_context_only,38,2,0,0,2,0,0,1,1,teddy_grahams_honey__earliest_verified_label__843__1,Nabisco Teddy Grahams Honey graham snacks box 1988 - Flickr,flickr.com,https://www.flickr.com/photos/jasonliebigstuff/5839092729/,panel not verified readable,front/package object,source_receipt_or_gap_only,Use existing product/package photos for identity only; hunt for a readable ingredient or nutrition panel for this vintage slot.
tootsie_roll,Tootsie Roll,candy,full_corpus_shell,earliest_verified_label,earliest_verified_label,Earliest label hunt,1912,needs_photo_review,secondary_context_only,38,5,0,0,5,0,0,1,1,tootsie_roll__earliest_verified_label__602__1,1960s Tootsie Roll candy wrapper - Candy Wrapper Archive,candywrapperarchive.com,https://www.candywrapperarchive.com/candy-collector/1960s-tootsie-roll-2/,panel not verified readable,front/package object,source_receipt_or_gap_only,Use existing product/package photos for identity only; hunt for a readable ingredient or nutrition panel for this vintage slot.
tostitos_original,Tostitos Original Restaurant Style,chips,full_corpus_shell,earliest_verified_label,earliest_verified_label,Earliest label hunt,1912,needs_photo_review,secondary_context_only,38,1,0,0,1,0,0,1,1,tostitos_original__earliest_verified_label__213__1,"Frito-Lay Tostitos Traditional Flavor Bag, 1981 - Flickr",flickr.com,https://www.flickr.com/photos/jasonliebigstuff/16041921697,panel not verified readable,front/package object,source_receipt_or_gap_only,Use existing product/package photos for identity only; hunt for a readable ingredient or nutrition panel for this vintage slot.
totinos_pizza_rolls,Totino's Pizza Rolls,frozen foods,full_corpus_shell,earliest_verified_label,earliest_verified_label,Earliest label hunt,1912,needs_photo_review,secondary_context_only,38,2,0,0,2,0,0,1,1,totinos_pizza_rolls__earliest_verified_label__827__2,Totino's Pizza Rolls history page,totinos.com,https://www.totinos.com/about,panel not verified readable,current_web_page,source_receipt_or_gap_only,Use existing product/package photos for identity only; hunt for a readable ingredient or nutrition panel for this vintage slot.
triscuit_original,Triscuit Original Crackers,crackers,full_corpus_shell,earliest_verified_label,earliest_verified_label,Earliest label hunt,1912,needs_photo_review,secondary_context_only,38,1,0,0,1,0,0,1,1,triscuit_original__earliest_verified_label__350__1,Early 1980s Triscuit crackers box - Flickr,flickr.com,https://www.flickr.com/photos/mankatt/4842278955,panel not verified readable,front/package object,source_receipt_or_gap_only,Use existing product/package photos for identity only; hunt for a readable ingredient or nutrition panel for this vintage slot.
trix_cereal,Trix Cereal,cereal,full_corpus_shell,1990s,1990s,1990s bridge,1993,needs_photo_review,secondary_context_only,38,2,0,0,2,0,0,1,1,trix_cereal__1990s__207__1,"General Mills Trix Cereal Box, 1995 - Flickr",flickr.com,https://www.flickr.com/photos/jasonliebigstuff/3267302742/,panel not verified readable,front/package object,source_receipt_or_gap_only,Use existing product/package photos for identity only; hunt for a readable ingredient or nutrition panel for this vintage slot.
twix_bar,Twix Bar,candy,full_corpus_shell,earliest_verified_label,earliest_verified_label,Earliest label hunt,1912,needs_photo_review,secondary_context_only,38,4,0,0,4,0,0,1,1,twix_bar__earliest_verified_label__209__1,"Mars Twix Cookie Bars Wrapper, 1983 - Flickr",flickr.com,https://www.flickr.com/photos/jasonliebigstuff/4377398571/,panel not verified readable,front/package object,source_receipt_or_gap_only,Use existing product/package photos for identity only; hunt for a readable ingredient or nutrition panel for this vintage slot.
twix_bar,Twix Bar,candy,full_corpus_shell,1990s,1990s,1990s bridge,1993,needs_photo_review,secondary_context_only,38,1,0,0,1,0,0,1,1,twix_bar__1990s__551__1,Twix Candy Wrapper Archive collection page,candywrapperarchive.com,https://www.candywrapperarchive.com/candy-collection/twix/,panel not verified readable,front/package object,source_receipt_or_gap_only,Use existing product/package photos for identity only; hunt for a readable ingredient or nutrition panel for this vintage slot.
wendys_chili,Wendy's Chili,fast food,full_corpus_shell,earliest_verified_label,earliest_verified_label,Earliest label hunt,1912,needs_photo_review,secondary_context_only,38,1,0,0,1,0,0,1,1,wendys_chili__earliest_verified_label__907__1,Wendy's Chili photo - Wikimedia Commons,commons.wikimedia.org,https://commons.wikimedia.org/wiki/File%3AWendy%27s_Chili.jpg,panel not verified readable,menu_or_nutrition_document,source_receipt_or_gap_only,Use existing product/package photos for identity only; hunt for a readable ingredient or nutrition panel for this vintage slot.
wendys_daves_single,Wendy's Dave's Single,fast food,full_corpus_shell,earliest_verified_label,earliest_verified_label,Earliest label hunt,1912,source_review,secondary_context_only,38,2,0,0,2,0,0,1,1,wendys_daves_single__earliest_verified_label__796__1,Wendy's Dave's Hot 'N Juicy cheeseburgers story page,wendys.com,https://www.wendys.com/daves-hot-n-juicyr-cheeseburgers,panel not verified readable,menu_or_nutrition_document,source_receipt_or_gap_only,Use existing product/package photos for identity only; hunt for a readable ingredient or nutrition panel for this vintage slot.
wheat_thins_original,Wheat Thins Original,crackers,full_corpus_shell,earliest_verified_label,earliest_verified_label,Earliest label hunt,1912,needs_photo_review,secondary_context_only,38,4,0,0,4,0,0,1,1,wheat_thins_original__earliest_verified_label__349__1,"Nabisco Wheat Thins Toasted 10 1/2 oz snack cracker box, 1940s-1950s - Jason Liebig Flickr",flickr.com,https://www.flickr.com/photos/jasonliebigstuff/17092105979,panel not verified readable,front/package object,source_receipt_or_gap_only,Use existing product/package photos for identity only; hunt for a readable ingredient or nutrition panel for this vintage slot.
wheaties,Wheaties,cereal,full_corpus_shell,1990s,1990s,1990s bridge,1993,needs_photo_review,secondary_context_only,38,1,0,0,1,0,0,1,1,wheaties__1990s__637__1,Flickr Wheaties box tagged photo search,flickr.com,https://www.flickr.com/photos/tags/wheatiesbox/,panel not verified readable,collector_package_photo,source_receipt_or_gap_only,Use existing product/package photos for identity only; hunt for a readable ingredient or nutrition panel for this vintage slot.
7up_original,7UP Original,beverages,full_corpus_shell,1990s,1990s,1990s bridge,1993,source_discovery_needed,source_discovery_needed,36,1,0,0,0,0,0,1,1,7up_original__1990s__missing__0,No source-attributable evidence is recorded for 7UP Original / 1990s; do not promote formulation claims until this gap is resolved. Blocker: find_source_attributable_package_evidence.,,,no source-attributable label evidence,evidence_gap,source_receipt_or_gap_only,"Run source discovery for 1990s bridge with queries targeting back-panel, ingredients, nutrition, allergen, or disclosure evidence."
ball_park_franks,Ball Park Franks,meat,full_corpus_shell,1990s,1990s,1990s bridge,1993,source_discovery_needed,source_discovery_needed,36,1,0,0,0,0,0,1,1,ball_park_franks__1990s__missing__0,No source-attributable evidence is recorded for Ball Park Franks / 1990s; do not promote formulation claims until this gap is resolved. Blocker: find_source_attributable_package_evidence.,,,no source-attributable label evidence,evidence_gap,source_receipt_or_gap_only,"Run source discovery for 1990s bridge with queries targeting back-panel, ingredients, nutrition, allergen, or disclosure evidence."
banquet_chicken_pot_pie,Banquet Chicken Pot Pie,frozen foods,full_corpus_shell,1990s,1990s,1990s bridge,1993,source_discovery_needed,source_discovery_needed,36,1,0,0,0,0,0,1,1,banquet_chicken_pot_pie__1990s__missing__0,No source-attributable evidence is recorded for Banquet Chicken Pot Pie / 1990s; do not promote formulation claims until this gap is resolved. Blocker: find_source_attributable_package_evidence.,,,no source-attributable label evidence,evidence_gap,source_receipt_or_gap_only,"Run source discovery for 1990s bridge with queries targeting back-panel, ingredients, nutrition, allergen, or disclosure evidence."
bisquick_original,Bisquick Original Pancake and Baking Mix,baking,full_corpus_shell,earliest_verified_label,earliest_verified_label,Earliest label hunt,1912,source_discovery_needed,source_discovery_needed,36,1,0,0,0,0,0,1,1,bisquick_original__earliest_verified_label__missing__0,No source-attributable evidence is recorded for Bisquick Original Pancake and Baking Mix / earliest_verified_label; do not promote formulation claims until this gap is resolved. Blocker: find_source_attributable_package_evidence.,,,no source-attributable label evidence,evidence_gap,source_receipt_or_gap_only,"Run source discovery for Earliest label hunt with queries targeting back-panel, ingredients, nutrition, allergen, or disclosure evidence."
bisquick_original,Bisquick Original Pancake and Baking Mix,baking,full_corpus_shell,1990s,1990s,1990s bridge,1993,source_discovery_needed,source_discovery_needed,36,1,0,0,0,0,0,1,1,bisquick_original__1990s__missing__0,No source-attributable evidence is recorded for Bisquick Original Pancake and Baking Mix / 1990s; do not promote formulation claims until this gap is resolved. Blocker: find_source_attributable_package_evidence.,,,no source-attributable label evidence,evidence_gap,source_receipt_or_gap_only,"Run source discovery for 1990s bridge with queries targeting back-panel, ingredients, nutrition, allergen, or disclosure evidence."
burger_king_whopper,Burger King Whopper,fast food,full_corpus_shell,1990s,1990s,1990s bridge,1993,source_discovery_needed,source_discovery_needed,36,1,0,0,0,0,0,1,1,burger_king_whopper__1990s__missing__0,No source-attributable evidence is recorded for Burger King Whopper / 1990s; do not promote formulation claims until this gap is resolved. Blocker: find_source_attributable_package_evidence.,,,no source-attributable label evidence,evidence_gap,source_receipt_or_gap_only,"Run source discovery for 1990s bridge with queries targeting back-panel, ingredients, nutrition, allergen, or disclosure evidence."
butterfinger_bar,Butterfinger Bar,candy,full_corpus_shell,1990s,1990s,1990s bridge,1993,source_discovery_needed,source_discovery_needed,36,1,0,0,0,0,0,1,1,butterfinger_bar__1990s__missing__0,No source-attributable evidence is recorded for Butterfinger Bar / 1990s; do not promote formulation claims until this gap is resolved. Blocker: find_source_attributable_package_evidence.,,,no source-attributable label evidence,evidence_gap,source_receipt_or_gap_only,"Run source discovery for 1990s bridge with queries targeting back-panel, ingredients, nutrition, allergen, or disclosure evidence."
campbells_chicken_noodle_soup,Campbell's Chicken Noodle Soup,soup,full_corpus_shell,1990s,1990s,1990s bridge,1993,source_discovery_needed,source_discovery_needed,36,1,0,0,0,0,0,1,1,campbells_chicken_noodle_soup__1990s__missing__0,No source-attributable evidence is recorded for Campbell's Chicken Noodle Soup / 1990s; do not promote formulation claims until this gap is resolved. Blocker: find_source_attributable_package_evidence.,,,no source-attributable label evidence,evidence_gap,source_receipt_or_gap_only,"Run source discovery for 1990s bridge with queries targeting back-panel, ingredients, nutrition, allergen, or disclosure evidence."
cheez_it_original,Cheez-It Original Crackers,crackers,full_corpus_shell,1990s,1990s,1990s bridge,1993,source_discovery_needed,source_discovery_needed,36,1,0,0,0,0,0,1,1,cheez_it_original__1990s__missing__0,No source-attributable evidence is recorded for Cheez-It Original Crackers / 1990s; do not promote formulation claims until this gap is resolved. Blocker: find_source_attributable_package_evidence.,,,no source-attributable label evidence,evidence_gap,source_receipt_or_gap_only,"Run source discovery for 1990s bridge with queries targeting back-panel, ingredients, nutrition, allergen, or disclosure evidence."
chick_fil_a_chicken_sandwich,Chick-fil-A Chicken Sandwich,fast food,full_corpus_shell,1990s,1990s,1990s bridge,1993,source_discovery_needed,source_discovery_needed,36,1,0,0,0,0,0,1,1,chick_fil_a_chicken_sandwich__1990s__missing__0,No source-attributable evidence is recorded for Chick-fil-A Chicken Sandwich / 1990s; do not promote formulation claims until this gap is resolved. Blocker: find_source_attributable_package_evidence.,,,no source-attributable label evidence,evidence_gap,source_receipt_or_gap_only,"Run source discovery for 1990s bridge with queries targeting back-panel, ingredients, nutrition, allergen, or disclosure evidence."
chipotle_chicken_burrito,Chipotle Chicken Burrito,fast food,full_corpus_shell,1990s,1990s,1990s bridge,1993,source_discovery_needed,source_discovery_needed,36,1,0,0,0,0,0,1,1,chipotle_chicken_burrito__1990s__missing__0,No source-attributable evidence is recorded for Chipotle Chicken Burrito / 1990s; do not promote formulation claims until this gap is resolved. Blocker: find_source_attributable_package_evidence.,,,no source-attributable label evidence,evidence_gap,source_receipt_or_gap_only,"Run source discovery for 1990s bridge with queries targeting back-panel, ingredients, nutrition, allergen, or disclosure evidence."
chips_ahoy_original,Chips Ahoy! Original Cookies,cookies,full_corpus_shell,1990s,1990s,1990s bridge,1993,source_discovery_needed,source_discovery_needed,36,1,0,0,0,0,0,1,1,chips_ahoy_original__1990s__missing__0,No source-attributable evidence is recorded for Chips Ahoy! Original Cookies / 1990s; do not promote formulation claims until this gap is resolved. Blocker: find_source_attributable_package_evidence.,,,no source-attributable label evidence,evidence_gap,source_receipt_or_gap_only,"Run source discovery for 1990s bridge with queries targeting back-panel, ingredients, nutrition, allergen, or disclosure evidence."
cocoa_puffs,Cocoa Puffs,cereal,full_corpus_shell,1990s,1990s,1990s bridge,1993,source_discovery_needed,source_discovery_needed,36,1,0,0,0,0,0,1,1,cocoa_puffs__1990s__missing__0,No source-attributable evidence is recorded for Cocoa Puffs / 1990s; do not promote formulation claims until this gap is resolved. Blocker: find_source_attributable_package_evidence.,,,no source-attributable label evidence,evidence_gap,source_receipt_or_gap_only,"Run source discovery for 1990s bridge with queries targeting back-panel, ingredients, nutrition, allergen, or disclosure evidence."
cool_whip_original,Cool Whip Original,desserts,full_corpus_shell,1990s,1990s,1990s bridge,1993,source_discovery_needed,source_discovery_needed,36,1,0,0,0,0,0,1,1,cool_whip_original__1990s__missing__0,No source-attributable evidence is recorded for Cool Whip Original / 1990s; do not promote formulation claims until this gap is resolved. Blocker: find_source_attributable_package_evidence.,,,no source-attributable label evidence,evidence_gap,source_receipt_or_gap_only,"Run source discovery for 1990s bridge with queries targeting back-panel, ingredients, nutrition, allergen, or disclosure evidence."
dinty_moore_beef_stew,Dinty Moore Beef Stew,prepared foods,full_corpus_shell,1990s,1990s,1990s bridge,1993,source_discovery_needed,source_discovery_needed,36,1,0,0,0,0,0,1,1,dinty_moore_beef_stew__1990s__missing__0,No source-attributable evidence is recorded for Dinty Moore Beef Stew / 1990s; do not promote formulation claims until this gap is resolved. Blocker: find_source_attributable_package_evidence.,,,no source-attributable label evidence,evidence_gap,source_receipt_or_gap_only,"Run source discovery for 1990s bridge with queries targeting back-panel, ingredients, nutrition, allergen, or disclosure evidence."
dominos_hand_tossed_pepperoni,Domino's Hand Tossed Pepperoni Pizza,fast food,full_corpus_shell,1990s,1990s,1990s bridge,1993,source_discovery_needed,source_discovery_needed,36,1,0,0,0,0,0,1,1,dominos_hand_tossed_pepperoni__1990s__missing__0,No source-attributable evidence is recorded for Domino's Hand Tossed Pepperoni Pizza / 1990s; do not promote formulation claims until this gap is resolved. Blocker: find_source_attributable_package_evidence.,,,no source-attributable label evidence,evidence_gap,source_receipt_or_gap_only,"Run source discovery for 1990s bridge with queries targeting back-panel, ingredients, nutrition, allergen, or disclosure evidence."
dr_pepper_original,Dr Pepper Original,beverages,full_corpus_shell,1990s,1990s,1990s bridge,1993,source_discovery_needed,source_discovery_needed,36,1,0,0,0,0,0,1,1,dr_pepper_original__1990s__missing__0,No source-attributable evidence is recorded for Dr Pepper Original / 1990s; do not promote formulation claims until this gap is resolved. Blocker: find_source_attributable_package_evidence.,,,no source-attributable label evidence,evidence_gap,source_receipt_or_gap_only,"Run source discovery for 1990s bridge with queries targeting back-panel, ingredients, nutrition, allergen, or disclosure evidence."
dunkin_glazed_donut,Dunkin' Glazed Donut,fast food,full_corpus_shell,1990s,1990s,1990s bridge,1993,source_discovery_needed,source_discovery_needed,36,1,0,0,0,0,0,1,1,dunkin_glazed_donut__1990s__missing__0,No source-attributable evidence is recorded for Dunkin' Glazed Donut / 1990s; do not promote formulation claims until this gap is resolved. Blocker: find_source_attributable_package_evidence.,,,no source-attributable label evidence,evidence_gap,source_receipt_or_gap_only,"Run source discovery for 1990s bridge with queries targeting back-panel, ingredients, nutrition, allergen, or disclosure evidence."
eggo_homestyle_waffles,Eggo Homestyle Waffles,frozen foods,full_corpus_shell,1990s,1990s,1990s bridge,1993,source_discovery_needed,source_discovery_needed,36,1,0,0,0,0,0,1,1,eggo_homestyle_waffles__1990s__missing__0,No source-attributable evidence is recorded for Eggo Homestyle Waffles / 1990s; do not promote formulation claims until this gap is resolved. Blocker: find_source_attributable_package_evidence.,,,no source-attributable label evidence,evidence_gap,source_receipt_or_gap_only,"Run source discovery for 1990s bridge with queries targeting back-panel, ingredients, nutrition, allergen, or disclosure evidence."
fig_newtons,Fig Newtons,cookies,full_corpus_shell,1990s,1990s,1990s bridge,1993,source_discovery_needed,source_discovery_needed,36,1,0,0,0,0,0,1,1,fig_newtons__1990s__missing__0,No source-attributable evidence is recorded for Fig Newtons / 1990s; do not promote formulation claims until this gap is resolved. Blocker: find_source_attributable_package_evidence.,,,no source-attributable label evidence,evidence_gap,source_receipt_or_gap_only,"Run source discovery for 1990s bridge with queries targeting back-panel, ingredients, nutrition, allergen, or disclosure evidence."
frenchs_yellow_mustard,French's Classic Yellow Mustard,condiments,full_corpus_shell,1990s,1990s,1990s bridge,1993,source_discovery_needed,source_discovery_needed,36,1,0,0,0,0,0,1,1,frenchs_yellow_mustard__1990s__missing__0,No source-attributable evidence is recorded for French's Classic Yellow Mustard / 1990s; do not promote formulation claims until this gap is resolved. Blocker: find_source_attributable_package_evidence.,,,no source-attributable label evidence,evidence_gap,source_receipt_or_gap_only,"Run source discovery for 1990s bridge with queries targeting back-panel, ingredients, nutrition, allergen, or disclosure evidence."
hamburger_helper_cheeseburger_macaroni,Hamburger Helper Cheeseburger Macaroni,prepared foods,full_corpus_shell,1990s,1990s,1990s bridge,1993,source_discovery_needed,source_discovery_needed,36,1,0,0,0,0,0,1,1,hamburger_helper_cheeseburger_macaroni__1990s__missing__0,No source-attributable evidence is recorded for Hamburger Helper Cheeseburger Macaroni / 1990s; do not promote formulation claims until this gap is resolved. Blocker: find_source_attributable_package_evidence.,,,no source-attributable label evidence,evidence_gap,source_receipt_or_gap_only,"Run source discovery for 1990s bridge with queries targeting back-panel, ingredients, nutrition, allergen, or disclosure evidence."
hebrew_national_franks,Hebrew National Beef Franks,meat,full_corpus_shell,1990s,1990s,1990s bridge,1993,source_discovery_needed,source_discovery_needed,36,1,0,0,0,0,0,1,1,hebrew_national_franks__1990s__missing__0,No source-attributable evidence is recorded for Hebrew National Beef Franks / 1990s; do not promote formulation claims until this gap is resolved. Blocker: find_source_attributable_package_evidence.,,,no source-attributable label evidence,evidence_gap,source_receipt_or_gap_only,"Run source discovery for 1990s bridge with queries targeting back-panel, ingredients, nutrition, allergen, or disclosure evidence."
hellmanns_mayonnaise_real,Hellmann's Real Mayonnaise,condiments,full_corpus_shell,1990s,1990s,1990s bridge,1993,source_discovery_needed,source_discovery_needed,36,1,0,0,0,0,0,1,1,hellmanns_mayonnaise_real__1990s__missing__0,No source-attributable evidence is recorded for Hellmann's Real Mayonnaise / 1990s; do not promote formulation claims until this gap is resolved. Blocker: find_source_attributable_package_evidence.,,,no source-attributable label evidence,evidence_gap,source_receipt_or_gap_only,"Run source discovery for 1990s bridge with queries targeting back-panel, ingredients, nutrition, allergen, or disclosure evidence."
hidden_valley_ranch_original,Hidden Valley Original Ranch,condiments,full_corpus_shell,1990s,1990s,1990s bridge,1993,source_discovery_needed,source_discovery_needed,36,1,0,0,0,0,0,1,1,hidden_valley_ranch_original__1990s__missing__0,No source-attributable evidence is recorded for Hidden Valley Original Ranch / 1990s; do not promote formulation claims until this gap is resolved. Blocker: find_source_attributable_package_evidence.,,,no source-attributable label evidence,evidence_gap,source_receipt_or_gap_only,"Run source discovery for 1990s bridge with queries targeting back-panel, ingredients, nutrition, allergen, or disclosure evidence."
hormel_chili_no_beans,Hormel Chili No Beans,prepared foods,full_corpus_shell,1990s,1990s,1990s bridge,1993,source_discovery_needed,source_discovery_needed,36,1,0,0,0,0,0,1,1,hormel_chili_no_beans__1990s__missing__0,No source-attributable evidence is recorded for Hormel Chili No Beans / 1990s; do not promote formulation claims until this gap is resolved. Blocker: find_source_attributable_package_evidence.,,,no source-attributable label evidence,evidence_gap,source_receipt_or_gap_only,"Run source discovery for 1990s bridge with queries targeting back-panel, ingredients, nutrition, allergen, or disclosure evidence."
hostess_cupcakes,Hostess CupCakes,snack cakes,full_corpus_shell,1990s,1990s,1990s bridge,1993,source_discovery_needed,source_discovery_needed,36,1,0,0,0,0,0,1,1,hostess_cupcakes__1990s__missing__0,No source-attributable evidence is recorded for Hostess CupCakes / 1990s; do not promote formulation claims until this gap is resolved. Blocker: find_source_attributable_package_evidence.,,,no source-attributable label evidence,evidence_gap,source_receipt_or_gap_only,"Run source discovery for 1990s bridge with queries targeting back-panel, ingredients, nutrition, allergen, or disclosure evidence."
hot_pockets_pepperoni_pizza,Hot Pockets Pepperoni Pizza,frozen foods,full_corpus_shell,1990s,1990s,1990s bridge,1993,source_discovery_needed,source_discovery_needed,36,1,0,0,0,0,0,1,1,hot_pockets_pepperoni_pizza__1990s__missing__0,No source-attributable evidence is recorded for Hot Pockets Pepperoni Pizza / 1990s; do not promote formulation claims until this gap is resolved. Blocker: find_source_attributable_package_evidence.,,,no source-attributable label evidence,evidence_gap,source_receipt_or_gap_only,"Run source discovery for 1990s bridge with queries targeting back-panel, ingredients, nutrition, allergen, or disclosure evidence."
jif_creamy_peanut_butter,Jif Creamy Peanut Butter,spreads,full_corpus_shell,1990s,1990s,1990s bridge,1993,source_discovery_needed,source_discovery_needed,36,1,0,0,0,0,0,1,1,jif_creamy_peanut_butter__1990s__missing__0,No source-attributable evidence is recorded for Jif Creamy Peanut Butter / 1990s; do not promote formulation claims until this gap is resolved. Blocker: find_source_attributable_package_evidence.,,,no source-attributable label evidence,evidence_gap,source_receipt_or_gap_only,"Run source discovery for 1990s bridge with queries targeting back-panel, ingredients, nutrition, allergen, or disclosure evidence."
corn_flakes,Kellogg's Corn Flakes,cereal,full_corpus_shell,1990s,1990s,1990s bridge,1993,source_discovery_needed,source_discovery_needed,36,1,0,0,0,0,0,1,1,corn_flakes__1990s__missing__0,No source-attributable evidence is recorded for Kellogg's Corn Flakes / 1990s; do not promote formulation claims until this gap is resolved. Blocker: find_source_attributable_package_evidence.,,,no source-attributable label evidence,evidence_gap,source_receipt_or_gap_only,"Run source discovery for 1990s bridge with queries targeting back-panel, ingredients, nutrition, allergen, or disclosure evidence."
raisin_bran_kelloggs,Kellogg's Raisin Bran,cereal,full_corpus_shell,1990s,1990s,1990s bridge,1993,source_discovery_needed,source_discovery_needed,36,1,0,0,0,0,0,1,1,raisin_bran_kelloggs__1990s__missing__0,No source-attributable evidence is recorded for Kellogg's Raisin Bran / 1990s; do not promote formulation claims until this gap is resolved. Blocker: find_source_attributable_package_evidence.,,,no source-attributable label evidence,evidence_gap,source_receipt_or_gap_only,"Run source discovery for 1990s bridge with queries targeting back-panel, ingredients, nutrition, allergen, or disclosure evidence."
kfc_famous_bowl,KFC Famous Bowl,fast food,full_corpus_shell,1990s,1990s,1990s bridge,1993,source_discovery_needed,source_discovery_needed,36,1,0,0,0,0,0,1,1,kfc_famous_bowl__1990s__missing__0,No source-attributable evidence is recorded for KFC Famous Bowl / 1990s; do not promote formulation claims until this gap is resolved. Blocker: find_source_attributable_package_evidence.,,,no source-attributable label evidence,evidence_gap,source_receipt_or_gap_only,"Run source discovery for 1990s bridge with queries targeting back-panel, ingredients, nutrition, allergen, or disclosure evidence."
kfc_original_recipe_chicken,KFC Original Recipe Chicken,fast food,full_corpus_shell,1990s,1990s,1990s bridge,1993,source_discovery_needed,source_discovery_needed,36,1,0,0,0,0,0,1,1,kfc_original_recipe_chicken__1990s__missing__0,No source-attributable evidence is recorded for KFC Original Recipe Chicken / 1990s; do not promote formulation claims until this gap is resolved. Blocker: find_source_attributable_package_evidence.,,,no source-attributable label evidence,evidence_gap,source_receipt_or_gap_only,"Run source discovery for 1990s bridge with queries targeting back-panel, ingredients, nutrition, allergen, or disclosure evidence."
kit_kat_bar,Kit Kat Bar,candy,full_corpus_shell,1990s,1990s,1990s bridge,1993,source_discovery_needed,source_discovery_needed,36,1,0,0,0,0,0,1,1,kit_kat_bar__1990s__missing__0,No source-attributable evidence is recorded for Kit Kat Bar / 1990s; do not promote formulation claims until this gap is resolved. Blocker: find_source_attributable_package_evidence.,,,no source-attributable label evidence,evidence_gap,source_receipt_or_gap_only,"Run source discovery for 1990s bridge with queries targeting back-panel, ingredients, nutrition, allergen, or disclosure evidence."
kraft_singles_american,Kraft Singles American Cheese,dairy,full_corpus_shell,1990s,1990s,1990s bridge,1993,source_discovery_needed,source_discovery_needed,36,1,0,0,0,0,0,1,1,kraft_singles_american__1990s__missing__0,No source-attributable evidence is recorded for Kraft Singles American Cheese / 1990s; do not promote formulation claims until this gap is resolved. Blocker: find_source_attributable_package_evidence.,,,no source-attributable label evidence,evidence_gap,source_receipt_or_gap_only,"Run source discovery for 1990s bridge with queries targeting back-panel, ingredients, nutrition, allergen, or disclosure evidence."
little_debbie_oatmeal_creme_pies,Little Debbie Oatmeal Creme Pies,snack cakes,full_corpus_shell,1990s,1990s,1990s bridge,1993,source_discovery_needed,source_discovery_needed,36,1,0,0,0,0,0,1,1,little_debbie_oatmeal_creme_pies__1990s__missing__0,No source-attributable evidence is recorded for Little Debbie Oatmeal Creme Pies / 1990s; do not promote formulation claims until this gap is resolved. Blocker: find_source_attributable_package_evidence.,,,no source-attributable label evidence,evidence_gap,source_receipt_or_gap_only,"Run source discovery for 1990s bridge with queries targeting back-panel, ingredients, nutrition, allergen, or disclosure evidence."
little_debbie_swiss_rolls,Little Debbie Swiss Rolls,snack cakes,full_corpus_shell,1990s,1990s,1990s bridge,1993,source_discovery_needed,source_discovery_needed,36,1,0,0,0,0,0,1,1,little_debbie_swiss_rolls__1990s__missing__0,No source-attributable evidence is recorded for Little Debbie Swiss Rolls / 1990s; do not promote formulation claims until this gap is resolved. Blocker: find_source_attributable_package_evidence.,,,no source-attributable label evidence,evidence_gap,source_receipt_or_gap_only,"Run source discovery for 1990s bridge with queries targeting back-panel, ingredients, nutrition, allergen, or disclosure evidence."
mcdonalds_world_famous_fries,McDonald's World Famous Fries,fast food,full_corpus_shell,1990s,1990s,1990s bridge,1993,source_discovery_needed,source_discovery_needed,36,1,0,0,0,0,0,1,1,mcdonalds_world_famous_fries__1990s__missing__0,No source-attributable evidence is recorded for McDonald's World Famous Fries / 1990s; do not promote formulation claims until this gap is resolved. Blocker: find_source_attributable_package_evidence.,,,no source-attributable label evidence,evidence_gap,source_receipt_or_gap_only,"Run source discovery for 1990s bridge with queries targeting back-panel, ingredients, nutrition, allergen, or disclosure evidence."
milky_way_bar,Milky Way Bar,candy,full_corpus_shell,1990s,1990s,1990s bridge,1993,source_discovery_needed,source_discovery_needed,36,1,0,0,0,0,0,1,1,milky_way_bar__1990s__missing__0,No source-attributable evidence is recorded for Milky Way Bar / 1990s; do not promote formulation claims until this gap is resolved. Blocker: find_source_attributable_package_evidence.,,,no source-attributable label evidence,evidence_gap,source_receipt_or_gap_only,"Run source discovery for 1990s bridge with queries targeting back-panel, ingredients, nutrition, allergen, or disclosure evidence."
miracle_whip_original,Miracle Whip Original,condiments,full_corpus_shell,1990s,1990s,1990s bridge,1993,source_discovery_needed,source_discovery_needed,36,1,0,0,0,0,0,1,1,miracle_whip_original__1990s__missing__0,No source-attributable evidence is recorded for Miracle Whip Original / 1990s; do not promote formulation claims until this gap is resolved. Blocker: find_source_attributable_package_evidence.,,,no source-attributable label evidence,evidence_gap,source_receipt_or_gap_only,"Run source discovery for 1990s bridge with queries targeting back-panel, ingredients, nutrition, allergen, or disclosure evidence."
nilla_wafers,Nilla Wafers,cookies,full_corpus_shell,1990s,1990s,1990s bridge,1993,source_discovery_needed,source_discovery_needed,36,1,0,0,0,0,0,1,1,nilla_wafers__1990s__missing__0,No source-attributable evidence is recorded for Nilla Wafers / 1990s; do not promote formulation claims until this gap is resolved. Blocker: find_source_attributable_package_evidence.,,,no source-attributable label evidence,evidence_gap,source_receipt_or_gap_only,"Run source discovery for 1990s bridge with queries targeting back-panel, ingredients, nutrition, allergen, or disclosure evidence."
nutella_hazelnut_spread,Nutella Hazelnut Spread,spreads,full_corpus_shell,earliest_verified_label,earliest_verified_label,Earliest label hunt,1912,source_discovery_needed,source_discovery_needed,36,1,0,0,0,0,0,1,1,nutella_hazelnut_spread__earliest_verified_label__missing__0,No source-attributable evidence is recorded for Nutella Hazelnut Spread / earliest_verified_label; do not promote formulation claims until this gap is resolved. Blocker: find_source_attributable_package_evidence.,,,no source-attributable label evidence,evidence_gap,source_receipt_or_gap_only,"Run source discovery for Earliest label hunt with queries targeting back-panel, ingredients, nutrition, allergen, or disclosure evidence."
nutella_hazelnut_spread,Nutella Hazelnut Spread,spreads,full_corpus_shell,1990s,1990s,1990s bridge,1993,source_discovery_needed,source_discovery_needed,36,1,0,0,0,0,0,1,1,nutella_hazelnut_spread__1990s__missing__0,No source-attributable evidence is recorded for Nutella Hazelnut Spread / 1990s; do not promote formulation claims until this gap is resolved. Blocker: find_source_attributable_package_evidence.,,,no source-attributable label evidence,evidence_gap,source_receipt_or_gap_only,"Run source discovery for 1990s bridge with queries targeting back-panel, ingredients, nutrition, allergen, or disclosure evidence."
oscar_mayer_bologna,Oscar Mayer Bologna,meat,full_corpus_shell,1990s,1990s,1990s bridge,1993,source_discovery_needed,source_discovery_needed,36,1,0,0,0,0,0,1,1,oscar_mayer_bologna__1990s__missing__0,No source-attributable evidence is recorded for Oscar Mayer Bologna / 1990s; do not promote formulation claims until this gap is resolved. Blocker: find_source_attributable_package_evidence.,,,no source-attributable label evidence,evidence_gap,source_receipt_or_gap_only,"Run source discovery for 1990s bridge with queries targeting back-panel, ingredients, nutrition, allergen, or disclosure evidence."
oscar_mayer_wieners,Oscar Mayer Wieners,meat,full_corpus_shell,1990s,1990s,1990s bridge,1993,source_discovery_needed,source_discovery_needed,36,1,0,0,0,0,0,1,1,oscar_mayer_wieners__1990s__missing__0,No source-attributable evidence is recorded for Oscar Mayer Wieners / 1990s; do not promote formulation claims until this gap is resolved. Blocker: find_source_attributable_package_evidence.,,,no source-attributable label evidence,evidence_gap,source_receipt_or_gap_only,"Run source discovery for 1990s bridge with queries targeting back-panel, ingredients, nutrition, allergen, or disclosure evidence."
panera_broccoli_cheddar_soup,Panera Broccoli Cheddar Soup,fast food,full_corpus_shell,earliest_verified_label,earliest_verified_label,Earliest label hunt,1912,source_discovery_needed,source_discovery_needed,36,1,0,0,0,0,0,1,1,panera_broccoli_cheddar_soup__earliest_verified_label__missing__0,No source-attributable evidence is recorded for Panera Broccoli Cheddar Soup / earliest_verified_label; do not promote formulation claims until this gap is resolved. Blocker: find_source_attributable_package_evidence.,,,no source-attributable label evidence,evidence_gap,source_receipt_or_gap_only,"Run source discovery for Earliest label hunt with queries targeting back-panel, ingredients, nutrition, allergen, or disclosure evidence."
panera_broccoli_cheddar_soup,Panera Broccoli Cheddar Soup,fast food,full_corpus_shell,1990s,1990s,1990s bridge,1993,source_discovery_needed,source_discovery_needed,36,1,0,0,0,0,0,1,1,panera_broccoli_cheddar_soup__1990s__missing__0,No source-attributable evidence is recorded for Panera Broccoli Cheddar Soup / 1990s; do not promote formulation claims until this gap is resolved. Blocker: find_source_attributable_package_evidence.,,,no source-attributable label evidence,evidence_gap,source_receipt_or_gap_only,"Run source discovery for 1990s bridge with queries targeting back-panel, ingredients, nutrition, allergen, or disclosure evidence."
pearl_milling_pancake_mix_original,Pearl Milling Company Original Pancake Mix,breakfast,full_corpus_shell,1990s,1990s,1990s bridge,1993,source_discovery_needed,source_discovery_needed,36,1,0,0,0,0,0,1,1,pearl_milling_pancake_mix_original__1990s__missing__0,No source-attributable evidence is recorded for Pearl Milling Company Original Pancake Mix / 1990s; do not promote formulation claims until this gap is resolved. Blocker: find_source_attributable_package_evidence.,,,no source-attributable label evidence,evidence_gap,source_receipt_or_gap_only,"Run source discovery for 1990s bridge with queries targeting back-panel, ingredients, nutrition, allergen, or disclosure evidence."
philadelphia_cream_cheese_original,Philadelphia Original Cream Cheese,dairy,full_corpus_shell,1990s,1990s,1990s bridge,1993,source_discovery_needed,source_discovery_needed,36,1,0,0,0,0,0,1,1,philadelphia_cream_cheese_original__1990s__missing__0,No source-attributable evidence is recorded for Philadelphia Original Cream Cheese / 1990s; do not promote formulation claims until this gap is resolved. Blocker: find_source_attributable_package_evidence.,,,no source-attributable label evidence,evidence_gap,source_receipt_or_gap_only,"Run source discovery for 1990s bridge with queries targeting back-panel, ingredients, nutrition, allergen, or disclosure evidence."
pillsbury_crescent_rolls,Pillsbury Crescent Rolls,refrigerated dough,full_corpus_shell,earliest_verified_label,earliest_verified_label,Earliest label hunt,1912,source_discovery_needed,source_discovery_needed,36,1,0,0,0,0,0,1,1,pillsbury_crescent_rolls__earliest_verified_label__missing__0,No source-attributable evidence is recorded for Pillsbury Crescent Rolls / earliest_verified_label; do not promote formulation claims until this gap is resolved. Blocker: find_source_attributable_package_evidence.,,,no source-attributable label evidence,evidence_gap,source_receipt_or_gap_only,"Run source discovery for Earliest label hunt with queries targeting back-panel, ingredients, nutrition, allergen, or disclosure evidence."
pillsbury_crescent_rolls,Pillsbury Crescent Rolls,refrigerated dough,full_corpus_shell,1990s,1990s,1990s bridge,1993,source_discovery_needed,source_discovery_needed,36,1,0,0,0,0,0,1,1,pillsbury_crescent_rolls__1990s__missing__0,No source-attributable evidence is recorded for Pillsbury Crescent Rolls / 1990s; do not promote formulation claims until this gap is resolved. Blocker: find_source_attributable_package_evidence.,,,no source-attributable label evidence,evidence_gap,source_receipt_or_gap_only,"Run source discovery for 1990s bridge with queries targeting back-panel, ingredients, nutrition, allergen, or disclosure evidence."
pillsbury_toaster_strudel_strawberry,Pillsbury Toaster Strudel Strawberry,frozen foods,full_corpus_shell,1990s,1990s,1990s bridge,1993,source_discovery_needed,source_discovery_needed,36,1,0,0,0,0,0,1,1,pillsbury_toaster_strudel_strawberry__1990s__missing__0,No source-attributable evidence is recorded for Pillsbury Toaster Strudel Strawberry / 1990s; do not promote formulation claims until this gap is resolved. Blocker: find_source_attributable_package_evidence.,,,no source-attributable label evidence,evidence_gap,source_receipt_or_gap_only,"Run source discovery for 1990s bridge with queries targeting back-panel, ingredients, nutrition, allergen, or disclosure evidence."
pizza_hut_original_pan_pepperoni,Pizza Hut Original Pan Pepperoni Pizza,fast food,full_corpus_shell,1990s,1990s,1990s bridge,1993,source_discovery_needed,source_discovery_needed,36,1,0,0,0,0,0,1,1,pizza_hut_original_pan_pepperoni__1990s__missing__0,No source-attributable evidence is recorded for Pizza Hut Original Pan Pepperoni Pizza / 1990s; do not promote formulation claims until this gap is resolved. Blocker: find_source_attributable_package_evidence.,,,no source-attributable label evidence,evidence_gap,source_receipt_or_gap_only,"Run source discovery for 1990s bridge with queries targeting back-panel, ingredients, nutrition, allergen, or disclosure evidence."
poptarts_brown_sugar_cinnamon,Pop-Tarts Frosted Brown Sugar Cinnamon,breakfast,full_corpus_shell,1990s,1990s,1990s bridge,1993,source_discovery_needed,source_discovery_needed,36,1,0,0,0,0,0,1,1,poptarts_brown_sugar_cinnamon__1990s__missing__0,No source-attributable evidence is recorded for Pop-Tarts Frosted Brown Sugar Cinnamon / 1990s; do not promote formulation claims until this gap is resolved. Blocker: find_source_attributable_package_evidence.,,,no source-attributable label evidence,evidence_gap,source_receipt_or_gap_only,"Run source discovery for 1990s bridge with queries targeting back-panel, ingredients, nutrition, allergen, or disclosure evidence."
popeyes_chicken_sandwich,Popeyes Chicken Sandwich,fast food,full_corpus_shell,1990s,1990s,1990s bridge,1993,source_discovery_needed,source_discovery_needed,36,1,0,0,0,0,0,1,1,popeyes_chicken_sandwich__1990s__missing__0,No source-attributable evidence is recorded for Popeyes Chicken Sandwich / 1990s; do not promote formulation claims until this gap is resolved. Blocker: find_source_attributable_package_evidence.,,,no source-attributable label evidence,evidence_gap,source_receipt_or_gap_only,"Run source discovery for 1990s bridge with queries targeting back-panel, ingredients, nutrition, allergen, or disclosure evidence."
grape_nuts,Post Grape-Nuts,cereal,full_corpus_shell,1990s,1990s,1990s bridge,1993,source_discovery_needed,source_discovery_needed,36,1,0,0,0,0,0,1,1,grape_nuts__1990s__missing__0,No source-attributable evidence is recorded for Post Grape-Nuts / 1990s; do not promote formulation claims until this gap is resolved. Blocker: find_source_attributable_package_evidence.,,,no source-attributable label evidence,evidence_gap,source_receipt_or_gap_only,"Run source discovery for 1990s bridge with queries targeting back-panel, ingredients, nutrition, allergen, or disclosure evidence."
pringles_original,Pringles Original Crisps,chips,full_corpus_shell,1990s,1990s,1990s bridge,1993,source_discovery_needed,source_discovery_needed,36,1,0,0,0,0,0,1,1,pringles_original__1990s__missing__0,No source-attributable evidence is recorded for Pringles Original Crisps / 1990s; do not promote formulation claims until this gap is resolved. Blocker: find_source_attributable_package_evidence.,,,no source-attributable label evidence,evidence_gap,source_receipt_or_gap_only,"Run source discovery for 1990s bridge with queries targeting back-panel, ingredients, nutrition, allergen, or disclosure evidence."
quaker_old_fashioned_oats,Quaker Old Fashioned Oats,breakfast,full_corpus_shell,1990s,1990s,1990s bridge,1993,source_discovery_needed,source_discovery_needed,36,1,0,0,0,0,0,1,1,quaker_old_fashioned_oats__1990s__missing__0,No source-attributable evidence is recorded for Quaker Old Fashioned Oats / 1990s; do not promote formulation claims until this gap is resolved. Blocker: find_source_attributable_package_evidence.,,,no source-attributable label evidence,evidence_gap,source_receipt_or_gap_only,"Run source discovery for 1990s bridge with queries targeting back-panel, ingredients, nutrition, allergen, or disclosure evidence."
reeses_peanut_butter_cups,Reese's Peanut Butter Cups,candy,full_corpus_shell,1990s,1990s,1990s bridge,1993,source_discovery_needed,source_discovery_needed,36,1,0,0,0,0,0,1,1,reeses_peanut_butter_cups__1990s__missing__0,No source-attributable evidence is recorded for Reese's Peanut Butter Cups / 1990s; do not promote formulation claims until this gap is resolved. Blocker: find_source_attributable_package_evidence.,,,no source-attributable label evidence,evidence_gap,source_receipt_or_gap_only,"Run source discovery for 1990s bridge with queries targeting back-panel, ingredients, nutrition, allergen, or disclosure evidence."
ritz_original_crackers,Ritz Original Crackers,crackers,full_corpus_shell,1990s,1990s,1990s bridge,1993,source_discovery_needed,source_discovery_needed,36,1,0,0,0,0,0,1,1,ritz_original_crackers__1990s__missing__0,No source-attributable evidence is recorded for Ritz Original Crackers / 1990s; do not promote formulation claims until this gap is resolved. Blocker: find_source_attributable_package_evidence.,,,no source-attributable label evidence,evidence_gap,source_receipt_or_gap_only,"Run source discovery for 1990s bridge with queries targeting back-panel, ingredients, nutrition, allergen, or disclosure evidence."
skippy_creamy_peanut_butter,Skippy Creamy Peanut Butter,spreads,full_corpus_shell,1990s,1990s,1990s bridge,1993,source_discovery_needed,source_discovery_needed,36,1,0,0,0,0,0,1,1,skippy_creamy_peanut_butter__1990s__missing__0,No source-attributable evidence is recorded for Skippy Creamy Peanut Butter / 1990s; do not promote formulation claims until this gap is resolved. Blocker: find_source_attributable_package_evidence.,,,no source-attributable label evidence,evidence_gap,source_receipt_or_gap_only,"Run source discovery for 1990s bridge with queries targeting back-panel, ingredients, nutrition, allergen, or disclosure evidence."
smuckers_strawberry_preserves,Smucker's Strawberry Preserves,spreads,full_corpus_shell,1990s,1990s,1990s bridge,1993,source_discovery_needed,source_discovery_needed,36,1,0,0,0,0,0,1,1,smuckers_strawberry_preserves__1990s__missing__0,No source-attributable evidence is recorded for Smucker's Strawberry Preserves / 1990s; do not promote formulation claims until this gap is resolved. Blocker: find_source_attributable_package_evidence.,,,no source-attributable label evidence,evidence_gap,source_receipt_or_gap_only,"Run source discovery for 1990s bridge with queries targeting back-panel, ingredients, nutrition, allergen, or disclosure evidence."
spam_classic,SPAM Classic,meat,full_corpus_shell,1990s,1990s,1990s bridge,1993,source_discovery_needed,source_discovery_needed,36,1,0,0,0,0,0,1,1,spam_classic__1990s__missing__0,No source-attributable evidence is recorded for SPAM Classic / 1990s; do not promote formulation claims until this gap is resolved. Blocker: find_source_attributable_package_evidence.,,,no source-attributable label evidence,evidence_gap,source_receipt_or_gap_only,"Run source discovery for 1990s bridge with queries targeting back-panel, ingredients, nutrition, allergen, or disclosure evidence."
sprite_original,Sprite Original,beverages,full_corpus_shell,1990s,1990s,1990s bridge,1993,source_discovery_needed,source_discovery_needed,36,1,0,0,0,0,0,1,1,sprite_original__1990s__missing__0,No source-attributable evidence is recorded for Sprite Original / 1990s; do not promote formulation claims until this gap is resolved. Blocker: find_source_attributable_package_evidence.,,,no source-attributable label evidence,evidence_gap,source_receipt_or_gap_only,"Run source discovery for 1990s bridge with queries targeting back-panel, ingredients, nutrition, allergen, or disclosure evidence."
starbucks_pumpkin_spice_latte,Starbucks Pumpkin Spice Latte,fast food,full_corpus_shell,1990s,1990s,1990s bridge,1993,source_discovery_needed,source_discovery_needed,36,1,0,0,0,0,0,1,1,starbucks_pumpkin_spice_latte__1990s__missing__0,No source-attributable evidence is recorded for Starbucks Pumpkin Spice Latte / 1990s; do not promote formulation claims until this gap is resolved. Blocker: find_source_attributable_package_evidence.,,,no source-attributable label evidence,evidence_gap,source_receipt_or_gap_only,"Run source discovery for 1990s bridge with queries targeting back-panel, ingredients, nutrition, allergen, or disclosure evidence."
starburst_original,Starburst Original,candy,full_corpus_shell,1990s,1990s,1990s bridge,1993,source_discovery_needed,source_discovery_needed,36,1,0,0,0,0,0,1,1,starburst_original__1990s__missing__0,No source-attributable evidence is recorded for Starburst Original / 1990s; do not promote formulation claims until this gap is resolved. Blocker: find_source_attributable_package_evidence.,,,no source-attributable label evidence,evidence_gap,source_receipt_or_gap_only,"Run source discovery for 1990s bridge with queries targeting back-panel, ingredients, nutrition, allergen, or disclosure evidence."
stouffers_lasagna_meat_sauce,Stouffer's Lasagna with Meat & Sauce,frozen foods,full_corpus_shell,1990s,1990s,1990s bridge,1993,source_discovery_needed,source_discovery_needed,36,1,0,0,0,0,0,1,1,stouffers_lasagna_meat_sauce__1990s__missing__0,No source-attributable evidence is recorded for Stouffer's Lasagna with Meat & Sauce / 1990s; do not promote formulation claims until this gap is resolved. Blocker: find_source_attributable_package_evidence.,,,no source-attributable label evidence,evidence_gap,source_receipt_or_gap_only,"Run source discovery for 1990s bridge with queries targeting back-panel, ingredients, nutrition, allergen, or disclosure evidence."
subway_italian_bmt,Subway Italian B.M.T.,fast food,full_corpus_shell,1990s,1990s,1990s bridge,1993,source_discovery_needed,source_discovery_needed,36,1,0,0,0,0,0,1,1,subway_italian_bmt__1990s__missing__0,No source-attributable evidence is recorded for Subway Italian B.M.T. / 1990s; do not promote formulation claims until this gap is resolved. Blocker: find_source_attributable_package_evidence.,,,no source-attributable label evidence,evidence_gap,source_receipt_or_gap_only,"Run source discovery for 1990s bridge with queries targeting back-panel, ingredients, nutrition, allergen, or disclosure evidence."
subway_tuna_sub,Subway Tuna Sub,fast food,full_corpus_shell,1990s,1990s,1990s bridge,1993,source_discovery_needed,source_discovery_needed,36,1,0,0,0,0,0,1,1,subway_tuna_sub__1990s__missing__0,No source-attributable evidence is recorded for Subway Tuna Sub / 1990s; do not promote formulation claims until this gap is resolved. Blocker: find_source_attributable_package_evidence.,,,no source-attributable label evidence,evidence_gap,source_receipt_or_gap_only,"Run source discovery for 1990s bridge with queries targeting back-panel, ingredients, nutrition, allergen, or disclosure evidence."
sunchips_harvest_cheddar,SunChips Harvest Cheddar,chips,full_corpus_shell,earliest_verified_label,earliest_verified_label,Earliest label hunt,1912,source_discovery_needed,source_discovery_needed,36,1,0,0,0,0,0,1,1,sunchips_harvest_cheddar__earliest_verified_label__missing__0,No source-attributable evidence is recorded for SunChips Harvest Cheddar / earliest_verified_label; do not promote formulation claims until this gap is resolved. Blocker: find_source_attributable_package_evidence.,,,no source-attributable label evidence,evidence_gap,source_receipt_or_gap_only,"Run source discovery for Earliest label hunt with queries targeting back-panel, ingredients, nutrition, allergen, or disclosure evidence."
sunchips_harvest_cheddar,SunChips Harvest Cheddar,chips,full_corpus_shell,1990s,1990s,1990s bridge,1993,source_discovery_needed,source_discovery_needed,36,1,0,0,0,0,0,1,1,sunchips_harvest_cheddar__1990s__missing__0,No source-attributable evidence is recorded for SunChips Harvest Cheddar / 1990s; do not promote formulation claims until this gap is resolved. Blocker: find_source_attributable_package_evidence.,,,no source-attributable label evidence,evidence_gap,source_receipt_or_gap_only,"Run source discovery for 1990s bridge with queries targeting back-panel, ingredients, nutrition, allergen, or disclosure evidence."
taco_bell_bean_burrito,Taco Bell Bean Burrito,fast food,full_corpus_shell,1990s,1990s,1990s bridge,1993,source_discovery_needed,source_discovery_needed,36,1,0,0,0,0,0,1,1,taco_bell_bean_burrito__1990s__missing__0,No source-attributable evidence is recorded for Taco Bell Bean Burrito / 1990s; do not promote formulation claims until this gap is resolved. Blocker: find_source_attributable_package_evidence.,,,no source-attributable label evidence,evidence_gap,source_receipt_or_gap_only,"Run source discovery for 1990s bridge with queries targeting back-panel, ingredients, nutrition, allergen, or disclosure evidence."
taco_bell_crunchy_taco,Taco Bell Crunchy Taco,fast food,full_corpus_shell,1990s,1990s,1990s bridge,1993,source_discovery_needed,source_discovery_needed,36,1,0,0,0,0,0,1,1,taco_bell_crunchy_taco__1990s__missing__0,No source-attributable evidence is recorded for Taco Bell Crunchy Taco / 1990s; do not promote formulation claims until this gap is resolved. Blocker: find_source_attributable_package_evidence.,,,no source-attributable label evidence,evidence_gap,source_receipt_or_gap_only,"Run source discovery for 1990s bridge with queries targeting back-panel, ingredients, nutrition, allergen, or disclosure evidence."
tang_orange,Tang Orange Drink Mix,beverages,full_corpus_shell,1990s,1990s,1990s bridge,1993,source_discovery_needed,source_discovery_needed,36,1,0,0,0,0,0,1,1,tang_orange__1990s__missing__0,No source-attributable evidence is recorded for Tang Orange Drink Mix / 1990s; do not promote formulation claims until this gap is resolved. Blocker: find_source_attributable_package_evidence.,,,no source-attributable label evidence,evidence_gap,source_receipt_or_gap_only,"Run source discovery for 1990s bridge with queries targeting back-panel, ingredients, nutrition, allergen, or disclosure evidence."
teddy_grahams_honey,Teddy Grahams Honey,cookies,full_corpus_shell,1990s,1990s,1990s bridge,1993,source_discovery_needed,source_discovery_needed,36,1,0,0,0,0,0,1,1,teddy_grahams_honey__1990s__missing__0,No source-attributable evidence is recorded for Teddy Grahams Honey / 1990s; do not promote formulation claims until this gap is resolved. Blocker: find_source_attributable_package_evidence.,,,no source-attributable label evidence,evidence_gap,source_receipt_or_gap_only,"Run source discovery for 1990s bridge with queries targeting back-panel, ingredients, nutrition, allergen, or disclosure evidence."
tootsie_roll,Tootsie Roll,candy,full_corpus_shell,1990s,1990s,1990s bridge,1993,source_discovery_needed,source_discovery_needed,36,1,0,0,0,0,0,1,1,tootsie_roll__1990s__missing__0,No source-attributable evidence is recorded for Tootsie Roll / 1990s; do not promote formulation claims until this gap is resolved. Blocker: find_source_attributable_package_evidence.,,,no source-attributable label evidence,evidence_gap,source_receipt_or_gap_only,"Run source discovery for 1990s bridge with queries targeting back-panel, ingredients, nutrition, allergen, or disclosure evidence."
tostitos_original,Tostitos Original Restaurant Style,chips,full_corpus_shell,1990s,1990s,1990s bridge,1993,source_discovery_needed,source_discovery_needed,36,1,0,0,0,0,0,1,1,tostitos_original__1990s__missing__0,No source-attributable evidence is recorded for Tostitos Original Restaurant Style / 1990s; do not promote formulation claims until this gap is resolved. Blocker: find_source_attributable_package_evidence.,,,no source-attributable label evidence,evidence_gap,source_receipt_or_gap_only,"Run source discovery for 1990s bridge with queries targeting back-panel, ingredients, nutrition, allergen, or disclosure evidence."
totinos_pizza_rolls,Totino's Pizza Rolls,frozen foods,full_corpus_shell,1990s,1990s,1990s bridge,1993,source_discovery_needed,source_discovery_needed,36,1,0,0,0,0,0,1,1,totinos_pizza_rolls__1990s__missing__0,No source-attributable evidence is recorded for Totino's Pizza Rolls / 1990s; do not promote formulation claims until this gap is resolved. Blocker: find_source_attributable_package_evidence.,,,no source-attributable label evidence,evidence_gap,source_receipt_or_gap_only,"Run source discovery for 1990s bridge with queries targeting back-panel, ingredients, nutrition, allergen, or disclosure evidence."
triscuit_original,Triscuit Original Crackers,crackers,full_corpus_shell,1990s,1990s,1990s bridge,1993,source_discovery_needed,source_discovery_needed,36,1,0,0,0,0,0,1,1,triscuit_original__1990s__missing__0,No source-attributable evidence is recorded for Triscuit Original Crackers / 1990s; do not promote formulation claims until this gap is resolved. Blocker: find_source_attributable_package_evidence.,,,no source-attributable label evidence,evidence_gap,source_receipt_or_gap_only,"Run source discovery for 1990s bridge with queries targeting back-panel, ingredients, nutrition, allergen, or disclosure evidence."
twizzlers_strawberry,Twizzlers Strawberry Twists,candy,full_corpus_shell,1990s,1990s,1990s bridge,1993,source_discovery_needed,source_discovery_needed,36,1,0,0,0,0,0,1,1,twizzlers_strawberry__1990s__missing__0,No source-attributable evidence is recorded for Twizzlers Strawberry Twists / 1990s; do not promote formulation claims until this gap is resolved. Blocker: find_source_attributable_package_evidence.,,,no source-attributable label evidence,evidence_gap,source_receipt_or_gap_only,"Run source discovery for 1990s bridge with queries targeting back-panel, ingredients, nutrition, allergen, or disclosure evidence."
velveeta_shells_and_cheese,Velveeta Shells & Cheese,prepared foods,full_corpus_shell,1990s,1990s,1990s bridge,1993,source_discovery_needed,source_discovery_needed,36,1,0,0,0,0,0,1,1,velveeta_shells_and_cheese__1990s__missing__0,No source-attributable evidence is recorded for Velveeta Shells & Cheese / 1990s; do not promote formulation claims until this gap is resolved. Blocker: find_source_attributable_package_evidence.,,,no source-attributable label evidence,evidence_gap,source_receipt_or_gap_only,"Run source discovery for 1990s bridge with queries targeting back-panel, ingredients, nutrition, allergen, or disclosure evidence."
wendys_chili,Wendy's Chili,fast food,full_corpus_shell,1990s,1990s,1990s bridge,1993,source_discovery_needed,source_discovery_needed,36,1,0,0,0,0,0,1,1,wendys_chili__1990s__missing__0,No source-attributable evidence is recorded for Wendy's Chili / 1990s; do not promote formulation claims until this gap is resolved. Blocker: find_source_attributable_package_evidence.,,,no source-attributable label evidence,evidence_gap,source_receipt_or_gap_only,"Run source discovery for 1990s bridge with queries targeting back-panel, ingredients, nutrition, allergen, or disclosure evidence."
wendys_daves_single,Wendy's Dave's Single,fast food,full_corpus_shell,1990s,1990s,1990s bridge,1993,source_discovery_needed,source_discovery_needed,36,1,0,0,0,0,0,1,1,wendys_daves_single__1990s__missing__0,No source-attributable evidence is recorded for Wendy's Dave's Single / 1990s; do not promote formulation claims until this gap is resolved. Blocker: find_source_attributable_package_evidence.,,,no source-attributable label evidence,evidence_gap,source_receipt_or_gap_only,"Run source discovery for 1990s bridge with queries targeting back-panel, ingredients, nutrition, allergen, or disclosure evidence."
wheat_thins_original,Wheat Thins Original,crackers,full_corpus_shell,1990s,1990s,1990s bridge,1993,source_discovery_needed,source_discovery_needed,36,1,0,0,0,0,0,1,1,wheat_thins_original__1990s__missing__0,No source-attributable evidence is recorded for Wheat Thins Original / 1990s; do not promote formulation claims until this gap is resolved. Blocker: find_source_attributable_package_evidence.,,,no source-attributable label evidence,evidence_gap,source_receipt_or_gap_only,"Run source discovery for 1990s bridge with queries targeting back-panel, ingredients, nutrition, allergen, or disclosure evidence."
kraft_singles_american,Kraft Singles American Cheese,dairy,full_corpus_shell,2000s,2000s,2000s bridge,2002,source_review,panel_source_candidate,31,2,1,0,1,0,0,0,1,kraft_singles_american__2000s__1041__1,USDA milk protein products staff paper referencing Kraft FDA letter,ams.usda.gov,https://www.ams.usda.gov/sites/default/files/media/Milk%20Protein%20Products.pdf,panel not verified readable,current_web_page,source_receipt_or_gap_only,"Capture a private crop of the ingredient/nutrition/document panel, run native OCR, and batch-review the candidate text."
nutella_hazelnut_spread,Nutella Hazelnut Spread,spreads,full_corpus_shell,2010s,2010s,2010s bridge,2010,needs_photo_review,panel_source_candidate,31,4,1,0,3,0,0,0,1,nutella_hazelnut_spread__2010s__1034__4,Superbrands 2011 Nutella brand history PDF,superbrands.co.il,https://superbrands.co.il/pdf/2011/nutella_en.pdf,panel not verified readable,current_web_page,source_receipt_or_gap_only,"Capture a private crop of the ingredient/nutrition/document panel, run native OCR, and batch-review the candidate text."
oscar_mayer_wieners,Oscar Mayer Wieners,meat,full_corpus_shell,2010s,2010s,2010s bridge,2010,needs_photo_review,panel_source_candidate,31,2,1,0,1,0,0,0,1,oscar_mayer_wieners__2010s__791__2,2014 Kraft Foods Oscar Mayer Classic Wieners recall notice with label context,in.gov,https://www.in.gov/health/food-protection/files/Kraft_Foods_Group_Inc_RECALL_Food.pdf,panel not verified readable,current_web_page,source_receipt_or_gap_only,"Capture a private crop of the ingredient/nutrition/document panel, run native OCR, and batch-review the candidate text."
panera_broccoli_cheddar_soup,Panera Broccoli Cheddar Soup,fast food,full_corpus_shell,2010s,2010s,2010s bridge,2010,source_review,panel_source_candidate,31,1,1,0,0,0,0,0,1,panera_broccoli_cheddar_soup__2010s__987__1,"Panera Nutrition PDF hosted by Picky Eats, 2019 path",pickyeats.org,https://www.pickyeats.org/wp-content/uploads/2019/07/Panera-Nutrition.pdf,panel not verified readable,menu_or_nutrition_document,source_receipt_or_gap_only,"Capture a private crop of the ingredient/nutrition/document panel, run native OCR, and batch-review the candidate text."
pillsbury_crescent_rolls,Pillsbury Crescent Rolls,refrigerated dough,full_corpus_shell,2000s,2000s,2000s bridge,2002,source_review,panel_source_candidate,31,2,1,0,1,0,0,0,1,pillsbury_crescent_rolls__2000s__1038__2,"FDA docket attachment, Revised January 2003, packaging-format representative products",downloads.regulations.gov,https://downloads.regulations.gov/FDA-1995-N-0031-0005/attachment_35.pdf,panel not verified readable,current_web_page,source_receipt_or_gap_only,"Capture a private crop of the ingredient/nutrition/document panel, run native OCR, and batch-review the candidate text."
starbucks_pumpkin_spice_latte,Starbucks Pumpkin Spice Latte,fast food,full_corpus_shell,2010s,2010s,2010s bridge,2010,source_review,panel_source_candidate,31,5,1,0,4,0,0,0,1,starbucks_pumpkin_spice_latte__2010s__768__1,Starbucks PSL 20th season timeline PDF,stories.starbucks.com,https://stories.starbucks.com/uploads/2023/08/PA082-Fall-Promo-PSL-20-Timeline-US-EN.pdf,panel not verified readable,menu_or_nutrition_document,source_receipt_or_gap_only,"Capture a private crop of the ingredient/nutrition/document panel, run native OCR, and batch-review the candidate text."
subway_italian_bmt,Subway Italian B.M.T.,fast food,full_corpus_shell,2000s,2000s,2000s bridge,2002,source_review,panel_source_candidate,31,1,1,0,0,0,0,0,1,subway_italian_bmt__2000s__619__1,Subway Nutrition Facts US revised January 2005 PDF,img.pr.com,https://img.pr.com/upload/presskit_1214_1111255308.pdf,panel not verified readable,menu_or_nutrition_document,source_receipt_or_gap_only,"Capture a private crop of the ingredient/nutrition/document panel, run native OCR, and batch-review the candidate text."
subway_tuna_sub,Subway Tuna Sub,fast food,full_corpus_shell,2010s,2010s,2010s bridge,2010,source_review,panel_source_candidate,31,1,1,0,0,0,0,0,1,subway_tuna_sub__2010s__803__1,"Subway U.S. Nutrition Information PDF mirror, August 2015",cpb-us-e1.wpmucdn.com,https://cpb-us-e1.wpmucdn.com/sites.psu.edu/dist/9/18072/files/2015/10/Subway_NutritionFacts.pdf,panel not verified readable,menu_or_nutrition_document,source_receipt_or_gap_only,"Capture a private crop of the ingredient/nutrition/document panel, run native OCR, and batch-review the candidate text."
taco_bell_bean_burrito,Taco Bell Bean Burrito,fast food,full_corpus_shell,2010s,2010s,2010s bridge,2010,source_review,panel_source_candidate,31,1,1,0,0,0,0,0,1,taco_bell_bean_burrito__2010s__799__1,"Taco Bell full nutrition information PDF mirror, last updated October 12 2015",cpb-us-e1.wpmucdn.com,https://cpb-us-e1.wpmucdn.com/sites.psu.edu/dist/9/18072/files/2015/10/TacoBell_NutritionFacts.pdf,panel not verified readable,menu_or_nutrition_document,source_receipt_or_gap_only,"Capture a private crop of the ingredient/nutrition/document panel, run native OCR, and batch-review the candidate text."
taco_bell_crunchy_taco,Taco Bell Crunchy Taco,fast food,full_corpus_shell,2010s,2010s,2010s bridge,2010,needs_photo_review,panel_source_candidate,31,2,1,0,1,0,0,0,1,taco_bell_crunchy_taco__2010s__976__2,Penn State-hosted Taco Bell nutrition facts PDF circa 2015,cpb-us-e1.wpmucdn.com,https://cpb-us-e1.wpmucdn.com/sites.psu.edu/dist/9/18072/files/2015/10/TacoBell_NutritionFacts.pdf,panel not verified readable,menu_or_nutrition_document,source_receipt_or_gap_only,"Capture a private crop of the ingredient/nutrition/document panel, run native OCR, and batch-review the candidate text."
wendys_daves_single,Wendy's Dave's Single,fast food,full_corpus_shell,2010s,2010s,2010s bridge,2010,source_review,panel_source_candidate,31,3,1,0,2,0,0,0,1,wendys_daves_single__2010s__1008__3,"Wendy's Core Menu nutrition and allergen PDF, February 2025",wendys.com,https://www.wendys.com/sites/default/files/2025-02/Core%20Menu.pdf,panel not verified readable,menu_or_nutrition_document,source_receipt_or_gap_only,"Capture a private crop of the ingredient/nutrition/document panel, run native OCR, and batch-review the candidate text."
kfc_original_recipe_chicken,KFC Original Recipe Chicken,fast food,full_corpus_shell,current_2020s,current_2020s,Current SKU anchor,2026,source_review,secondary_context_only,30,2,0,0,2,0,0,1,1,kfc_original_recipe_chicken__current_2020s__576__1,KFC Chicken and Nutrition official page,global.kfc.com,https://global.kfc.com/chicken-and-nutrition,panel not verified readable,menu_or_nutrition_document,source_receipt_or_gap_only,Use existing product/package photos for identity only; hunt for a readable ingredient or nutrition panel for this vintage slot.
ball_park_franks,Ball Park Franks,meat,full_corpus_shell,1980s_or_earlier,1980s_or_earlier,1980s or earlier lead,1965,needs_photo_review,secondary_context_only,28,1,0,0,1,0,0,1,1,ball_park_franks__1980s_or_earlier__990__1,Wikimedia Commons 1976 Ball Park Franks vintage ad,commons.wikimedia.org,https://commons.wikimedia.org/wiki/File%3AVintage_Ad_-780-_Baseball_Fans_Guide_to_Ball_Park_Franks_%283415970199%29.jpg,panel not verified readable,licensed_package_photo,source_receipt_or_gap_only,Use existing product/package photos for identity only; hunt for a readable ingredient or nutrition panel for this vintage slot.
banquet_chicken_pot_pie,Banquet Chicken Pot Pie,frozen foods,full_corpus_shell,1980s_or_earlier,1980s_or_earlier,1980s or earlier lead,1965,needs_photo_review,secondary_context_only,28,1,0,0,1,0,0,1,1,banquet_chicken_pot_pie__1980s_or_earlier__565__1,Flickr potpies tag page with Banquet Pot Pie vintage ad/photo leads,flickr.com,https://www.flickr.com/photos/tags/potpies/,panel not verified readable,collector_package_photo,source_receipt_or_gap_only,Use existing product/package photos for identity only; hunt for a readable ingredient or nutrition panel for this vintage slot.
burger_king_whopper,Burger King Whopper,fast food,full_corpus_shell,1980s_or_earlier,1980s_or_earlier,1980s or earlier lead,1965,source_review,secondary_context_only,28,1,0,0,1,0,0,1,1,burger_king_whopper__1980s_or_earlier__596__1,"Burger King Whopper Hotshot card, 1979 - Flickr",flickr.com,https://www.flickr.com/photos/jasonliebigstuff/2806708794,panel not verified readable,menu_or_nutrition_document,source_receipt_or_gap_only,Use existing product/package photos for identity only; hunt for a readable ingredient or nutrition panel for this vintage slot.
butterfinger_bar,Butterfinger Bar,candy,full_corpus_shell,1980s_or_earlier,1980s_or_earlier,1980s or earlier lead,1965,needs_photo_review,secondary_context_only,28,2,0,0,2,0,0,1,1,butterfinger_bar__1980s_or_earlier__364__1,"Butterfinger wrapper, 1970s - Flickr",flickr.com,https://www.flickr.com/photos/34810544%40N08/4805963824,panel not verified readable,front/package object,source_receipt_or_gap_only,Use existing product/package photos for identity only; hunt for a readable ingredient or nutrition panel for this vintage slot.
campbells_chicken_noodle_soup,Campbell's Chicken Noodle Soup,soup,full_corpus_shell,1980s_or_earlier,1980s_or_earlier,1980s or earlier lead,1965,source_review,secondary_context_only,28,1,0,0,1,0,0,1,1,campbells_chicken_noodle_soup__1980s_or_earlier__859__1,Campbell's Chicken Noodle Soup 1910 image - Wikimedia Commons,commons.wikimedia.org,https://commons.wikimedia.org/wiki/File%3ACampbell%27s_Chicken_Noodle_Soup%2C_1910.jpg,panel not verified readable,licensed_package_photo,source_receipt_or_gap_only,Use existing product/package photos for identity only; hunt for a readable ingredient or nutrition panel for this vintage slot.
cheetos_crunchy,Cheetos Crunchy,chips,full_corpus_shell,1980s_or_earlier,1980s_or_earlier,1980s or earlier lead,1965,needs_photo_review,secondary_context_only,28,4,0,0,4,0,0,1,1,cheetos_crunchy__1980s_or_earlier__427__1,"Frito-Lay Cheetos 35-cent 5-ounce bag, early 1970s - Flickr",flickr.com,https://www.flickr.com/photos/jasonliebigstuff/3497760083,panel not verified readable,front/package object,source_receipt_or_gap_only,Use existing product/package photos for identity only; hunt for a readable ingredient or nutrition panel for this vintage slot.
cheez_it_original,Cheez-It Original Crackers,crackers,full_corpus_shell,1980s_or_earlier,1980s_or_earlier,1980s or earlier lead,1965,needs_photo_review,secondary_context_only,28,2,0,0,2,0,0,1,1,cheez_it_original__1980s_or_earlier__351__1,1980 Sunshine Cheez-It Crackers Box Front - Flickr,flickr.com,https://www.flickr.com/photos/25692985%40N07/3664214872,panel not verified readable,front/package object,source_receipt_or_gap_only,Use existing product/package photos for identity only; hunt for a readable ingredient or nutrition panel for this vintage slot.
chef_boyardee_beefaroni,Chef Boyardee Beefaroni,prepared foods,full_corpus_shell,1980s_or_earlier,1980s_or_earlier,1980s or earlier lead,1965,needs_photo_review,secondary_context_only,28,6,0,0,6,0,0,1,1,chef_boyardee_beefaroni__1980s_or_earlier__1017__4,1983 Chef Boyardee Beef Ravioli vintage ad listing,vintagepaperads.com,https://www.vintagepaperads.com/1983-Chef-Boyardee-Beef-Ravioli-Ad--Recipes_p_111841.html,panel not verified readable,ad_or_trade_catalog,source_receipt_or_gap_only,Use existing product/package photos for identity only; hunt for a readable ingredient or nutrition panel for this vintage slot.
chick_fil_a_chicken_sandwich,Chick-fil-A Chicken Sandwich,fast food,full_corpus_shell,1980s_or_earlier,1980s_or_earlier,1980s or earlier lead,1965,source_review,secondary_context_only,28,2,0,0,2,0,0,1,1,chick_fil_a_chicken_sandwich__1980s_or_earlier__630__1,Chick-fil-A customer support: story of the Original Chicken Sandwich,chick-fil-a.com,https://www.chick-fil-a.com/customer-support/our-food/our-menu/whats-the-story-of-the-original-chicken-sandwich,panel not verified readable,menu_or_nutrition_document,source_receipt_or_gap_only,Use existing product/package photos for identity only; hunt for a readable ingredient or nutrition panel for this vintage slot.
chips_ahoy_original,Chips Ahoy! Original Cookies,cookies,full_corpus_shell,1980s_or_earlier,1980s_or_earlier,1980s or earlier lead,1965,needs_photo_review,secondary_context_only,28,2,0,0,2,0,0,1,1,chips_ahoy_original__1980s_or_earlier__146__1,Vintage 1973 Nabisco Chips Ahoy Chocolate Chip Cookies Bag Wrapper - Flickr,flickr.com,https://www.flickr.com/photos/25692985%40N07/13695629494,panel not verified readable,front/package object,source_receipt_or_gap_only,Use existing product/package photos for identity only; hunt for a readable ingredient or nutrition panel for this vintage slot.
cinnamon_toast_crunch,Cinnamon Toast Crunch,cereal,full_corpus_shell,1980s_or_earlier,1980s_or_earlier,1980s or earlier lead,1965,needs_photo_review,secondary_context_only,28,1,0,0,1,0,0,1,1,cinnamon_toast_crunch__1980s_or_earlier__278__1,"General Mills Cinnamon Toast Crunch Weekend Newspaper Circular, 1988 - Flickr",flickr.com,https://www.flickr.com/photos/jasonliebigstuff/8477146611,panel not verified readable,front/package object,source_receipt_or_gap_only,Use existing product/package photos for identity only; hunt for a readable ingredient or nutrition panel for this vintage slot.
cocoa_puffs,Cocoa Puffs,cereal,full_corpus_shell,1980s_or_earlier,1980s_or_earlier,1980s or earlier lead,1965,needs_photo_review,secondary_context_only,28,4,0,0,4,0,0,1,1,cocoa_puffs__1980s_or_earlier__202__1,"General Mills 1980s Cocoa Puffs Package Flat Art, 2009 Retro Box - Flickr",flickr.com,https://www.flickr.com/photos/jasonliebigstuff/4052841207/,panel not verified readable,front/package object,source_receipt_or_gap_only,Use existing product/package photos for identity only; hunt for a readable ingredient or nutrition panel for this vintage slot.
cool_whip_original,Cool Whip Original,desserts,full_corpus_shell,1980s_or_earlier,1980s_or_earlier,1980s or earlier lead,1965,needs_photo_review,secondary_context_only,28,1,0,0,1,0,0,1,1,cool_whip_original__1980s_or_earlier__236__1,"Cool Whip Tub Lid Insert, 1970 - Flickr",flickr.com,https://www.flickr.com/photos/roadsidepictures/2666815878,panel not verified readable,front/package object,source_receipt_or_gap_only,Use existing product/package photos for identity only; hunt for a readable ingredient or nutrition panel for this vintage slot.
dr_pepper_original,Dr Pepper Original,beverages,full_corpus_shell,1980s_or_earlier,1980s_or_earlier,1980s or earlier lead,1965,needs_photo_review,secondary_context_only,28,4,0,0,4,0,0,1,1,dr_pepper_original__1980s_or_earlier__272__1,"Dr Pepper Soda Can, 1970 - Flickr",flickr.com,https://www.flickr.com/photos/roadsidepictures/43160850,panel not verified readable,front/package object,source_receipt_or_gap_only,Use existing product/package photos for identity only; hunt for a readable ingredient or nutrition panel for this vintage slot.
eggo_homestyle_waffles,Eggo Homestyle Waffles,frozen foods,full_corpus_shell,1980s_or_earlier,1980s_or_earlier,1980s or earlier lead,1965,needs_photo_review,secondary_context_only,28,1,0,0,1,0,0,1,1,eggo_homestyle_waffles__1980s_or_earlier__206__1,"Kellogg's Eggo Homestyle Waffles Box, 1986 - Flickr",flickr.com,https://www.flickr.com/photos/jasonliebigstuff/4084823508/,panel not verified readable,front/package object,source_receipt_or_gap_only,Use existing product/package photos for identity only; hunt for a readable ingredient or nutrition panel for this vintage slot.
fig_newtons,Fig Newtons,cookies,full_corpus_shell,1980s_or_earlier,1980s_or_earlier,1980s or earlier lead,1965,needs_photo_review,secondary_context_only,28,2,0,0,2,0,0,1,1,fig_newtons__1980s_or_earlier__1012__2,Sporked Fig Newton history and current ingredient discussion,sporked.com,https://sporked.com/article/what-are-fig-newtons/,panel not verified readable,current_web_page,source_receipt_or_gap_only,Use existing product/package photos for identity only; hunt for a readable ingredient or nutrition panel for this vintage slot.
fritos_original,Fritos Original Corn Chips,chips,full_corpus_shell,1980s_or_earlier,1980s_or_earlier,1980s or earlier lead,1965,needs_photo_review,secondary_context_only,28,6,0,0,6,0,0,1,1,fritos_original__1980s_or_earlier__197__1,"Fritos Corn Chips Can, 1967 - Flickr",flickr.com,https://www.flickr.com/photos/roadsidepictures/42904977/,panel not verified readable,front/package object,source_receipt_or_gap_only,Use existing product/package photos for identity only; hunt for a readable ingredient or nutrition panel for this vintage slot.
gatorade_lemon_lime,Gatorade Lemon-Lime,beverages,full_corpus_shell,1980s_or_earlier,1980s_or_earlier,1980s or earlier lead,1965,needs_photo_review,secondary_context_only,28,3,0,0,3,0,0,1,1,gatorade_lemon_lime__1980s_or_earlier__1028__3,Gatorade history context page,en.wikipedia.org,https://en.wikipedia.org/wiki/Gatorade,panel not verified readable,current_web_page,source_receipt_or_gap_only,Use existing product/package photos for identity only; hunt for a readable ingredient or nutrition panel for this vintage slot.
hamburger_helper_cheeseburger_macaroni,Hamburger Helper Cheeseburger Macaroni,prepared foods,full_corpus_shell,1980s_or_earlier,1980s_or_earlier,1980s or earlier lead,1965,needs_photo_review,secondary_context_only,28,1,0,0,1,0,0,1,1,hamburger_helper_cheeseburger_macaroni__1980s_or_earlier__216__1,"Hamburger Helper Egg Noodles and Sauce Mix Box, 1978 - Flickr",flickr.com,https://www.flickr.com/photos/jasonliebigstuff/3354938312,panel not verified readable,front/package object,source_receipt_or_gap_only,Use existing product/package photos for identity only; hunt for a readable ingredient or nutrition panel for this vintage slot.
hellmanns_mayonnaise_real,Hellmann's Real Mayonnaise,condiments,full_corpus_shell,1980s_or_earlier,1980s_or_earlier,1980s or earlier lead,1965,needs_photo_review,secondary_context_only,28,4,0,0,4,0,0,1,1,hellmanns_mayonnaise_real__1980s_or_earlier__1025__4,1949 Hellmann's Real Mayonnaise vintage advertisement eBay listing,ebay.com,https://www.ebay.com/itm/223455513826,panel not verified readable,marketplace_listing,source_receipt_or_gap_only,Use existing product/package photos for identity only; hunt for a readable ingredient or nutrition panel for this vintage slot.
hersheys_milk_chocolate_bar,Hershey's Milk Chocolate Bar,candy,full_corpus_shell,1980s_or_earlier,1980s_or_earlier,1980s or earlier lead,1965,needs_photo_review,secondary_context_only,28,4,0,0,4,0,0,1,1,hersheys_milk_chocolate_bar__1980s_or_earlier__484__1,Hershey's Milk Chocolate 20-cent bar wrapper 1.35 ozs - 1970s - Flickr,flickr.com,https://www.flickr.com/photos/jasonliebigstuff/3617295724,panel not verified readable,collector_package_photo,source_receipt_or_gap_only,Use existing product/package photos for identity only; hunt for a readable ingredient or nutrition panel for this vintage slot.
hidden_valley_ranch_original,Hidden Valley Original Ranch,condiments,full_corpus_shell,1980s_or_earlier,1980s_or_earlier,1980s or earlier lead,1965,needs_photo_review,secondary_context_only,28,1,0,0,1,0,0,1,1,hidden_valley_ranch_original__1980s_or_earlier__215__1,"Hidden Valley Ranch Original Ranch Salad Dressing Mix Packet, 1976 - Flickr",flickr.com,https://flickr.com/photos/jasonliebigstuff/4180390230,panel not verified readable,front/package object,source_receipt_or_gap_only,Use existing product/package photos for identity only; hunt for a readable ingredient or nutrition panel for this vintage slot.
honey_nut_cheerios,Honey Nut Cheerios,cereal,full_corpus_shell,1980s_or_earlier,1980s_or_earlier,1980s or earlier lead,1965,needs_photo_review,secondary_context_only,28,2,0,0,2,0,0,1,1,honey_nut_cheerios__1980s_or_earlier__176__1,1983 General Mills Honey Nut Cheerios Cereal Box - Flickr,flickr.com,https://www.flickr.com/photos/25692985%40N07/6983649593,panel not verified readable,front/package object,source_receipt_or_gap_only,Use existing product/package photos for identity only; hunt for a readable ingredient or nutrition panel for this vintage slot.
hostess_cupcakes,Hostess CupCakes,snack cakes,full_corpus_shell,1980s_or_earlier,1980s_or_earlier,1980s or earlier lead,1965,needs_photo_review,secondary_context_only,28,3,0,0,3,0,0,1,1,hostess_cupcakes__1980s_or_earlier__355__1,1986 Hostess Cupcakes box - Flickr,flickr.com,https://www.flickr.com/photos/mankatt/6016212504,panel not verified readable,front/package object,source_receipt_or_gap_only,Use existing product/package photos for identity only; hunt for a readable ingredient or nutrition panel for this vintage slot.
twinkies,Hostess Twinkies,snack cakes,full_corpus_shell,1980s_or_earlier,1980s_or_earlier,1980s or earlier lead,1965,needs_photo_review,secondary_context_only,28,2,0,0,2,0,0,1,1,twinkies__1980s_or_earlier__17__1,Twinkies Packages - Flickr album by Waffle Whiffer,flickr.com,https://www.flickr.com/photos/wafflewhiffer/albums/72157629976913182/,panel not verified readable,collector_package_photo,source_receipt_or_gap_only,Use existing product/package photos for identity only; hunt for a readable ingredient or nutrition panel for this vintage slot.
hot_pockets_pepperoni_pizza,Hot Pockets Pepperoni Pizza,frozen foods,full_corpus_shell,1980s_or_earlier,1980s_or_earlier,1980s or earlier lead,1965,needs_photo_review,secondary_context_only,28,1,0,0,1,0,0,1,1,hot_pockets_pepperoni_pizza__1980s_or_earlier__210__1,1987 Hot Pockets Box - Flickr,flickr.com,https://www.flickr.com/photos/mankatt/3502500167,panel not verified readable,front/package object,source_receipt_or_gap_only,Use existing product/package photos for identity only; hunt for a readable ingredient or nutrition panel for this vintage slot.
jif_creamy_peanut_butter,Jif Creamy Peanut Butter,spreads,full_corpus_shell,1980s_or_earlier,1980s_or_earlier,1980s or earlier lead,1965,needs_photo_review,secondary_context_only,28,1,0,0,1,0,0,1,1,jif_creamy_peanut_butter__1980s_or_earlier__186__1,Old 1982 JIF Peanut Butter Jar - Flickr,flickr.com,https://www.flickr.com/photos/25692985%40N07/5569369430,panel not verified readable,front/package object,source_receipt_or_gap_only,Use existing product/package photos for identity only; hunt for a readable ingredient or nutrition panel for this vintage slot.
corn_flakes,Kellogg's Corn Flakes,cereal,full_corpus_shell,1980s_or_earlier,1980s_or_earlier,1980s or earlier lead,1965,needs_photo_review,secondary_context_only,28,2,0,0,2,0,0,1,1,corn_flakes__1980s_or_earlier__258__1,"Kellogg's Corn Flakes Basketball Game Cereal Box, 1963 - Flickr",flickr.com,https://www.flickr.com/photos/jasonliebigstuff/5175019905,panel not verified readable,front/package object,source_receipt_or_gap_only,Use existing product/package photos for identity only; hunt for a readable ingredient or nutrition panel for this vintage slot.
raisin_bran_kelloggs,Kellogg's Raisin Bran,cereal,full_corpus_shell,1980s_or_earlier,1980s_or_earlier,1980s or earlier lead,1965,needs_photo_review,secondary_context_only,28,2,0,0,2,0,0,1,1,raisin_bran_kelloggs__1980s_or_earlier__345__1,"Kellogg's Raisin Bran basketball game cereal box, 1972 - Flickr",flickr.com,https://www.flickr.com/photos/jasonliebigstuff/5175629314,panel not verified readable,front/package object,source_receipt_or_gap_only,Use existing product/package photos for identity only; hunt for a readable ingredient or nutrition panel for this vintage slot.
rice_krispies,Kellogg's Rice Krispies,cereal,full_corpus_shell,1980s_or_earlier,1980s_or_earlier,1980s or earlier lead,1965,needs_photo_review,secondary_context_only,28,1,0,0,1,0,0,1,1,rice_krispies__1980s_or_earlier__343__1,"Kellogg's Rice Krispies cereal box, coupons, 1979 - Flickr",flickr.com,https://www.flickr.com/photos/jasonliebigstuff/3450602033/,panel not verified readable,front/package object,source_receipt_or_gap_only,Use existing product/package photos for identity only; hunt for a readable ingredient or nutrition panel for this vintage slot.
kfc_original_recipe_chicken,KFC Original Recipe Chicken,fast food,full_corpus_shell,1980s_or_earlier,1980s_or_earlier,1980s or earlier lead,1965,needs_photo_review,secondary_context_only,28,1,0,0,1,0,0,1,1,kfc_original_recipe_chicken__1980s_or_earlier__623__1,"Kentucky Fried Chicken Colonel Sanders fast food bag, 1970s - Flickr",flickr.com,https://www.flickr.com/photos/jasonliebigstuff/3524102231,panel not verified readable,front/package object,source_receipt_or_gap_only,Use existing product/package photos for identity only; hunt for a readable ingredient or nutrition panel for this vintage slot.
kit_kat_bar,Kit Kat Bar,candy,full_corpus_shell,1980s_or_earlier,1980s_or_earlier,1980s or earlier lead,1965,needs_photo_review,secondary_context_only,28,5,0,0,5,0,0,1,1,kit_kat_bar__1980s_or_earlier__441__1,"Hershey Kit Kat two-stick candy bar wrapper, early 1970s - Flickr",flickr.com,https://www.flickr.com/photos/jasonliebigstuff/6343423726,panel not verified readable,front/package object,source_receipt_or_gap_only,Use existing product/package photos for identity only; hunt for a readable ingredient or nutrition panel for this vintage slot.
kool_aid_cherry,Kool-Aid Cherry Drink Mix,beverages,full_corpus_shell,1980s_or_earlier,1980s_or_earlier,1980s or earlier lead,1965,needs_photo_review,secondary_context_only,28,2,0,0,2,0,0,1,1,kool_aid_cherry__1980s_or_earlier__610__2,Inside the black cherry market of vintage Kool-Aid packet collectors - Longreads,longreads.com,https://longreads.com/2019/06/11/inside-the-black-cherry-market-of-vintage-kool-aid-packet-collectors/,panel not verified readable,current_web_page,source_receipt_or_gap_only,Use existing product/package photos for identity only; hunt for a readable ingredient or nutrition panel for this vintage slot.
lays_classic,Lay's Classic Potato Chips,chips,full_corpus_shell,1980s_or_earlier,1980s_or_earlier,1980s or earlier lead,1965,needs_photo_review,secondary_context_only,28,2,0,0,2,0,0,1,1,lays_classic__1980s_or_earlier__160__1,"Lay's Potato Chips 8 Pack Bag, probably 1970s - Flickr",flickr.com,https://www.flickr.com/photos/neatocoolville/5790937684/,panel not verified readable,front/package object,source_receipt_or_gap_only,Use existing product/package photos for identity only; hunt for a readable ingredient or nutrition panel for this vintage slot.
lean_cuisine_salisbury_steak,Lean Cuisine Salisbury Steak,frozen foods,full_corpus_shell,1980s_or_earlier,1980s_or_earlier,1980s or earlier lead,1965,needs_photo_review,secondary_context_only,28,1,0,0,1,0,0,1,1,lean_cuisine_salisbury_steak__1980s_or_earlier__1032__1,"Vintage Ad #1,317: New Lean Cuisine, Canadian Living May 1983",flickr.com,https://www.flickr.com/photos/jbcurio/5324139064,panel not verified readable,collector_package_photo,source_receipt_or_gap_only,Use existing product/package photos for identity only; hunt for a readable ingredient or nutrition panel for this vintage slot.
life_cereal_original,Life Cereal Original,cereal,full_corpus_shell,1980s_or_earlier,1980s_or_earlier,1980s or earlier lead,1965,needs_photo_review,secondary_context_only,28,1,0,0,1,0,0,1,1,life_cereal_original__1980s_or_earlier__234__1,"Quaker Life Cereal Box, 1979 - Flickr",flickr.com,https://www.flickr.com/photos/jasonliebigstuff/3425922052,panel not verified readable,front/package object,source_receipt_or_gap_only,Use existing product/package photos for identity only; hunt for a readable ingredient or nutrition panel for this vintage slot.
little_debbie_oatmeal_creme_pies,Little Debbie Oatmeal Creme Pies,snack cakes,full_corpus_shell,1980s_or_earlier,1980s_or_earlier,1980s or earlier lead,1965,needs_photo_review,secondary_context_only,28,2,0,0,2,0,0,1,1,little_debbie_oatmeal_creme_pies__1980s_or_earlier__231__1,"Little Debbie Oatmeal Creme Pies Box, 1983 - Flickr",flickr.com,https://www.flickr.com/photos/jasonliebigstuff/3849477470,panel not verified readable,front/package object,source_receipt_or_gap_only,Use existing product/package photos for identity only; hunt for a readable ingredient or nutrition panel for this vintage slot.
little_debbie_swiss_rolls,Little Debbie Swiss Rolls,snack cakes,full_corpus_shell,1980s_or_earlier,1980s_or_earlier,1980s or earlier lead,1965,needs_photo_review,secondary_context_only,28,2,0,0,2,0,0,1,1,little_debbie_swiss_rolls__1980s_or_earlier__379__1,1982 Little Debbie Swiss Cake Rolls box - Flickr,flickr.com,https://www.flickr.com/photos/28453850%40N06/3689436904/,panel not verified readable,front/package object,source_receipt_or_gap_only,Use existing product/package photos for identity only; hunt for a readable ingredient or nutrition panel for this vintage slot.
mms_milk_chocolate,M&M's Milk Chocolate Candies,candy,full_corpus_shell,1980s_or_earlier,1980s_or_earlier,1980s or earlier lead,1965,needs_photo_review,secondary_context_only,28,5,0,0,5,0,0,1,1,mms_milk_chocolate__1980s_or_earlier__430__1,"M&M's Plain chocolate candies 6-ounce bag, late 1950s early 1960s - Flickr",flickr.com,https://www.flickr.com/photos/jasonliebigstuff/4525987713,panel not verified readable,front/package object,source_receipt_or_gap_only,Use existing product/package photos for identity only; hunt for a readable ingredient or nutrition panel for this vintage slot.
mcdonalds_world_famous_fries,McDonald's World Famous Fries,fast food,full_corpus_shell,1980s_or_earlier,1980s_or_earlier,1980s or earlier lead,1965,needs_photo_review,secondary_context_only,28,1,0,0,1,0,0,1,1,mcdonalds_world_famous_fries__1980s_or_earlier__548__1,McDonald's Super Size fry box package - 1987 Flickr photo,flickr.com,https://www.flickr.com/photos/jasonliebigstuff/4310389523,panel not verified readable,front/package object,source_receipt_or_gap_only,Use existing product/package photos for identity only; hunt for a readable ingredient or nutrition panel for this vintage slot.
milky_way_bar,Milky Way Bar,candy,full_corpus_shell,1980s_or_earlier,1980s_or_earlier,1980s or earlier lead,1965,needs_photo_review,secondary_context_only,28,4,0,0,4,0,0,1,1,milky_way_bar__1980s_or_earlier__362__1,"M&M-Mars Milky Way chocolate candy bar wrapper, 1981 - Flickr",flickr.com,https://www.flickr.com/photos/jasonliebigstuff/6954684555/,panel not verified readable,front/package object,source_receipt_or_gap_only,Use existing product/package photos for identity only; hunt for a readable ingredient or nutrition panel for this vintage slot.
miracle_whip_original,Miracle Whip Original,condiments,full_corpus_shell,1980s_or_earlier,1980s_or_earlier,1980s or earlier lead,1965,needs_photo_review,secondary_context_only,28,1,0,0,1,0,0,1,1,miracle_whip_original__1980s_or_earlier__219__1,1980s Kraft Miracle Whip Jar - Flickr,flickr.com,https://www.flickr.com/photos/25692985%40N07/4341504807,panel not verified readable,front/package object,source_receipt_or_gap_only,Use existing product/package photos for identity only; hunt for a readable ingredient or nutrition panel for this vintage slot.
mountain_dew_original,Mountain Dew Original,beverages,full_corpus_shell,1980s_or_earlier,1980s_or_earlier,1980s or earlier lead,1965,needs_photo_review,secondary_context_only,28,3,0,0,3,0,0,1,1,mountain_dew_original__1980s_or_earlier__158__1,Mountain Dew Gallery - Mountain Dew Wiki,mountaindew.fandom.com,https://mountaindew.fandom.com/wiki/Mountain_Dew/Gallery,panel not verified readable,front/package object,source_receipt_or_gap_only,Use existing product/package photos for identity only; hunt for a readable ingredient or nutrition panel for this vintage slot.
nilla_wafers,Nilla Wafers,cookies,full_corpus_shell,1980s_or_earlier,1980s_or_earlier,1980s or earlier lead,1965,needs_photo_review,secondary_context_only,28,1,0,0,1,0,0,1,1,nilla_wafers__1980s_or_earlier__200__1,"Nabisco Nilla Wafers Box, 1970s - Flickr",flickr.com,https://www.flickr.com/photos/jasonliebigstuff/9439305255/,panel not verified readable,front/package object,source_receipt_or_gap_only,Use existing product/package photos for identity only; hunt for a readable ingredient or nutrition panel for this vintage slot.
oscar_mayer_bologna,Oscar Mayer Bologna,meat,full_corpus_shell,1980s_or_earlier,1980s_or_earlier,1980s or earlier lead,1965,needs_photo_review,secondary_context_only,28,2,0,0,2,0,0,1,1,oscar_mayer_bologna__1980s_or_earlier__823__1,"Oscar Mayer Cleveland Bologna Sausage photograph, circa 1945 - Wisconsin Historical Society",wisconsinhistory.org,https://www.wisconsinhistory.org/Records/Image/IM135397,panel not verified readable,current_web_page,source_receipt_or_gap_only,Use existing product/package photos for identity only; hunt for a readable ingredient or nutrition panel for this vintage slot.
pearl_milling_pancake_mix_original,Pearl Milling Company Original Pancake Mix,breakfast,full_corpus_shell,1980s_or_earlier,1980s_or_earlier,1980s or earlier lead,1965,needs_photo_review,secondary_context_only,28,2,0,0,2,0,0,1,1,pearl_milling_pancake_mix_original__1980s_or_earlier__808__2,Pearl Milling Company history and original formula summary,en.wikipedia.org,https://en.wikipedia.org/wiki/Pearl_Milling_Company,panel not verified readable,current_web_page,source_receipt_or_gap_only,Use existing product/package photos for identity only; hunt for a readable ingredient or nutrition panel for this vintage slot.
pepperidge_farm_goldfish_cheddar,Pepperidge Farm Goldfish Cheddar,crackers,full_corpus_shell,1980s_or_earlier,1980s_or_earlier,1980s or earlier lead,1965,needs_photo_review,secondary_context_only,28,1,0,0,1,0,0,1,1,pepperidge_farm_goldfish_cheddar__1980s_or_earlier__181__1,"Pepperidge Farm Goldfish Crackers Lightly Salted Snack Package, 1978 - Flickr",flickr.com,https://www.flickr.com/photos/jasonliebigstuff/5161485017/,panel not verified readable,front/package object,source_receipt_or_gap_only,Use existing product/package photos for identity only; hunt for a readable ingredient or nutrition panel for this vintage slot.
pepsi_cola,Pepsi Cola,beverages,full_corpus_shell,1980s_or_earlier,1980s_or_earlier,1980s or earlier lead,1965,needs_photo_review,secondary_context_only,28,2,0,0,2,0,0,1,1,pepsi_cola__1980s_or_earlier__271__1,"Retro Pepsi Colour, Late 1970s Pepsi Cola Can - Flickr",flickr.com,https://www.flickr.com/photos/30744331%40N02/4954536237,panel not verified readable,front/package object,source_receipt_or_gap_only,Use existing product/package photos for identity only; hunt for a readable ingredient or nutrition panel for this vintage slot.
poptarts_brown_sugar_cinnamon,Pop-Tarts Frosted Brown Sugar Cinnamon,breakfast,full_corpus_shell,1980s_or_earlier,1980s_or_earlier,1980s or earlier lead,1965,needs_photo_review,secondary_context_only,28,2,0,0,2,0,0,1,1,poptarts_brown_sugar_cinnamon__1980s_or_earlier__180__1,Jason Liebig Kellogg's Frosted Pop-Tarts Brown Sugar-Cinnamon 1979 box photo,flickr.com,https://www.flickr.com/photos/jasonliebigstuff/3466116636,panel not verified readable,front/package object,source_receipt_or_gap_only,Use existing product/package photos for identity only; hunt for a readable ingredient or nutrition panel for this vintage slot.
grape_nuts,Post Grape-Nuts,cereal,full_corpus_shell,1980s_or_earlier,1980s_or_earlier,1980s or earlier lead,1965,needs_photo_review,secondary_context_only,28,1,0,0,1,0,0,1,1,grape_nuts__1980s_or_earlier__224__1,1982 Post Grape-Nuts Cereal Box Front - Flickr,flickr.com,https://www.flickr.com/photos/25692985%40N07/3598641049/,panel not verified readable,front/package object,source_receipt_or_gap_only,Use existing product/package photos for identity only; hunt for a readable ingredient or nutrition panel for this vintage slot.
pringles_original,Pringles Original Crisps,chips,full_corpus_shell,1980s_or_earlier,1980s_or_earlier,1980s or earlier lead,1965,needs_photo_review,secondary_context_only,28,5,0,0,5,0,0,1,1,pringles_original__1980s_or_earlier__336__1,"Country Style Pringles Potato Chips, 1970s - Flickr",flickr.com,https://www.flickr.com/photos/roadsidepictures/108957826,panel not verified readable,front/package object,source_receipt_or_gap_only,Use existing product/package photos for identity only; hunt for a readable ingredient or nutrition panel for this vintage slot.
quaker_old_fashioned_oats,Quaker Old Fashioned Oats,breakfast,full_corpus_shell,1980s_or_earlier,1980s_or_earlier,1980s or earlier lead,1965,needs_photo_review,secondary_context_only,28,1,0,0,1,0,0,1,1,quaker_old_fashioned_oats__1980s_or_earlier__664__1,Quaker Oats package photo - Wikimedia Commons,commons.wikimedia.org,https://commons.wikimedia.org/wiki/File%3AQuaker_Oats_%283092914571%29.jpg,panel not verified readable,front/package object,source_receipt_or_gap_only,Use existing product/package photos for identity only; hunt for a readable ingredient or nutrition panel for this vintage slot.
reeses_peanut_butter_cups,Reese's Peanut Butter Cups,candy,full_corpus_shell,1980s_or_earlier,1980s_or_earlier,1980s or earlier lead,1965,needs_photo_review,secondary_context_only,28,7,0,0,7,0,0,1,1,reeses_peanut_butter_cups__1980s_or_earlier__487__1,Hershey Reese's 2 Peanut Butter Cups 15-cent 1.5 oz wrapper - 1970s - Flickr,flickr.com,https://www.flickr.com/photos/jasonliebigstuff/3607347857,panel not verified readable,collector_package_photo,source_receipt_or_gap_only,Use existing product/package photos for identity only; hunt for a readable ingredient or nutrition panel for this vintage slot.
rice_krispies_treats_original,Rice Krispies Treats Original,snack bars,full_corpus_shell,1980s_or_earlier,1980s_or_earlier,1980s or earlier lead,1965,needs_photo_review,secondary_context_only,28,2,0,0,2,0,0,1,1,rice_krispies_treats_original__1980s_or_earlier__778__1,1975 Kellogg's Rice Krispies cereal box Marshmallow Treats - Flickr,flickr.com,https://www.flickr.com/photos/25692985@N07/5910089559,panel not verified readable,collector_package_photo,source_receipt_or_gap_only,Use existing product/package photos for identity only; hunt for a readable ingredient or nutrition panel for this vintage slot.
ritz_original_crackers,Ritz Original Crackers,crackers,full_corpus_shell,1980s_or_earlier,1980s_or_earlier,1980s or earlier lead,1965,needs_photo_review,secondary_context_only,28,2,0,0,2,0,0,1,1,ritz_original_crackers__1980s_or_earlier__329__1,"Nabisco Ritz Crackers box, 1970s - Flickr",flickr.com,https://www.flickr.com/photos/jasonliebigstuff/3512110627,panel not verified readable,front/package object,source_receipt_or_gap_only,Use existing product/package photos for identity only; hunt for a readable ingredient or nutrition panel for this vintage slot.
ruffles_original,Ruffles Original Potato Chips,chips,full_corpus_shell,1980s_or_earlier,1980s_or_earlier,1980s or earlier lead,1965,needs_photo_review,secondary_context_only,28,1,0,0,1,0,0,1,1,ruffles_original__1980s_or_earlier__163__1,Dug: 1980s Ruffles Potato Chips Bag - Flickr,flickr.com,https://www.flickr.com/photos/mankatt/4620548822,panel not verified readable,front/package object,source_receipt_or_gap_only,Use existing product/package photos for identity only; hunt for a readable ingredient or nutrition panel for this vintage slot.
skippy_creamy_peanut_butter,Skippy Creamy Peanut Butter,spreads,full_corpus_shell,1980s_or_earlier,1980s_or_earlier,1980s or earlier lead,1965,needs_photo_review,secondary_context_only,28,3,0,0,3,0,0,1,1,skippy_creamy_peanut_butter__1980s_or_earlier__205__1,"Skippy Peanut Butter Jar, 1960s - Flickr",flickr.com,https://www.flickr.com/photos/jasonliebigstuff/3962439382/,panel not verified readable,front/package object,source_receipt_or_gap_only,Use existing product/package photos for identity only; hunt for a readable ingredient or nutrition panel for this vintage slot.
skittles_original,Skittles Original,candy,full_corpus_shell,1980s_or_earlier,1980s_or_earlier,1980s or earlier lead,1965,needs_photo_review,secondary_context_only,28,1,0,0,1,0,0,1,1,skittles_original__1980s_or_earlier__443__1,"Skittles Half-Pound candy bag Rainbow Machine Offer, 1989 - Flickr",flickr.com,https://www.flickr.com/photos/jasonliebigstuff/4178480644/,panel not verified readable,front/package object,source_receipt_or_gap_only,Use existing product/package photos for identity only; hunt for a readable ingredient or nutrition panel for this vintage slot.
smuckers_strawberry_preserves,Smucker's Strawberry Preserves,spreads,full_corpus_shell,1980s_or_earlier,1980s_or_earlier,1980s or earlier lead,1965,needs_photo_review,secondary_context_only,28,1,0,0,1,0,0,1,1,smuckers_strawberry_preserves__1980s_or_earlier__383__1,"Smucker's Red Raspberry Preserves jar label, early 1970s - Flickr",flickr.com,https://www.flickr.com/photos/jasonliebigstuff/4598338749,panel not verified readable,front/package object,source_receipt_or_gap_only,Use existing product/package photos for identity only; hunt for a readable ingredient or nutrition panel for this vintage slot.
snickers_bar,Snickers Bar,candy,full_corpus_shell,1980s_or_earlier,1980s_or_earlier,1980s or earlier lead,1965,needs_photo_review,secondary_context_only,28,1,0,0,1,0,0,1,1,snickers_bar__1980s_or_earlier__174__1,Snickers Candy Wrapper Archive,candywrapperarchive.com,https://www.candywrapperarchive.com/candy-collection/snickers/,panel not verified readable,front/package object,source_receipt_or_gap_only,Use existing product/package photos for identity only; hunt for a readable ingredient or nutrition panel for this vintage slot.
spaghettios_original,SpaghettiOs Original,prepared foods,full_corpus_shell,1980s_or_earlier,1980s_or_earlier,1980s or earlier lead,1965,needs_photo_review,secondary_context_only,28,3,0,0,3,0,0,1,1,spaghettios_original__1980s_or_earlier__432__1,"Franco-American SpaghettiO's pasta can label, 1988 - Flickr",flickr.com,https://www.flickr.com/photos/jasonliebigstuff/4986424501,panel not verified readable,front/package object,source_receipt_or_gap_only,Use existing product/package photos for identity only; hunt for a readable ingredient or nutrition panel for this vintage slot.
starburst_original,Starburst Original,candy,full_corpus_shell,1980s_or_earlier,1980s_or_earlier,1980s or earlier lead,1965,needs_photo_review,secondary_context_only,28,1,0,0,1,0,0,1,1,starburst_original__1980s_or_earlier__809__1,Old Starburst Fruit Chews Candy Wrappers - Flickr,flickr.com,https://www.flickr.com/photos/25692985@N07/6439554945,panel not verified readable,collector_package_photo,source_receipt_or_gap_only,Use existing product/package photos for identity only; hunt for a readable ingredient or nutrition panel for this vintage slot.
teddy_grahams_honey,Teddy Grahams Honey,cookies,full_corpus_shell,1980s_or_earlier,1980s_or_earlier,1980s or earlier lead,1965,needs_photo_review,secondary_context_only,28,2,0,0,2,0,0,1,1,teddy_grahams_honey__1980s_or_earlier__843__1,Nabisco Teddy Grahams Honey graham snacks box 1988 - Flickr,flickr.com,https://www.flickr.com/photos/jasonliebigstuff/5839092729/,panel not verified readable,front/package object,source_receipt_or_gap_only,Use existing product/package photos for identity only; hunt for a readable ingredient or nutrition panel for this vintage slot.
tootsie_roll,Tootsie Roll,candy,full_corpus_shell,1980s_or_earlier,1980s_or_earlier,1980s or earlier lead,1965,needs_photo_review,secondary_context_only,28,4,0,0,4,0,0,1,1,tootsie_roll__1980s_or_earlier__602__1,1960s Tootsie Roll candy wrapper - Candy Wrapper Archive,candywrapperarchive.com,https://www.candywrapperarchive.com/candy-collector/1960s-tootsie-roll-2/,panel not verified readable,front/package object,source_receipt_or_gap_only,Use existing product/package photos for identity only; hunt for a readable ingredient or nutrition panel for this vintage slot.
tostitos_original,Tostitos Original Restaurant Style,chips,full_corpus_shell,1980s_or_earlier,1980s_or_earlier,1980s or earlier lead,1965,needs_photo_review,secondary_context_only,28,1,0,0,1,0,0,1,1,tostitos_original__1980s_or_earlier__213__1,"Frito-Lay Tostitos Traditional Flavor Bag, 1981 - Flickr",flickr.com,https://www.flickr.com/photos/jasonliebigstuff/16041921697,panel not verified readable,front/package object,source_receipt_or_gap_only,Use existing product/package photos for identity only; hunt for a readable ingredient or nutrition panel for this vintage slot.
totinos_pizza_rolls,Totino's Pizza Rolls,frozen foods,full_corpus_shell,1980s_or_earlier,1980s_or_earlier,1980s or earlier lead,1965,source_review,secondary_context_only,28,1,0,0,1,0,0,1,1,totinos_pizza_rolls__1980s_or_earlier__827__1,Totino's Pizza Rolls history page,totinos.com,https://www.totinos.com/about,panel not verified readable,current_web_page,source_receipt_or_gap_only,Use existing product/package photos for identity only; hunt for a readable ingredient or nutrition panel for this vintage slot.
triscuit_original,Triscuit Original Crackers,crackers,full_corpus_shell,1980s_or_earlier,1980s_or_earlier,1980s or earlier lead,1965,needs_photo_review,secondary_context_only,28,1,0,0,1,0,0,1,1,triscuit_original__1980s_or_earlier__350__1,Early 1980s Triscuit crackers box - Flickr,flickr.com,https://www.flickr.com/photos/mankatt/4842278955,panel not verified readable,front/package object,source_receipt_or_gap_only,Use existing product/package photos for identity only; hunt for a readable ingredient or nutrition panel for this vintage slot.
twix_bar,Twix Bar,candy,full_corpus_shell,1980s_or_earlier,1980s_or_earlier,1980s or earlier lead,1965,needs_photo_review,secondary_context_only,28,4,0,0,4,0,0,1,1,twix_bar__1980s_or_earlier__209__1,"Mars Twix Cookie Bars Wrapper, 1983 - Flickr",flickr.com,https://www.flickr.com/photos/jasonliebigstuff/4377398571/,panel not verified readable,front/package object,source_receipt_or_gap_only,Use existing product/package photos for identity only; hunt for a readable ingredient or nutrition panel for this vintage slot.
velveeta_shells_and_cheese,Velveeta Shells & Cheese,prepared foods,full_corpus_shell,1980s_or_earlier,1980s_or_earlier,1980s or earlier lead,1965,needs_photo_review,secondary_context_only,28,1,0,0,1,0,0,1,1,velveeta_shells_and_cheese__1980s_or_earlier__242__1,Popular Food Brands That Are Younger Than You Think - Cheapism,blog.cheapism.com,https://blog.cheapism.com/old-popular-brands/,panel not verified readable,front/package object,source_receipt_or_gap_only,Use existing product/package photos for identity only; hunt for a readable ingredient or nutrition panel for this vintage slot.
wheat_thins_original,Wheat Thins Original,crackers,full_corpus_shell,1980s_or_earlier,1980s_or_earlier,1980s or earlier lead,1965,needs_photo_review,secondary_context_only,28,2,0,0,2,0,0,1,1,wheat_thins_original__1980s_or_earlier__1002__1,Nabisco Wheat Thins 1960s package photo on Flickriver,flickriver.com,https://www.flickriver.com/photos/wafflewhiffer/31286912707/,panel not verified readable,front/package object,source_receipt_or_gap_only,Use existing product/package photos for identity only; hunt for a readable ingredient or nutrition panel for this vintage slot.
betty_crocker_super_moist_yellow_cake_mix,Betty Crocker Super Moist Yellow Cake Mix,baking,full_corpus_shell,1980s_or_earlier,1980s_or_earlier,1980s or earlier lead,1965,source_discovery_needed,source_discovery_needed,26,1,0,0,0,0,0,1,1,betty_crocker_super_moist_yellow_cake_mix__1980s_or_earlier__missing__0,No source-attributable evidence is recorded for Betty Crocker Super Moist Yellow Cake Mix / 1980s_or_earlier; do not promote formulation claims until this gap is resolved. Blocker: find_source_attributable_package_evidence.,,,no source-attributable label evidence,evidence_gap,source_receipt_or_gap_only,"Run source discovery for 1980s or earlier lead with queries targeting back-panel, ingredients, nutrition, allergen, or disclosure evidence."
bisquick_original,Bisquick Original Pancake and Baking Mix,baking,full_corpus_shell,1980s_or_earlier,1980s_or_earlier,1980s or earlier lead,1965,source_discovery_needed,source_discovery_needed,26,1,0,0,0,0,0,1,1,bisquick_original__1980s_or_earlier__missing__0,No source-attributable evidence is recorded for Bisquick Original Pancake and Baking Mix / 1980s_or_earlier; do not promote formulation claims until this gap is resolved. Blocker: find_source_attributable_package_evidence.,,,no source-attributable label evidence,evidence_gap,source_receipt_or_gap_only,"Run source discovery for 1980s or earlier lead with queries targeting back-panel, ingredients, nutrition, allergen, or disclosure evidence."
chipotle_chicken_burrito,Chipotle Chicken Burrito,fast food,full_corpus_shell,1980s_or_earlier,1980s_or_earlier,1980s or earlier lead,1965,source_discovery_needed,source_discovery_needed,26,1,0,0,0,0,0,1,1,chipotle_chicken_burrito__1980s_or_earlier__missing__0,No source-attributable evidence is recorded for Chipotle Chicken Burrito / 1980s_or_earlier; do not promote formulation claims until this gap is resolved. Blocker: find_source_attributable_package_evidence.,,,no source-attributable label evidence,evidence_gap,source_receipt_or_gap_only,"Run source discovery for 1980s or earlier lead with queries targeting back-panel, ingredients, nutrition, allergen, or disclosure evidence."
dominos_hand_tossed_pepperoni,Domino's Hand Tossed Pepperoni Pizza,fast food,full_corpus_shell,1980s_or_earlier,1980s_or_earlier,1980s or earlier lead,1965,source_discovery_needed,source_discovery_needed,26,1,0,0,0,0,0,1,1,dominos_hand_tossed_pepperoni__1980s_or_earlier__missing__0,No source-attributable evidence is recorded for Domino's Hand Tossed Pepperoni Pizza / 1980s_or_earlier; do not promote formulation claims until this gap is resolved. Blocker: find_source_attributable_package_evidence.,,,no source-attributable label evidence,evidence_gap,source_receipt_or_gap_only,"Run source discovery for 1980s or earlier lead with queries targeting back-panel, ingredients, nutrition, allergen, or disclosure evidence."
dunkin_glazed_donut,Dunkin' Glazed Donut,fast food,full_corpus_shell,1980s_or_earlier,1980s_or_earlier,1980s or earlier lead,1965,source_discovery_needed,source_discovery_needed,26,1,0,0,0,0,0,1,1,dunkin_glazed_donut__1980s_or_earlier__missing__0,No source-attributable evidence is recorded for Dunkin' Glazed Donut / 1980s_or_earlier; do not promote formulation claims until this gap is resolved. Blocker: find_source_attributable_package_evidence.,,,no source-attributable label evidence,evidence_gap,source_receipt_or_gap_only,"Run source discovery for 1980s or earlier lead with queries targeting back-panel, ingredients, nutrition, allergen, or disclosure evidence."
frenchs_yellow_mustard,French's Classic Yellow Mustard,condiments,full_corpus_shell,1980s_or_earlier,1980s_or_earlier,1980s or earlier lead,1965,source_discovery_needed,source_discovery_needed,26,1,0,0,0,0,0,1,1,frenchs_yellow_mustard__1980s_or_earlier__missing__0,No source-attributable evidence is recorded for French's Classic Yellow Mustard / 1980s_or_earlier; do not promote formulation claims until this gap is resolved. Blocker: find_source_attributable_package_evidence.,,,no source-attributable label evidence,evidence_gap,source_receipt_or_gap_only,"Run source discovery for 1980s or earlier lead with queries targeting back-panel, ingredients, nutrition, allergen, or disclosure evidence."
hebrew_national_franks,Hebrew National Beef Franks,meat,full_corpus_shell,1980s_or_earlier,1980s_or_earlier,1980s or earlier lead,1965,source_discovery_needed,source_discovery_needed,26,1,0,0,0,0,0,1,1,hebrew_national_franks__1980s_or_earlier__missing__0,No source-attributable evidence is recorded for Hebrew National Beef Franks / 1980s_or_earlier; do not promote formulation claims until this gap is resolved. Blocker: find_source_attributable_package_evidence.,,,no source-attributable label evidence,evidence_gap,source_receipt_or_gap_only,"Run source discovery for 1980s or earlier lead with queries targeting back-panel, ingredients, nutrition, allergen, or disclosure evidence."
hormel_chili_no_beans,Hormel Chili No Beans,prepared foods,full_corpus_shell,1980s_or_earlier,1980s_or_earlier,1980s or earlier lead,1965,source_discovery_needed,source_discovery_needed,26,1,0,0,0,0,0,1,1,hormel_chili_no_beans__1980s_or_earlier__missing__0,No source-attributable evidence is recorded for Hormel Chili No Beans / 1980s_or_earlier; do not promote formulation claims until this gap is resolved. Blocker: find_source_attributable_package_evidence.,,,no source-attributable label evidence,evidence_gap,source_receipt_or_gap_only,"Run source discovery for 1980s or earlier lead with queries targeting back-panel, ingredients, nutrition, allergen, or disclosure evidence."
kfc_famous_bowl,KFC Famous Bowl,fast food,full_corpus_shell,1980s_or_earlier,1980s_or_earlier,1980s or earlier lead,1965,source_discovery_needed,source_discovery_needed,26,1,0,0,0,0,0,1,1,kfc_famous_bowl__1980s_or_earlier__missing__0,No source-attributable evidence is recorded for KFC Famous Bowl / 1980s_or_earlier; do not promote formulation claims until this gap is resolved. Blocker: find_source_attributable_package_evidence.,,,no source-attributable label evidence,evidence_gap,source_receipt_or_gap_only,"Run source discovery for 1980s or earlier lead with queries targeting back-panel, ingredients, nutrition, allergen, or disclosure evidence."
kraft_singles_american,Kraft Singles American Cheese,dairy,full_corpus_shell,1980s_or_earlier,1980s_or_earlier,1980s or earlier lead,1965,source_discovery_needed,source_discovery_needed,26,1,0,0,0,0,0,1,1,kraft_singles_american__1980s_or_earlier__missing__0,No source-attributable evidence is recorded for Kraft Singles American Cheese / 1980s_or_earlier; do not promote formulation claims until this gap is resolved. Blocker: find_source_attributable_package_evidence.,,,no source-attributable label evidence,evidence_gap,source_receipt_or_gap_only,"Run source discovery for 1980s or earlier lead with queries targeting back-panel, ingredients, nutrition, allergen, or disclosure evidence."
oscar_mayer_wieners,Oscar Mayer Wieners,meat,full_corpus_shell,1980s_or_earlier,1980s_or_earlier,1980s or earlier lead,1965,source_discovery_needed,source_discovery_needed,26,1,0,0,0,0,0,1,1,oscar_mayer_wieners__1980s_or_earlier__missing__0,No source-attributable evidence is recorded for Oscar Mayer Wieners / 1980s_or_earlier; do not promote formulation claims until this gap is resolved. Blocker: find_source_attributable_package_evidence.,,,no source-attributable label evidence,evidence_gap,source_receipt_or_gap_only,"Run source discovery for 1980s or earlier lead with queries targeting back-panel, ingredients, nutrition, allergen, or disclosure evidence."
panera_broccoli_cheddar_soup,Panera Broccoli Cheddar Soup,fast food,full_corpus_shell,1980s_or_earlier,1980s_or_earlier,1980s or earlier lead,1965,source_discovery_needed,source_discovery_needed,26,1,0,0,0,0,0,1,1,panera_broccoli_cheddar_soup__1980s_or_earlier__missing__0,No source-attributable evidence is recorded for Panera Broccoli Cheddar Soup / 1980s_or_earlier; do not promote formulation claims until this gap is resolved. Blocker: find_source_attributable_package_evidence.,,,no source-attributable label evidence,evidence_gap,source_receipt_or_gap_only,"Run source discovery for 1980s or earlier lead with queries targeting back-panel, ingredients, nutrition, allergen, or disclosure evidence."
philadelphia_cream_cheese_original,Philadelphia Original Cream Cheese,dairy,full_corpus_shell,1980s_or_earlier,1980s_or_earlier,1980s or earlier lead,1965,source_discovery_needed,source_discovery_needed,26,1,0,0,0,0,0,1,1,philadelphia_cream_cheese_original__1980s_or_earlier__missing__0,No source-attributable evidence is recorded for Philadelphia Original Cream Cheese / 1980s_or_earlier; do not promote formulation claims until this gap is resolved. Blocker: find_source_attributable_package_evidence.,,,no source-attributable label evidence,evidence_gap,source_receipt_or_gap_only,"Run source discovery for 1980s or earlier lead with queries targeting back-panel, ingredients, nutrition, allergen, or disclosure evidence."
pillsbury_toaster_strudel_strawberry,Pillsbury Toaster Strudel Strawberry,frozen foods,full_corpus_shell,1980s_or_earlier,1980s_or_earlier,1980s or earlier lead,1965,source_discovery_needed,source_discovery_needed,26,1,0,0,0,0,0,1,1,pillsbury_toaster_strudel_strawberry__1980s_or_earlier__missing__0,No source-attributable evidence is recorded for Pillsbury Toaster Strudel Strawberry / 1980s_or_earlier; do not promote formulation claims until this gap is resolved. Blocker: find_source_attributable_package_evidence.,,,no source-attributable label evidence,evidence_gap,source_receipt_or_gap_only,"Run source discovery for 1980s or earlier lead with queries targeting back-panel, ingredients, nutrition, allergen, or disclosure evidence."
pizza_hut_original_pan_pepperoni,Pizza Hut Original Pan Pepperoni Pizza,fast food,full_corpus_shell,1980s_or_earlier,1980s_or_earlier,1980s or earlier lead,1965,source_discovery_needed,source_discovery_needed,26,1,0,0,0,0,0,1,1,pizza_hut_original_pan_pepperoni__1980s_or_earlier__missing__0,No source-attributable evidence is recorded for Pizza Hut Original Pan Pepperoni Pizza / 1980s_or_earlier; do not promote formulation claims until this gap is resolved. Blocker: find_source_attributable_package_evidence.,,,no source-attributable label evidence,evidence_gap,source_receipt_or_gap_only,"Run source discovery for 1980s or earlier lead with queries targeting back-panel, ingredients, nutrition, allergen, or disclosure evidence."
popeyes_chicken_sandwich,Popeyes Chicken Sandwich,fast food,full_corpus_shell,1980s_or_earlier,1980s_or_earlier,1980s or earlier lead,1965,source_discovery_needed,source_discovery_needed,26,1,0,0,0,0,0,1,1,popeyes_chicken_sandwich__1980s_or_earlier__missing__0,No source-attributable evidence is recorded for Popeyes Chicken Sandwich / 1980s_or_earlier; do not promote formulation claims until this gap is resolved. Blocker: find_source_attributable_package_evidence.,,,no source-attributable label evidence,evidence_gap,source_receipt_or_gap_only,"Run source discovery for 1980s or earlier lead with queries targeting back-panel, ingredients, nutrition, allergen, or disclosure evidence."
starbucks_pumpkin_spice_latte,Starbucks Pumpkin Spice Latte,fast food,full_corpus_shell,1980s_or_earlier,1980s_or_earlier,1980s or earlier lead,1965,source_discovery_needed,source_discovery_needed,26,1,0,0,0,0,0,1,1,starbucks_pumpkin_spice_latte__1980s_or_earlier__missing__0,No source-attributable evidence is recorded for Starbucks Pumpkin Spice Latte / 1980s_or_earlier; do not promote formulation claims until this gap is resolved. Blocker: find_source_attributable_package_evidence.,,,no source-attributable label evidence,evidence_gap,source_receipt_or_gap_only,"Run source discovery for 1980s or earlier lead with queries targeting back-panel, ingredients, nutrition, allergen, or disclosure evidence."
stouffers_lasagna_meat_sauce,Stouffer's Lasagna with Meat & Sauce,frozen foods,full_corpus_shell,1980s_or_earlier,1980s_or_earlier,1980s or earlier lead,1965,source_discovery_needed,source_discovery_needed,26,1,0,0,0,0,0,1,1,stouffers_lasagna_meat_sauce__1980s_or_earlier__missing__0,No source-attributable evidence is recorded for Stouffer's Lasagna with Meat & Sauce / 1980s_or_earlier; do not promote formulation claims until this gap is resolved. Blocker: find_source_attributable_package_evidence.,,,no source-attributable label evidence,evidence_gap,source_receipt_or_gap_only,"Run source discovery for 1980s or earlier lead with queries targeting back-panel, ingredients, nutrition, allergen, or disclosure evidence."
subway_italian_bmt,Subway Italian B.M.T.,fast food,full_corpus_shell,1980s_or_earlier,1980s_or_earlier,1980s or earlier lead,1965,source_discovery_needed,source_discovery_needed,26,1,0,0,0,0,0,1,1,subway_italian_bmt__1980s_or_earlier__missing__0,No source-attributable evidence is recorded for Subway Italian B.M.T. / 1980s_or_earlier; do not promote formulation claims until this gap is resolved. Blocker: find_source_attributable_package_evidence.,,,no source-attributable label evidence,evidence_gap,source_receipt_or_gap_only,"Run source discovery for 1980s or earlier lead with queries targeting back-panel, ingredients, nutrition, allergen, or disclosure evidence."
subway_tuna_sub,Subway Tuna Sub,fast food,full_corpus_shell,1980s_or_earlier,1980s_or_earlier,1980s or earlier lead,1965,source_discovery_needed,source_discovery_needed,26,1,0,0,0,0,0,1,1,subway_tuna_sub__1980s_or_earlier__missing__0,No source-attributable evidence is recorded for Subway Tuna Sub / 1980s_or_earlier; do not promote formulation claims until this gap is resolved. Blocker: find_source_attributable_package_evidence.,,,no source-attributable label evidence,evidence_gap,source_receipt_or_gap_only,"Run source discovery for 1980s or earlier lead with queries targeting back-panel, ingredients, nutrition, allergen, or disclosure evidence."
sunchips_harvest_cheddar,SunChips Harvest Cheddar,chips,full_corpus_shell,1980s_or_earlier,1980s_or_earlier,1980s or earlier lead,1965,source_discovery_needed,source_discovery_needed,26,1,0,0,0,0,0,1,1,sunchips_harvest_cheddar__1980s_or_earlier__missing__0,No source-attributable evidence is recorded for SunChips Harvest Cheddar / 1980s_or_earlier; do not promote formulation claims until this gap is resolved. Blocker: find_source_attributable_package_evidence.,,,no source-attributable label evidence,evidence_gap,source_receipt_or_gap_only,"Run source discovery for 1980s or earlier lead with queries targeting back-panel, ingredients, nutrition, allergen, or disclosure evidence."
taco_bell_bean_burrito,Taco Bell Bean Burrito,fast food,full_corpus_shell,1980s_or_earlier,1980s_or_earlier,1980s or earlier lead,1965,source_discovery_needed,source_discovery_needed,26,1,0,0,0,0,0,1,1,taco_bell_bean_burrito__1980s_or_earlier__missing__0,No source-attributable evidence is recorded for Taco Bell Bean Burrito / 1980s_or_earlier; do not promote formulation claims until this gap is resolved. Blocker: find_source_attributable_package_evidence.,,,no source-attributable label evidence,evidence_gap,source_receipt_or_gap_only,"Run source discovery for 1980s or earlier lead with queries targeting back-panel, ingredients, nutrition, allergen, or disclosure evidence."
taco_bell_crunchy_taco,Taco Bell Crunchy Taco,fast food,full_corpus_shell,1980s_or_earlier,1980s_or_earlier,1980s or earlier lead,1965,source_discovery_needed,source_discovery_needed,26,1,0,0,0,0,0,1,1,taco_bell_crunchy_taco__1980s_or_earlier__missing__0,No source-attributable evidence is recorded for Taco Bell Crunchy Taco / 1980s_or_earlier; do not promote formulation claims until this gap is resolved. Blocker: find_source_attributable_package_evidence.,,,no source-attributable label evidence,evidence_gap,source_receipt_or_gap_only,"Run source discovery for 1980s or earlier lead with queries targeting back-panel, ingredients, nutrition, allergen, or disclosure evidence."
twizzlers_strawberry,Twizzlers Strawberry Twists,candy,full_corpus_shell,1980s_or_earlier,1980s_or_earlier,1980s or earlier lead,1965,source_discovery_needed,source_discovery_needed,26,1,0,0,0,0,0,1,1,twizzlers_strawberry__1980s_or_earlier__missing__0,No source-attributable evidence is recorded for Twizzlers Strawberry Twists / 1980s_or_earlier; do not promote formulation claims until this gap is resolved. Blocker: find_source_attributable_package_evidence.,,,no source-attributable label evidence,evidence_gap,source_receipt_or_gap_only,"Run source discovery for 1980s or earlier lead with queries targeting back-panel, ingredients, nutrition, allergen, or disclosure evidence."
wendys_chili,Wendy's Chili,fast food,full_corpus_shell,1980s_or_earlier,1980s_or_earlier,1980s or earlier lead,1965,source_discovery_needed,source_discovery_needed,26,1,0,0,0,0,0,1,1,wendys_chili__1980s_or_earlier__missing__0,No source-attributable evidence is recorded for Wendy's Chili / 1980s_or_earlier; do not promote formulation claims until this gap is resolved. Blocker: find_source_attributable_package_evidence.,,,no source-attributable label evidence,evidence_gap,source_receipt_or_gap_only,"Run source discovery for 1980s or earlier lead with queries targeting back-panel, ingredients, nutrition, allergen, or disclosure evidence."
wendys_daves_single,Wendy's Dave's Single,fast food,full_corpus_shell,1980s_or_earlier,1980s_or_earlier,1980s or earlier lead,1965,source_discovery_needed,source_discovery_needed,26,1,0,0,0,0,0,1,1,wendys_daves_single__1980s_or_earlier__missing__0,No source-attributable evidence is recorded for Wendy's Dave's Single / 1980s_or_earlier; do not promote formulation claims until this gap is resolved. Blocker: find_source_attributable_package_evidence.,,,no source-attributable label evidence,evidence_gap,source_receipt_or_gap_only,"Run source discovery for 1980s or earlier lead with queries targeting back-panel, ingredients, nutrition, allergen, or disclosure evidence."
subway_italian_bmt,Subway Italian B.M.T.,fast food,full_corpus_shell,2010s,2010s,2010s bridge,2010,source_review,public_panel_embed_candidate,23,1,1,1,0,1,0,0,0,subway_italian_bmt__2010s__945__1,Wikimedia Commons Subway US Product Ingredient Guide April 2020 PDF,commons.wikimedia.org,https://commons.wikimedia.org/wiki/File%3A%22US_Product_Ingredient_Guide%22_%28April_2020%29%2C_Subway.pdf,ingredient panel visible,ingredient panel candidate,panel_or_document_can_embed_when_rights_clear,"Show panel/document proof first, run/correct OCR, then require manual verification before any formulation claim."
bisquick_original,Bisquick Original Pancake and Baking Mix,baking,full_corpus_shell,2000s,2000s,2000s bridge,2002,needs_photo_review,secondary_context_only,20,1,0,0,1,0,0,1,1,bisquick_original__2000s__226__1,2001 and 2014 Bisquick Boxes - Flickr,flickr.com,https://www.flickr.com/photos/26329029%40N06/12226875583/,panel not verified readable,front/package object,source_receipt_or_gap_only,Use existing product/package photos for identity only; hunt for a readable ingredient or nutrition panel for this vintage slot.
burger_king_whopper,Burger King Whopper,fast food,full_corpus_shell,2010s,2010s,2010s bridge,2010,needs_photo_review,secondary_context_only,20,1,0,0,1,0,0,1,1,burger_king_whopper__2010s__595__1,Burger King Whopper Retro Box Packaging 55 Years - Flickr,flickr.com,https://www.flickr.com/photos/25692985%40N07/8230909840,panel not verified readable,front/package object,source_receipt_or_gap_only,Use existing product/package photos for identity only; hunt for a readable ingredient or nutrition panel for this vintage slot.
butterfinger_bar,Butterfinger Bar,candy,full_corpus_shell,2000s,2000s,2000s bridge,2002,needs_photo_review,secondary_context_only,20,1,0,0,1,0,0,1,1,butterfinger_bar__2000s__233__1,"Butterfinger Candy Bar Wrapper, 2009 - Flickr",flickr.com,https://www.flickr.com/photos/jasonliebigstuff/4066495706,panel not verified readable,front/package object,source_receipt_or_gap_only,Use existing product/package photos for identity only; hunt for a readable ingredient or nutrition panel for this vintage slot.
campbells_chicken_noodle_soup,Campbell's Chicken Noodle Soup,soup,full_corpus_shell,2010s,2010s,2010s bridge,2010,needs_photo_review,secondary_context_only,20,1,0,0,1,0,0,1,1,campbells_chicken_noodle_soup__2010s__178__1,Campbell's Chicken Noodle Soup Can Photo - Wikimedia Commons,commons.wikimedia.org,https://commons.wikimedia.org/wiki/File%3ACampbell%27s_Chicken_Noodle_Soup_%2816184220183%29.jpg,panel not verified readable,front/package object,source_receipt_or_gap_only,Use existing product/package photos for identity only; hunt for a readable ingredient or nutrition panel for this vintage slot.
cheez_it_original,Cheez-It Original Crackers,crackers,full_corpus_shell,2000s,2000s,2000s bridge,2002,needs_photo_review,secondary_context_only,20,1,0,0,1,0,0,1,1,cheez_it_original__2000s__352__1,2004 Sunshine Cheez-It SpongeBob Movie Box - Flickr,flickr.com,https://www.flickr.com/photos/25692985%40N07/4207642980,panel not verified readable,front/package object,source_receipt_or_gap_only,Use existing product/package photos for identity only; hunt for a readable ingredient or nutrition panel for this vintage slot.
chipotle_chicken_burrito,Chipotle Chicken Burrito,fast food,full_corpus_shell,2000s,2000s,2000s bridge,2002,needs_photo_review,secondary_context_only,20,2,0,0,2,0,0,1,1,chipotle_chicken_burrito__2000s__805__1,"Chipotle menu board, 2006 - Flickr",flickr.com,https://www.flickr.com/photos/katfoto/300549228/,panel not verified readable,menu_or_nutrition_document,source_receipt_or_gap_only,Use existing product/package photos for identity only; hunt for a readable ingredient or nutrition panel for this vintage slot.
cocoa_puffs,Cocoa Puffs,cereal,full_corpus_shell,2000s,2000s,2000s bridge,2002,needs_photo_review,secondary_context_only,20,2,0,0,2,0,0,1,1,cocoa_puffs__2000s__203__1,"General Mills Cocoa Puffs Magic Milk Straws Box, 2009 - Flickr",flickr.com,https://www.flickr.com/photos/jasonliebigstuff/5885769185/,panel not verified readable,front/package object,source_receipt_or_gap_only,Use existing product/package photos for identity only; hunt for a readable ingredient or nutrition panel for this vintage slot.
dominos_hand_tossed_pepperoni,Domino's Hand Tossed Pepperoni Pizza,fast food,full_corpus_shell,2000s,2000s,2000s bridge,2002,needs_photo_review,secondary_context_only,20,1,0,0,1,0,0,1,1,dominos_hand_tossed_pepperoni__2000s__804__1,"Domino's Pizza box, Denver, 2007 - Flickr",flickr.com,https://www.flickr.com/photos/skessler/1316589543,panel not verified readable,menu_or_nutrition_document,source_receipt_or_gap_only,Use existing product/package photos for identity only; hunt for a readable ingredient or nutrition panel for this vintage slot.
frenchs_yellow_mustard,French's Classic Yellow Mustard,condiments,full_corpus_shell,2000s,2000s,2000s bridge,2002,needs_photo_review,secondary_context_only,20,1,0,0,1,0,0,1,1,frenchs_yellow_mustard__2000s__811__1,"French's classic yellow mustard bottle photo, 2006 - Wikimedia Commons",commons.wikimedia.org,https://commons.wikimedia.org/wiki/File:French%27s_classic_yellow_mustard.jpg,panel not verified readable,front/package object,source_receipt_or_gap_only,Use existing product/package photos for identity only; hunt for a readable ingredient or nutrition panel for this vintage slot.
hamburger_helper_cheeseburger_macaroni,Hamburger Helper Cheeseburger Macaroni,prepared foods,full_corpus_shell,2000s,2000s,2000s bridge,2002,source_review,secondary_context_only,20,1,0,0,1,0,0,1,1,hamburger_helper_cheeseburger_macaroni__2000s__105__1,What would it take to recreate Hamburger Helper Cheeseburger Macaroni exactly as it tasted in 2009? - Reddit,reddit.com,https://www.reddit.com/r/AskRedditFood/comments/1nnxf4n,panel not verified readable,ad_or_trade_catalog,source_receipt_or_gap_only,Use existing product/package photos for identity only; hunt for a readable ingredient or nutrition panel for this vintage slot.
hebrew_national_franks,Hebrew National Beef Franks,meat,full_corpus_shell,2010s,2010s,2010s bridge,2010,needs_photo_review,secondary_context_only,20,2,0,0,2,0,0,1,1,hebrew_national_franks__2010s__240__1,"Hebrew National Beef Franks Package Photo, 2010 - Flickr",flickr.com,https://www.flickr.com/photos/seriouseats/4747419300,panel not verified readable,front/package object,source_receipt_or_gap_only,Use existing product/package photos for identity only; hunt for a readable ingredient or nutrition panel for this vintage slot.
hellmanns_mayonnaise_real,Hellmann's Real Mayonnaise,condiments,full_corpus_shell,2010s,2010s,2010s bridge,2010,needs_photo_review,secondary_context_only,20,1,0,0,1,0,0,1,1,hellmanns_mayonnaise_real__2010s__1026__1,Hellmann's Christmas Real Mayonnaise special edition jar Flickr photo,flickr.com,https://www.flickr.com/photos/foodbev/15641673805/,panel not verified readable,collector_package_photo,source_receipt_or_gap_only,Use existing product/package photos for identity only; hunt for a readable ingredient or nutrition panel for this vintage slot.
hersheys_milk_chocolate_bar,Hershey's Milk Chocolate Bar,candy,full_corpus_shell,2000s,2000s,2000s bridge,2002,needs_photo_review,secondary_context_only,20,2,0,0,2,0,0,1,1,hersheys_milk_chocolate_bar__2000s__151__1,Hershey's Milk Chocolate Bar Wrappers Over the Years - Hershey Community Archives,hersheyarchives.org,https://hersheyarchives.org/encyclopedia/hersheys-milk-chocolate-bar-wrappers-over-the-years/,panel not verified readable,front/package object,source_receipt_or_gap_only,Use existing product/package photos for identity only; hunt for a readable ingredient or nutrition panel for this vintage slot.
hostess_cupcakes,Hostess CupCakes,snack cakes,full_corpus_shell,2010s,2010s,2010s bridge,2010,needs_photo_review,secondary_context_only,20,1,0,0,1,0,0,1,1,hostess_cupcakes__2010s__970__1,Wikimedia Commons Hostess and 7-Eleven Chocolate Cupcakes photo,commons.wikimedia.org,https://commons.wikimedia.org/wiki/File%3AHostess_and_7-Eleven_Chocolate_Cupcakes_%2818772520972%29.jpg,panel not verified readable,front/package object,source_receipt_or_gap_only,Use existing product/package photos for identity only; hunt for a readable ingredient or nutrition panel for this vintage slot.
jif_creamy_peanut_butter,Jif Creamy Peanut Butter,spreads,full_corpus_shell,2010s,2010s,2010s bridge,2010,needs_photo_review,secondary_context_only,20,1,0,0,1,0,0,1,1,jif_creamy_peanut_butter__2010s__187__1,Jif Creamy Peanut Butter Jar Photo - Wikimedia Commons,commons.wikimedia.org,https://commons.wikimedia.org/wiki/File%3AJif_Peanut_Butter_-_14938583767.jpg,panel not verified readable,front/package object,source_receipt_or_gap_only,Use existing product/package photos for identity only; hunt for a readable ingredient or nutrition panel for this vintage slot.
corn_flakes,Kellogg's Corn Flakes,cereal,full_corpus_shell,2010s,2010s,2010s bridge,2010,needs_photo_review,secondary_context_only,20,1,0,0,1,0,0,1,1,corn_flakes__2010s__149__1,Corn Flakes Boxes - Wikimedia Commons,commons.wikimedia.org,https://commons.wikimedia.org/wiki/File%3ACorn_flakes_boxes.jpg,panel not verified readable,front/package object,source_receipt_or_gap_only,Use existing product/package photos for identity only; hunt for a readable ingredient or nutrition panel for this vintage slot.
frosted_flakes,Kellogg's Frosted Flakes,cereal,full_corpus_shell,2000s,2000s,2000s bridge,2002,needs_photo_review,secondary_context_only,20,1,0,0,1,0,0,1,1,frosted_flakes__2000s__438__1,2003 Kellogg's Frosted Flakes Cereal Box Dr. Seuss - Flickr,flickr.com,https://www.flickr.com/photos/25692985%40N07/4458301714/,panel not verified readable,front/package object,source_receipt_or_gap_only,Use existing product/package photos for identity only; hunt for a readable ingredient or nutrition panel for this vintage slot.
kfc_original_recipe_chicken,KFC Original Recipe Chicken,fast food,full_corpus_shell,2000s,2000s,2000s bridge,2002,needs_photo_review,secondary_context_only,20,1,0,0,1,0,0,1,1,kfc_original_recipe_chicken__2000s__766__1,"KFC Flickr album by yummyinthetummyblog, 2008",flickr.com,https://www.flickr.com/photos/yummyinthetummyblog/albums/72157603838448014/,panel not verified readable,menu_or_nutrition_document,source_receipt_or_gap_only,Use existing product/package photos for identity only; hunt for a readable ingredient or nutrition panel for this vintage slot.
kit_kat_bar,Kit Kat Bar,candy,full_corpus_shell,2000s,2000s,2000s bridge,2002,needs_photo_review,secondary_context_only,20,1,0,0,1,0,0,1,1,kit_kat_bar__2000s__173__1,Kit Kat Candy Wrapper Archive,candywrapperarchive.com,https://www.candywrapperarchive.com/candy-collection/kit-kat/,panel not verified readable,front/package object,source_receipt_or_gap_only,Use existing product/package photos for identity only; hunt for a readable ingredient or nutrition panel for this vintage slot.
little_debbie_oatmeal_creme_pies,Little Debbie Oatmeal Creme Pies,snack cakes,full_corpus_shell,2010s,2010s,2010s bridge,2010,source_review,secondary_context_only,20,1,0,0,1,0,0,1,1,little_debbie_oatmeal_creme_pies__2010s__1066__1,Oatie the Oatmeal Creme Pie with Little Debbie - Flickr,flickr.com,https://www.flickr.com/photos/littledebbiesnacks/4006382948,panel not verified readable,front/package object,source_receipt_or_gap_only,Use existing product/package photos for identity only; hunt for a readable ingredient or nutrition panel for this vintage slot.
little_debbie_swiss_rolls,Little Debbie Swiss Rolls,snack cakes,full_corpus_shell,2010s,2010s,2010s bridge,2010,source_review,secondary_context_only,20,1,0,0,1,0,0,1,1,little_debbie_swiss_rolls__2010s__887__1,Little Debbie Swiss Rolls official product page,littledebbie.com,https://www.littledebbie.com/swiss-rolls,panel not verified readable,current_web_page,source_receipt_or_gap_only,Use existing product/package photos for identity only; hunt for a readable ingredient or nutrition panel for this vintage slot.
mountain_dew_original,Mountain Dew Original,beverages,full_corpus_shell,2000s,2000s,2000s bridge,2002,needs_photo_review,secondary_context_only,20,2,0,0,2,0,0,1,1,mountain_dew_original__2000s__994__1,Wikimedia Commons glass Mountain Dew bottle photo,commons.wikimedia.org,https://commons.wikimedia.org/wiki/File%3AGlass_Mountain_Dew_Bottle_%2822101626%29.jpg,panel not verified readable,licensed_package_photo,source_receipt_or_gap_only,Use existing product/package photos for identity only; hunt for a readable ingredient or nutrition panel for this vintage slot.
nutella_hazelnut_spread,Nutella Hazelnut Spread,spreads,full_corpus_shell,2000s,2000s,2000s bridge,2002,needs_photo_review,secondary_context_only,20,2,0,0,2,0,0,1,1,nutella_hazelnut_spread__2000s__879__1,Nutella jar/photo source context - Flickr,flickr.com,https://www.flickr.com/photos/hwayoungjung/3998699034,panel not verified readable,collector_package_photo,source_receipt_or_gap_only,Use existing product/package photos for identity only; hunt for a readable ingredient or nutrition panel for this vintage slot.
oscar_mayer_bologna,Oscar Mayer Bologna,meat,full_corpus_shell,2010s,2010s,2010s bridge,2010,needs_photo_review,secondary_context_only,20,1,0,0,1,0,0,1,1,oscar_mayer_bologna__2010s__389__1,"Bacon Bologna, Oscar Mayer - Flickr",flickr.com,https://www.flickr.com/photos/jeepersmedia/16111252672,panel not verified readable,front/package object,source_receipt_or_gap_only,Use existing product/package photos for identity only; hunt for a readable ingredient or nutrition panel for this vintage slot.
pearl_milling_pancake_mix_original,Pearl Milling Company Original Pancake Mix,breakfast,full_corpus_shell,2010s,2010s,2010s bridge,2010,needs_photo_review,secondary_context_only,20,1,0,0,1,0,0,1,1,pearl_milling_pancake_mix_original__2010s__246__1,PepsiCo will discontinue Aunt Jemima branding - Food Dive,fooddive.com,https://www.fooddive.com/news/pepsico-will-discontinue-aunt-jemima-branding/579978/,panel not verified readable,front/package object,source_receipt_or_gap_only,Use existing product/package photos for identity only; hunt for a readable ingredient or nutrition panel for this vintage slot.
poptarts_brown_sugar_cinnamon,Pop-Tarts Frosted Brown Sugar Cinnamon,breakfast,full_corpus_shell,2000s,2000s,2000s bridge,2002,source_review,secondary_context_only,20,1,0,0,1,0,0,1,1,poptarts_brown_sugar_cinnamon__2000s__1043__1,UPI 2002 Pop-Tarts Frosted Brown Sugar Cinnamon undeclared egg recall,upi.com,https://www.upi.com/Business_News/2002/12/06/Pop-Tarts-recalled/73411039207170/,panel not verified readable,menu_or_nutrition_document,source_receipt_or_gap_only,Use existing product/package photos for identity only; hunt for a readable ingredient or nutrition panel for this vintage slot.
poptarts_brown_sugar_cinnamon,Pop-Tarts Frosted Brown Sugar Cinnamon,breakfast,full_corpus_shell,2010s,2010s,2010s bridge,2010,needs_photo_review,secondary_context_only,20,1,0,0,1,0,0,1,1,poptarts_brown_sugar_cinnamon__2010s__1045__1,"Pop-Tarts World Frosted Brown Sugar Cinnamon 2-pack box, 2010 Flickr photo",flickr.com,https://www.flickr.com/photos/jasonliebigstuff/16679081728,panel not verified readable,front/package object,source_receipt_or_gap_only,Use existing product/package photos for identity only; hunt for a readable ingredient or nutrition panel for this vintage slot.
skittles_original,Skittles Original,candy,full_corpus_shell,2000s,2000s,2000s bridge,2002,needs_photo_review,secondary_context_only,20,1,0,0,1,0,0,1,1,skittles_original__2000s__228__1,"Skittles Original Mystery Flavor Promotion Wrapper, 2002 - Flickr",flickr.com,https://www.flickr.com/photos/candycache/23489328391,panel not verified readable,front/package object,source_receipt_or_gap_only,Use existing product/package photos for identity only; hunt for a readable ingredient or nutrition panel for this vintage slot.
snickers_bar,Snickers Bar,candy,full_corpus_shell,2000s,2000s,2000s bridge,2002,needs_photo_review,secondary_context_only,20,1,0,0,1,0,0,1,1,snickers_bar__2000s__174__1,Snickers Candy Wrapper Archive,candywrapperarchive.com,https://www.candywrapperarchive.com/candy-collection/snickers/,panel not verified readable,front/package object,source_receipt_or_gap_only,Use existing product/package photos for identity only; hunt for a readable ingredient or nutrition panel for this vintage slot.
sprite_original,Sprite Original,beverages,full_corpus_shell,2000s,2000s,2000s bridge,2002,needs_photo_review,secondary_context_only,20,2,0,0,2,0,0,1,1,sprite_original__2000s__881__1,Sprite 2008 20 oz bottle label - Flickr,flickr.com,https://www.flickr.com/photos/paxtonholley/2402218096,panel not verified readable,collector_package_photo,source_receipt_or_gap_only,Use existing product/package photos for identity only; hunt for a readable ingredient or nutrition panel for this vintage slot.
subway_tuna_sub,Subway Tuna Sub,fast food,full_corpus_shell,2000s,2000s,2000s bridge,2002,needs_photo_review,secondary_context_only,20,1,0,0,1,0,0,1,1,subway_tuna_sub__2000s__597__1,"Subway Tuna Sandwich, May 2008 - Flickr",flickr.com,https://www.flickr.com/photos/like_the_grand_canyon/2528269003,panel not verified readable,menu_or_nutrition_document,source_receipt_or_gap_only,Use existing product/package photos for identity only; hunt for a readable ingredient or nutrition panel for this vintage slot.
sunchips_harvest_cheddar,SunChips Harvest Cheddar,chips,full_corpus_shell,2000s,2000s,2000s bridge,2002,source_review,secondary_context_only,20,1,0,0,1,0,0,1,1,sunchips_harvest_cheddar__2000s__967__1,Phoood 2004 Sun Chips Harvest Cheddar discussion,phoood.com,https://www.phoood.com/weblog/archives/000115.html,panel not verified readable,current_web_page,source_receipt_or_gap_only,Use existing product/package photos for identity only; hunt for a readable ingredient or nutrition panel for this vintage slot.
totinos_pizza_rolls,Totino's Pizza Rolls,frozen foods,full_corpus_shell,2000s,2000s,2000s bridge,2002,needs_photo_review,secondary_context_only,20,2,0,0,2,0,0,1,1,totinos_pizza_rolls__2000s__381__1,"Totino's Pizza Box, 2007 - Flickr",flickr.com,https://www.flickr.com/photos/skessler/379493388/,panel not verified readable,front/package object,source_receipt_or_gap_only,Use existing product/package photos for identity only; hunt for a readable ingredient or nutrition panel for this vintage slot.
twix_bar,Twix Bar,candy,full_corpus_shell,2000s,2000s,2000s bridge,2002,needs_photo_review,secondary_context_only,20,1,0,0,1,0,0,1,1,twix_bar__2000s__551__1,Twix Candy Wrapper Archive collection page,candywrapperarchive.com,https://www.candywrapperarchive.com/candy-collection/twix/,panel not verified readable,front/package object,source_receipt_or_gap_only,Use existing product/package photos for identity only; hunt for a readable ingredient or nutrition panel for this vintage slot.
wendys_chili,Wendy's Chili,fast food,full_corpus_shell,2000s,2000s,2000s bridge,2002,needs_photo_review,secondary_context_only,20,1,0,0,1,0,0,1,1,wendys_chili__2000s__908__1,Wendy's chili small cup photo - Flickr,flickr.com,https://www.flickr.com/photos/bdehler2004/173408536,panel not verified readable,menu_or_nutrition_document,source_receipt_or_gap_only,Use existing product/package photos for identity only; hunt for a readable ingredient or nutrition panel for this vintage slot.
wendys_chili,Wendy's Chili,fast food,full_corpus_shell,2010s,2010s,2010s bridge,2010,needs_photo_review,secondary_context_only,20,2,0,0,2,0,0,1,1,wendys_chili__2010s__907__1,Wendy's Chili photo - Wikimedia Commons,commons.wikimedia.org,https://commons.wikimedia.org/wiki/File%3AWendy%27s_Chili.jpg,panel not verified readable,menu_or_nutrition_document,source_receipt_or_gap_only,Use existing product/package photos for identity only; hunt for a readable ingredient or nutrition panel for this vintage slot.
wheaties,Wheaties,cereal,full_corpus_shell,2010s,2010s,2010s bridge,2010,needs_photo_review,secondary_context_only,20,1,0,0,1,0,0,1,1,wheaties__2010s__637__1,Flickr Wheaties box tagged photo search,flickr.com,https://www.flickr.com/photos/tags/wheatiesbox/,panel not verified readable,collector_package_photo,source_receipt_or_gap_only,Use existing product/package photos for identity only; hunt for a readable ingredient or nutrition panel for this vintage slot.
7up_original,7UP Original,beverages,full_corpus_shell,2000s,2000s,2000s bridge,2002,source_discovery_needed,source_discovery_needed,18,1,0,0,0,0,0,1,1,7up_original__2000s__missing__0,No source-attributable evidence is recorded for 7UP Original / 2000s; do not promote formulation claims until this gap is resolved. Blocker: find_source_attributable_package_evidence.,,,no source-attributable label evidence,evidence_gap,source_receipt_or_gap_only,"Run source discovery for 2000s bridge with queries targeting back-panel, ingredients, nutrition, allergen, or disclosure evidence."
7up_original,7UP Original,beverages,full_corpus_shell,2010s,2010s,2010s bridge,2010,source_discovery_needed,source_discovery_needed,18,1,0,0,0,0,0,1,1,7up_original__2010s__missing__0,No source-attributable evidence is recorded for 7UP Original / 2010s; do not promote formulation claims until this gap is resolved. Blocker: find_source_attributable_package_evidence.,,,no source-attributable label evidence,evidence_gap,source_receipt_or_gap_only,"Run source discovery for 2010s bridge with queries targeting back-panel, ingredients, nutrition, allergen, or disclosure evidence."
ball_park_franks,Ball Park Franks,meat,full_corpus_shell,2000s,2000s,2000s bridge,2002,source_discovery_needed,source_discovery_needed,18,1,0,0,0,0,0,1,1,ball_park_franks__2000s__missing__0,No source-attributable evidence is recorded for Ball Park Franks / 2000s; do not promote formulation claims until this gap is resolved. Blocker: find_source_attributable_package_evidence.,,,no source-attributable label evidence,evidence_gap,source_receipt_or_gap_only,"Run source discovery for 2000s bridge with queries targeting back-panel, ingredients, nutrition, allergen, or disclosure evidence."
banquet_chicken_pot_pie,Banquet Chicken Pot Pie,frozen foods,full_corpus_shell,2000s,2000s,2000s bridge,2002,source_discovery_needed,source_discovery_needed,18,1,0,0,0,0,0,1,1,banquet_chicken_pot_pie__2000s__missing__0,No source-attributable evidence is recorded for Banquet Chicken Pot Pie / 2000s; do not promote formulation claims until this gap is resolved. Blocker: find_source_attributable_package_evidence.,,,no source-attributable label evidence,evidence_gap,source_receipt_or_gap_only,"Run source discovery for 2000s bridge with queries targeting back-panel, ingredients, nutrition, allergen, or disclosure evidence."
banquet_chicken_pot_pie,Banquet Chicken Pot Pie,frozen foods,full_corpus_shell,2010s,2010s,2010s bridge,2010,source_discovery_needed,source_discovery_needed,18,1,0,0,0,0,0,1,1,banquet_chicken_pot_pie__2010s__missing__0,No source-attributable evidence is recorded for Banquet Chicken Pot Pie / 2010s; do not promote formulation claims until this gap is resolved. Blocker: find_source_attributable_package_evidence.,,,no source-attributable label evidence,evidence_gap,source_receipt_or_gap_only,"Run source discovery for 2010s bridge with queries targeting back-panel, ingredients, nutrition, allergen, or disclosure evidence."
betty_crocker_super_moist_yellow_cake_mix,Betty Crocker Super Moist Yellow Cake Mix,baking,full_corpus_shell,2000s,2000s,2000s bridge,2002,source_discovery_needed,source_discovery_needed,18,1,0,0,0,0,0,1,1,betty_crocker_super_moist_yellow_cake_mix__2000s__missing__0,No source-attributable evidence is recorded for Betty Crocker Super Moist Yellow Cake Mix / 2000s; do not promote formulation claims until this gap is resolved. Blocker: find_source_attributable_package_evidence.,,,no source-attributable label evidence,evidence_gap,source_receipt_or_gap_only,"Run source discovery for 2000s bridge with queries targeting back-panel, ingredients, nutrition, allergen, or disclosure evidence."
betty_crocker_super_moist_yellow_cake_mix,Betty Crocker Super Moist Yellow Cake Mix,baking,full_corpus_shell,2010s,2010s,2010s bridge,2010,source_discovery_needed,source_discovery_needed,18,1,0,0,0,0,0,1,1,betty_crocker_super_moist_yellow_cake_mix__2010s__missing__0,No source-attributable evidence is recorded for Betty Crocker Super Moist Yellow Cake Mix / 2010s; do not promote formulation claims until this gap is resolved. Blocker: find_source_attributable_package_evidence.,,,no source-attributable label evidence,evidence_gap,source_receipt_or_gap_only,"Run source discovery for 2010s bridge with queries targeting back-panel, ingredients, nutrition, allergen, or disclosure evidence."
burger_king_whopper,Burger King Whopper,fast food,full_corpus_shell,2000s,2000s,2000s bridge,2002,source_discovery_needed,source_discovery_needed,18,1,0,0,0,0,0,1,1,burger_king_whopper__2000s__missing__0,No source-attributable evidence is recorded for Burger King Whopper / 2000s; do not promote formulation claims until this gap is resolved. Blocker: find_source_attributable_package_evidence.,,,no source-attributable label evidence,evidence_gap,source_receipt_or_gap_only,"Run source discovery for 2000s bridge with queries targeting back-panel, ingredients, nutrition, allergen, or disclosure evidence."
butterfinger_bar,Butterfinger Bar,candy,full_corpus_shell,2010s,2010s,2010s bridge,2010,source_discovery_needed,source_discovery_needed,18,1,0,0,0,0,0,1,1,butterfinger_bar__2010s__missing__0,No source-attributable evidence is recorded for Butterfinger Bar / 2010s; do not promote formulation claims until this gap is resolved. Blocker: find_source_attributable_package_evidence.,,,no source-attributable label evidence,evidence_gap,source_receipt_or_gap_only,"Run source discovery for 2010s bridge with queries targeting back-panel, ingredients, nutrition, allergen, or disclosure evidence."
campbells_chicken_noodle_soup,Campbell's Chicken Noodle Soup,soup,full_corpus_shell,2000s,2000s,2000s bridge,2002,source_discovery_needed,source_discovery_needed,18,1,0,0,0,0,0,1,1,campbells_chicken_noodle_soup__2000s__missing__0,No source-attributable evidence is recorded for Campbell's Chicken Noodle Soup / 2000s; do not promote formulation claims until this gap is resolved. Blocker: find_source_attributable_package_evidence.,,,no source-attributable label evidence,evidence_gap,source_receipt_or_gap_only,"Run source discovery for 2000s bridge with queries targeting back-panel, ingredients, nutrition, allergen, or disclosure evidence."
capn_crunch_original,Cap'n Crunch Original,cereal,full_corpus_shell,2000s,2000s,2000s bridge,2002,source_discovery_needed,source_discovery_needed,18,1,0,0,0,0,0,1,1,capn_crunch_original__2000s__missing__0,No source-attributable evidence is recorded for Cap'n Crunch Original / 2000s; do not promote formulation claims until this gap is resolved. Blocker: find_source_attributable_package_evidence.,,,no source-attributable label evidence,evidence_gap,source_receipt_or_gap_only,"Run source discovery for 2000s bridge with queries targeting back-panel, ingredients, nutrition, allergen, or disclosure evidence."
capn_crunch_original,Cap'n Crunch Original,cereal,full_corpus_shell,2010s,2010s,2010s bridge,2010,source_discovery_needed,source_discovery_needed,18,1,0,0,0,0,0,1,1,capn_crunch_original__2010s__missing__0,No source-attributable evidence is recorded for Cap'n Crunch Original / 2010s; do not promote formulation claims until this gap is resolved. Blocker: find_source_attributable_package_evidence.,,,no source-attributable label evidence,evidence_gap,source_receipt_or_gap_only,"Run source discovery for 2010s bridge with queries targeting back-panel, ingredients, nutrition, allergen, or disclosure evidence."
cheetos_crunchy,Cheetos Crunchy,chips,full_corpus_shell,2000s,2000s,2000s bridge,2002,source_discovery_needed,source_discovery_needed,18,1,0,0,0,0,0,1,1,cheetos_crunchy__2000s__missing__0,No source-attributable evidence is recorded for Cheetos Crunchy / 2000s; do not promote formulation claims until this gap is resolved. Blocker: find_source_attributable_package_evidence.,,,no source-attributable label evidence,evidence_gap,source_receipt_or_gap_only,"Run source discovery for 2000s bridge with queries targeting back-panel, ingredients, nutrition, allergen, or disclosure evidence."
cheez_it_original,Cheez-It Original Crackers,crackers,full_corpus_shell,2010s,2010s,2010s bridge,2010,source_discovery_needed,source_discovery_needed,18,1,0,0,0,0,0,1,1,cheez_it_original__2010s__missing__0,No source-attributable evidence is recorded for Cheez-It Original Crackers / 2010s; do not promote formulation claims until this gap is resolved. Blocker: find_source_attributable_package_evidence.,,,no source-attributable label evidence,evidence_gap,source_receipt_or_gap_only,"Run source discovery for 2010s bridge with queries targeting back-panel, ingredients, nutrition, allergen, or disclosure evidence."
chef_boyardee_beefaroni,Chef Boyardee Beefaroni,prepared foods,full_corpus_shell,2000s,2000s,2000s bridge,2002,source_discovery_needed,source_discovery_needed,18,1,0,0,0,0,0,1,1,chef_boyardee_beefaroni__2000s__missing__0,No source-attributable evidence is recorded for Chef Boyardee Beefaroni / 2000s; do not promote formulation claims until this gap is resolved. Blocker: find_source_attributable_package_evidence.,,,no source-attributable label evidence,evidence_gap,source_receipt_or_gap_only,"Run source discovery for 2000s bridge with queries targeting back-panel, ingredients, nutrition, allergen, or disclosure evidence."
chef_boyardee_beefaroni,Chef Boyardee Beefaroni,prepared foods,full_corpus_shell,2010s,2010s,2010s bridge,2010,source_discovery_needed,source_discovery_needed,18,1,0,0,0,0,0,1,1,chef_boyardee_beefaroni__2010s__missing__0,No source-attributable evidence is recorded for Chef Boyardee Beefaroni / 2010s; do not promote formulation claims until this gap is resolved. Blocker: find_source_attributable_package_evidence.,,,no source-attributable label evidence,evidence_gap,source_receipt_or_gap_only,"Run source discovery for 2010s bridge with queries targeting back-panel, ingredients, nutrition, allergen, or disclosure evidence."
chick_fil_a_chicken_sandwich,Chick-fil-A Chicken Sandwich,fast food,full_corpus_shell,2000s,2000s,2000s bridge,2002,source_discovery_needed,source_discovery_needed,18,1,0,0,0,0,0,1,1,chick_fil_a_chicken_sandwich__2000s__missing__0,No source-attributable evidence is recorded for Chick-fil-A Chicken Sandwich / 2000s; do not promote formulation claims until this gap is resolved. Blocker: find_source_attributable_package_evidence.,,,no source-attributable label evidence,evidence_gap,source_receipt_or_gap_only,"Run source discovery for 2000s bridge with queries targeting back-panel, ingredients, nutrition, allergen, or disclosure evidence."
chick_fil_a_chicken_sandwich,Chick-fil-A Chicken Sandwich,fast food,full_corpus_shell,2010s,2010s,2010s bridge,2010,source_discovery_needed,source_discovery_needed,18,1,0,0,0,0,0,1,1,chick_fil_a_chicken_sandwich__2010s__missing__0,No source-attributable evidence is recorded for Chick-fil-A Chicken Sandwich / 2010s; do not promote formulation claims until this gap is resolved. Blocker: find_source_attributable_package_evidence.,,,no source-attributable label evidence,evidence_gap,source_receipt_or_gap_only,"Run source discovery for 2010s bridge with queries targeting back-panel, ingredients, nutrition, allergen, or disclosure evidence."
chipotle_chicken_burrito,Chipotle Chicken Burrito,fast food,full_corpus_shell,2010s,2010s,2010s bridge,2010,source_discovery_needed,source_discovery_needed,18,1,0,0,0,0,0,1,1,chipotle_chicken_burrito__2010s__missing__0,No source-attributable evidence is recorded for Chipotle Chicken Burrito / 2010s; do not promote formulation claims until this gap is resolved. Blocker: find_source_attributable_package_evidence.,,,no source-attributable label evidence,evidence_gap,source_receipt_or_gap_only,"Run source discovery for 2010s bridge with queries targeting back-panel, ingredients, nutrition, allergen, or disclosure evidence."
chips_ahoy_original,Chips Ahoy! Original Cookies,cookies,full_corpus_shell,2000s,2000s,2000s bridge,2002,source_discovery_needed,source_discovery_needed,18,1,0,0,0,0,0,1,1,chips_ahoy_original__2000s__missing__0,No source-attributable evidence is recorded for Chips Ahoy! Original Cookies / 2000s; do not promote formulation claims until this gap is resolved. Blocker: find_source_attributable_package_evidence.,,,no source-attributable label evidence,evidence_gap,source_receipt_or_gap_only,"Run source discovery for 2000s bridge with queries targeting back-panel, ingredients, nutrition, allergen, or disclosure evidence."
cinnamon_toast_crunch,Cinnamon Toast Crunch,cereal,full_corpus_shell,2000s,2000s,2000s bridge,2002,source_discovery_needed,source_discovery_needed,18,1,0,0,0,0,0,1,1,cinnamon_toast_crunch__2000s__missing__0,No source-attributable evidence is recorded for Cinnamon Toast Crunch / 2000s; do not promote formulation claims until this gap is resolved. Blocker: find_source_attributable_package_evidence.,,,no source-attributable label evidence,evidence_gap,source_receipt_or_gap_only,"Run source discovery for 2000s bridge with queries targeting back-panel, ingredients, nutrition, allergen, or disclosure evidence."
cocoa_puffs,Cocoa Puffs,cereal,full_corpus_shell,2010s,2010s,2010s bridge,2010,source_discovery_needed,source_discovery_needed,18,1,0,0,0,0,0,1,1,cocoa_puffs__2010s__missing__0,No source-attributable evidence is recorded for Cocoa Puffs / 2010s; do not promote formulation claims until this gap is resolved. Blocker: find_source_attributable_package_evidence.,,,no source-attributable label evidence,evidence_gap,source_receipt_or_gap_only,"Run source discovery for 2010s bridge with queries targeting back-panel, ingredients, nutrition, allergen, or disclosure evidence."
cool_whip_original,Cool Whip Original,desserts,full_corpus_shell,2000s,2000s,2000s bridge,2002,source_discovery_needed,source_discovery_needed,18,1,0,0,0,0,0,1,1,cool_whip_original__2000s__missing__0,No source-attributable evidence is recorded for Cool Whip Original / 2000s; do not promote formulation claims until this gap is resolved. Blocker: find_source_attributable_package_evidence.,,,no source-attributable label evidence,evidence_gap,source_receipt_or_gap_only,"Run source discovery for 2000s bridge with queries targeting back-panel, ingredients, nutrition, allergen, or disclosure evidence."
cool_whip_original,Cool Whip Original,desserts,full_corpus_shell,2010s,2010s,2010s bridge,2010,source_discovery_needed,source_discovery_needed,18,1,0,0,0,0,0,1,1,cool_whip_original__2010s__missing__0,No source-attributable evidence is recorded for Cool Whip Original / 2010s; do not promote formulation claims until this gap is resolved. Blocker: find_source_attributable_package_evidence.,,,no source-attributable label evidence,evidence_gap,source_receipt_or_gap_only,"Run source discovery for 2010s bridge with queries targeting back-panel, ingredients, nutrition, allergen, or disclosure evidence."
dinty_moore_beef_stew,Dinty Moore Beef Stew,prepared foods,full_corpus_shell,2000s,2000s,2000s bridge,2002,source_discovery_needed,source_discovery_needed,18,1,0,0,0,0,0,1,1,dinty_moore_beef_stew__2000s__missing__0,No source-attributable evidence is recorded for Dinty Moore Beef Stew / 2000s; do not promote formulation claims until this gap is resolved. Blocker: find_source_attributable_package_evidence.,,,no source-attributable label evidence,evidence_gap,source_receipt_or_gap_only,"Run source discovery for 2000s bridge with queries targeting back-panel, ingredients, nutrition, allergen, or disclosure evidence."
dinty_moore_beef_stew,Dinty Moore Beef Stew,prepared foods,full_corpus_shell,2010s,2010s,2010s bridge,2010,source_discovery_needed,source_discovery_needed,18,1,0,0,0,0,0,1,1,dinty_moore_beef_stew__2010s__missing__0,No source-attributable evidence is recorded for Dinty Moore Beef Stew / 2010s; do not promote formulation claims until this gap is resolved. Blocker: find_source_attributable_package_evidence.,,,no source-attributable label evidence,evidence_gap,source_receipt_or_gap_only,"Run source discovery for 2010s bridge with queries targeting back-panel, ingredients, nutrition, allergen, or disclosure evidence."
dr_pepper_original,Dr Pepper Original,beverages,full_corpus_shell,2000s,2000s,2000s bridge,2002,source_discovery_needed,source_discovery_needed,18,1,0,0,0,0,0,1,1,dr_pepper_original__2000s__missing__0,No source-attributable evidence is recorded for Dr Pepper Original / 2000s; do not promote formulation claims until this gap is resolved. Blocker: find_source_attributable_package_evidence.,,,no source-attributable label evidence,evidence_gap,source_receipt_or_gap_only,"Run source discovery for 2000s bridge with queries targeting back-panel, ingredients, nutrition, allergen, or disclosure evidence."
dunkin_glazed_donut,Dunkin' Glazed Donut,fast food,full_corpus_shell,2010s,2010s,2010s bridge,2010,source_discovery_needed,source_discovery_needed,18,1,0,0,0,0,0,1,1,dunkin_glazed_donut__2010s__missing__0,No source-attributable evidence is recorded for Dunkin' Glazed Donut / 2010s; do not promote formulation claims until this gap is resolved. Blocker: find_source_attributable_package_evidence.,,,no source-attributable label evidence,evidence_gap,source_receipt_or_gap_only,"Run source discovery for 2010s bridge with queries targeting back-panel, ingredients, nutrition, allergen, or disclosure evidence."
eggo_homestyle_waffles,Eggo Homestyle Waffles,frozen foods,full_corpus_shell,2000s,2000s,2000s bridge,2002,source_discovery_needed,source_discovery_needed,18,1,0,0,0,0,0,1,1,eggo_homestyle_waffles__2000s__missing__0,No source-attributable evidence is recorded for Eggo Homestyle Waffles / 2000s; do not promote formulation claims until this gap is resolved. Blocker: find_source_attributable_package_evidence.,,,no source-attributable label evidence,evidence_gap,source_receipt_or_gap_only,"Run source discovery for 2000s bridge with queries targeting back-panel, ingredients, nutrition, allergen, or disclosure evidence."
fig_newtons,Fig Newtons,cookies,full_corpus_shell,2000s,2000s,2000s bridge,2002,source_discovery_needed,source_discovery_needed,18,1,0,0,0,0,0,1,1,fig_newtons__2000s__missing__0,No source-attributable evidence is recorded for Fig Newtons / 2000s; do not promote formulation claims until this gap is resolved. Blocker: find_source_attributable_package_evidence.,,,no source-attributable label evidence,evidence_gap,source_receipt_or_gap_only,"Run source discovery for 2000s bridge with queries targeting back-panel, ingredients, nutrition, allergen, or disclosure evidence."
fritos_original,Fritos Original Corn Chips,chips,full_corpus_shell,2000s,2000s,2000s bridge,2002,source_discovery_needed,source_discovery_needed,18,1,0,0,0,0,0,1,1,fritos_original__2000s__missing__0,No source-attributable evidence is recorded for Fritos Original Corn Chips / 2000s; do not promote formulation claims until this gap is resolved. Blocker: find_source_attributable_package_evidence.,,,no source-attributable label evidence,evidence_gap,source_receipt_or_gap_only,"Run source discovery for 2000s bridge with queries targeting back-panel, ingredients, nutrition, allergen, or disclosure evidence."
fritos_original,Fritos Original Corn Chips,chips,full_corpus_shell,2010s,2010s,2010s bridge,2010,source_discovery_needed,source_discovery_needed,18,1,0,0,0,0,0,1,1,fritos_original__2010s__missing__0,No source-attributable evidence is recorded for Fritos Original Corn Chips / 2010s; do not promote formulation claims until this gap is resolved. Blocker: find_source_attributable_package_evidence.,,,no source-attributable label evidence,evidence_gap,source_receipt_or_gap_only,"Run source discovery for 2010s bridge with queries targeting back-panel, ingredients, nutrition, allergen, or disclosure evidence."
gatorade_lemon_lime,Gatorade Lemon-Lime,beverages,full_corpus_shell,2000s,2000s,2000s bridge,2002,source_discovery_needed,source_discovery_needed,18,1,0,0,0,0,0,1,1,gatorade_lemon_lime__2000s__missing__0,No source-attributable evidence is recorded for Gatorade Lemon-Lime / 2000s; do not promote formulation claims until this gap is resolved. Blocker: find_source_attributable_package_evidence.,,,no source-attributable label evidence,evidence_gap,source_receipt_or_gap_only,"Run source discovery for 2000s bridge with queries targeting back-panel, ingredients, nutrition, allergen, or disclosure evidence."
gatorade_lemon_lime,Gatorade Lemon-Lime,beverages,full_corpus_shell,2010s,2010s,2010s bridge,2010,source_discovery_needed,source_discovery_needed,18,1,0,0,0,0,0,1,1,gatorade_lemon_lime__2010s__missing__0,No source-attributable evidence is recorded for Gatorade Lemon-Lime / 2010s; do not promote formulation claims until this gap is resolved. Blocker: find_source_attributable_package_evidence.,,,no source-attributable label evidence,evidence_gap,source_receipt_or_gap_only,"Run source discovery for 2010s bridge with queries targeting back-panel, ingredients, nutrition, allergen, or disclosure evidence."
hamburger_helper_cheeseburger_macaroni,Hamburger Helper Cheeseburger Macaroni,prepared foods,full_corpus_shell,2010s,2010s,2010s bridge,2010,source_discovery_needed,source_discovery_needed,18,1,0,0,0,0,0,1,1,hamburger_helper_cheeseburger_macaroni__2010s__missing__0,No source-attributable evidence is recorded for Hamburger Helper Cheeseburger Macaroni / 2010s; do not promote formulation claims until this gap is resolved. Blocker: find_source_attributable_package_evidence.,,,no source-attributable label evidence,evidence_gap,source_receipt_or_gap_only,"Run source discovery for 2010s bridge with queries targeting back-panel, ingredients, nutrition, allergen, or disclosure evidence."
hebrew_national_franks,Hebrew National Beef Franks,meat,full_corpus_shell,2000s,2000s,2000s bridge,2002,source_discovery_needed,source_discovery_needed,18,1,0,0,0,0,0,1,1,hebrew_national_franks__2000s__missing__0,No source-attributable evidence is recorded for Hebrew National Beef Franks / 2000s; do not promote formulation claims until this gap is resolved. Blocker: find_source_attributable_package_evidence.,,,no source-attributable label evidence,evidence_gap,source_receipt_or_gap_only,"Run source discovery for 2000s bridge with queries targeting back-panel, ingredients, nutrition, allergen, or disclosure evidence."
hellmanns_mayonnaise_real,Hellmann's Real Mayonnaise,condiments,full_corpus_shell,2000s,2000s,2000s bridge,2002,source_discovery_needed,source_discovery_needed,18,1,0,0,0,0,0,1,1,hellmanns_mayonnaise_real__2000s__missing__0,No source-attributable evidence is recorded for Hellmann's Real Mayonnaise / 2000s; do not promote formulation claims until this gap is resolved. Blocker: find_source_attributable_package_evidence.,,,no source-attributable label evidence,evidence_gap,source_receipt_or_gap_only,"Run source discovery for 2000s bridge with queries targeting back-panel, ingredients, nutrition, allergen, or disclosure evidence."
hersheys_milk_chocolate_bar,Hershey's Milk Chocolate Bar,candy,full_corpus_shell,2010s,2010s,2010s bridge,2010,source_discovery_needed,source_discovery_needed,18,1,0,0,0,0,0,1,1,hersheys_milk_chocolate_bar__2010s__missing__0,No source-attributable evidence is recorded for Hershey's Milk Chocolate Bar / 2010s; do not promote formulation claims until this gap is resolved. Blocker: find_source_attributable_package_evidence.,,,no source-attributable label evidence,evidence_gap,source_receipt_or_gap_only,"Run source discovery for 2010s bridge with queries targeting back-panel, ingredients, nutrition, allergen, or disclosure evidence."
honey_nut_cheerios,Honey Nut Cheerios,cereal,full_corpus_shell,2000s,2000s,2000s bridge,2002,source_discovery_needed,source_discovery_needed,18,1,0,0,0,0,0,1,1,honey_nut_cheerios__2000s__missing__0,No source-attributable evidence is recorded for Honey Nut Cheerios / 2000s; do not promote formulation claims until this gap is resolved. Blocker: find_source_attributable_package_evidence.,,,no source-attributable label evidence,evidence_gap,source_receipt_or_gap_only,"Run source discovery for 2000s bridge with queries targeting back-panel, ingredients, nutrition, allergen, or disclosure evidence."
honey_nut_cheerios,Honey Nut Cheerios,cereal,full_corpus_shell,2010s,2010s,2010s bridge,2010,source_discovery_needed,source_discovery_needed,18,1,0,0,0,0,0,1,1,honey_nut_cheerios__2010s__missing__0,No source-attributable evidence is recorded for Honey Nut Cheerios / 2010s; do not promote formulation claims until this gap is resolved. Blocker: find_source_attributable_package_evidence.,,,no source-attributable label evidence,evidence_gap,source_receipt_or_gap_only,"Run source discovery for 2010s bridge with queries targeting back-panel, ingredients, nutrition, allergen, or disclosure evidence."
hormel_chili_no_beans,Hormel Chili No Beans,prepared foods,full_corpus_shell,2000s,2000s,2000s bridge,2002,source_discovery_needed,source_discovery_needed,18,1,0,0,0,0,0,1,1,hormel_chili_no_beans__2000s__missing__0,No source-attributable evidence is recorded for Hormel Chili No Beans / 2000s; do not promote formulation claims until this gap is resolved. Blocker: find_source_attributable_package_evidence.,,,no source-attributable label evidence,evidence_gap,source_receipt_or_gap_only,"Run source discovery for 2000s bridge with queries targeting back-panel, ingredients, nutrition, allergen, or disclosure evidence."
hostess_cupcakes,Hostess CupCakes,snack cakes,full_corpus_shell,2000s,2000s,2000s bridge,2002,source_discovery_needed,source_discovery_needed,18,1,0,0,0,0,0,1,1,hostess_cupcakes__2000s__missing__0,No source-attributable evidence is recorded for Hostess CupCakes / 2000s; do not promote formulation claims until this gap is resolved. Blocker: find_source_attributable_package_evidence.,,,no source-attributable label evidence,evidence_gap,source_receipt_or_gap_only,"Run source discovery for 2000s bridge with queries targeting back-panel, ingredients, nutrition, allergen, or disclosure evidence."
twinkies,Hostess Twinkies,snack cakes,full_corpus_shell,2000s,2000s,2000s bridge,2002,source_discovery_needed,source_discovery_needed,18,1,0,0,0,0,0,1,1,twinkies__2000s__missing__0,No source-attributable evidence is recorded for Hostess Twinkies / 2000s; do not promote formulation claims until this gap is resolved. Blocker: find_source_attributable_package_evidence.,,,no source-attributable label evidence,evidence_gap,source_receipt_or_gap_only,"Run source discovery for 2000s bridge with queries targeting back-panel, ingredients, nutrition, allergen, or disclosure evidence."
hot_pockets_pepperoni_pizza,Hot Pockets Pepperoni Pizza,frozen foods,full_corpus_shell,2000s,2000s,2000s bridge,2002,source_discovery_needed,source_discovery_needed,18,1,0,0,0,0,0,1,1,hot_pockets_pepperoni_pizza__2000s__missing__0,No source-attributable evidence is recorded for Hot Pockets Pepperoni Pizza / 2000s; do not promote formulation claims until this gap is resolved. Blocker: find_source_attributable_package_evidence.,,,no source-attributable label evidence,evidence_gap,source_receipt_or_gap_only,"Run source discovery for 2000s bridge with queries targeting back-panel, ingredients, nutrition, allergen, or disclosure evidence."
jello_strawberry_gelatin,Jell-O Strawberry Gelatin,desserts,full_corpus_shell,2000s,2000s,2000s bridge,2002,source_discovery_needed,source_discovery_needed,18,1,0,0,0,0,0,1,1,jello_strawberry_gelatin__2000s__missing__0,No source-attributable evidence is recorded for Jell-O Strawberry Gelatin / 2000s; do not promote formulation claims until this gap is resolved. Blocker: find_source_attributable_package_evidence.,,,no source-attributable label evidence,evidence_gap,source_receipt_or_gap_only,"Run source discovery for 2000s bridge with queries targeting back-panel, ingredients, nutrition, allergen, or disclosure evidence."
jello_strawberry_gelatin,Jell-O Strawberry Gelatin,desserts,full_corpus_shell,2010s,2010s,2010s bridge,2010,source_discovery_needed,source_discovery_needed,18,1,0,0,0,0,0,1,1,jello_strawberry_gelatin__2010s__missing__0,No source-attributable evidence is recorded for Jell-O Strawberry Gelatin / 2010s; do not promote formulation claims until this gap is resolved. Blocker: find_source_attributable_package_evidence.,,,no source-attributable label evidence,evidence_gap,source_receipt_or_gap_only,"Run source discovery for 2010s bridge with queries targeting back-panel, ingredients, nutrition, allergen, or disclosure evidence."
jif_creamy_peanut_butter,Jif Creamy Peanut Butter,spreads,full_corpus_shell,2000s,2000s,2000s bridge,2002,source_discovery_needed,source_discovery_needed,18,1,0,0,0,0,0,1,1,jif_creamy_peanut_butter__2000s__missing__0,No source-attributable evidence is recorded for Jif Creamy Peanut Butter / 2000s; do not promote formulation claims until this gap is resolved. Blocker: find_source_attributable_package_evidence.,,,no source-attributable label evidence,evidence_gap,source_receipt_or_gap_only,"Run source discovery for 2000s bridge with queries targeting back-panel, ingredients, nutrition, allergen, or disclosure evidence."
corn_flakes,Kellogg's Corn Flakes,cereal,full_corpus_shell,2000s,2000s,2000s bridge,2002,source_discovery_needed,source_discovery_needed,18,1,0,0,0,0,0,1,1,corn_flakes__2000s__missing__0,No source-attributable evidence is recorded for Kellogg's Corn Flakes / 2000s; do not promote formulation claims until this gap is resolved. Blocker: find_source_attributable_package_evidence.,,,no source-attributable label evidence,evidence_gap,source_receipt_or_gap_only,"Run source discovery for 2000s bridge with queries targeting back-panel, ingredients, nutrition, allergen, or disclosure evidence."
froot_loops,Kellogg's Froot Loops,cereal,full_corpus_shell,2000s,2000s,2000s bridge,2002,source_discovery_needed,source_discovery_needed,18,1,0,0,0,0,0,1,1,froot_loops__2000s__missing__0,No source-attributable evidence is recorded for Kellogg's Froot Loops / 2000s; do not promote formulation claims until this gap is resolved. Blocker: find_source_attributable_package_evidence.,,,no source-attributable label evidence,evidence_gap,source_receipt_or_gap_only,"Run source discovery for 2000s bridge with queries targeting back-panel, ingredients, nutrition, allergen, or disclosure evidence."
froot_loops,Kellogg's Froot Loops,cereal,full_corpus_shell,2010s,2010s,2010s bridge,2010,source_discovery_needed,source_discovery_needed,18,1,0,0,0,0,0,1,1,froot_loops__2010s__missing__0,No source-attributable evidence is recorded for Kellogg's Froot Loops / 2010s; do not promote formulation claims until this gap is resolved. Blocker: find_source_attributable_package_evidence.,,,no source-attributable label evidence,evidence_gap,source_receipt_or_gap_only,"Run source discovery for 2010s bridge with queries targeting back-panel, ingredients, nutrition, allergen, or disclosure evidence."
frosted_flakes,Kellogg's Frosted Flakes,cereal,full_corpus_shell,2010s,2010s,2010s bridge,2010,source_discovery_needed,source_discovery_needed,18,1,0,0,0,0,0,1,1,frosted_flakes__2010s__missing__0,No source-attributable evidence is recorded for Kellogg's Frosted Flakes / 2010s; do not promote formulation claims until this gap is resolved. Blocker: find_source_attributable_package_evidence.,,,no source-attributable label evidence,evidence_gap,source_receipt_or_gap_only,"Run source discovery for 2010s bridge with queries targeting back-panel, ingredients, nutrition, allergen, or disclosure evidence."
raisin_bran_kelloggs,Kellogg's Raisin Bran,cereal,full_corpus_shell,2000s,2000s,2000s bridge,2002,source_discovery_needed,source_discovery_needed,18,1,0,0,0,0,0,1,1,raisin_bran_kelloggs__2000s__missing__0,No source-attributable evidence is recorded for Kellogg's Raisin Bran / 2000s; do not promote formulation claims until this gap is resolved. Blocker: find_source_attributable_package_evidence.,,,no source-attributable label evidence,evidence_gap,source_receipt_or_gap_only,"Run source discovery for 2000s bridge with queries targeting back-panel, ingredients, nutrition, allergen, or disclosure evidence."
raisin_bran_kelloggs,Kellogg's Raisin Bran,cereal,full_corpus_shell,2010s,2010s,2010s bridge,2010,source_discovery_needed,source_discovery_needed,18,1,0,0,0,0,0,1,1,raisin_bran_kelloggs__2010s__missing__0,No source-attributable evidence is recorded for Kellogg's Raisin Bran / 2010s; do not promote formulation claims until this gap is resolved. Blocker: find_source_attributable_package_evidence.,,,no source-attributable label evidence,evidence_gap,source_receipt_or_gap_only,"Run source discovery for 2010s bridge with queries targeting back-panel, ingredients, nutrition, allergen, or disclosure evidence."
rice_krispies,Kellogg's Rice Krispies,cereal,full_corpus_shell,2000s,2000s,2000s bridge,2002,source_discovery_needed,source_discovery_needed,18,1,0,0,0,0,0,1,1,rice_krispies__2000s__missing__0,No source-attributable evidence is recorded for Kellogg's Rice Krispies / 2000s; do not promote formulation claims until this gap is resolved. Blocker: find_source_attributable_package_evidence.,,,no source-attributable label evidence,evidence_gap,source_receipt_or_gap_only,"Run source discovery for 2000s bridge with queries targeting back-panel, ingredients, nutrition, allergen, or disclosure evidence."
rice_krispies,Kellogg's Rice Krispies,cereal,full_corpus_shell,2010s,2010s,2010s bridge,2010,source_discovery_needed,source_discovery_needed,18,1,0,0,0,0,0,1,1,rice_krispies__2010s__missing__0,No source-attributable evidence is recorded for Kellogg's Rice Krispies / 2010s; do not promote formulation claims until this gap is resolved. Blocker: find_source_attributable_package_evidence.,,,no source-attributable label evidence,evidence_gap,source_receipt_or_gap_only,"Run source discovery for 2010s bridge with queries targeting back-panel, ingredients, nutrition, allergen, or disclosure evidence."
kfc_famous_bowl,KFC Famous Bowl,fast food,full_corpus_shell,2000s,2000s,2000s bridge,2002,source_discovery_needed,source_discovery_needed,18,1,0,0,0,0,0,1,1,kfc_famous_bowl__2000s__missing__0,No source-attributable evidence is recorded for KFC Famous Bowl / 2000s; do not promote formulation claims until this gap is resolved. Blocker: find_source_attributable_package_evidence.,,,no source-attributable label evidence,evidence_gap,source_receipt_or_gap_only,"Run source discovery for 2000s bridge with queries targeting back-panel, ingredients, nutrition, allergen, or disclosure evidence."
kool_aid_cherry,Kool-Aid Cherry Drink Mix,beverages,full_corpus_shell,2000s,2000s,2000s bridge,2002,source_discovery_needed,source_discovery_needed,18,1,0,0,0,0,0,1,1,kool_aid_cherry__2000s__missing__0,No source-attributable evidence is recorded for Kool-Aid Cherry Drink Mix / 2000s; do not promote formulation claims until this gap is resolved. Blocker: find_source_attributable_package_evidence.,,,no source-attributable label evidence,evidence_gap,source_receipt_or_gap_only,"Run source discovery for 2000s bridge with queries targeting back-panel, ingredients, nutrition, allergen, or disclosure evidence."
kool_aid_cherry,Kool-Aid Cherry Drink Mix,beverages,full_corpus_shell,2010s,2010s,2010s bridge,2010,source_discovery_needed,source_discovery_needed,18,1,0,0,0,0,0,1,1,kool_aid_cherry__2010s__missing__0,No source-attributable evidence is recorded for Kool-Aid Cherry Drink Mix / 2010s; do not promote formulation claims until this gap is resolved. Blocker: find_source_attributable_package_evidence.,,,no source-attributable label evidence,evidence_gap,source_receipt_or_gap_only,"Run source discovery for 2010s bridge with queries targeting back-panel, ingredients, nutrition, allergen, or disclosure evidence."
kraft_singles_american,Kraft Singles American Cheese,dairy,full_corpus_shell,2010s,2010s,2010s bridge,2010,source_discovery_needed,source_discovery_needed,18,1,0,0,0,0,0,1,1,kraft_singles_american__2010s__missing__0,No source-attributable evidence is recorded for Kraft Singles American Cheese / 2010s; do not promote formulation claims until this gap is resolved. Blocker: find_source_attributable_package_evidence.,,,no source-attributable label evidence,evidence_gap,source_receipt_or_gap_only,"Run source discovery for 2010s bridge with queries targeting back-panel, ingredients, nutrition, allergen, or disclosure evidence."
lays_classic,Lay's Classic Potato Chips,chips,full_corpus_shell,2000s,2000s,2000s bridge,2002,source_discovery_needed,source_discovery_needed,18,1,0,0,0,0,0,1,1,lays_classic__2000s__missing__0,No source-attributable evidence is recorded for Lay's Classic Potato Chips / 2000s; do not promote formulation claims until this gap is resolved. Blocker: find_source_attributable_package_evidence.,,,no source-attributable label evidence,evidence_gap,source_receipt_or_gap_only,"Run source discovery for 2000s bridge with queries targeting back-panel, ingredients, nutrition, allergen, or disclosure evidence."
lean_cuisine_salisbury_steak,Lean Cuisine Salisbury Steak,frozen foods,full_corpus_shell,2000s,2000s,2000s bridge,2002,source_discovery_needed,source_discovery_needed,18,1,0,0,0,0,0,1,1,lean_cuisine_salisbury_steak__2000s__missing__0,No source-attributable evidence is recorded for Lean Cuisine Salisbury Steak / 2000s; do not promote formulation claims until this gap is resolved. Blocker: find_source_attributable_package_evidence.,,,no source-attributable label evidence,evidence_gap,source_receipt_or_gap_only,"Run source discovery for 2000s bridge with queries targeting back-panel, ingredients, nutrition, allergen, or disclosure evidence."
life_cereal_original,Life Cereal Original,cereal,full_corpus_shell,2000s,2000s,2000s bridge,2002,source_discovery_needed,source_discovery_needed,18,1,0,0,0,0,0,1,1,life_cereal_original__2000s__missing__0,No source-attributable evidence is recorded for Life Cereal Original / 2000s; do not promote formulation claims until this gap is resolved. Blocker: find_source_attributable_package_evidence.,,,no source-attributable label evidence,evidence_gap,source_receipt_or_gap_only,"Run source discovery for 2000s bridge with queries targeting back-panel, ingredients, nutrition, allergen, or disclosure evidence."
life_cereal_original,Life Cereal Original,cereal,full_corpus_shell,2010s,2010s,2010s bridge,2010,source_discovery_needed,source_discovery_needed,18,1,0,0,0,0,0,1,1,life_cereal_original__2010s__missing__0,No source-attributable evidence is recorded for Life Cereal Original / 2010s; do not promote formulation claims until this gap is resolved. Blocker: find_source_attributable_package_evidence.,,,no source-attributable label evidence,evidence_gap,source_receipt_or_gap_only,"Run source discovery for 2010s bridge with queries targeting back-panel, ingredients, nutrition, allergen, or disclosure evidence."
little_debbie_oatmeal_creme_pies,Little Debbie Oatmeal Creme Pies,snack cakes,full_corpus_shell,2000s,2000s,2000s bridge,2002,source_discovery_needed,source_discovery_needed,18,1,0,0,0,0,0,1,1,little_debbie_oatmeal_creme_pies__2000s__missing__0,No source-attributable evidence is recorded for Little Debbie Oatmeal Creme Pies / 2000s; do not promote formulation claims until this gap is resolved. Blocker: find_source_attributable_package_evidence.,,,no source-attributable label evidence,evidence_gap,source_receipt_or_gap_only,"Run source discovery for 2000s bridge with queries targeting back-panel, ingredients, nutrition, allergen, or disclosure evidence."
little_debbie_swiss_rolls,Little Debbie Swiss Rolls,snack cakes,full_corpus_shell,2000s,2000s,2000s bridge,2002,source_discovery_needed,source_discovery_needed,18,1,0,0,0,0,0,1,1,little_debbie_swiss_rolls__2000s__missing__0,No source-attributable evidence is recorded for Little Debbie Swiss Rolls / 2000s; do not promote formulation claims until this gap is resolved. Blocker: find_source_attributable_package_evidence.,,,no source-attributable label evidence,evidence_gap,source_receipt_or_gap_only,"Run source discovery for 2000s bridge with queries targeting back-panel, ingredients, nutrition, allergen, or disclosure evidence."
lucky_charms,Lucky Charms,cereal,full_corpus_shell,2000s,2000s,2000s bridge,2002,source_discovery_needed,source_discovery_needed,18,1,0,0,0,0,0,1,1,lucky_charms__2000s__missing__0,No source-attributable evidence is recorded for Lucky Charms / 2000s; do not promote formulation claims until this gap is resolved. Blocker: find_source_attributable_package_evidence.,,,no source-attributable label evidence,evidence_gap,source_receipt_or_gap_only,"Run source discovery for 2000s bridge with queries targeting back-panel, ingredients, nutrition, allergen, or disclosure evidence."
mms_milk_chocolate,M&M's Milk Chocolate Candies,candy,full_corpus_shell,2000s,2000s,2000s bridge,2002,source_discovery_needed,source_discovery_needed,18,1,0,0,0,0,0,1,1,mms_milk_chocolate__2000s__missing__0,No source-attributable evidence is recorded for M&M's Milk Chocolate Candies / 2000s; do not promote formulation claims until this gap is resolved. Blocker: find_source_attributable_package_evidence.,,,no source-attributable label evidence,evidence_gap,source_receipt_or_gap_only,"Run source discovery for 2000s bridge with queries targeting back-panel, ingredients, nutrition, allergen, or disclosure evidence."
mms_milk_chocolate,M&M's Milk Chocolate Candies,candy,full_corpus_shell,2010s,2010s,2010s bridge,2010,source_discovery_needed,source_discovery_needed,18,1,0,0,0,0,0,1,1,mms_milk_chocolate__2010s__missing__0,No source-attributable evidence is recorded for M&M's Milk Chocolate Candies / 2010s; do not promote formulation claims until this gap is resolved. Blocker: find_source_attributable_package_evidence.,,,no source-attributable label evidence,evidence_gap,source_receipt_or_gap_only,"Run source discovery for 2010s bridge with queries targeting back-panel, ingredients, nutrition, allergen, or disclosure evidence."
milky_way_bar,Milky Way Bar,candy,full_corpus_shell,2000s,2000s,2000s bridge,2002,source_discovery_needed,source_discovery_needed,18,1,0,0,0,0,0,1,1,milky_way_bar__2000s__missing__0,No source-attributable evidence is recorded for Milky Way Bar / 2000s; do not promote formulation claims until this gap is resolved. Blocker: find_source_attributable_package_evidence.,,,no source-attributable label evidence,evidence_gap,source_receipt_or_gap_only,"Run source discovery for 2000s bridge with queries targeting back-panel, ingredients, nutrition, allergen, or disclosure evidence."
milky_way_bar,Milky Way Bar,candy,full_corpus_shell,2010s,2010s,2010s bridge,2010,source_discovery_needed,source_discovery_needed,18,1,0,0,0,0,0,1,1,milky_way_bar__2010s__missing__0,No source-attributable evidence is recorded for Milky Way Bar / 2010s; do not promote formulation claims until this gap is resolved. Blocker: find_source_attributable_package_evidence.,,,no source-attributable label evidence,evidence_gap,source_receipt_or_gap_only,"Run source discovery for 2010s bridge with queries targeting back-panel, ingredients, nutrition, allergen, or disclosure evidence."
miracle_whip_original,Miracle Whip Original,condiments,full_corpus_shell,2000s,2000s,2000s bridge,2002,source_discovery_needed,source_discovery_needed,18,1,0,0,0,0,0,1,1,miracle_whip_original__2000s__missing__0,No source-attributable evidence is recorded for Miracle Whip Original / 2000s; do not promote formulation claims until this gap is resolved. Blocker: find_source_attributable_package_evidence.,,,no source-attributable label evidence,evidence_gap,source_receipt_or_gap_only,"Run source discovery for 2000s bridge with queries targeting back-panel, ingredients, nutrition, allergen, or disclosure evidence."
miracle_whip_original,Miracle Whip Original,condiments,full_corpus_shell,2010s,2010s,2010s bridge,2010,source_discovery_needed,source_discovery_needed,18,1,0,0,0,0,0,1,1,miracle_whip_original__2010s__missing__0,No source-attributable evidence is recorded for Miracle Whip Original / 2010s; do not promote formulation claims until this gap is resolved. Blocker: find_source_attributable_package_evidence.,,,no source-attributable label evidence,evidence_gap,source_receipt_or_gap_only,"Run source discovery for 2010s bridge with queries targeting back-panel, ingredients, nutrition, allergen, or disclosure evidence."
mountain_dew_original,Mountain Dew Original,beverages,full_corpus_shell,2010s,2010s,2010s bridge,2010,source_discovery_needed,source_discovery_needed,18,1,0,0,0,0,0,1,1,mountain_dew_original__2010s__missing__0,No source-attributable evidence is recorded for Mountain Dew Original / 2010s; do not promote formulation claims until this gap is resolved. Blocker: find_source_attributable_package_evidence.,,,no source-attributable label evidence,evidence_gap,source_receipt_or_gap_only,"Run source discovery for 2010s bridge with queries targeting back-panel, ingredients, nutrition, allergen, or disclosure evidence."
oscar_mayer_bologna,Oscar Mayer Bologna,meat,full_corpus_shell,2000s,2000s,2000s bridge,2002,source_discovery_needed,source_discovery_needed,18,1,0,0,0,0,0,1,1,oscar_mayer_bologna__2000s__missing__0,No source-attributable evidence is recorded for Oscar Mayer Bologna / 2000s; do not promote formulation claims until this gap is resolved. Blocker: find_source_attributable_package_evidence.,,,no source-attributable label evidence,evidence_gap,source_receipt_or_gap_only,"Run source discovery for 2000s bridge with queries targeting back-panel, ingredients, nutrition, allergen, or disclosure evidence."
oscar_mayer_wieners,Oscar Mayer Wieners,meat,full_corpus_shell,2000s,2000s,2000s bridge,2002,source_discovery_needed,source_discovery_needed,18,1,0,0,0,0,0,1,1,oscar_mayer_wieners__2000s__missing__0,No source-attributable evidence is recorded for Oscar Mayer Wieners / 2000s; do not promote formulation claims until this gap is resolved. Blocker: find_source_attributable_package_evidence.,,,no source-attributable label evidence,evidence_gap,source_receipt_or_gap_only,"Run source discovery for 2000s bridge with queries targeting back-panel, ingredients, nutrition, allergen, or disclosure evidence."
panera_broccoli_cheddar_soup,Panera Broccoli Cheddar Soup,fast food,full_corpus_shell,2000s,2000s,2000s bridge,2002,source_discovery_needed,source_discovery_needed,18,1,0,0,0,0,0,1,1,panera_broccoli_cheddar_soup__2000s__missing__0,No source-attributable evidence is recorded for Panera Broccoli Cheddar Soup / 2000s; do not promote formulation claims until this gap is resolved. Blocker: find_source_attributable_package_evidence.,,,no source-attributable label evidence,evidence_gap,source_receipt_or_gap_only,"Run source discovery for 2000s bridge with queries targeting back-panel, ingredients, nutrition, allergen, or disclosure evidence."
pearl_milling_pancake_mix_original,Pearl Milling Company Original Pancake Mix,breakfast,full_corpus_shell,2000s,2000s,2000s bridge,2002,source_discovery_needed,source_discovery_needed,18,1,0,0,0,0,0,1,1,pearl_milling_pancake_mix_original__2000s__missing__0,No source-attributable evidence is recorded for Pearl Milling Company Original Pancake Mix / 2000s; do not promote formulation claims until this gap is resolved. Blocker: find_source_attributable_package_evidence.,,,no source-attributable label evidence,evidence_gap,source_receipt_or_gap_only,"Run source discovery for 2000s bridge with queries targeting back-panel, ingredients, nutrition, allergen, or disclosure evidence."
pepperidge_farm_goldfish_cheddar,Pepperidge Farm Goldfish Cheddar,crackers,full_corpus_shell,2000s,2000s,2000s bridge,2002,source_discovery_needed,source_discovery_needed,18,1,0,0,0,0,0,1,1,pepperidge_farm_goldfish_cheddar__2000s__missing__0,No source-attributable evidence is recorded for Pepperidge Farm Goldfish Cheddar / 2000s; do not promote formulation claims until this gap is resolved. Blocker: find_source_attributable_package_evidence.,,,no source-attributable label evidence,evidence_gap,source_receipt_or_gap_only,"Run source discovery for 2000s bridge with queries targeting back-panel, ingredients, nutrition, allergen, or disclosure evidence."
pepperidge_farm_goldfish_cheddar,Pepperidge Farm Goldfish Cheddar,crackers,full_corpus_shell,2010s,2010s,2010s bridge,2010,source_discovery_needed,source_discovery_needed,18,1,0,0,0,0,0,1,1,pepperidge_farm_goldfish_cheddar__2010s__missing__0,No source-attributable evidence is recorded for Pepperidge Farm Goldfish Cheddar / 2010s; do not promote formulation claims until this gap is resolved. Blocker: find_source_attributable_package_evidence.,,,no source-attributable label evidence,evidence_gap,source_receipt_or_gap_only,"Run source discovery for 2010s bridge with queries targeting back-panel, ingredients, nutrition, allergen, or disclosure evidence."
pepsi_cola,Pepsi Cola,beverages,full_corpus_shell,2000s,2000s,2000s bridge,2002,source_discovery_needed,source_discovery_needed,18,1,0,0,0,0,0,1,1,pepsi_cola__2000s__missing__0,No source-attributable evidence is recorded for Pepsi Cola / 2000s; do not promote formulation claims until this gap is resolved. Blocker: find_source_attributable_package_evidence.,,,no source-attributable label evidence,evidence_gap,source_receipt_or_gap_only,"Run source discovery for 2000s bridge with queries targeting back-panel, ingredients, nutrition, allergen, or disclosure evidence."
pepsi_cola,Pepsi Cola,beverages,full_corpus_shell,2010s,2010s,2010s bridge,2010,source_discovery_needed,source_discovery_needed,18,1,0,0,0,0,0,1,1,pepsi_cola__2010s__missing__0,No source-attributable evidence is recorded for Pepsi Cola / 2010s; do not promote formulation claims until this gap is resolved. Blocker: find_source_attributable_package_evidence.,,,no source-attributable label evidence,evidence_gap,source_receipt_or_gap_only,"Run source discovery for 2010s bridge with queries targeting back-panel, ingredients, nutrition, allergen, or disclosure evidence."
philadelphia_cream_cheese_original,Philadelphia Original Cream Cheese,dairy,full_corpus_shell,2000s,2000s,2000s bridge,2002,source_discovery_needed,source_discovery_needed,18,1,0,0,0,0,0,1,1,philadelphia_cream_cheese_original__2000s__missing__0,No source-attributable evidence is recorded for Philadelphia Original Cream Cheese / 2000s; do not promote formulation claims until this gap is resolved. Blocker: find_source_attributable_package_evidence.,,,no source-attributable label evidence,evidence_gap,source_receipt_or_gap_only,"Run source discovery for 2000s bridge with queries targeting back-panel, ingredients, nutrition, allergen, or disclosure evidence."
popeyes_chicken_sandwich,Popeyes Chicken Sandwich,fast food,full_corpus_shell,2000s,2000s,2000s bridge,2002,source_discovery_needed,source_discovery_needed,18,1,0,0,0,0,0,1,1,popeyes_chicken_sandwich__2000s__missing__0,No source-attributable evidence is recorded for Popeyes Chicken Sandwich / 2000s; do not promote formulation claims until this gap is resolved. Blocker: find_source_attributable_package_evidence.,,,no source-attributable label evidence,evidence_gap,source_receipt_or_gap_only,"Run source discovery for 2000s bridge with queries targeting back-panel, ingredients, nutrition, allergen, or disclosure evidence."
grape_nuts,Post Grape-Nuts,cereal,full_corpus_shell,2000s,2000s,2000s bridge,2002,source_discovery_needed,source_discovery_needed,18,1,0,0,0,0,0,1,1,grape_nuts__2000s__missing__0,No source-attributable evidence is recorded for Post Grape-Nuts / 2000s; do not promote formulation claims until this gap is resolved. Blocker: find_source_attributable_package_evidence.,,,no source-attributable label evidence,evidence_gap,source_receipt_or_gap_only,"Run source discovery for 2000s bridge with queries targeting back-panel, ingredients, nutrition, allergen, or disclosure evidence."
quaker_old_fashioned_oats,Quaker Old Fashioned Oats,breakfast,full_corpus_shell,2000s,2000s,2000s bridge,2002,source_discovery_needed,source_discovery_needed,18,1,0,0,0,0,0,1,1,quaker_old_fashioned_oats__2000s__missing__0,No source-attributable evidence is recorded for Quaker Old Fashioned Oats / 2000s; do not promote formulation claims until this gap is resolved. Blocker: find_source_attributable_package_evidence.,,,no source-attributable label evidence,evidence_gap,source_receipt_or_gap_only,"Run source discovery for 2000s bridge with queries targeting back-panel, ingredients, nutrition, allergen, or disclosure evidence."
reeses_peanut_butter_cups,Reese's Peanut Butter Cups,candy,full_corpus_shell,2000s,2000s,2000s bridge,2002,source_discovery_needed,source_discovery_needed,18,1,0,0,0,0,0,1,1,reeses_peanut_butter_cups__2000s__missing__0,No source-attributable evidence is recorded for Reese's Peanut Butter Cups / 2000s; do not promote formulation claims until this gap is resolved. Blocker: find_source_attributable_package_evidence.,,,no source-attributable label evidence,evidence_gap,source_receipt_or_gap_only,"Run source discovery for 2000s bridge with queries targeting back-panel, ingredients, nutrition, allergen, or disclosure evidence."
reeses_peanut_butter_cups,Reese's Peanut Butter Cups,candy,full_corpus_shell,2010s,2010s,2010s bridge,2010,source_discovery_needed,source_discovery_needed,18,1,0,0,0,0,0,1,1,reeses_peanut_butter_cups__2010s__missing__0,No source-attributable evidence is recorded for Reese's Peanut Butter Cups / 2010s; do not promote formulation claims until this gap is resolved. Blocker: find_source_attributable_package_evidence.,,,no source-attributable label evidence,evidence_gap,source_receipt_or_gap_only,"Run source discovery for 2010s bridge with queries targeting back-panel, ingredients, nutrition, allergen, or disclosure evidence."
rice_krispies_treats_original,Rice Krispies Treats Original,snack bars,full_corpus_shell,2000s,2000s,2000s bridge,2002,source_discovery_needed,source_discovery_needed,18,1,0,0,0,0,0,1,1,rice_krispies_treats_original__2000s__missing__0,No source-attributable evidence is recorded for Rice Krispies Treats Original / 2000s; do not promote formulation claims until this gap is resolved. Blocker: find_source_attributable_package_evidence.,,,no source-attributable label evidence,evidence_gap,source_receipt_or_gap_only,"Run source discovery for 2000s bridge with queries targeting back-panel, ingredients, nutrition, allergen, or disclosure evidence."
rice_krispies_treats_original,Rice Krispies Treats Original,snack bars,full_corpus_shell,2010s,2010s,2010s bridge,2010,source_discovery_needed,source_discovery_needed,18,1,0,0,0,0,0,1,1,rice_krispies_treats_original__2010s__missing__0,No source-attributable evidence is recorded for Rice Krispies Treats Original / 2010s; do not promote formulation claims until this gap is resolved. Blocker: find_source_attributable_package_evidence.,,,no source-attributable label evidence,evidence_gap,source_receipt_or_gap_only,"Run source discovery for 2010s bridge with queries targeting back-panel, ingredients, nutrition, allergen, or disclosure evidence."
ruffles_original,Ruffles Original Potato Chips,chips,full_corpus_shell,2000s,2000s,2000s bridge,2002,source_discovery_needed,source_discovery_needed,18,1,0,0,0,0,0,1,1,ruffles_original__2000s__missing__0,No source-attributable evidence is recorded for Ruffles Original Potato Chips / 2000s; do not promote formulation claims until this gap is resolved. Blocker: find_source_attributable_package_evidence.,,,no source-attributable label evidence,evidence_gap,source_receipt_or_gap_only,"Run source discovery for 2000s bridge with queries targeting back-panel, ingredients, nutrition, allergen, or disclosure evidence."
ruffles_original,Ruffles Original Potato Chips,chips,full_corpus_shell,2010s,2010s,2010s bridge,2010,source_discovery_needed,source_discovery_needed,18,1,0,0,0,0,0,1,1,ruffles_original__2010s__missing__0,No source-attributable evidence is recorded for Ruffles Original Potato Chips / 2010s; do not promote formulation claims until this gap is resolved. Blocker: find_source_attributable_package_evidence.,,,no source-attributable label evidence,evidence_gap,source_receipt_or_gap_only,"Run source discovery for 2010s bridge with queries targeting back-panel, ingredients, nutrition, allergen, or disclosure evidence."
skippy_creamy_peanut_butter,Skippy Creamy Peanut Butter,spreads,full_corpus_shell,2000s,2000s,2000s bridge,2002,source_discovery_needed,source_discovery_needed,18,1,0,0,0,0,0,1,1,skippy_creamy_peanut_butter__2000s__missing__0,No source-attributable evidence is recorded for Skippy Creamy Peanut Butter / 2000s; do not promote formulation claims until this gap is resolved. Blocker: find_source_attributable_package_evidence.,,,no source-attributable label evidence,evidence_gap,source_receipt_or_gap_only,"Run source discovery for 2000s bridge with queries targeting back-panel, ingredients, nutrition, allergen, or disclosure evidence."
skippy_creamy_peanut_butter,Skippy Creamy Peanut Butter,spreads,full_corpus_shell,2010s,2010s,2010s bridge,2010,source_discovery_needed,source_discovery_needed,18,1,0,0,0,0,0,1,1,skippy_creamy_peanut_butter__2010s__missing__0,No source-attributable evidence is recorded for Skippy Creamy Peanut Butter / 2010s; do not promote formulation claims until this gap is resolved. Blocker: find_source_attributable_package_evidence.,,,no source-attributable label evidence,evidence_gap,source_receipt_or_gap_only,"Run source discovery for 2010s bridge with queries targeting back-panel, ingredients, nutrition, allergen, or disclosure evidence."
skittles_original,Skittles Original,candy,full_corpus_shell,2010s,2010s,2010s bridge,2010,source_discovery_needed,source_discovery_needed,18,1,0,0,0,0,0,1,1,skittles_original__2010s__missing__0,No source-attributable evidence is recorded for Skittles Original / 2010s; do not promote formulation claims until this gap is resolved. Blocker: find_source_attributable_package_evidence.,,,no source-attributable label evidence,evidence_gap,source_receipt_or_gap_only,"Run source discovery for 2010s bridge with queries targeting back-panel, ingredients, nutrition, allergen, or disclosure evidence."
smuckers_strawberry_preserves,Smucker's Strawberry Preserves,spreads,full_corpus_shell,2000s,2000s,2000s bridge,2002,source_discovery_needed,source_discovery_needed,18,1,0,0,0,0,0,1,1,smuckers_strawberry_preserves__2000s__missing__0,No source-attributable evidence is recorded for Smucker's Strawberry Preserves / 2000s; do not promote formulation claims until this gap is resolved. Blocker: find_source_attributable_package_evidence.,,,no source-attributable label evidence,evidence_gap,source_receipt_or_gap_only,"Run source discovery for 2000s bridge with queries targeting back-panel, ingredients, nutrition, allergen, or disclosure evidence."
smuckers_strawberry_preserves,Smucker's Strawberry Preserves,spreads,full_corpus_shell,2010s,2010s,2010s bridge,2010,source_discovery_needed,source_discovery_needed,18,1,0,0,0,0,0,1,1,smuckers_strawberry_preserves__2010s__missing__0,No source-attributable evidence is recorded for Smucker's Strawberry Preserves / 2010s; do not promote formulation claims until this gap is resolved. Blocker: find_source_attributable_package_evidence.,,,no source-attributable label evidence,evidence_gap,source_receipt_or_gap_only,"Run source discovery for 2010s bridge with queries targeting back-panel, ingredients, nutrition, allergen, or disclosure evidence."
snickers_bar,Snickers Bar,candy,full_corpus_shell,2010s,2010s,2010s bridge,2010,source_discovery_needed,source_discovery_needed,18,1,0,0,0,0,0,1,1,snickers_bar__2010s__missing__0,No source-attributable evidence is recorded for Snickers Bar / 2010s; do not promote formulation claims until this gap is resolved. Blocker: find_source_attributable_package_evidence.,,,no source-attributable label evidence,evidence_gap,source_receipt_or_gap_only,"Run source discovery for 2010s bridge with queries targeting back-panel, ingredients, nutrition, allergen, or disclosure evidence."
spaghettios_original,SpaghettiOs Original,prepared foods,full_corpus_shell,2000s,2000s,2000s bridge,2002,source_discovery_needed,source_discovery_needed,18,1,0,0,0,0,0,1,1,spaghettios_original__2000s__missing__0,No source-attributable evidence is recorded for SpaghettiOs Original / 2000s; do not promote formulation claims until this gap is resolved. Blocker: find_source_attributable_package_evidence.,,,no source-attributable label evidence,evidence_gap,source_receipt_or_gap_only,"Run source discovery for 2000s bridge with queries targeting back-panel, ingredients, nutrition, allergen, or disclosure evidence."
spaghettios_original,SpaghettiOs Original,prepared foods,full_corpus_shell,2010s,2010s,2010s bridge,2010,source_discovery_needed,source_discovery_needed,18,1,0,0,0,0,0,1,1,spaghettios_original__2010s__missing__0,No source-attributable evidence is recorded for SpaghettiOs Original / 2010s; do not promote formulation claims until this gap is resolved. Blocker: find_source_attributable_package_evidence.,,,no source-attributable label evidence,evidence_gap,source_receipt_or_gap_only,"Run source discovery for 2010s bridge with queries targeting back-panel, ingredients, nutrition, allergen, or disclosure evidence."
spam_classic,SPAM Classic,meat,full_corpus_shell,2000s,2000s,2000s bridge,2002,source_discovery_needed,source_discovery_needed,18,1,0,0,0,0,0,1,1,spam_classic__2000s__missing__0,No source-attributable evidence is recorded for SPAM Classic / 2000s; do not promote formulation claims until this gap is resolved. Blocker: find_source_attributable_package_evidence.,,,no source-attributable label evidence,evidence_gap,source_receipt_or_gap_only,"Run source discovery for 2000s bridge with queries targeting back-panel, ingredients, nutrition, allergen, or disclosure evidence."
sprite_original,Sprite Original,beverages,full_corpus_shell,2010s,2010s,2010s bridge,2010,source_discovery_needed,source_discovery_needed,18,1,0,0,0,0,0,1,1,sprite_original__2010s__missing__0,No source-attributable evidence is recorded for Sprite Original / 2010s; do not promote formulation claims until this gap is resolved. Blocker: find_source_attributable_package_evidence.,,,no source-attributable label evidence,evidence_gap,source_receipt_or_gap_only,"Run source discovery for 2010s bridge with queries targeting back-panel, ingredients, nutrition, allergen, or disclosure evidence."
starbucks_pumpkin_spice_latte,Starbucks Pumpkin Spice Latte,fast food,full_corpus_shell,2000s,2000s,2000s bridge,2002,source_discovery_needed,source_discovery_needed,18,1,0,0,0,0,0,1,1,starbucks_pumpkin_spice_latte__2000s__missing__0,No source-attributable evidence is recorded for Starbucks Pumpkin Spice Latte / 2000s; do not promote formulation claims until this gap is resolved. Blocker: find_source_attributable_package_evidence.,,,no source-attributable label evidence,evidence_gap,source_receipt_or_gap_only,"Run source discovery for 2000s bridge with queries targeting back-panel, ingredients, nutrition, allergen, or disclosure evidence."
starburst_original,Starburst Original,candy,full_corpus_shell,2000s,2000s,2000s bridge,2002,source_discovery_needed,source_discovery_needed,18,1,0,0,0,0,0,1,1,starburst_original__2000s__missing__0,No source-attributable evidence is recorded for Starburst Original / 2000s; do not promote formulation claims until this gap is resolved. Blocker: find_source_attributable_package_evidence.,,,no source-attributable label evidence,evidence_gap,source_receipt_or_gap_only,"Run source discovery for 2000s bridge with queries targeting back-panel, ingredients, nutrition, allergen, or disclosure evidence."
starburst_original,Starburst Original,candy,full_corpus_shell,2010s,2010s,2010s bridge,2010,source_discovery_needed,source_discovery_needed,18,1,0,0,0,0,0,1,1,starburst_original__2010s__missing__0,No source-attributable evidence is recorded for Starburst Original / 2010s; do not promote formulation claims until this gap is resolved. Blocker: find_source_attributable_package_evidence.,,,no source-attributable label evidence,evidence_gap,source_receipt_or_gap_only,"Run source discovery for 2010s bridge with queries targeting back-panel, ingredients, nutrition, allergen, or disclosure evidence."
stouffers_lasagna_meat_sauce,Stouffer's Lasagna with Meat & Sauce,frozen foods,full_corpus_shell,2000s,2000s,2000s bridge,2002,source_discovery_needed,source_discovery_needed,18,1,0,0,0,0,0,1,1,stouffers_lasagna_meat_sauce__2000s__missing__0,No source-attributable evidence is recorded for Stouffer's Lasagna with Meat & Sauce / 2000s; do not promote formulation claims until this gap is resolved. Blocker: find_source_attributable_package_evidence.,,,no source-attributable label evidence,evidence_gap,source_receipt_or_gap_only,"Run source discovery for 2000s bridge with queries targeting back-panel, ingredients, nutrition, allergen, or disclosure evidence."
taco_bell_crunchy_taco,Taco Bell Crunchy Taco,fast food,full_corpus_shell,2000s,2000s,2000s bridge,2002,source_discovery_needed,source_discovery_needed,18,1,0,0,0,0,0,1,1,taco_bell_crunchy_taco__2000s__missing__0,No source-attributable evidence is recorded for Taco Bell Crunchy Taco / 2000s; do not promote formulation claims until this gap is resolved. Blocker: find_source_attributable_package_evidence.,,,no source-attributable label evidence,evidence_gap,source_receipt_or_gap_only,"Run source discovery for 2000s bridge with queries targeting back-panel, ingredients, nutrition, allergen, or disclosure evidence."
tang_orange,Tang Orange Drink Mix,beverages,full_corpus_shell,2000s,2000s,2000s bridge,2002,source_discovery_needed,source_discovery_needed,18,1,0,0,0,0,0,1,1,tang_orange__2000s__missing__0,No source-attributable evidence is recorded for Tang Orange Drink Mix / 2000s; do not promote formulation claims until this gap is resolved. Blocker: find_source_attributable_package_evidence.,,,no source-attributable label evidence,evidence_gap,source_receipt_or_gap_only,"Run source discovery for 2000s bridge with queries targeting back-panel, ingredients, nutrition, allergen, or disclosure evidence."
tang_orange,Tang Orange Drink Mix,beverages,full_corpus_shell,2010s,2010s,2010s bridge,2010,source_discovery_needed,source_discovery_needed,18,1,0,0,0,0,0,1,1,tang_orange__2010s__missing__0,No source-attributable evidence is recorded for Tang Orange Drink Mix / 2010s; do not promote formulation claims until this gap is resolved. Blocker: find_source_attributable_package_evidence.,,,no source-attributable label evidence,evidence_gap,source_receipt_or_gap_only,"Run source discovery for 2010s bridge with queries targeting back-panel, ingredients, nutrition, allergen, or disclosure evidence."
teddy_grahams_honey,Teddy Grahams Honey,cookies,full_corpus_shell,2000s,2000s,2000s bridge,2002,source_discovery_needed,source_discovery_needed,18,1,0,0,0,0,0,1,1,teddy_grahams_honey__2000s__missing__0,No source-attributable evidence is recorded for Teddy Grahams Honey / 2000s; do not promote formulation claims until this gap is resolved. Blocker: find_source_attributable_package_evidence.,,,no source-attributable label evidence,evidence_gap,source_receipt_or_gap_only,"Run source discovery for 2000s bridge with queries targeting back-panel, ingredients, nutrition, allergen, or disclosure evidence."
tootsie_roll,Tootsie Roll,candy,full_corpus_shell,2000s,2000s,2000s bridge,2002,source_discovery_needed,source_discovery_needed,18,1,0,0,0,0,0,1,1,tootsie_roll__2000s__missing__0,No source-attributable evidence is recorded for Tootsie Roll / 2000s; do not promote formulation claims until this gap is resolved. Blocker: find_source_attributable_package_evidence.,,,no source-attributable label evidence,evidence_gap,source_receipt_or_gap_only,"Run source discovery for 2000s bridge with queries targeting back-panel, ingredients, nutrition, allergen, or disclosure evidence."
tootsie_roll,Tootsie Roll,candy,full_corpus_shell,2010s,2010s,2010s bridge,2010,source_discovery_needed,source_discovery_needed,18,1,0,0,0,0,0,1,1,tootsie_roll__2010s__missing__0,No source-attributable evidence is recorded for Tootsie Roll / 2010s; do not promote formulation claims until this gap is resolved. Blocker: find_source_attributable_package_evidence.,,,no source-attributable label evidence,evidence_gap,source_receipt_or_gap_only,"Run source discovery for 2010s bridge with queries targeting back-panel, ingredients, nutrition, allergen, or disclosure evidence."
tostitos_original,Tostitos Original Restaurant Style,chips,full_corpus_shell,2000s,2000s,2000s bridge,2002,source_discovery_needed,source_discovery_needed,18,1,0,0,0,0,0,1,1,tostitos_original__2000s__missing__0,No source-attributable evidence is recorded for Tostitos Original Restaurant Style / 2000s; do not promote formulation claims until this gap is resolved. Blocker: find_source_attributable_package_evidence.,,,no source-attributable label evidence,evidence_gap,source_receipt_or_gap_only,"Run source discovery for 2000s bridge with queries targeting back-panel, ingredients, nutrition, allergen, or disclosure evidence."
triscuit_original,Triscuit Original Crackers,crackers,full_corpus_shell,2000s,2000s,2000s bridge,2002,source_discovery_needed,source_discovery_needed,18,1,0,0,0,0,0,1,1,triscuit_original__2000s__missing__0,No source-attributable evidence is recorded for Triscuit Original Crackers / 2000s; do not promote formulation claims until this gap is resolved. Blocker: find_source_attributable_package_evidence.,,,no source-attributable label evidence,evidence_gap,source_receipt_or_gap_only,"Run source discovery for 2000s bridge with queries targeting back-panel, ingredients, nutrition, allergen, or disclosure evidence."
trix_cereal,Trix Cereal,cereal,full_corpus_shell,2000s,2000s,2000s bridge,2002,source_discovery_needed,source_discovery_needed,18,1,0,0,0,0,0,1,1,trix_cereal__2000s__missing__0,No source-attributable evidence is recorded for Trix Cereal / 2000s; do not promote formulation claims until this gap is resolved. Blocker: find_source_attributable_package_evidence.,,,no source-attributable label evidence,evidence_gap,source_receipt_or_gap_only,"Run source discovery for 2000s bridge with queries targeting back-panel, ingredients, nutrition, allergen, or disclosure evidence."
twix_bar,Twix Bar,candy,full_corpus_shell,2010s,2010s,2010s bridge,2010,source_discovery_needed,source_discovery_needed,18,1,0,0,0,0,0,1,1,twix_bar__2010s__missing__0,No source-attributable evidence is recorded for Twix Bar / 2010s; do not promote formulation claims until this gap is resolved. Blocker: find_source_attributable_package_evidence.,,,no source-attributable label evidence,evidence_gap,source_receipt_or_gap_only,"Run source discovery for 2010s bridge with queries targeting back-panel, ingredients, nutrition, allergen, or disclosure evidence."
twizzlers_strawberry,Twizzlers Strawberry Twists,candy,full_corpus_shell,2000s,2000s,2000s bridge,2002,source_discovery_needed,source_discovery_needed,18,1,0,0,0,0,0,1,1,twizzlers_strawberry__2000s__missing__0,No source-attributable evidence is recorded for Twizzlers Strawberry Twists / 2000s; do not promote formulation claims until this gap is resolved. Blocker: find_source_attributable_package_evidence.,,,no source-attributable label evidence,evidence_gap,source_receipt_or_gap_only,"Run source discovery for 2000s bridge with queries targeting back-panel, ingredients, nutrition, allergen, or disclosure evidence."
wendys_daves_single,Wendy's Dave's Single,fast food,full_corpus_shell,2000s,2000s,2000s bridge,2002,source_discovery_needed,source_discovery_needed,18,1,0,0,0,0,0,1,1,wendys_daves_single__2000s__missing__0,No source-attributable evidence is recorded for Wendy's Dave's Single / 2000s; do not promote formulation claims until this gap is resolved. Blocker: find_source_attributable_package_evidence.,,,no source-attributable label evidence,evidence_gap,source_receipt_or_gap_only,"Run source discovery for 2000s bridge with queries targeting back-panel, ingredients, nutrition, allergen, or disclosure evidence."
wheat_thins_original,Wheat Thins Original,crackers,full_corpus_shell,2000s,2000s,2000s bridge,2002,source_discovery_needed,source_discovery_needed,18,1,0,0,0,0,0,1,1,wheat_thins_original__2000s__missing__0,No source-attributable evidence is recorded for Wheat Thins Original / 2000s; do not promote formulation claims until this gap is resolved. Blocker: find_source_attributable_package_evidence.,,,no source-attributable label evidence,evidence_gap,source_receipt_or_gap_only,"Run source discovery for 2000s bridge with queries targeting back-panel, ingredients, nutrition, allergen, or disclosure evidence."
wheaties,Wheaties,cereal,full_corpus_shell,2000s,2000s,2000s bridge,2002,source_discovery_needed,source_discovery_needed,18,1,0,0,0,0,0,1,1,wheaties__2000s__missing__0,No source-attributable evidence is recorded for Wheaties / 2000s; do not promote formulation claims until this gap is resolved. Blocker: find_source_attributable_package_evidence.,,,no source-attributable label evidence,evidence_gap,source_receipt_or_gap_only,"Run source discovery for 2000s bridge with queries targeting back-panel, ingredients, nutrition, allergen, or disclosure evidence."
