product_id,product_name,vintage_label,evidence_id,source_domain,source_type,source_url,ocr_priority,ocr_gap_category,capture_status,processed_status,ocr_status,ocr_line_count,model_route,model_status,review_status,recommended_next_action,missing_fields,candidate_only,manual_verified
cheerios_original,Cheerios Original,Earliest bounded chapter,cheerios_original_evidence_1,flickr.com,panel_source_candidate,https://www.flickr.com/photos/25692985%40N07/3523833856,high,panel_capture_needed,source_page_capture_blocked_no_network,not_ready_for_ocr,ocr_skipped_no_image,0,spark_packet,packet_ready,needs_source_review,"Capture a private crop of the ingredient/nutrition/document panel, run native OCR, and batch-review the candidate text.",private_panel_crop_path; ocr_lines; corrected_text; reviewer; manual_verified,1,0
coca_cola_classic,Coca-Cola Classic,Earliest bounded chapter,coca_cola_classic_evidence_1,flickr.com,panel_source_candidate,https://www.flickr.com/photos/studioz7/29453244726,high,panel_capture_needed,source_page_capture_blocked_no_network,not_ready_for_ocr,ocr_skipped_no_image,0,spark_packet,packet_ready,needs_source_review,"Capture a private crop of the ingredient/nutrition/document panel, run native OCR, and batch-review the candidate text.",private_panel_crop_path; ocr_lines; corrected_text; reviewer; manual_verified,1,0
oreo_original_chocolate_sandwich_cookies,Oreo Original Chocolate Sandwich Cookies,1993 label candidate,flickr_oreo_1993,flickr.com,panel_source_candidate,https://www.flickr.com/photos/jasonliebigstuff/6823914204,high,panel_capture_needed,source_page_capture_blocked_no_network,not_ready_for_ocr,ocr_skipped_no_image,0,spark_packet,packet_ready,needs_source_review,"Capture a private crop of the ingredient/nutrition/document panel, run native OCR, and batch-review the candidate text.",private_panel_crop_path; ocr_lines; corrected_text; reviewer; manual_verified,1,0
campbells_tomato_soup,Campbell's Condensed Tomato Soup,Current anchor,campbells_tomato_soup_evidence_7,campbells.com,panel_source_candidate,https://www.campbells.com/products/condensed/tomato-soup/,high,panel_capture_needed,source_page_capture_blocked_no_network,not_ready_for_ocr,ocr_skipped_no_image,0,spark_packet,packet_ready,needs_source_review,"Capture a private crop of the ingredient/nutrition/document panel, run native OCR, and batch-review the candidate text.",private_panel_crop_path; ocr_lines; corrected_text; reviewer; manual_verified,1,0
cheerios_original,Cheerios Original,Current anchor,cheerios_original_evidence_8,cheerios.com,panel_source_candidate,https://www.cheerios.com/products/original-cheerios,high,panel_capture_needed,source_page_capture_blocked_no_network,not_ready_for_ocr,ocr_skipped_no_image,0,spark_packet,packet_ready,needs_source_review,"Capture a private crop of the ingredient/nutrition/document panel, run native OCR, and batch-review the candidate text.",private_panel_crop_path; ocr_lines; corrected_text; reviewer; manual_verified,1,0
coca_cola_classic,Coca-Cola Classic,Current anchor,coca_cola_classic_evidence_6,coca-cola.com,panel_source_candidate,https://www.coca-cola.com/us/en/brands/coca-cola/products/original?redirect=true,high,panel_capture_needed,source_page_capture_blocked_no_network,not_ready_for_ocr,ocr_skipped_no_image,0,spark_packet,packet_ready,needs_source_review,"Capture a private crop of the ingredient/nutrition/document panel, run native OCR, and batch-review the candidate text.",private_panel_crop_path; ocr_lines; corrected_text; reviewer; manual_verified,1,0
doritos_nacho_cheese,Doritos Nacho Cheese,Current anchor,doritos_nacho_cheese_evidence_7,heb.com,panel_source_candidate,https://www.heb.com/product-detail/doritos-nacho-cheese-flavored-tortilla-chips/1530760,high,panel_capture_needed,source_page_capture_blocked_no_network,not_ready_for_ocr,ocr_skipped_no_image,0,spark_packet,packet_ready,needs_source_review,"Capture a private crop of the ingredient/nutrition/document panel, run native OCR, and batch-review the candidate text.",private_panel_crop_path; ocr_lines; corrected_text; reviewer; manual_verified,1,0
heinz_tomato_ketchup,Heinz Tomato Ketchup,Current anchor,heinz_tomato_ketchup_evidence_6,walmart.com,panel_source_candidate,https://www.walmart.com/ip/20971263,high,panel_capture_needed,source_page_capture_blocked_no_network,not_ready_for_ocr,ocr_skipped_no_image,0,spark_packet,packet_ready,needs_source_review,"Capture a private crop of the ingredient/nutrition/document panel, run native OCR, and batch-review the candidate text.",private_panel_crop_path; ocr_lines; corrected_text; reviewer; manual_verified,1,0
kraft_macaroni_and_cheese_original,Kraft Macaroni & Cheese Original,Current anchor,kraft_macaroni_and_cheese_original_evidence_8,walmart.com,panel_source_candidate,https://www.walmart.com/ip/1178903502,high,panel_capture_needed,source_page_capture_blocked_no_network,not_ready_for_ocr,ocr_skipped_no_image,0,spark_packet,packet_ready,needs_source_review,"Capture a private crop of the ingredient/nutrition/document panel, run native OCR, and batch-review the candidate text.",private_panel_crop_path; ocr_lines; corrected_text; reviewer; manual_verified,1,0
mcdonalds_big_mac,McDonald's Big Mac,Earliest bounded chapter,mcdonalds_big_mac_evidence_1,grist.org,panel_source_candidate,https://grist.org/wp-content/uploads/2010/07/nutritionfacts.pdf,high,panel_capture_needed,source_page_capture_blocked_no_network,not_ready_for_ocr,ocr_skipped_no_image,0,spark_packet,packet_ready,needs_source_review,"Capture a private crop of the ingredient/nutrition/document panel, run native OCR, and batch-review the candidate text.",private_panel_crop_path; ocr_lines; corrected_text; reviewer; manual_verified,1,0
mcdonalds_big_mac,McDonald's Big Mac,Current anchor,mcdonalds_big_mac_evidence_5,mcdonalds.com,panel_source_candidate,https://www.mcdonalds.com/us/es-us/product/big-mac.html,high,panel_capture_needed,source_page_capture_blocked_no_network,not_ready_for_ocr,ocr_skipped_no_image,0,spark_packet,packet_ready,needs_source_review,"Capture a private crop of the ingredient/nutrition/document panel, run native OCR, and batch-review the candidate text.",private_panel_crop_path; ocr_lines; corrected_text; reviewer; manual_verified,1,0
mcdonalds_chicken_mcnuggets,McDonald's Chicken McNuggets,Earliest bounded chapter,mcdonalds_chicken_mcnuggets_evidence_2,grist.org,panel_source_candidate,https://grist.org/wp-content/uploads/2010/07/nutritionfacts.pdf,high,panel_capture_needed,source_page_capture_blocked_no_network,not_ready_for_ocr,ocr_skipped_no_image,0,spark_packet,packet_ready,needs_source_review,"Capture a private crop of the ingredient/nutrition/document panel, run native OCR, and batch-review the candidate text.",private_panel_crop_path; ocr_lines; corrected_text; reviewer; manual_verified,1,0
mcdonalds_chicken_mcnuggets,McDonald's Chicken McNuggets,Current anchor,mcdonalds_chicken_mcnuggets_evidence_7,mcdonalds.com,panel_source_candidate,https://www.mcdonalds.com/us/en-us/product/chicken-mcnuggets-4-piece.html,high,panel_capture_needed,source_page_capture_blocked_no_network,not_ready_for_ocr,ocr_skipped_no_image,0,spark_packet,packet_ready,needs_source_review,"Capture a private crop of the ingredient/nutrition/document panel, run native OCR, and batch-review the candidate text.",private_panel_crop_path; ocr_lines; corrected_text; reviewer; manual_verified,1,0
oreo_original_chocolate_sandwich_cookies,Oreo Original Chocolate Sandwich Cookies,Current SKU anchor,smartlabel_oreo_143,smartlabel.mondelez.info,panel_source_candidate,https://smartlabel.mondelez.info/00044000033262-0001-en-US/index.html,high,panel_capture_needed,source_page_capture_blocked_no_network,not_ready_for_ocr,ocr_skipped_no_image,0,spark_packet,packet_ready,needs_source_review,"Capture a private crop of the ingredient/nutrition/document panel, run native OCR, and batch-review the candidate text.",private_panel_crop_path; ocr_lines; corrected_text; reviewer; manual_verified,1,0
poptarts_frosted_strawberry,Pop-Tarts Frosted Strawberry,Current anchor,poptarts_frosted_strawberry_evidence_7,smartlabel.kelloggs.com,panel_source_candidate,https://smartlabel.kelloggs.com/Product/Index/038000317316,high,panel_capture_needed,source_page_capture_blocked_no_network,not_ready_for_ocr,ocr_skipped_no_image,0,spark_packet,packet_ready,needs_source_review,"Capture a private crop of the ingredient/nutrition/document panel, run native OCR, and batch-review the candidate text.",private_panel_crop_path; ocr_lines; corrected_text; reviewer; manual_verified,1,0
campbells_tomato_soup,Campbell's Condensed Tomato Soup,1980s or earlier,campbells_tomato_soup_evidence_5,ingredientinspector.org,panel_source_candidate,https://www.ingredientinspector.org/home/campbells-tomato-soup-ingredients,high,panel_capture_needed,source_page_capture_blocked_no_network,not_ready_for_ocr,ocr_skipped_no_image,0,spark_packet,packet_ready,needs_source_review,"Capture a private crop of the ingredient/nutrition/document panel, run native OCR, and batch-review the candidate text.",private_panel_crop_path; ocr_lines; corrected_text; reviewer; manual_verified,1,0
cheerios_original,Cheerios Original,1980s or earlier,cheerios_original_evidence_1,flickr.com,panel_source_candidate,https://www.flickr.com/photos/25692985%40N07/3523833856,high,panel_capture_needed,source_page_capture_blocked_no_network,not_ready_for_ocr,ocr_skipped_no_image,0,spark_packet,packet_ready,needs_source_review,"Capture a private crop of the ingredient/nutrition/document panel, run native OCR, and batch-review the candidate text.",private_panel_crop_path; ocr_lines; corrected_text; reviewer; manual_verified,1,0
coca_cola_classic,Coca-Cola Classic,1980s or earlier,coca_cola_classic_evidence_1,flickr.com,panel_source_candidate,https://www.flickr.com/photos/studioz7/29453244726,high,panel_capture_needed,source_page_capture_blocked_no_network,not_ready_for_ocr,ocr_skipped_no_image,0,spark_packet,packet_ready,needs_source_review,"Capture a private crop of the ingredient/nutrition/document panel, run native OCR, and batch-review the candidate text.",private_panel_crop_path; ocr_lines; corrected_text; reviewer; manual_verified,1,0
oreo_original_chocolate_sandwich_cookies,Oreo Original Chocolate Sandwich Cookies,1950s-1960s package lead,flickr_oreo_1960s,flickr.com,panel_source_candidate,https://www.flickr.com/photos/jasonliebigstuff/4635007453,high,panel_capture_needed,source_page_capture_blocked_no_network,not_ready_for_ocr,ocr_skipped_no_image,0,spark_packet,packet_ready,needs_source_review,"Capture a private crop of the ingredient/nutrition/document panel, run native OCR, and batch-review the candidate text.",private_panel_crop_path; ocr_lines; corrected_text; reviewer; manual_verified,1,0
doritos_nacho_cheese,Doritos Nacho Cheese,2010s bridge,doritos_nacho_cheese_evidence_7,heb.com,panel_source_candidate,https://www.heb.com/product-detail/doritos-nacho-cheese-flavored-tortilla-chips/1530760,high,panel_capture_needed,source_page_capture_blocked_no_network,not_ready_for_ocr,ocr_skipped_no_image,0,spark_packet,packet_ready,needs_source_review,"Capture a private crop of the ingredient/nutrition/document panel, run native OCR, and batch-review the candidate text.",private_panel_crop_path; ocr_lines; corrected_text; reviewer; manual_verified,1,0
mcdonalds_big_mac,McDonald's Big Mac,2000s bridge,mcdonalds_big_mac_evidence_4,canceredinstitute.org,panel_source_candidate,https://www.canceredinstitute.org/uploads/2/3/8/8/23883109/mcdonalds_ingredientslist.pdf,high,panel_capture_needed,source_page_capture_blocked_no_network,not_ready_for_ocr,ocr_skipped_no_image,0,spark_packet,packet_ready,needs_source_review,"Capture a private crop of the ingredient/nutrition/document panel, run native OCR, and batch-review the candidate text.",private_panel_crop_path; ocr_lines; corrected_text; reviewer; manual_verified,1,0
mcdonalds_big_mac,McDonald's Big Mac,2010s bridge,mcdonalds_big_mac_evidence_4,canceredinstitute.org,panel_source_candidate,https://www.canceredinstitute.org/uploads/2/3/8/8/23883109/mcdonalds_ingredientslist.pdf,high,panel_capture_needed,source_page_capture_blocked_no_network,not_ready_for_ocr,ocr_skipped_no_image,0,spark_packet,packet_ready,needs_source_review,"Capture a private crop of the ingredient/nutrition/document panel, run native OCR, and batch-review the candidate text.",private_panel_crop_path; ocr_lines; corrected_text; reviewer; manual_verified,1,0
mcdonalds_chicken_mcnuggets,McDonald's Chicken McNuggets,2000s bridge,mcdonalds_chicken_mcnuggets_evidence_4,s3.amazonaws.com,panel_source_candidate,https://s3.amazonaws.com/saveoneverything_assets/pdfs/1376490717-mcdonalds-ingredientslist.pdf,high,panel_capture_needed,source_page_capture_blocked_no_network,not_ready_for_ocr,ocr_skipped_no_image,0,spark_packet,packet_ready,needs_source_review,"Capture a private crop of the ingredient/nutrition/document panel, run native OCR, and batch-review the candidate text.",private_panel_crop_path; ocr_lines; corrected_text; reviewer; manual_verified,1,0
mcdonalds_chicken_mcnuggets,McDonald's Chicken McNuggets,2010s bridge,mcdonalds_chicken_mcnuggets_evidence_4,s3.amazonaws.com,panel_source_candidate,https://s3.amazonaws.com/saveoneverything_assets/pdfs/1376490717-mcdonalds-ingredientslist.pdf,high,panel_capture_needed,source_page_capture_blocked_no_network,not_ready_for_ocr,ocr_skipped_no_image,0,spark_packet,packet_ready,needs_source_review,"Capture a private crop of the ingredient/nutrition/document panel, run native OCR, and batch-review the candidate text.",private_panel_crop_path; ocr_lines; corrected_text; reviewer; manual_verified,1,0
oreo_original_chocolate_sandwich_cookies,Oreo Original Chocolate Sandwich Cookies,2010s label bridge,ewg_oreo_winter_2010,ewg.org,panel_source_candidate,https://www.ewg.org/foodscores/products/044000081034-OreoChocolateSandwichCookiesOriginalWinter/,high,panel_capture_needed,source_page_capture_blocked_no_network,not_ready_for_ocr,ocr_skipped_no_image,0,spark_packet,packet_ready,needs_source_review,"Capture a private crop of the ingredient/nutrition/document panel, run native OCR, and batch-review the candidate text.",private_panel_crop_path; ocr_lines; corrected_text; reviewer; manual_verified,1,0
poptarts_frosted_strawberry,Pop-Tarts Frosted Strawberry,2010s bridge,poptarts_frosted_strawberry_evidence_6,foodrepo.org,panel_source_candidate,https://www.foodrepo.org/en/products/47947,high,panel_capture_needed,source_page_capture_blocked_no_network,not_ready_for_ocr,ocr_skipped_no_image,0,spark_packet,packet_ready,needs_source_review,"Capture a private crop of the ingredient/nutrition/document panel, run native OCR, and batch-review the candidate text.",private_panel_crop_path; ocr_lines; corrected_text; reviewer; manual_verified,1,0
campbells_tomato_soup,Campbell's Condensed Tomato Soup,Earliest bounded chapter,campbells_tomato_soup_evidence_0,flickr.com,secondary_context_only,https://www.flickr.com/photos/pennstate_harrisburg_archives/29079862112/in/album-72157719415160219/,high,readable_panel_photo_needed,source_page_capture_blocked_no_network,not_ready_for_ocr,ocr_skipped_no_image,0,spark_packet,packet_ready,needs_source_review,Use the listed product/source receipt for identity only; search or capture a readable ingredient/nutrition panel before OCR.,private_panel_crop_path; ocr_lines; corrected_text; reviewer; manual_verified,1,0
cheerios_original,Cheerios Original,1990s bridge,cheerios_original_evidence_5,theimaginaryworld.com,secondary_context_only,https://theimaginaryworld.com/cbarch.html,high,readable_panel_photo_needed,source_page_capture_blocked_no_network,not_ready_for_ocr,ocr_skipped_no_image,0,spark_packet,packet_ready,needs_source_review,Use the listed product/source receipt for identity only; search or capture a readable ingredient/nutrition panel before OCR.,private_panel_crop_path; ocr_lines; corrected_text; reviewer; manual_verified,1,0
coca_cola_classic,Coca-Cola Classic,1990s bridge,coca_cola_classic_evidence_4,flickr.com,secondary_context_only,https://www.flickr.com/photos/therog77/3200756272/,high,readable_panel_photo_needed,source_page_capture_blocked_no_network,not_ready_for_ocr,ocr_skipped_no_image,0,spark_packet,packet_ready,needs_source_review,Use the listed product/source receipt for identity only; search or capture a readable ingredient/nutrition panel before OCR.,private_panel_crop_path; ocr_lines; corrected_text; reviewer; manual_verified,1,0
doritos_nacho_cheese,Doritos Nacho Cheese,Earliest bounded chapter,doritos_nacho_cheese_evidence_0,flickr.com,secondary_context_only,https://www.flickr.com/photos/jasonliebigstuff/3496903865,high,readable_panel_photo_needed,source_page_capture_blocked_no_network,not_ready_for_ocr,ocr_skipped_no_image,0,spark_packet,packet_ready,needs_source_review,Use the listed product/source receipt for identity only; search or capture a readable ingredient/nutrition panel before OCR.,private_panel_crop_path; ocr_lines; corrected_text; reviewer; manual_verified,1,0
doritos_nacho_cheese,Doritos Nacho Cheese,1990s bridge,doritos_nacho_cheese_evidence_1,flickr.com,secondary_context_only,https://www.flickr.com/photos/jasonliebigstuff/4319728854/,high,readable_panel_photo_needed,source_page_capture_blocked_no_network,not_ready_for_ocr,ocr_skipped_no_image,0,spark_packet,packet_ready,needs_source_review,Use the listed product/source receipt for identity only; search or capture a readable ingredient/nutrition panel before OCR.,private_panel_crop_path; ocr_lines; corrected_text; reviewer; manual_verified,1,0
heinz_tomato_ketchup,Heinz Tomato Ketchup,Earliest bounded chapter,heinz_tomato_ketchup_evidence_0,laurelleaffarm.com,secondary_context_only,https://laurelleaffarm.com/item-pages/antique-bottles/old-heinz-ketchup-bottles.htm,high,readable_panel_photo_needed,source_page_capture_blocked_no_network,not_ready_for_ocr,ocr_skipped_no_image,0,spark_packet,packet_ready,needs_source_review,Use the listed product/source receipt for identity only; search or capture a readable ingredient/nutrition panel before OCR.,private_panel_crop_path; ocr_lines; corrected_text; reviewer; manual_verified,1,0
kraft_macaroni_and_cheese_original,Kraft Macaroni & Cheese Original,Earliest bounded chapter,kraft_macaroni_and_cheese_original_evidence_0,flickr.com,secondary_context_only,https://www.flickr.com/photos/jasonliebigstuff/6175679516,high,readable_panel_photo_needed,source_page_capture_blocked_no_network,not_ready_for_ocr,ocr_skipped_no_image,0,spark_packet,packet_ready,needs_source_review,Use the listed product/source receipt for identity only; search or capture a readable ingredient/nutrition panel before OCR.,private_panel_crop_path; ocr_lines; corrected_text; reviewer; manual_verified,1,0
kraft_macaroni_and_cheese_original,Kraft Macaroni & Cheese Original,1990s bridge,kraft_macaroni_and_cheese_original_evidence_1,flickr.com,secondary_context_only,https://www.flickr.com/photos/25692985%40N07/8404786724,high,readable_panel_photo_needed,source_page_capture_blocked_no_network,not_ready_for_ocr,ocr_skipped_no_image,0,spark_packet,packet_ready,needs_source_review,Use the listed product/source receipt for identity only; search or capture a readable ingredient/nutrition panel before OCR.,private_panel_crop_path; ocr_lines; corrected_text; reviewer; manual_verified,1,0
mcdonalds_big_mac,McDonald's Big Mac,1990s bridge,mcdonalds_big_mac_evidence_3,flickr.com,secondary_context_only,https://www.flickr.com/photos/jasonliebigstuff/16377543110,high,readable_panel_photo_needed,source_page_capture_blocked_no_network,not_ready_for_ocr,ocr_skipped_no_image,0,spark_packet,packet_ready,needs_source_review,Use the listed product/source receipt for identity only; search or capture a readable ingredient/nutrition panel before OCR.,private_panel_crop_path; ocr_lines; corrected_text; reviewer; manual_verified,1,0
poptarts_frosted_strawberry,Pop-Tarts Frosted Strawberry,Earliest bounded chapter,poptarts_frosted_strawberry_evidence_0,flickr.com,secondary_context_only,https://www.flickr.com/photos/25692985%40N07/4198259897,high,readable_panel_photo_needed,source_page_capture_blocked_no_network,not_ready_for_ocr,ocr_skipped_no_image,0,spark_packet,packet_ready,needs_source_review,Use the listed product/source receipt for identity only; search or capture a readable ingredient/nutrition panel before OCR.,private_panel_crop_path; ocr_lines; corrected_text; reviewer; manual_verified,1,0
7up_original,7UP Original,Earliest label hunt,7up_original__earliest_verified_label__273__1,flickr.com,panel_source_candidate,https://www.flickr.com/photos/jasonliebigstuff/548698222,low,panel_capture_needed,source_page_capture_blocked_no_network,not_ready_for_ocr,ocr_skipped_no_image,0,spark_packet,packet_ready,needs_source_review,"Capture a private crop of the ingredient/nutrition/document panel, run native OCR, and batch-review the candidate text.",private_panel_crop_path; ocr_lines; corrected_text; reviewer; manual_verified,1,0
capn_crunch_original,Cap'n Crunch Original,1990s bridge,capn_crunch_original__1990s__440__2,underunderstood.com,panel_source_candidate,https://underunderstood.com/podcast/episode/capn-crunch-smaller/,low,panel_capture_needed,source_page_capture_blocked_no_network,not_ready_for_ocr,ocr_skipped_no_image,0,spark_packet,packet_ready,needs_source_review,"Capture a private crop of the ingredient/nutrition/document panel, run native OCR, and batch-review the candidate text.",private_panel_crop_path; ocr_lines; corrected_text; reviewer; manual_verified,1,0
capn_crunch_original,Cap'n Crunch Original,Earliest label hunt,capn_crunch_original__earliest_verified_label__440__7,underunderstood.com,panel_source_candidate,https://underunderstood.com/podcast/episode/capn-crunch-smaller/,low,panel_capture_needed,source_page_capture_blocked_no_network,not_ready_for_ocr,ocr_skipped_no_image,0,spark_packet,packet_ready,needs_source_review,"Capture a private crop of the ingredient/nutrition/document panel, run native OCR, and batch-review the candidate text.",private_panel_crop_path; ocr_lines; corrected_text; reviewer; manual_verified,1,0
chips_ahoy_original,Chips Ahoy! Original Cookies,Earliest label hunt,chips_ahoy_original__earliest_verified_label__448__3,upcfoodsearch.com,panel_source_candidate,https://upcfoodsearch.com/food-products/chocolate-chip-cookies/044000032197/,low,panel_capture_needed,source_page_capture_blocked_no_network,not_ready_for_ocr,ocr_skipped_no_image,0,spark_packet,packet_ready,needs_source_review,"Capture a private crop of the ingredient/nutrition/document panel, run native OCR, and batch-review the candidate text.",private_panel_crop_path; ocr_lines; corrected_text; reviewer; manual_verified,1,0
cinnamon_toast_crunch,Cinnamon Toast Crunch,Earliest label hunt,cinnamon_toast_crunch__earliest_verified_label__512__4,district.schoolnutritionandfitness.com,panel_source_candidate,https://district.schoolnutritionandfitness.com/santaclaritavsfsa/files/labels/Breakfast/Cinnamon_Toast_Crunch_Cereal_200838.pdf,low,panel_capture_needed,source_page_capture_blocked_no_network,not_ready_for_ocr,ocr_skipped_no_image,0,spark_packet,packet_ready,needs_source_review,"Capture a private crop of the ingredient/nutrition/document panel, run native OCR, and batch-review the candidate text.",private_panel_crop_path; ocr_lines; corrected_text; reviewer; manual_verified,1,0
dinty_moore_beef_stew,Dinty Moore Beef Stew,Earliest label hunt,dinty_moore_beef_stew__earliest_verified_label__1059__2,flickr.com,panel_source_candidate,https://www.flickr.com/photos/jasonliebigstuff/24195451113/,low,panel_capture_needed,source_page_capture_blocked_no_network,not_ready_for_ocr,ocr_skipped_no_image,0,spark_packet,packet_ready,needs_source_review,"Capture a private crop of the ingredient/nutrition/document panel, run native OCR, and batch-review the candidate text.",private_panel_crop_path; ocr_lines; corrected_text; reviewer; manual_verified,1,0
dominos_hand_tossed_pepperoni,Domino's Hand Tossed Pepperoni Pizza,Earliest label hunt,dominos_hand_tossed_pepperoni__earliest_verified_label__785__2,dominos.com,panel_source_candidate,https://www.dominos.com/assets/derived/pdf/DominosNutritionGuide.pdf,low,panel_capture_needed,source_page_capture_blocked_no_network,not_ready_for_ocr,ocr_skipped_no_image,0,spark_packet,packet_ready,needs_source_review,"Capture a private crop of the ingredient/nutrition/document panel, run native OCR, and batch-review the candidate text.",private_panel_crop_path; ocr_lines; corrected_text; reviewer; manual_verified,1,0
dunkin_glazed_donut,Dunkin' Glazed Donut,Earliest label hunt,dunkin_glazed_donut__earliest_verified_label__801__1,fastfoodingredients.com,panel_source_candidate,https://www.fastfoodingredients.com/2008/05/03/dunkin-donuts-glazed-munchkin/,low,panel_capture_needed,source_page_capture_blocked_no_network,not_ready_for_ocr,ocr_skipped_no_image,0,spark_packet,packet_ready,needs_source_review,"Capture a private crop of the ingredient/nutrition/document panel, run native OCR, and batch-review the candidate text.",private_panel_crop_path; ocr_lines; corrected_text; reviewer; manual_verified,1,0
gatorade_lemon_lime,Gatorade Lemon-Lime,Earliest label hunt,gatorade_lemon_lime__earliest_verified_label__191__1,flickr.com,panel_source_candidate,https://www.flickr.com/photos/jasonliebigstuff/24471957900,low,panel_capture_needed,source_page_capture_blocked_no_network,not_ready_for_ocr,ocr_skipped_no_image,0,spark_packet,packet_ready,needs_source_review,"Capture a private crop of the ingredient/nutrition/document panel, run native OCR, and batch-review the candidate text.",private_panel_crop_path; ocr_lines; corrected_text; reviewer; manual_verified,1,0
hidden_valley_ranch_original,Hidden Valley Original Ranch,Earliest label hunt,hidden_valley_ranch_original__earliest_verified_label__454__2,upcfoodsearch.com,panel_source_candidate,https://upcfoodsearch.com/food-products/ranch-dressing/071100000214/,low,panel_capture_needed,source_page_capture_blocked_no_network,not_ready_for_ocr,ocr_skipped_no_image,0,spark_packet,packet_ready,needs_source_review,"Capture a private crop of the ingredient/nutrition/document panel, run native OCR, and batch-review the candidate text.",private_panel_crop_path; ocr_lines; corrected_text; reviewer; manual_verified,1,0
honey_nut_cheerios,Honey Nut Cheerios,1990s bridge,honey_nut_cheerios__1990s__370__1,flickr.com,panel_source_candidate,https://www.flickr.com/photos/jasonliebigstuff/3214563110,low,panel_capture_needed,source_page_capture_blocked_no_network,not_ready_for_ocr,ocr_skipped_no_image,0,spark_packet,packet_ready,needs_source_review,"Capture a private crop of the ingredient/nutrition/document panel, run native OCR, and batch-review the candidate text.",private_panel_crop_path; ocr_lines; corrected_text; reviewer; manual_verified,1,0
honey_nut_cheerios,Honey Nut Cheerios,Earliest label hunt,honey_nut_cheerios__earliest_verified_label__370__1,flickr.com,panel_source_candidate,https://www.flickr.com/photos/jasonliebigstuff/3214563110,low,panel_capture_needed,source_page_capture_blocked_no_network,not_ready_for_ocr,ocr_skipped_no_image,0,spark_packet,packet_ready,needs_source_review,"Capture a private crop of the ingredient/nutrition/document panel, run native OCR, and batch-review the candidate text.",private_panel_crop_path; ocr_lines; corrected_text; reviewer; manual_verified,1,0
hormel_chili_no_beans,Hormel Chili No Beans,Earliest label hunt,hormel_chili_no_beans__earliest_verified_label__677__1,upcfoodsearch.com,panel_source_candidate,https://upcfoodsearch.com/food-products/canned-chili/037600241939/,low,panel_capture_needed,source_page_capture_blocked_no_network,not_ready_for_ocr,ocr_skipped_no_image,0,spark_packet,packet_ready,needs_source_review,"Capture a private crop of the ingredient/nutrition/document panel, run native OCR, and batch-review the candidate text.",private_panel_crop_path; ocr_lines; corrected_text; reviewer; manual_verified,1,0
jello_strawberry_gelatin,Jell-O Strawberry Gelatin,Earliest label hunt,jello_strawberry_gelatin__earliest_verified_label__185__1,flickr.com,panel_source_candidate,https://www.flickr.com/photos/jasonliebigstuff/2629782517,low,panel_capture_needed,source_page_capture_blocked_no_network,not_ready_for_ocr,ocr_skipped_no_image,0,spark_packet,packet_ready,needs_source_review,"Capture a private crop of the ingredient/nutrition/document panel, run native OCR, and batch-review the candidate text.",private_panel_crop_path; ocr_lines; corrected_text; reviewer; manual_verified,1,0
froot_loops,Kellogg's Froot Loops,1990s bridge,froot_loops__1990s__330__1,flickr.com,panel_source_candidate,https://www.flickr.com/photos/25692985%40N07/3502316339,low,panel_capture_needed,source_page_capture_blocked_no_network,not_ready_for_ocr,ocr_skipped_no_image,0,spark_packet,packet_ready,needs_source_review,"Capture a private crop of the ingredient/nutrition/document panel, run native OCR, and batch-review the candidate text.",private_panel_crop_path; ocr_lines; corrected_text; reviewer; manual_verified,1,0
froot_loops,Kellogg's Froot Loops,Earliest label hunt,froot_loops__earliest_verified_label__330__1,flickr.com,panel_source_candidate,https://www.flickr.com/photos/25692985%40N07/3502316339,low,panel_capture_needed,source_page_capture_blocked_no_network,not_ready_for_ocr,ocr_skipped_no_image,0,spark_packet,packet_ready,needs_source_review,"Capture a private crop of the ingredient/nutrition/document panel, run native OCR, and batch-review the candidate text.",private_panel_crop_path; ocr_lines; corrected_text; reviewer; manual_verified,1,0
frosted_flakes,Kellogg's Frosted Flakes,1990s bridge,frosted_flakes__1990s__405__1,flickr.com,panel_source_candidate,https://www.flickr.com/photos/25692985%40N07/3544406888,low,panel_capture_needed,source_page_capture_blocked_no_network,not_ready_for_ocr,ocr_skipped_no_image,0,spark_packet,packet_ready,needs_source_review,"Capture a private crop of the ingredient/nutrition/document panel, run native OCR, and batch-review the candidate text.",private_panel_crop_path; ocr_lines; corrected_text; reviewer; manual_verified,1,0
frosted_flakes,Kellogg's Frosted Flakes,Earliest label hunt,frosted_flakes__earliest_verified_label__405__1,flickr.com,panel_source_candidate,https://www.flickr.com/photos/25692985%40N07/3544406888,low,panel_capture_needed,source_page_capture_blocked_no_network,not_ready_for_ocr,ocr_skipped_no_image,0,spark_packet,packet_ready,needs_source_review,"Capture a private crop of the ingredient/nutrition/document panel, run native OCR, and batch-review the candidate text.",private_panel_crop_path; ocr_lines; corrected_text; reviewer; manual_verified,1,0
kfc_famous_bowl,KFC Famous Bowl,Earliest label hunt,kfc_famous_bowl__earliest_verified_label__700__1,docslib.org,panel_source_candidate,https://docslib.org/doc/513747/kfc-ingredients-pdf,low,panel_capture_needed,source_page_capture_blocked_no_network,not_ready_for_ocr,ocr_skipped_no_image,0,spark_packet,packet_ready,needs_source_review,"Capture a private crop of the ingredient/nutrition/document panel, run native OCR, and batch-review the candidate text.",private_panel_crop_path; ocr_lines; corrected_text; reviewer; manual_verified,1,0
kfc_original_recipe_chicken,KFC Original Recipe Chicken,Earliest label hunt,kfc_original_recipe_chicken__earliest_verified_label__765__2,docslib.org,panel_source_candidate,https://docslib.org/doc/513747/kfc-ingredients-pdf,low,panel_capture_needed,source_page_capture_blocked_no_network,not_ready_for_ocr,ocr_skipped_no_image,0,spark_packet,packet_ready,needs_source_review,"Capture a private crop of the ingredient/nutrition/document panel, run native OCR, and batch-review the candidate text.",private_panel_crop_path; ocr_lines; corrected_text; reviewer; manual_verified,1,0
lucky_charms,Lucky Charms,Earliest label hunt,lucky_charms__earliest_verified_label__276__3,flickr.com,panel_source_candidate,https://www.flickr.com/photos/neatocoolville/423218445,low,panel_capture_needed,source_page_capture_blocked_no_network,not_ready_for_ocr,ocr_skipped_no_image,0,spark_packet,packet_ready,needs_source_review,"Capture a private crop of the ingredient/nutrition/document panel, run native OCR, and batch-review the candidate text.",private_panel_crop_path; ocr_lines; corrected_text; reviewer; manual_verified,1,0
pillsbury_toaster_strudel_strawberry,Pillsbury Toaster Strudel Strawberry,Earliest label hunt,pillsbury_toaster_strudel_strawberry__earliest_verified_label__675__1,bcscan.com,panel_source_candidate,https://www.bcscan.com/itemdetail.php?ean=0018000655205,low,panel_capture_needed,source_page_capture_blocked_no_network,not_ready_for_ocr,ocr_skipped_no_image,0,spark_packet,packet_ready,needs_source_review,"Capture a private crop of the ingredient/nutrition/document panel, run native OCR, and batch-review the candidate text.",private_panel_crop_path; ocr_lines; corrected_text; reviewer; manual_verified,1,0
pizza_hut_original_pan_pepperoni,Pizza Hut Original Pan Pepperoni Pizza,Earliest label hunt,pizza_hut_original_pan_pepperoni__earliest_verified_label__655__1,yumpu.com,panel_source_candidate,https://www.yumpu.com/en/document/view/2176122/ingredient-statement-july-2004-pizza-hut,low,panel_capture_needed,source_page_capture_blocked_no_network,not_ready_for_ocr,ocr_skipped_no_image,0,spark_packet,packet_ready,needs_source_review,"Capture a private crop of the ingredient/nutrition/document panel, run native OCR, and batch-review the candidate text.",private_panel_crop_path; ocr_lines; corrected_text; reviewer; manual_verified,1,0
ritz_original_crackers,Ritz Original Crackers,Earliest label hunt,ritz_original_crackers__earliest_verified_label__401__2,flickr.com,panel_source_candidate,https://www.flickr.com/photos/25692985%40N07/3780750883/,low,panel_capture_needed,source_page_capture_blocked_no_network,not_ready_for_ocr,ocr_skipped_no_image,0,spark_packet,packet_ready,needs_source_review,"Capture a private crop of the ingredient/nutrition/document panel, run native OCR, and batch-review the candidate text.",private_panel_crop_path; ocr_lines; corrected_text; reviewer; manual_verified,1,0
spam_classic,SPAM Classic,Earliest label hunt,spam_classic__earliest_verified_label__733__1,spam.com,panel_source_candidate,https://www.spam.com/what-is-spam-brand,low,panel_capture_needed,source_page_capture_blocked_no_network,not_ready_for_ocr,ocr_skipped_no_image,0,spark_packet,packet_ready,needs_source_review,"Capture a private crop of the ingredient/nutrition/document panel, run native OCR, and batch-review the candidate text.",private_panel_crop_path; ocr_lines; corrected_text; reviewer; manual_verified,1,0
sprite_original,Sprite Original,Earliest label hunt,sprite_original__earliest_verified_label__417__1,flickr.com,panel_source_candidate,https://www.flickr.com/photos/jasonliebigstuff/581987504,low,panel_capture_needed,source_page_capture_blocked_no_network,not_ready_for_ocr,ocr_skipped_no_image,0,spark_packet,packet_ready,needs_source_review,"Capture a private crop of the ingredient/nutrition/document panel, run native OCR, and batch-review the candidate text.",private_panel_crop_path; ocr_lines; corrected_text; reviewer; manual_verified,1,0
stouffers_lasagna_meat_sauce,Stouffer's Lasagna with Meat & Sauce,Earliest label hunt,stouffers_lasagna_meat_sauce__earliest_verified_label__681__1,upcfoodsearch.com,panel_source_candidate,https://upcfoodsearch.com/food-products/frozen-complete-meals/013800232601/,low,panel_capture_needed,source_page_capture_blocked_no_network,not_ready_for_ocr,ocr_skipped_no_image,0,spark_packet,packet_ready,needs_source_review,"Capture a private crop of the ingredient/nutrition/document panel, run native OCR, and batch-review the candidate text.",private_panel_crop_path; ocr_lines; corrected_text; reviewer; manual_verified,1,0
taco_bell_bean_burrito,Taco Bell Bean Burrito,Earliest label hunt,taco_bell_bean_burrito__earliest_verified_label__798__1,fastfoodingredients.com,panel_source_candidate,https://www.fastfoodingredients.com/2008/02/14/taco-bell-bean-burrito/,low,panel_capture_needed,source_page_capture_blocked_no_network,not_ready_for_ocr,ocr_skipped_no_image,0,spark_packet,packet_ready,needs_source_review,"Capture a private crop of the ingredient/nutrition/document panel, run native OCR, and batch-review the candidate text.",private_panel_crop_path; ocr_lines; corrected_text; reviewer; manual_verified,1,0
tang_orange,Tang Orange Drink Mix,Earliest label hunt,tang_orange__earliest_verified_label__580__1,flickr.com,panel_source_candidate,https://www.flickr.com/photos/jasonliebigstuff/2629548371,low,panel_capture_needed,source_page_capture_blocked_no_network,not_ready_for_ocr,ocr_skipped_no_image,0,spark_packet,packet_ready,needs_source_review,"Capture a private crop of the ingredient/nutrition/document panel, run native OCR, and batch-review the candidate text.",private_panel_crop_path; ocr_lines; corrected_text; reviewer; manual_verified,1,0
trix_cereal,Trix Cereal,Earliest label hunt,trix_cereal__earliest_verified_label__208__1,flickr.com,panel_source_candidate,https://www.flickr.com/photos/jasonliebigstuff/2037147592/,low,panel_capture_needed,source_page_capture_blocked_no_network,not_ready_for_ocr,ocr_skipped_no_image,0,spark_packet,packet_ready,needs_source_review,"Capture a private crop of the ingredient/nutrition/document panel, run native OCR, and batch-review the candidate text.",private_panel_crop_path; ocr_lines; corrected_text; reviewer; manual_verified,1,0
twizzlers_strawberry,Twizzlers Strawberry Twists,Earliest label hunt,twizzlers_strawberry__earliest_verified_label__687__1,upcfoodsearch.com,panel_source_candidate,https://upcfoodsearch.com/food-products/other-flavored-soft/034000531042/,low,panel_capture_needed,source_page_capture_blocked_no_network,not_ready_for_ocr,ocr_skipped_no_image,0,spark_packet,packet_ready,needs_source_review,"Capture a private crop of the ingredient/nutrition/document panel, run native OCR, and batch-review the candidate text.",private_panel_crop_path; ocr_lines; corrected_text; reviewer; manual_verified,1,0
velveeta_shells_and_cheese,Velveeta Shells & Cheese,Earliest label hunt,velveeta_shells_and_cheese__earliest_verified_label__680__1,upcfoodsearch.com,panel_source_candidate,https://upcfoodsearch.com/food-products/pasta-side-mixes/021000045129/,low,panel_capture_needed,source_page_capture_blocked_no_network,not_ready_for_ocr,ocr_skipped_no_image,0,spark_packet,packet_ready,needs_source_review,"Capture a private crop of the ingredient/nutrition/document panel, run native OCR, and batch-review the candidate text.",private_panel_crop_path; ocr_lines; corrected_text; reviewer; manual_verified,1,0
wheaties,Wheaties,Earliest label hunt,wheaties__earliest_verified_label__638__1,flickr.com,panel_source_candidate,https://www.flickr.com/photos/jasonliebigstuff/4729777211,low,panel_capture_needed,source_page_capture_blocked_no_network,not_ready_for_ocr,ocr_skipped_no_image,0,spark_packet,packet_ready,needs_source_review,"Capture a private crop of the ingredient/nutrition/document panel, run native OCR, and batch-review the candidate text.",private_panel_crop_path; ocr_lines; corrected_text; reviewer; manual_verified,1,0
7up_original,7UP Original,Current SKU anchor,7up_original__current_2020s__263__1,7up.com,panel_source_candidate,https://www.7up.com/en/products/7up?bvstate=pg%3A2%2Fct,low,panel_capture_needed,source_page_capture_blocked_no_network,not_ready_for_ocr,ocr_skipped_no_image,0,spark_packet,packet_ready,needs_source_review,"Capture a private crop of the ingredient/nutrition/document panel, run native OCR, and batch-review the candidate text.",private_panel_crop_path; ocr_lines; corrected_text; reviewer; manual_verified,1,0
ball_park_franks,Ball Park Franks,Current SKU anchor,ball_park_franks__current_2020s__916__11,foodforkidsnevada.org,panel_source_candidate,https://foodforkidsnevada.org/wp-content/uploads/2025/07/Ball-Park-Franks.pdf,low,panel_capture_needed,source_page_capture_blocked_no_network,not_ready_for_ocr,ocr_skipped_no_image,0,spark_packet,packet_ready,needs_source_review,"Capture a private crop of the ingredient/nutrition/document panel, run native OCR, and batch-review the candidate text.",private_panel_crop_path; ocr_lines; corrected_text; reviewer; manual_verified,1,0
banquet_chicken_pot_pie,Banquet Chicken Pot Pie,Current SKU anchor,banquet_chicken_pot_pie__current_2020s__130__1,walmart.com,panel_source_candidate,https://www.walmart.com/ip/10794554,low,panel_capture_needed,source_page_capture_blocked_no_network,not_ready_for_ocr,ocr_skipped_no_image,0,spark_packet,packet_ready,needs_source_review,"Capture a private crop of the ingredient/nutrition/document panel, run native OCR, and batch-review the candidate text.",private_panel_crop_path; ocr_lines; corrected_text; reviewer; manual_verified,1,0
betty_crocker_super_moist_yellow_cake_mix,Betty Crocker Super Moist Yellow Cake Mix,Current SKU anchor,betty_crocker_super_moist_yellow_cake_mix__current_2020s__100__1,bettycrocker.com,panel_source_candidate,https://www.bettycrocker.com/products/betty-crocker-baking-and-cake-mixes/yellow,low,panel_capture_needed,source_page_capture_blocked_no_network,not_ready_for_ocr,ocr_skipped_no_image,0,spark_packet,packet_ready,needs_source_review,"Capture a private crop of the ingredient/nutrition/document panel, run native OCR, and batch-review the candidate text.",private_panel_crop_path; ocr_lines; corrected_text; reviewer; manual_verified,1,0
bisquick_original,Bisquick Original Pancake and Baking Mix,Current SKU anchor,bisquick_original__current_2020s__701__3,upcitemdb.com,panel_source_candidate,https://www.upcitemdb.com/upc/16000420403,low,panel_capture_needed,source_page_capture_blocked_no_network,not_ready_for_ocr,ocr_skipped_no_image,0,spark_packet,packet_ready,needs_source_review,"Capture a private crop of the ingredient/nutrition/document panel, run native OCR, and batch-review the candidate text.",private_panel_crop_path; ocr_lines; corrected_text; reviewer; manual_verified,1,0
butterfinger_bar,Butterfinger Bar,Current SKU anchor,butterfinger_bar__current_2020s__525__1,kroger.com,panel_source_candidate,https://www.kroger.com/p/butterfinger-candy-bar/0002800020203,low,panel_capture_needed,source_page_capture_blocked_no_network,not_ready_for_ocr,ocr_skipped_no_image,0,spark_packet,packet_ready,needs_source_review,"Capture a private crop of the ingredient/nutrition/document panel, run native OCR, and batch-review the candidate text.",private_panel_crop_path; ocr_lines; corrected_text; reviewer; manual_verified,1,0
campbells_chicken_noodle_soup,Campbell's Chicken Noodle Soup,Current SKU anchor,campbells_chicken_noodle_soup__current_2020s__530__2,campbellsfoodservice.com,panel_source_candidate,https://www.campbellsfoodservice.com/product/chicken-noodle-soup-2/?product-pdf=_,low,panel_capture_needed,source_page_capture_blocked_no_network,not_ready_for_ocr,ocr_skipped_no_image,0,spark_packet,packet_ready,needs_source_review,"Capture a private crop of the ingredient/nutrition/document panel, run native OCR, and batch-review the candidate text.",private_panel_crop_path; ocr_lines; corrected_text; reviewer; manual_verified,1,0
capn_crunch_original,Cap'n Crunch Original,Current SKU anchor,capn_crunch_original__current_2020s__440__3,underunderstood.com,panel_source_candidate,https://underunderstood.com/podcast/episode/capn-crunch-smaller/,low,panel_capture_needed,source_page_capture_blocked_no_network,not_ready_for_ocr,ocr_skipped_no_image,0,spark_packet,packet_ready,needs_source_review,"Capture a private crop of the ingredient/nutrition/document panel, run native OCR, and batch-review the candidate text.",private_panel_crop_path; ocr_lines; corrected_text; reviewer; manual_verified,1,0
cheetos_crunchy,Cheetos Crunchy,Current SKU anchor,cheetos_crunchy__current_2020s__38__2,smartlabel.pepsico.info,panel_source_candidate,https://smartlabel.pepsico.info/028400589501-0001-en-US/index.html,low,panel_capture_needed,source_page_capture_blocked_no_network,not_ready_for_ocr,ocr_skipped_no_image,0,spark_packet,packet_ready,needs_source_review,"Capture a private crop of the ingredient/nutrition/document panel, run native OCR, and batch-review the candidate text.",private_panel_crop_path; ocr_lines; corrected_text; reviewer; manual_verified,1,0
cheez_it_original,Cheez-It Original Crackers,Current SKU anchor,cheez_it_original__current_2020s__22__4,smartlabel.kelloggs.com,panel_source_candidate,https://smartlabel.kelloggs.com/Product/Index/024100106844,low,panel_capture_needed,source_page_capture_blocked_no_network,not_ready_for_ocr,ocr_skipped_no_image,0,spark_packet,packet_ready,needs_source_review,"Capture a private crop of the ingredient/nutrition/document panel, run native OCR, and batch-review the candidate text.",private_panel_crop_path; ocr_lines; corrected_text; reviewer; manual_verified,1,0
chef_boyardee_beefaroni,Chef Boyardee Beefaroni,Current SKU anchor,chef_boyardee_beefaroni__current_2020s__69__1,chefboyardee.com,panel_source_candidate,https://www.chefboyardee.com/products/classics/beefaroni,low,panel_capture_needed,source_page_capture_blocked_no_network,not_ready_for_ocr,ocr_skipped_no_image,0,spark_packet,packet_ready,needs_source_review,"Capture a private crop of the ingredient/nutrition/document panel, run native OCR, and batch-review the candidate text.",private_panel_crop_path; ocr_lines; corrected_text; reviewer; manual_verified,1,0
chick_fil_a_chicken_sandwich,Chick-fil-A Chicken Sandwich,Current SKU anchor,chick_fil_a_chicken_sandwich__current_2020s__946__2,chick-fil-a.com,panel_source_candidate,https://www.chick-fil-a.com/menu/entrees/chick-fil-a-chicken-sandwich/,low,panel_capture_needed,source_page_capture_blocked_no_network,not_ready_for_ocr,ocr_skipped_no_image,0,spark_packet,packet_ready,needs_source_review,"Capture a private crop of the ingredient/nutrition/document panel, run native OCR, and batch-review the candidate text.",private_panel_crop_path; ocr_lines; corrected_text; reviewer; manual_verified,1,0
chips_ahoy_original,Chips Ahoy! Original Cookies,Current SKU anchor,chips_ahoy_original__current_2020s__409__6,upcitemdb.com,panel_source_candidate,https://www.upcitemdb.com/upc/44000032197,low,panel_capture_needed,source_page_capture_blocked_no_network,not_ready_for_ocr,ocr_skipped_no_image,0,spark_packet,packet_ready,needs_source_review,"Capture a private crop of the ingredient/nutrition/document panel, run native OCR, and batch-review the candidate text.",private_panel_crop_path; ocr_lines; corrected_text; reviewer; manual_verified,1,0
cinnamon_toast_crunch,Cinnamon Toast Crunch,Current SKU anchor,cinnamon_toast_crunch__current_2020s__44__1,cinnamontoastcrunch.com,panel_source_candidate,https://www.cinnamontoastcrunch.com/products/cinnamon-toast-crunch-cereal,low,panel_capture_needed,source_page_capture_blocked_no_network,not_ready_for_ocr,ocr_skipped_no_image,0,spark_packet,packet_ready,needs_source_review,"Capture a private crop of the ingredient/nutrition/document panel, run native OCR, and batch-review the candidate text.",private_panel_crop_path; ocr_lines; corrected_text; reviewer; manual_verified,1,0
cocoa_puffs,Cocoa Puffs,Current SKU anchor,cocoa_puffs__current_2020s__76__3,cvs.com,panel_source_candidate,https://www.cvs.com/shop/ingredients/general-mills-cocoa-puffs-whole-grain-cereal-10-4-oz-prodid-558865,low,panel_capture_needed,source_page_capture_blocked_no_network,not_ready_for_ocr,ocr_skipped_no_image,0,spark_packet,packet_ready,needs_source_review,"Capture a private crop of the ingredient/nutrition/document panel, run native OCR, and batch-review the candidate text.",private_panel_crop_path; ocr_lines; corrected_text; reviewer; manual_verified,1,0
cool_whip_original,Cool Whip Original,Current SKU anchor,cool_whip_original__current_2020s__118__4,kraftheinz.com,panel_source_candidate,https://www.kraftheinz.com/cool-whip/products/00043000009604-original-whipped-topping,low,panel_capture_needed,source_page_capture_blocked_no_network,not_ready_for_ocr,ocr_skipped_no_image,0,spark_packet,packet_ready,needs_source_review,"Capture a private crop of the ingredient/nutrition/document panel, run native OCR, and batch-review the candidate text.",private_panel_crop_path; ocr_lines; corrected_text; reviewer; manual_verified,1,0
dinty_moore_beef_stew,Dinty Moore Beef Stew,Current SKU anchor,dinty_moore_beef_stew__current_2020s__1058__5,smartlabel.hormelfoods.com,panel_source_candidate,https://smartlabel.hormelfoods.com/product-info/00037600249348,low,panel_capture_needed,source_page_capture_blocked_no_network,not_ready_for_ocr,ocr_skipped_no_image,0,spark_packet,packet_ready,needs_source_review,"Capture a private crop of the ingredient/nutrition/document panel, run native OCR, and batch-review the candidate text.",private_panel_crop_path; ocr_lines; corrected_text; reviewer; manual_verified,1,0
dominos_hand_tossed_pepperoni,Domino's Hand Tossed Pepperoni Pizza,Current SKU anchor,dominos_hand_tossed_pepperoni__current_2020s__571__1,cache.dominos.com,panel_source_candidate,https://cache.dominos.com/olo/6_164_0/assets/build/market/US/_en/pdf/DominosNutritionGuide.pdf,low,panel_capture_needed,source_page_capture_blocked_no_network,not_ready_for_ocr,ocr_skipped_no_image,0,spark_packet,packet_ready,needs_source_review,"Capture a private crop of the ingredient/nutrition/document panel, run native OCR, and batch-review the candidate text.",private_panel_crop_path; ocr_lines; corrected_text; reviewer; manual_verified,1,0
dr_pepper_original,Dr Pepper Original,Current SKU anchor,dr_pepper_original__current_2020s__52__4,kroger.com,panel_source_candidate,https://www.kroger.com/p/dr-pepper/0007800008216,low,panel_capture_needed,source_page_capture_blocked_no_network,not_ready_for_ocr,ocr_skipped_no_image,0,spark_packet,packet_ready,needs_source_review,"Capture a private crop of the ingredient/nutrition/document panel, run native OCR, and batch-review the candidate text.",private_panel_crop_path; ocr_lines; corrected_text; reviewer; manual_verified,1,0
dunkin_glazed_donut,Dunkin' Glazed Donut,Current SKU anchor,dunkin_glazed_donut__current_2020s__574__1,dunkindonuts.com,panel_source_candidate,https://www.dunkindonuts.com/content/dunkindonuts/en/menu/nutrition/nutrition_catalog.html.,low,panel_capture_needed,source_page_capture_blocked_no_network,not_ready_for_ocr,ocr_skipped_no_image,0,spark_packet,packet_ready,needs_source_review,"Capture a private crop of the ingredient/nutrition/document panel, run native OCR, and batch-review the candidate text.",private_panel_crop_path; ocr_lines; corrected_text; reviewer; manual_verified,1,0
eggo_homestyle_waffles,Eggo Homestyle Waffles,Current SKU anchor,eggo_homestyle_waffles__current_2020s__68__2,leggomyeggo.com,panel_source_candidate,https://www.leggomyeggo.com/en-us/products/waffles/homestyle-waffles-product.html,low,panel_capture_needed,source_page_capture_blocked_no_network,not_ready_for_ocr,ocr_skipped_no_image,0,spark_packet,packet_ready,needs_source_review,"Capture a private crop of the ingredient/nutrition/document panel, run native OCR, and batch-review the candidate text.",private_panel_crop_path; ocr_lines; corrected_text; reviewer; manual_verified,1,0
fig_newtons,Fig Newtons,Current SKU anchor,fig_newtons__current_2020s__58__4,smartlabel.mondelez.info,panel_source_candidate,https://smartlabel.mondelez.info/044000078348-0001-en-US/index.html,low,panel_capture_needed,source_page_capture_blocked_no_network,not_ready_for_ocr,ocr_skipped_no_image,0,spark_packet,packet_ready,needs_source_review,"Capture a private crop of the ingredient/nutrition/document panel, run native OCR, and batch-review the candidate text.",private_panel_crop_path; ocr_lines; corrected_text; reviewer; manual_verified,1,0
frenchs_yellow_mustard,French's Classic Yellow Mustard,Current SKU anchor,frenchs_yellow_mustard__current_2020s__702__4,upcitemdb.com,panel_source_candidate,https://www.upcitemdb.com/upc/41500000312,low,panel_capture_needed,source_page_capture_blocked_no_network,not_ready_for_ocr,ocr_skipped_no_image,0,spark_packet,packet_ready,needs_source_review,"Capture a private crop of the ingredient/nutrition/document panel, run native OCR, and batch-review the candidate text.",private_panel_crop_path; ocr_lines; corrected_text; reviewer; manual_verified,1,0
fritos_original,Fritos Original Corn Chips,Current SKU anchor,fritos_original__current_2020s__77__4,smartlabel.pepsico.info,panel_source_candidate,https://smartlabel.pepsico.info/028400017206-0003-en-US/index.html,low,panel_capture_needed,source_page_capture_blocked_no_network,not_ready_for_ocr,ocr_skipped_no_image,0,spark_packet,packet_ready,needs_source_review,"Capture a private crop of the ingredient/nutrition/document panel, run native OCR, and batch-review the candidate text.",private_panel_crop_path; ocr_lines; corrected_text; reviewer; manual_verified,1,0
gatorade_lemon_lime,Gatorade Lemon-Lime,Current SKU anchor,gatorade_lemon_lime__current_2020s__81__3,smartlabel.pepsico.info,panel_source_candidate,https://smartlabel.pepsico.info/052000208054-0012-en-US/index.html,low,panel_capture_needed,source_page_capture_blocked_no_network,not_ready_for_ocr,ocr_skipped_no_image,0,spark_packet,packet_ready,needs_source_review,"Capture a private crop of the ingredient/nutrition/document panel, run native OCR, and batch-review the candidate text.",private_panel_crop_path; ocr_lines; corrected_text; reviewer; manual_verified,1,0
hamburger_helper_cheeseburger_macaroni,Hamburger Helper Cheeseburger Macaroni,Current SKU anchor,hamburger_helper_cheeseburger_macaroni__current_2020s__104__3,hamburgerhelper.com,panel_source_candidate,https://www.hamburgerhelper.com/product/amburger-helper-cheeseburger-macaroni/,low,panel_capture_needed,source_page_capture_blocked_no_network,not_ready_for_ocr,ocr_skipped_no_image,0,spark_packet,packet_ready,needs_source_review,"Capture a private crop of the ingredient/nutrition/document panel, run native OCR, and batch-review the candidate text.",private_panel_crop_path; ocr_lines; corrected_text; reviewer; manual_verified,1,0
hebrew_national_franks,Hebrew National Beef Franks,Current SKU anchor,hebrew_national_franks__current_2020s__133__3,walmart.com,panel_source_candidate,https://www.walmart.com/ip/21289107,low,panel_capture_needed,source_page_capture_blocked_no_network,not_ready_for_ocr,ocr_skipped_no_image,0,spark_packet,packet_ready,needs_source_review,"Capture a private crop of the ingredient/nutrition/document panel, run native OCR, and batch-review the candidate text.",private_panel_crop_path; ocr_lines; corrected_text; reviewer; manual_verified,1,0
hellmanns_mayonnaise_real,Hellmann's Real Mayonnaise,Current SKU anchor,hellmanns_mayonnaise_real__current_2020s__608__4,webstaurantstore.com,panel_source_candidate,https://www.webstaurantstore.com/documents/nutrition/10048001265544-68941199_pds_hellmann_s_real_mayonnaise_30_lbs_pail_062322.pdf,low,panel_capture_needed,source_page_capture_blocked_no_network,not_ready_for_ocr,ocr_skipped_no_image,0,spark_packet,packet_ready,needs_source_review,"Capture a private crop of the ingredient/nutrition/document panel, run native OCR, and batch-review the candidate text.",private_panel_crop_path; ocr_lines; corrected_text; reviewer; manual_verified,1,0
hersheys_milk_chocolate_bar,Hershey's Milk Chocolate Bar,Current SKU anchor,hersheys_milk_chocolate_bar__current_2020s__25__1,smartlabel.hersheys.com,panel_source_candidate,https://smartlabel.hersheys.com/034000290055-0051-en-US/index.html,low,panel_capture_needed,source_page_capture_blocked_no_network,not_ready_for_ocr,ocr_skipped_no_image,0,spark_packet,packet_ready,needs_source_review,"Capture a private crop of the ingredient/nutrition/document panel, run native OCR, and batch-review the candidate text.",private_panel_crop_path; ocr_lines; corrected_text; reviewer; manual_verified,1,0
hidden_valley_ranch_original,Hidden Valley Original Ranch,Current SKU anchor,hidden_valley_ranch_original__current_2020s__95__3,hiddenvalley.com,panel_source_candidate,https://www.hiddenvalley.com/products/bottled-dressings/original-ranch/original-ranch/,low,panel_capture_needed,source_page_capture_blocked_no_network,not_ready_for_ocr,ocr_skipped_no_image,0,spark_packet,packet_ready,needs_source_review,"Capture a private crop of the ingredient/nutrition/document panel, run native OCR, and batch-review the candidate text.",private_panel_crop_path; ocr_lines; corrected_text; reviewer; manual_verified,1,0
honey_nut_cheerios,Honey Nut Cheerios,Current SKU anchor,honey_nut_cheerios__current_2020s__32__2,evfoodservices.com,panel_source_candidate,https://www.evfoodservices.com/info/Breakfast-Entrees/Honey_Nu_Cheerios_1oz_Nutrition.pdf,low,panel_capture_needed,source_page_capture_blocked_no_network,not_ready_for_ocr,ocr_skipped_no_image,0,spark_packet,packet_ready,needs_source_review,"Capture a private crop of the ingredient/nutrition/document panel, run native OCR, and batch-review the candidate text.",private_panel_crop_path; ocr_lines; corrected_text; reviewer; manual_verified,1,0
hormel_chili_no_beans,Hormel Chili No Beans,Current SKU anchor,hormel_chili_no_beans__current_2020s__894__3,nutrition.hormelfoods.com,panel_source_candidate,https://nutrition.hormelfoods.com/product-info/00037600165884,low,panel_capture_needed,source_page_capture_blocked_no_network,not_ready_for_ocr,ocr_skipped_no_image,0,spark_packet,packet_ready,needs_source_review,"Capture a private crop of the ingredient/nutrition/document panel, run native OCR, and batch-review the candidate text.",private_panel_crop_path; ocr_lines; corrected_text; reviewer; manual_verified,1,0
hostess_cupcakes,Hostess CupCakes,Current SKU anchor,hostess_cupcakes__current_2020s__74__4,walmart.com,panel_source_candidate,https://www.walmart.com/ip/35772686,low,panel_capture_needed,source_page_capture_blocked_no_network,not_ready_for_ocr,ocr_skipped_no_image,0,spark_packet,packet_ready,needs_source_review,"Capture a private crop of the ingredient/nutrition/document panel, run native OCR, and batch-review the candidate text.",private_panel_crop_path; ocr_lines; corrected_text; reviewer; manual_verified,1,0
twinkies,Hostess Twinkies,Current SKU anchor,twinkies__current_2020s__16__2,kroger.com,panel_source_candidate,https://www.kroger.com/p/hostess-twinkies-single-serve-chocolate-cakes/0088810901090,low,panel_capture_needed,source_page_capture_blocked_no_network,not_ready_for_ocr,ocr_skipped_no_image,0,spark_packet,packet_ready,needs_source_review,"Capture a private crop of the ingredient/nutrition/document panel, run native OCR, and batch-review the candidate text.",private_panel_crop_path; ocr_lines; corrected_text; reviewer; manual_verified,1,0
hot_pockets_pepperoni_pizza,Hot Pockets Pepperoni Pizza,Current SKU anchor,hot_pockets_pepperoni_pizza__current_2020s__83__2,walmart.com,panel_source_candidate,https://www.walmart.com/ip/14122459,low,panel_capture_needed,source_page_capture_blocked_no_network,not_ready_for_ocr,ocr_skipped_no_image,0,spark_packet,packet_ready,needs_source_review,"Capture a private crop of the ingredient/nutrition/document panel, run native OCR, and batch-review the candidate text.",private_panel_crop_path; ocr_lines; corrected_text; reviewer; manual_verified,1,0
jello_strawberry_gelatin,Jell-O Strawberry Gelatin,Current SKU anchor,jello_strawberry_gelatin__current_2020s__53__3,kroger.com,panel_source_candidate,https://www.kroger.com/p/jello-strawberry-gelatin-dessert-mix-family-size-box/0004300020051,low,panel_capture_needed,source_page_capture_blocked_no_network,not_ready_for_ocr,ocr_skipped_no_image,0,spark_packet,packet_ready,needs_source_review,"Capture a private crop of the ingredient/nutrition/document panel, run native OCR, and batch-review the candidate text.",private_panel_crop_path; ocr_lines; corrected_text; reviewer; manual_verified,1,0
jif_creamy_peanut_butter,Jif Creamy Peanut Butter,Current SKU anchor,jif_creamy_peanut_butter__current_2020s__60__3,jif.com,panel_source_candidate,https://www.jif.com/products/creamy/creamy-peanut-butter,low,panel_capture_needed,source_page_capture_blocked_no_network,not_ready_for_ocr,ocr_skipped_no_image,0,spark_packet,packet_ready,needs_source_review,"Capture a private crop of the ingredient/nutrition/document panel, run native OCR, and batch-review the candidate text.",private_panel_crop_path; ocr_lines; corrected_text; reviewer; manual_verified,1,0
corn_flakes,Kellogg's Corn Flakes,Current SKU anchor,corn_flakes__current_2020s__39__3,smartlabel.kelloggs.com,panel_source_candidate,https://smartlabel.kelloggs.com/Product/Index/038000001305,low,panel_capture_needed,source_page_capture_blocked_no_network,not_ready_for_ocr,ocr_skipped_no_image,0,spark_packet,packet_ready,needs_source_review,"Capture a private crop of the ingredient/nutrition/document panel, run native OCR, and batch-review the candidate text.",private_panel_crop_path; ocr_lines; corrected_text; reviewer; manual_verified,1,0
froot_loops,Kellogg's Froot Loops,Current SKU anchor,froot_loops__current_2020s__40__2,smartlabel.kelloggs.com,panel_source_candidate,https://smartlabel.kelloggs.com/Product/Index/038000198645,low,panel_capture_needed,source_page_capture_blocked_no_network,not_ready_for_ocr,ocr_skipped_no_image,0,spark_packet,packet_ready,needs_source_review,"Capture a private crop of the ingredient/nutrition/document panel, run native OCR, and batch-review the candidate text.",private_panel_crop_path; ocr_lines; corrected_text; reviewer; manual_verified,1,0
frosted_flakes,Kellogg's Frosted Flakes,Current SKU anchor,frosted_flakes__current_2020s__41__2,smartlabel.kelloggs.com,panel_source_candidate,https://smartlabel.kelloggs.com/Product/Index/038000001299,low,panel_capture_needed,source_page_capture_blocked_no_network,not_ready_for_ocr,ocr_skipped_no_image,0,spark_packet,packet_ready,needs_source_review,"Capture a private crop of the ingredient/nutrition/document panel, run native OCR, and batch-review the candidate text.",private_panel_crop_path; ocr_lines; corrected_text; reviewer; manual_verified,1,0
raisin_bran_kelloggs,Kellogg's Raisin Bran,Current SKU anchor,raisin_bran_kelloggs__current_2020s__111__3,smartlabel.wkkellogg.com,panel_source_candidate,https://smartlabel.wkkellogg.com/Product/Index?gtin=00038000270840,low,panel_capture_needed,source_page_capture_blocked_no_network,not_ready_for_ocr,ocr_skipped_no_image,0,spark_packet,packet_ready,needs_source_review,"Capture a private crop of the ingredient/nutrition/document panel, run native OCR, and batch-review the candidate text.",private_panel_crop_path; ocr_lines; corrected_text; reviewer; manual_verified,1,0
rice_krispies,Kellogg's Rice Krispies,Current SKU anchor,rice_krispies__current_2020s__55__3,smartlabel.wkkellogg.com,panel_source_candidate,https://smartlabel.wkkellogg.com/Product/Index?gtin=00038000005657,low,panel_capture_needed,source_page_capture_blocked_no_network,not_ready_for_ocr,ocr_skipped_no_image,0,spark_packet,packet_ready,needs_source_review,"Capture a private crop of the ingredient/nutrition/document panel, run native OCR, and batch-review the candidate text.",private_panel_crop_path; ocr_lines; corrected_text; reviewer; manual_verified,1,0
kfc_famous_bowl,KFC Famous Bowl,Current SKU anchor,kfc_famous_bowl__current_2020s__581__1,locations.kfc.com,panel_source_candidate,https://locations.kfc.com/vt/rutland/153-s-main-st/delivery,low,panel_capture_needed,source_page_capture_blocked_no_network,not_ready_for_ocr,ocr_skipped_no_image,0,spark_packet,packet_ready,needs_source_review,"Capture a private crop of the ingredient/nutrition/document panel, run native OCR, and batch-review the candidate text.",private_panel_crop_path; ocr_lines; corrected_text; reviewer; manual_verified,1,0
kit_kat_bar,Kit Kat Bar,Current SKU anchor,kit_kat_bar__current_2020s__61__1,smartlabel.hersheys.com,panel_source_candidate,https://smartlabel.hersheys.com/034000002467-0011-en-US/index.html,low,panel_capture_needed,source_page_capture_blocked_no_network,not_ready_for_ocr,ocr_skipped_no_image,0,spark_packet,packet_ready,needs_source_review,"Capture a private crop of the ingredient/nutrition/document panel, run native OCR, and batch-review the candidate text.",private_panel_crop_path; ocr_lines; corrected_text; reviewer; manual_verified,1,0
kool_aid_cherry,Kool-Aid Cherry Drink Mix,Current SKU anchor,kool_aid_cherry__current_2020s__265__1,walmart.com,panel_source_candidate,https://www.walmart.com/ip/10292772,low,panel_capture_needed,source_page_capture_blocked_no_network,not_ready_for_ocr,ocr_skipped_no_image,0,spark_packet,packet_ready,needs_source_review,"Capture a private crop of the ingredient/nutrition/document panel, run native OCR, and batch-review the candidate text.",private_panel_crop_path; ocr_lines; corrected_text; reviewer; manual_verified,1,0
kraft_singles_american,Kraft Singles American Cheese,Current SKU anchor,kraft_singles_american__current_2020s__78__4,kraftheinz.com,panel_source_candidate,https://www.kraftheinz.com/kraft-singles/products/00021000604739-singles-american-pasteurized-prepared-cheese-product-slices/,low,panel_capture_needed,source_page_capture_blocked_no_network,not_ready_for_ocr,ocr_skipped_no_image,0,spark_packet,packet_ready,needs_source_review,"Capture a private crop of the ingredient/nutrition/document panel, run native OCR, and batch-review the candidate text.",private_panel_crop_path; ocr_lines; corrected_text; reviewer; manual_verified,1,0
lays_classic,Lay's Classic Potato Chips,Current SKU anchor,lays_classic__current_2020s__28__2,smartlabel.pepsico.info,panel_source_candidate,https://smartlabel.pepsico.info/028400017145-0003-en-US/index.html,low,panel_capture_needed,source_page_capture_blocked_no_network,not_ready_for_ocr,ocr_skipped_no_image,0,spark_packet,packet_ready,needs_source_review,"Capture a private crop of the ingredient/nutrition/document panel, run native OCR, and batch-review the candidate text.",private_panel_crop_path; ocr_lines; corrected_text; reviewer; manual_verified,1,0
lean_cuisine_salisbury_steak,Lean Cuisine Salisbury Steak,Current SKU anchor,lean_cuisine_salisbury_steak__current_2020s__771__5,goodnes.com,panel_source_candidate,https://www.goodnes.com/lean-cuisine/products/salisbury-steak-macaroni-cheese-meal/,low,panel_capture_needed,source_page_capture_blocked_no_network,not_ready_for_ocr,ocr_skipped_no_image,0,spark_packet,packet_ready,needs_source_review,"Capture a private crop of the ingredient/nutrition/document panel, run native OCR, and batch-review the candidate text.",private_panel_crop_path; ocr_lines; corrected_text; reviewer; manual_verified,1,0
life_cereal_original,Life Cereal Original,Current SKU anchor,life_cereal_original__current_2020s__121__2,smartlabel.pepsico.info,panel_source_candidate,https://smartlabel.pepsico.info/030000063545-0021-en-US/index.html,low,panel_capture_needed,source_page_capture_blocked_no_network,not_ready_for_ocr,ocr_skipped_no_image,0,spark_packet,packet_ready,needs_source_review,"Capture a private crop of the ingredient/nutrition/document panel, run native OCR, and batch-review the candidate text.",private_panel_crop_path; ocr_lines; corrected_text; reviewer; manual_verified,1,0
little_debbie_oatmeal_creme_pies,Little Debbie Oatmeal Creme Pies,Current SKU anchor,little_debbie_oatmeal_creme_pies__current_2020s__831__5,mckeefoodservice.com,panel_source_candidate,https://mckeefoodservice.com/storage/app/media/Products/2026-spec-sheets/ld-dd-oatmeal-creme-pies-detail-sheet-1.pdf,low,panel_capture_needed,source_page_capture_blocked_no_network,not_ready_for_ocr,ocr_skipped_no_image,0,spark_packet,packet_ready,needs_source_review,"Capture a private crop of the ingredient/nutrition/document panel, run native OCR, and batch-review the candidate text.",private_panel_crop_path; ocr_lines; corrected_text; reviewer; manual_verified,1,0
little_debbie_swiss_rolls,Little Debbie Swiss Rolls,Current SKU anchor,little_debbie_swiss_rolls__current_2020s__107__1,walmart.com,panel_source_candidate,https://www.walmart.com/ip/10295209,low,panel_capture_needed,source_page_capture_blocked_no_network,not_ready_for_ocr,ocr_skipped_no_image,0,spark_packet,packet_ready,needs_source_review,"Capture a private crop of the ingredient/nutrition/document panel, run native OCR, and batch-review the candidate text.",private_panel_crop_path; ocr_lines; corrected_text; reviewer; manual_verified,1,0
lucky_charms,Lucky Charms,Current SKU anchor,lucky_charms__current_2020s__42__1,luckycharms.com,panel_source_candidate,https://www.luckycharms.com/products/lucky-charms-original-cereal,low,panel_capture_needed,source_page_capture_blocked_no_network,not_ready_for_ocr,ocr_skipped_no_image,0,spark_packet,packet_ready,needs_source_review,"Capture a private crop of the ingredient/nutrition/document panel, run native OCR, and batch-review the candidate text.",private_panel_crop_path; ocr_lines; corrected_text; reviewer; manual_verified,1,0
mms_milk_chocolate,M&M's Milk Chocolate Candies,Current SKU anchor,mms_milk_chocolate__current_2020s__1082__1,walmart.com,panel_source_candidate,https://www.walmart.com/ip/15430114556,low,panel_capture_needed,source_page_capture_blocked_no_network,not_ready_for_ocr,ocr_skipped_no_image,0,spark_packet,packet_ready,needs_source_review,"Capture a private crop of the ingredient/nutrition/document panel, run native OCR, and batch-review the candidate text.",private_panel_crop_path; ocr_lines; corrected_text; reviewer; manual_verified,1,0
mcdonalds_world_famous_fries,McDonald's World Famous Fries,Current SKU anchor,mcdonalds_world_famous_fries__current_2020s__498__1,mcdonalds.com,panel_source_candidate,https://www.mcdonalds.com/us/en-us/product/small-french-fries.html,low,panel_capture_needed,source_page_capture_blocked_no_network,not_ready_for_ocr,ocr_skipped_no_image,0,spark_packet,packet_ready,needs_source_review,"Capture a private crop of the ingredient/nutrition/document panel, run native OCR, and batch-review the candidate text.",private_panel_crop_path; ocr_lines; corrected_text; reviewer; manual_verified,1,0
mcdonalds_world_famous_fries,McDonald's World Famous Fries,Earliest label hunt,mcdonalds_world_famous_fries__earliest_verified_label__650__3,grist.org,panel_source_candidate,https://grist.org/wp-content/uploads/2010/07/nutritionfacts.pdf,low,panel_capture_needed,source_page_capture_blocked_no_network,not_ready_for_ocr,ocr_skipped_no_image,0,spark_packet,packet_ready,needs_source_review,"Capture a private crop of the ingredient/nutrition/document panel, run native OCR, and batch-review the candidate text.",private_panel_crop_path; ocr_lines; corrected_text; reviewer; manual_verified,1,0
milky_way_bar,Milky Way Bar,Current SKU anchor,milky_way_bar__current_2020s__927__5,target.com,panel_source_candidate,https://www.target.com/p/-/A-87922432,low,panel_capture_needed,source_page_capture_blocked_no_network,not_ready_for_ocr,ocr_skipped_no_image,0,spark_packet,packet_ready,needs_source_review,"Capture a private crop of the ingredient/nutrition/document panel, run native OCR, and batch-review the candidate text.",private_panel_crop_path; ocr_lines; corrected_text; reviewer; manual_verified,1,0
miracle_whip_original,Miracle Whip Original,Current SKU anchor,miracle_whip_original__current_2020s__955__3,kraftheinz.com,panel_source_candidate,https://www.kraftheinz.com/miracle-whip/products/00021000647002-mayo-like-dressing,low,panel_capture_needed,source_page_capture_blocked_no_network,not_ready_for_ocr,ocr_skipped_no_image,0,spark_packet,packet_ready,needs_source_review,"Capture a private crop of the ingredient/nutrition/document panel, run native OCR, and batch-review the candidate text.",private_panel_crop_path; ocr_lines; corrected_text; reviewer; manual_verified,1,0
mountain_dew_original,Mountain Dew Original,Current SKU anchor,mountain_dew_original__current_2020s__34__3,smartlabel.pepsico.info,panel_source_candidate,https://smartlabel.pepsico.info/012000809897-0001-en-US/index.html,low,panel_capture_needed,source_page_capture_blocked_no_network,not_ready_for_ocr,ocr_skipped_no_image,0,spark_packet,packet_ready,needs_source_review,"Capture a private crop of the ingredient/nutrition/document panel, run native OCR, and batch-review the candidate text.",private_panel_crop_path; ocr_lines; corrected_text; reviewer; manual_verified,1,0
nilla_wafers,Nilla Wafers,Current SKU anchor,nilla_wafers__current_2020s__64__5,walmart.com,panel_source_candidate,https://www.walmart.com/ip/17176262,low,panel_capture_needed,source_page_capture_blocked_no_network,not_ready_for_ocr,ocr_skipped_no_image,0,spark_packet,packet_ready,needs_source_review,"Capture a private crop of the ingredient/nutrition/document panel, run native OCR, and batch-review the candidate text.",private_panel_crop_path; ocr_lines; corrected_text; reviewer; manual_verified,1,0
nutella_hazelnut_spread,Nutella Hazelnut Spread,Current SKU anchor,nutella_hazelnut_spread__current_2020s__878__5,vitcofoods.com,panel_source_candidate,https://www.vitcofoods.com/productspecs/3298.pdf,low,panel_capture_needed,source_page_capture_blocked_no_network,not_ready_for_ocr,ocr_skipped_no_image,0,spark_packet,packet_ready,needs_source_review,"Capture a private crop of the ingredient/nutrition/document panel, run native OCR, and batch-review the candidate text.",private_panel_crop_path; ocr_lines; corrected_text; reviewer; manual_verified,1,0
oscar_mayer_bologna,Oscar Mayer Bologna,Current SKU anchor,oscar_mayer_bologna__current_2020s__822__4,thefreshgrocer.com,panel_source_candidate,https://www.thefreshgrocer.com/product/oscar-mayer-original-bologna-16-oz-id-00044700008577,low,panel_capture_needed,source_page_capture_blocked_no_network,not_ready_for_ocr,ocr_skipped_no_image,0,spark_packet,packet_ready,needs_source_review,"Capture a private crop of the ingredient/nutrition/document panel, run native OCR, and batch-review the candidate text.",private_panel_crop_path; ocr_lines; corrected_text; reviewer; manual_verified,1,0
oscar_mayer_wieners,Oscar Mayer Wieners,Current SKU anchor,oscar_mayer_wieners__current_2020s__110__2,oscarmayer.com,panel_source_candidate,https://www.oscarmayer.com/products/00044700097014-classic-wieners-hot-dogs-mega-pack/,low,panel_capture_needed,source_page_capture_blocked_no_network,not_ready_for_ocr,ocr_skipped_no_image,0,spark_packet,packet_ready,needs_source_review,"Capture a private crop of the ingredient/nutrition/document panel, run native OCR, and batch-review the candidate text.",private_panel_crop_path; ocr_lines; corrected_text; reviewer; manual_verified,1,0
oscar_mayer_wieners,Oscar Mayer Wieners,Earliest label hunt,oscar_mayer_wieners__earliest_verified_label__791__1,in.gov,panel_source_candidate,https://www.in.gov/health/food-protection/files/Kraft_Foods_Group_Inc_RECALL_Food.pdf,low,panel_capture_needed,source_page_capture_blocked_no_network,not_ready_for_ocr,ocr_skipped_no_image,0,spark_packet,packet_ready,needs_source_review,"Capture a private crop of the ingredient/nutrition/document panel, run native OCR, and batch-review the candidate text.",private_panel_crop_path; ocr_lines; corrected_text; reviewer; manual_verified,1,0
panera_broccoli_cheddar_soup,Panera Broccoli Cheddar Soup,Current SKU anchor,panera_broccoli_cheddar_soup__current_2020s__832__3,blountfinefoods.com,panel_source_candidate,https://blountfinefoods.com/images/documents/nutritionals/Panera_16oz_Retail/Panera_16oz_BrocChed_69091.pdf,low,panel_capture_needed,source_page_capture_blocked_no_network,not_ready_for_ocr,ocr_skipped_no_image,0,spark_packet,packet_ready,needs_source_review,"Capture a private crop of the ingredient/nutrition/document panel, run native OCR, and batch-review the candidate text.",private_panel_crop_path; ocr_lines; corrected_text; reviewer; manual_verified,1,0
pearl_milling_pancake_mix_original,Pearl Milling Company Original Pancake Mix,Current SKU anchor,pearl_milling_pancake_mix_original__current_2020s__742__6,pearlmillingcompany.com,panel_source_candidate,https://www.pearlmillingcompany.com/productos-esp/pancake_waffle_mixes/original_pancakes,low,panel_capture_needed,source_page_capture_blocked_no_network,not_ready_for_ocr,ocr_skipped_no_image,0,spark_packet,packet_ready,needs_source_review,"Capture a private crop of the ingredient/nutrition/document panel, run native OCR, and batch-review the candidate text.",private_panel_crop_path; ocr_lines; corrected_text; reviewer; manual_verified,1,0
pepperidge_farm_goldfish_cheddar,Pepperidge Farm Goldfish Cheddar,Current SKU anchor,pepperidge_farm_goldfish_cheddar__current_2020s__47__4,pepperidgefarm.com,panel_source_candidate,https://www.pepperidgefarm.com/product/goldfish-cheddar-crackers/,low,panel_capture_needed,source_page_capture_blocked_no_network,not_ready_for_ocr,ocr_skipped_no_image,0,spark_packet,packet_ready,needs_source_review,"Capture a private crop of the ingredient/nutrition/document panel, run native OCR, and batch-review the candidate text.",private_panel_crop_path; ocr_lines; corrected_text; reviewer; manual_verified,1,0
pepsi_cola,Pepsi Cola,Current SKU anchor,pepsi_cola__current_2020s__33__3,smartlabel.pepsico.info,panel_source_candidate,https://smartlabel.pepsico.info/012000809941-0001-en-US/index.html,low,panel_capture_needed,source_page_capture_blocked_no_network,not_ready_for_ocr,ocr_skipped_no_image,0,spark_packet,packet_ready,needs_source_review,"Capture a private crop of the ingredient/nutrition/document panel, run native OCR, and batch-review the candidate text.",private_panel_crop_path; ocr_lines; corrected_text; reviewer; manual_verified,1,0
philadelphia_cream_cheese_original,Philadelphia Original Cream Cheese,Current SKU anchor,philadelphia_cream_cheese_original__current_2020s__1062__1,target.com,panel_source_candidate,https://www.target.com/p/-/A-12958523,low,panel_capture_needed,source_page_capture_blocked_no_network,not_ready_for_ocr,ocr_skipped_no_image,0,spark_packet,packet_ready,needs_source_review,"Capture a private crop of the ingredient/nutrition/document panel, run native OCR, and batch-review the candidate text.",private_panel_crop_path; ocr_lines; corrected_text; reviewer; manual_verified,1,0
pillsbury_crescent_rolls,Pillsbury Crescent Rolls,Current SKU anchor,pillsbury_crescent_rolls__current_2020s__692__5,go-upc.com,panel_source_candidate,https://go-upc.com/search?q=018000287123,low,panel_capture_needed,source_page_capture_blocked_no_network,not_ready_for_ocr,ocr_skipped_no_image,0,spark_packet,packet_ready,needs_source_review,"Capture a private crop of the ingredient/nutrition/document panel, run native OCR, and batch-review the candidate text.",private_panel_crop_path; ocr_lines; corrected_text; reviewer; manual_verified,1,0
pillsbury_toaster_strudel_strawberry,Pillsbury Toaster Strudel Strawberry,Current SKU anchor,pillsbury_toaster_strudel_strawberry__current_2020s__136__1,pillsbury.com,panel_source_candidate,https://www.pillsbury.com/products/toaster-strudel/pillsbury-toaster-strudel-pastries-mega-icing-strawberry,low,panel_capture_needed,source_page_capture_blocked_no_network,not_ready_for_ocr,ocr_skipped_no_image,0,spark_packet,packet_ready,needs_source_review,"Capture a private crop of the ingredient/nutrition/document panel, run native OCR, and batch-review the candidate text.",private_panel_crop_path; ocr_lines; corrected_text; reviewer; manual_verified,1,0
pizza_hut_original_pan_pepperoni,Pizza Hut Original Pan Pepperoni Pizza,Current SKU anchor,pizza_hut_original_pan_pepperoni__current_2020s__656__1,district.schoolnutritionandfitness.com,panel_source_candidate,https://district.schoolnutritionandfitness.com/webstercentralsd/files/Specs2/PizzaEntrees/Pizza_Hut_School_Lunch_Ingredient_Statement.pdf,low,panel_capture_needed,source_page_capture_blocked_no_network,not_ready_for_ocr,ocr_skipped_no_image,0,spark_packet,packet_ready,needs_source_review,"Capture a private crop of the ingredient/nutrition/document panel, run native OCR, and batch-review the candidate text.",private_panel_crop_path; ocr_lines; corrected_text; reviewer; manual_verified,1,0
poptarts_brown_sugar_cinnamon,Pop-Tarts Frosted Brown Sugar Cinnamon,Current SKU anchor,poptarts_brown_sugar_cinnamon__current_2020s__43__5,smartlabel.kelloggs.com,panel_source_candidate,https://smartlabel.kelloggs.com/Product/Index/038000317309,low,panel_capture_needed,source_page_capture_blocked_no_network,not_ready_for_ocr,ocr_skipped_no_image,0,spark_packet,packet_ready,needs_source_review,"Capture a private crop of the ingredient/nutrition/document panel, run native OCR, and batch-review the candidate text.",private_panel_crop_path; ocr_lines; corrected_text; reviewer; manual_verified,1,0
popeyes_chicken_sandwich,Popeyes Chicken Sandwich,Current SKU anchor,popeyes_chicken_sandwich__current_2020s__667__1,plk-use1-prod.sites.rbictg.com,panel_source_candidate,https://plk-use1-prod.sites.rbictg.com/nutrition/PLK_US_Ingredient_Information.pdf,low,panel_capture_needed,source_page_capture_blocked_no_network,not_ready_for_ocr,ocr_skipped_no_image,0,spark_packet,packet_ready,needs_source_review,"Capture a private crop of the ingredient/nutrition/document panel, run native OCR, and batch-review the candidate text.",private_panel_crop_path; ocr_lines; corrected_text; reviewer; manual_verified,1,0
grape_nuts,Post Grape-Nuts,Current SKU anchor,grape_nuts__current_2020s__120__2,grapenuts.com,panel_source_candidate,https://www.grapenuts.com/products/the-original/,low,panel_capture_needed,source_page_capture_blocked_no_network,not_ready_for_ocr,ocr_skipped_no_image,0,spark_packet,packet_ready,needs_source_review,"Capture a private crop of the ingredient/nutrition/document panel, run native OCR, and batch-review the candidate text.",private_panel_crop_path; ocr_lines; corrected_text; reviewer; manual_verified,1,0
pringles_original,Pringles Original Crisps,Current SKU anchor,pringles_original__current_2020s__48__5,pringles.com,panel_source_candidate,https://www.pringles.com/en-us/products/pringles-original-crisps.html,low,panel_capture_needed,source_page_capture_blocked_no_network,not_ready_for_ocr,ocr_skipped_no_image,0,spark_packet,packet_ready,needs_source_review,"Capture a private crop of the ingredient/nutrition/document panel, run native OCR, and batch-review the candidate text.",private_panel_crop_path; ocr_lines; corrected_text; reviewer; manual_verified,1,0
quaker_old_fashioned_oats,Quaker Old Fashioned Oats,Current SKU anchor,quaker_old_fashioned_oats__current_2020s__1091__3,smartlabel.pepsico.info,panel_source_candidate,https://smartlabel.pepsico.info/030000010204-0004-en-US/index.html,low,panel_capture_needed,source_page_capture_blocked_no_network,not_ready_for_ocr,ocr_skipped_no_image,0,spark_packet,packet_ready,needs_source_review,"Capture a private crop of the ingredient/nutrition/document panel, run native OCR, and batch-review the candidate text.",private_panel_crop_path; ocr_lines; corrected_text; reviewer; manual_verified,1,0
reeses_peanut_butter_cups,Reese's Peanut Butter Cups,Current SKU anchor,reeses_peanut_butter_cups__current_2020s__1052__4,smartlabel.hersheys.com,panel_source_candidate,https://smartlabel.hersheys.com/00034000004409-0005#ingredients,low,panel_capture_needed,source_page_capture_blocked_no_network,not_ready_for_ocr,ocr_skipped_no_image,0,spark_packet,packet_ready,needs_source_review,"Capture a private crop of the ingredient/nutrition/document panel, run native OCR, and batch-review the candidate text.",private_panel_crop_path; ocr_lines; corrected_text; reviewer; manual_verified,1,0
rice_krispies_treats_original,Rice Krispies Treats Original,Current SKU anchor,rice_krispies_treats_original__current_2020s__112__2,smartlabel.kelloggs.com,panel_source_candidate,https://smartlabel.kelloggs.com/Product/Index/038000126710,low,panel_capture_needed,source_page_capture_blocked_no_network,not_ready_for_ocr,ocr_skipped_no_image,0,spark_packet,packet_ready,needs_source_review,"Capture a private crop of the ingredient/nutrition/document panel, run native OCR, and batch-review the candidate text.",private_panel_crop_path; ocr_lines; corrected_text; reviewer; manual_verified,1,0
ritz_original_crackers,Ritz Original Crackers,Current SKU anchor,ritz_original_crackers__current_2020s__30__2,smartlabel.mondelez.info,panel_source_candidate,https://smartlabel.mondelez.info/044000031121-0001-en-US/index.html,low,panel_capture_needed,source_page_capture_blocked_no_network,not_ready_for_ocr,ocr_skipped_no_image,0,spark_packet,packet_ready,needs_source_review,"Capture a private crop of the ingredient/nutrition/document panel, run native OCR, and batch-review the candidate text.",private_panel_crop_path; ocr_lines; corrected_text; reviewer; manual_verified,1,0
ruffles_original,Ruffles Original Potato Chips,Current SKU anchor,ruffles_original__current_2020s__79__3,smartlabel.pepsico.info,panel_source_candidate,https://smartlabel.pepsico.info/028400020893-0003-en-US/index.html,low,panel_capture_needed,source_page_capture_blocked_no_network,not_ready_for_ocr,ocr_skipped_no_image,0,spark_packet,packet_ready,needs_source_review,"Capture a private crop of the ingredient/nutrition/document panel, run native OCR, and batch-review the candidate text.",private_panel_crop_path; ocr_lines; corrected_text; reviewer; manual_verified,1,0
skippy_creamy_peanut_butter,Skippy Creamy Peanut Butter,Current SKU anchor,skippy_creamy_peanut_butter__current_2020s__66__4,peanutbutter.com,panel_source_candidate,https://www.peanutbutter.com/product/creamy-peanut-butter/,low,panel_capture_needed,source_page_capture_blocked_no_network,not_ready_for_ocr,ocr_skipped_no_image,0,spark_packet,packet_ready,needs_source_review,"Capture a private crop of the ingredient/nutrition/document panel, run native OCR, and batch-review the candidate text.",private_panel_crop_path; ocr_lines; corrected_text; reviewer; manual_verified,1,0
skittles_original,Skittles Original,Current SKU anchor,skittles_original__current_2020s__113__1,skittles.com,panel_source_candidate,https://www.skittles.com/products/skittles-original-fruity-candy-single-pack-217-oz-skittles-chewy,low,panel_capture_needed,source_page_capture_blocked_no_network,not_ready_for_ocr,ocr_skipped_no_image,0,spark_packet,packet_ready,needs_source_review,"Capture a private crop of the ingredient/nutrition/document panel, run native OCR, and batch-review the candidate text.",private_panel_crop_path; ocr_lines; corrected_text; reviewer; manual_verified,1,0
smuckers_strawberry_preserves,Smucker's Strawberry Preserves,Current SKU anchor,smuckers_strawberry_preserves__current_2020s__892__2,smuckerawayfromhome.com,panel_source_candidate,https://www.smuckerawayfromhome.com/products-pdf/smucker-48-ounce-strawberry-preserves-6-count.pdf,low,panel_capture_needed,source_page_capture_blocked_no_network,not_ready_for_ocr,ocr_skipped_no_image,0,spark_packet,packet_ready,needs_source_review,"Capture a private crop of the ingredient/nutrition/document panel, run native OCR, and batch-review the candidate text.",private_panel_crop_path; ocr_lines; corrected_text; reviewer; manual_verified,1,0
snickers_bar,Snickers Bar,Current SKU anchor,snickers_bar__current_2020s__49__1,snickers.com,panel_source_candidate,https://www.snickers.com/products/chocolate/snickers-singles-size-chocolate-candy-bar-186-oz,low,panel_capture_needed,source_page_capture_blocked_no_network,not_ready_for_ocr,ocr_skipped_no_image,0,spark_packet,packet_ready,needs_source_review,"Capture a private crop of the ingredient/nutrition/document panel, run native OCR, and batch-review the candidate text.",private_panel_crop_path; ocr_lines; corrected_text; reviewer; manual_verified,1,0
spaghettios_original,SpaghettiOs Original,Current SKU anchor,spaghettios_original__current_2020s__89__3,campbellsfoodservice.com,panel_source_candidate,https://www.campbellsfoodservice.com/product/spaghettios-original/?product-pdf=_,low,panel_capture_needed,source_page_capture_blocked_no_network,not_ready_for_ocr,ocr_skipped_no_image,0,spark_packet,packet_ready,needs_source_review,"Capture a private crop of the ingredient/nutrition/document panel, run native OCR, and batch-review the candidate text.",private_panel_crop_path; ocr_lines; corrected_text; reviewer; manual_verified,1,0
spam_classic,SPAM Classic,Current SKU anchor,spam_classic__current_2020s__67__7,spam.com,panel_source_candidate,https://www.spam.com/varieties/spam-classic,low,panel_capture_needed,source_page_capture_blocked_no_network,not_ready_for_ocr,ocr_skipped_no_image,0,spark_packet,packet_ready,needs_source_review,"Capture a private crop of the ingredient/nutrition/document panel, run native OCR, and batch-review the candidate text.",private_panel_crop_path; ocr_lines; corrected_text; reviewer; manual_verified,1,0
sprite_original,Sprite Original,Current SKU anchor,sprite_original__current_2020s__80__2,coca-cola.com,panel_source_candidate,https://www.coca-cola.com/us/en/brands/sprite/products,low,panel_capture_needed,source_page_capture_blocked_no_network,not_ready_for_ocr,ocr_skipped_no_image,0,spark_packet,packet_ready,needs_source_review,"Capture a private crop of the ingredient/nutrition/document panel, run native OCR, and batch-review the candidate text.",private_panel_crop_path; ocr_lines; corrected_text; reviewer; manual_verified,1,0
starbucks_pumpkin_spice_latte,Starbucks Pumpkin Spice Latte,Current SKU anchor,starbucks_pumpkin_spice_latte__current_2020s__966__1,starbucks.co.uk,panel_source_candidate,https://www.starbucks.co.uk/sites/starbucks-uk-pwa/files/2025-09/AUT25_UK_AllergenBook_CORE_BEVERAGE_v1509.pdf,low,panel_capture_needed,source_page_capture_blocked_no_network,not_ready_for_ocr,ocr_skipped_no_image,0,spark_packet,packet_ready,needs_source_review,"Capture a private crop of the ingredient/nutrition/document panel, run native OCR, and batch-review the candidate text.",private_panel_crop_path; ocr_lines; corrected_text; reviewer; manual_verified,1,0
starbucks_pumpkin_spice_latte,Starbucks Pumpkin Spice Latte,Earliest label hunt,starbucks_pumpkin_spice_latte__earliest_verified_label__768__1,stories.starbucks.com,panel_source_candidate,https://stories.starbucks.com/uploads/2023/08/PA082-Fall-Promo-PSL-20-Timeline-US-EN.pdf,low,panel_capture_needed,source_page_capture_blocked_no_network,not_ready_for_ocr,ocr_skipped_no_image,0,spark_packet,packet_ready,needs_source_review,"Capture a private crop of the ingredient/nutrition/document panel, run native OCR, and batch-review the candidate text.",private_panel_crop_path; ocr_lines; corrected_text; reviewer; manual_verified,1,0
starburst_original,Starburst Original,Current SKU anchor,starburst_original__current_2020s__689__4,healthscienceinsights.com,panel_source_candidate,https://www.healthscienceinsights.com/en/tools/nutrition-facts/products/2109372-starburst-fruit-chews-original-original/,low,panel_capture_needed,source_page_capture_blocked_no_network,not_ready_for_ocr,ocr_skipped_no_image,0,spark_packet,packet_ready,needs_source_review,"Capture a private crop of the ingredient/nutrition/document panel, run native OCR, and batch-review the candidate text.",private_panel_crop_path; ocr_lines; corrected_text; reviewer; manual_verified,1,0
stouffers_lasagna_meat_sauce,Stouffer's Lasagna with Meat & Sauce,Current SKU anchor,stouffers_lasagna_meat_sauce__current_2020s__453__4,nestleprofessional.us,panel_source_candidate,https://www.nestleprofessional.us/stouffers/stouffers-lasagna-meat-sauce-4-x-96-ounces-tray,low,panel_capture_needed,source_page_capture_blocked_no_network,not_ready_for_ocr,ocr_skipped_no_image,0,spark_packet,packet_ready,needs_source_review,"Capture a private crop of the ingredient/nutrition/document panel, run native OCR, and batch-review the candidate text.",private_panel_crop_path; ocr_lines; corrected_text; reviewer; manual_verified,1,0
subway_italian_bmt,Subway Italian B.M.T.,Current SKU anchor,subway_italian_bmt__current_2020s__570__1,subway.com,panel_source_candidate,https://www.subway.com/en-US/MenuNutrition/Nutrition/NutritionGrid,low,panel_capture_needed,source_page_capture_blocked_no_network,not_ready_for_ocr,ocr_skipped_no_image,0,spark_packet,packet_ready,needs_source_review,"Capture a private crop of the ingredient/nutrition/document panel, run native OCR, and batch-review the candidate text.",private_panel_crop_path; ocr_lines; corrected_text; reviewer; manual_verified,1,0
subway_tuna_sub,Subway Tuna Sub,Current SKU anchor,subway_tuna_sub__current_2020s__587__1,subway.com,panel_source_candidate,https://www.subway.com/en-us/-/media/northamerica/usa/nutrition/nutritiondocuments/2025/us_ingredients_eng_1-23-25.pdf,low,panel_capture_needed,source_page_capture_blocked_no_network,not_ready_for_ocr,ocr_skipped_no_image,0,spark_packet,packet_ready,needs_source_review,"Capture a private crop of the ingredient/nutrition/document panel, run native OCR, and batch-review the candidate text.",private_panel_crop_path; ocr_lines; corrected_text; reviewer; manual_verified,1,0
subway_tuna_sub,Subway Tuna Sub,Earliest label hunt,subway_tuna_sub__earliest_verified_label__803__1,cpb-us-e1.wpmucdn.com,panel_source_candidate,https://cpb-us-e1.wpmucdn.com/sites.psu.edu/dist/9/18072/files/2015/10/Subway_NutritionFacts.pdf,low,panel_capture_needed,source_page_capture_blocked_no_network,not_ready_for_ocr,ocr_skipped_no_image,0,spark_packet,packet_ready,needs_source_review,"Capture a private crop of the ingredient/nutrition/document panel, run native OCR, and batch-review the candidate text.",private_panel_crop_path; ocr_lines; corrected_text; reviewer; manual_verified,1,0
sunchips_harvest_cheddar,SunChips Harvest Cheddar,Current SKU anchor,sunchips_harvest_cheddar__current_2020s__127__5,smartlabel.pepsico.info,panel_source_candidate,https://smartlabel.pepsico.info/028400160001-0003-en-US/index.html,low,panel_capture_needed,source_page_capture_blocked_no_network,not_ready_for_ocr,ocr_skipped_no_image,0,spark_packet,packet_ready,needs_source_review,"Capture a private crop of the ingredient/nutrition/document panel, run native OCR, and batch-review the candidate text.",private_panel_crop_path; ocr_lines; corrected_text; reviewer; manual_verified,1,0
taco_bell_bean_burrito,Taco Bell Bean Burrito,Current SKU anchor,taco_bell_bean_burrito__current_2020s__709__1,tacobell.com,panel_source_candidate,https://www.tacobell.com/nutrition/ingredients,low,panel_capture_needed,source_page_capture_blocked_no_network,not_ready_for_ocr,ocr_skipped_no_image,0,spark_packet,packet_ready,needs_source_review,"Capture a private crop of the ingredient/nutrition/document panel, run native OCR, and batch-review the candidate text.",private_panel_crop_path; ocr_lines; corrected_text; reviewer; manual_verified,1,0
taco_bell_crunchy_taco,Taco Bell Crunchy Taco,Current SKU anchor,taco_bell_crunchy_taco__current_2020s__1060__2,tacobell.com,panel_source_candidate,https://www.tacobell.com/nutrition/allergen-info,low,panel_capture_needed,source_page_capture_blocked_no_network,not_ready_for_ocr,ocr_skipped_no_image,0,spark_packet,packet_ready,needs_source_review,"Capture a private crop of the ingredient/nutrition/document panel, run native OCR, and batch-review the candidate text.",private_panel_crop_path; ocr_lines; corrected_text; reviewer; manual_verified,1,0
tang_orange,Tang Orange Drink Mix,Current SKU anchor,tang_orange__current_2020s__125__4,directionsforme.org,panel_source_candidate,https://www.directionsforme.org/product/72807,low,panel_capture_needed,source_page_capture_blocked_no_network,not_ready_for_ocr,ocr_skipped_no_image,0,spark_packet,packet_ready,needs_source_review,"Capture a private crop of the ingredient/nutrition/document panel, run native OCR, and batch-review the candidate text.",private_panel_crop_path; ocr_lines; corrected_text; reviewer; manual_verified,1,0
teddy_grahams_honey,Teddy Grahams Honey,Current SKU anchor,teddy_grahams_honey__current_2020s__841__4,smartlabel.mondelez.info,panel_source_candidate,https://smartlabel.mondelez.info/00044000045586-0001-en-US/index.html,low,panel_capture_needed,source_page_capture_blocked_no_network,not_ready_for_ocr,ocr_skipped_no_image,0,spark_packet,packet_ready,needs_source_review,"Capture a private crop of the ingredient/nutrition/document panel, run native OCR, and batch-review the candidate text.",private_panel_crop_path; ocr_lines; corrected_text; reviewer; manual_verified,1,0
tootsie_roll,Tootsie Roll,Current SKU anchor,tootsie_roll__current_2020s__922__3,tootsie.com,panel_source_candidate,https://tootsie.com/qr/071720309315/,low,panel_capture_needed,source_page_capture_blocked_no_network,not_ready_for_ocr,ocr_skipped_no_image,0,spark_packet,packet_ready,needs_source_review,"Capture a private crop of the ingredient/nutrition/document panel, run native OCR, and batch-review the candidate text.",private_panel_crop_path; ocr_lines; corrected_text; reviewer; manual_verified,1,0
tostitos_original,Tostitos Original Restaurant Style,Current SKU anchor,tostitos_original__current_2020s__90__4,smartlabel.pepsico.info,panel_source_candidate,https://smartlabel.pepsico.info/028400517997-0005-en-US/index.html?stylekey=tostitos-10,low,panel_capture_needed,source_page_capture_blocked_no_network,not_ready_for_ocr,ocr_skipped_no_image,0,spark_packet,packet_ready,needs_source_review,"Capture a private crop of the ingredient/nutrition/document panel, run native OCR, and batch-review the candidate text.",private_panel_crop_path; ocr_lines; corrected_text; reviewer; manual_verified,1,0
totinos_pizza_rolls,Totino's Pizza Rolls,Current SKU anchor,totinos_pizza_rolls__current_2020s__749__2,super1foods.com,panel_source_candidate,https://www.super1foods.com/sm/pickup/rsid/617/product/totinos-pepperoni-pizza-rolls-0496-ounce-50-count-id-00042800109538,low,panel_capture_needed,source_page_capture_blocked_no_network,not_ready_for_ocr,ocr_skipped_no_image,0,spark_packet,packet_ready,needs_source_review,"Capture a private crop of the ingredient/nutrition/document panel, run native OCR, and batch-review the candidate text.",private_panel_crop_path; ocr_lines; corrected_text; reviewer; manual_verified,1,0
triscuit_original,Triscuit Original Crackers,Current SKU anchor,triscuit_original__current_2020s__936__3,smartlabel.mondelez.info,panel_source_candidate,https://smartlabel.mondelez.info/044000050986-0002-en-US/index.html,low,panel_capture_needed,source_page_capture_blocked_no_network,not_ready_for_ocr,ocr_skipped_no_image,0,spark_packet,packet_ready,needs_source_review,"Capture a private crop of the ingredient/nutrition/document panel, run native OCR, and batch-review the candidate text.",private_panel_crop_path; ocr_lines; corrected_text; reviewer; manual_verified,1,0
trix_cereal,Trix Cereal,Current SKU anchor,trix_cereal__current_2020s__292__1,walmart.com,panel_source_candidate,https://www.walmart.com/ip/21125856,low,panel_capture_needed,source_page_capture_blocked_no_network,not_ready_for_ocr,ocr_skipped_no_image,0,spark_packet,packet_ready,needs_source_review,"Capture a private crop of the ingredient/nutrition/document panel, run native OCR, and batch-review the candidate text.",private_panel_crop_path; ocr_lines; corrected_text; reviewer; manual_verified,1,0
twix_bar,Twix Bar,Current SKU anchor,twix_bar__current_2020s__99__1,twix.com,panel_source_candidate,https://www.twix.com/products/chocolate/twix-bar-bars,low,panel_capture_needed,source_page_capture_blocked_no_network,not_ready_for_ocr,ocr_skipped_no_image,0,spark_packet,packet_ready,needs_source_review,"Capture a private crop of the ingredient/nutrition/document panel, run native OCR, and batch-review the candidate text.",private_panel_crop_path; ocr_lines; corrected_text; reviewer; manual_verified,1,0
twizzlers_strawberry,Twizzlers Strawberry Twists,Current SKU anchor,twizzlers_strawberry__current_2020s__139__4,smartlabel.hersheys.com,panel_source_candidate,https://smartlabel.hersheys.com/034000544028-0050-en-US/index.html?cname=00034000544028-0050,low,panel_capture_needed,source_page_capture_blocked_no_network,not_ready_for_ocr,ocr_skipped_no_image,0,spark_packet,packet_ready,needs_source_review,"Capture a private crop of the ingredient/nutrition/document panel, run native OCR, and batch-review the candidate text.",private_panel_crop_path; ocr_lines; corrected_text; reviewer; manual_verified,1,0
velveeta_shells_and_cheese,Velveeta Shells & Cheese,Current SKU anchor,velveeta_shells_and_cheese__current_2020s__94__2,walmart.com,panel_source_candidate,https://www.walmart.com/ip/10295758,low,panel_capture_needed,source_page_capture_blocked_no_network,not_ready_for_ocr,ocr_skipped_no_image,0,spark_packet,packet_ready,needs_source_review,"Capture a private crop of the ingredient/nutrition/document panel, run native OCR, and batch-review the candidate text.",private_panel_crop_path; ocr_lines; corrected_text; reviewer; manual_verified,1,0
wendys_chili,Wendy's Chili,Current SKU anchor,wendys_chili__current_2020s__569__1,order.wendys.com,panel_source_candidate,https://order.wendys.com/us/en/national/menu/fries-sides/chili,low,panel_capture_needed,source_page_capture_blocked_no_network,not_ready_for_ocr,ocr_skipped_no_image,0,spark_packet,packet_ready,needs_source_review,"Capture a private crop of the ingredient/nutrition/document panel, run native OCR, and batch-review the candidate text.",private_panel_crop_path; ocr_lines; corrected_text; reviewer; manual_verified,1,0
wendys_daves_single,Wendy's Dave's Single,Current SKU anchor,wendys_daves_single__current_2020s__632__2,wendys.com,panel_source_candidate,https://www.wendys.com/nutrition-allergens,low,panel_capture_needed,source_page_capture_blocked_no_network,not_ready_for_ocr,ocr_skipped_no_image,0,spark_packet,packet_ready,needs_source_review,"Capture a private crop of the ingredient/nutrition/document panel, run native OCR, and batch-review the candidate text.",private_panel_crop_path; ocr_lines; corrected_text; reviewer; manual_verified,1,0
wheat_thins_original,Wheat Thins Original,Current SKU anchor,wheat_thins_original__current_2020s__56__3,kroger.com,panel_source_candidate,https://www.kroger.com/p/wheat-thins-original-whole-grain-wheat-crackers/0004400006918,low,panel_capture_needed,source_page_capture_blocked_no_network,not_ready_for_ocr,ocr_skipped_no_image,0,spark_packet,packet_ready,needs_source_review,"Capture a private crop of the ingredient/nutrition/document panel, run native OCR, and batch-review the candidate text.",private_panel_crop_path; ocr_lines; corrected_text; reviewer; manual_verified,1,0
wheaties,Wheaties,Current SKU anchor,wheaties__current_2020s__116__2,wheaties.com,panel_source_candidate,https://wheaties.com/nutrition,low,panel_capture_needed,source_page_capture_blocked_no_network,not_ready_for_ocr,ocr_skipped_no_image,0,spark_packet,packet_ready,needs_source_review,"Capture a private crop of the ingredient/nutrition/document panel, run native OCR, and batch-review the candidate text.",private_panel_crop_path; ocr_lines; corrected_text; reviewer; manual_verified,1,0
7up_original,7UP Original,1980s or earlier lead,7up_original__1980s_or_earlier__273__1,flickr.com,panel_source_candidate,https://www.flickr.com/photos/jasonliebigstuff/548698222,low,panel_capture_needed,source_page_capture_blocked_no_network,not_ready_for_ocr,ocr_skipped_no_image,0,spark_packet,packet_ready,needs_source_review,"Capture a private crop of the ingredient/nutrition/document panel, run native OCR, and batch-review the candidate text.",private_panel_crop_path; ocr_lines; corrected_text; reviewer; manual_verified,1,0
capn_crunch_original,Cap'n Crunch Original,1980s or earlier lead,capn_crunch_original__1980s_or_earlier__277__4,flickr.com,panel_source_candidate,https://www.flickr.com/photos/25692985%40N07/3461366520,low,panel_capture_needed,source_page_capture_blocked_no_network,not_ready_for_ocr,ocr_skipped_no_image,0,spark_packet,packet_ready,needs_source_review,"Capture a private crop of the ingredient/nutrition/document panel, run native OCR, and batch-review the candidate text.",private_panel_crop_path; ocr_lines; corrected_text; reviewer; manual_verified,1,0
dinty_moore_beef_stew,Dinty Moore Beef Stew,1980s or earlier lead,dinty_moore_beef_stew__1980s_or_earlier__1059__2,flickr.com,panel_source_candidate,https://www.flickr.com/photos/jasonliebigstuff/24195451113/,low,panel_capture_needed,source_page_capture_blocked_no_network,not_ready_for_ocr,ocr_skipped_no_image,0,spark_packet,packet_ready,needs_source_review,"Capture a private crop of the ingredient/nutrition/document panel, run native OCR, and batch-review the candidate text.",private_panel_crop_path; ocr_lines; corrected_text; reviewer; manual_verified,1,0
jello_strawberry_gelatin,Jell-O Strawberry Gelatin,1980s or earlier lead,jello_strawberry_gelatin__1980s_or_earlier__185__1,flickr.com,panel_source_candidate,https://www.flickr.com/photos/jasonliebigstuff/2629782517,low,panel_capture_needed,source_page_capture_blocked_no_network,not_ready_for_ocr,ocr_skipped_no_image,0,spark_packet,packet_ready,needs_source_review,"Capture a private crop of the ingredient/nutrition/document panel, run native OCR, and batch-review the candidate text.",private_panel_crop_path; ocr_lines; corrected_text; reviewer; manual_verified,1,0
froot_loops,Kellogg's Froot Loops,1980s or earlier lead,froot_loops__1980s_or_earlier__435__2,flickr.com,panel_source_candidate,https://www.flickr.com/photos/bolio88/7323343912/,low,panel_capture_needed,source_page_capture_blocked_no_network,not_ready_for_ocr,ocr_skipped_no_image,0,spark_packet,packet_ready,needs_source_review,"Capture a private crop of the ingredient/nutrition/document panel, run native OCR, and batch-review the candidate text.",private_panel_crop_path; ocr_lines; corrected_text; reviewer; manual_verified,1,0
frosted_flakes,Kellogg's Frosted Flakes,1980s or earlier lead,frosted_flakes__1980s_or_earlier__478__1,flickr.com,panel_source_candidate,https://www.flickr.com/photos/25692985%40N07/3598792821,low,panel_capture_needed,source_page_capture_blocked_no_network,not_ready_for_ocr,ocr_skipped_no_image,0,spark_packet,packet_ready,needs_source_review,"Capture a private crop of the ingredient/nutrition/document panel, run native OCR, and batch-review the candidate text.",private_panel_crop_path; ocr_lines; corrected_text; reviewer; manual_verified,1,0
lucky_charms,Lucky Charms,1980s or earlier lead,lucky_charms__1980s_or_earlier__276__2,flickr.com,panel_source_candidate,https://www.flickr.com/photos/neatocoolville/423218445,low,panel_capture_needed,source_page_capture_blocked_no_network,not_ready_for_ocr,ocr_skipped_no_image,0,spark_packet,packet_ready,needs_source_review,"Capture a private crop of the ingredient/nutrition/document panel, run native OCR, and batch-review the candidate text.",private_panel_crop_path; ocr_lines; corrected_text; reviewer; manual_verified,1,0
pillsbury_crescent_rolls,Pillsbury Crescent Rolls,1980s or earlier lead,pillsbury_crescent_rolls__1980s_or_earlier__1035__2,ingredientinspector.org,panel_source_candidate,https://www.ingredientinspector.org/home/pillsbury-crescents-rolls-ingredients,low,panel_capture_needed,source_page_capture_blocked_no_network,not_ready_for_ocr,ocr_skipped_no_image,0,spark_packet,packet_ready,needs_source_review,"Capture a private crop of the ingredient/nutrition/document panel, run native OCR, and batch-review the candidate text.",private_panel_crop_path; ocr_lines; corrected_text; reviewer; manual_verified,1,0
spam_classic,SPAM Classic,1980s or earlier lead,spam_classic__1980s_or_earlier__1029__1,hormelfoods.com,panel_source_candidate,https://www.hormelfoods.com/inspired/story/six-simple-ingredients/,low,panel_capture_needed,source_page_capture_blocked_no_network,not_ready_for_ocr,ocr_skipped_no_image,0,spark_packet,packet_ready,needs_source_review,"Capture a private crop of the ingredient/nutrition/document panel, run native OCR, and batch-review the candidate text.",private_panel_crop_path; ocr_lines; corrected_text; reviewer; manual_verified,1,0
sprite_original,Sprite Original,1980s or earlier lead,sprite_original__1980s_or_earlier__417__1,flickr.com,panel_source_candidate,https://www.flickr.com/photos/jasonliebigstuff/581987504,low,panel_capture_needed,source_page_capture_blocked_no_network,not_ready_for_ocr,ocr_skipped_no_image,0,spark_packet,packet_ready,needs_source_review,"Capture a private crop of the ingredient/nutrition/document panel, run native OCR, and batch-review the candidate text.",private_panel_crop_path; ocr_lines; corrected_text; reviewer; manual_verified,1,0
tang_orange,Tang Orange Drink Mix,1980s or earlier lead,tang_orange__1980s_or_earlier__580__1,flickr.com,panel_source_candidate,https://www.flickr.com/photos/jasonliebigstuff/2629548371,low,panel_capture_needed,source_page_capture_blocked_no_network,not_ready_for_ocr,ocr_skipped_no_image,0,spark_packet,packet_ready,needs_source_review,"Capture a private crop of the ingredient/nutrition/document panel, run native OCR, and batch-review the candidate text.",private_panel_crop_path; ocr_lines; corrected_text; reviewer; manual_verified,1,0
trix_cereal,Trix Cereal,1980s or earlier lead,trix_cereal__1980s_or_earlier__208__1,flickr.com,panel_source_candidate,https://www.flickr.com/photos/jasonliebigstuff/2037147592/,low,panel_capture_needed,source_page_capture_blocked_no_network,not_ready_for_ocr,ocr_skipped_no_image,0,spark_packet,packet_ready,needs_source_review,"Capture a private crop of the ingredient/nutrition/document panel, run native OCR, and batch-review the candidate text.",private_panel_crop_path; ocr_lines; corrected_text; reviewer; manual_verified,1,0
wheaties,Wheaties,1980s or earlier lead,wheaties__1980s_or_earlier__638__1,flickr.com,panel_source_candidate,https://www.flickr.com/photos/jasonliebigstuff/4729777211,low,panel_capture_needed,source_page_capture_blocked_no_network,not_ready_for_ocr,ocr_skipped_no_image,0,spark_packet,packet_ready,needs_source_review,"Capture a private crop of the ingredient/nutrition/document panel, run native OCR, and batch-review the candidate text.",private_panel_crop_path; ocr_lines; corrected_text; reviewer; manual_verified,1,0
burger_king_whopper,Burger King Whopper,Current SKU anchor,burger_king_whopper__current_2020s__746__1,help.bk.com,panel_source_candidate,https://help.bk.com/hc/en-us/articles/36913083446935-Where-can-I-view-the-nutrition-and-allergen-information-for-Burger-King-menu-items,low,panel_capture_needed,source_page_capture_blocked_no_network,not_ready_for_ocr,ocr_skipped_no_image,0,spark_packet,packet_ready,needs_source_review,"Capture a private crop of the ingredient/nutrition/document panel, run native OCR, and batch-review the candidate text.",private_panel_crop_path; ocr_lines; corrected_text; reviewer; manual_verified,1,0
chipotle_chicken_burrito,Chipotle Chicken Burrito,Current SKU anchor,chipotle_chicken_burrito__current_2020s__669__2,chipotle.com,panel_source_candidate,https://www.chipotle.com/content/dam/chipotle/menu/nutrition/nutrition.pdf,low,panel_capture_needed,source_page_capture_blocked_no_network,not_ready_for_ocr,ocr_skipped_no_image,0,spark_packet,packet_ready,needs_source_review,"Capture a private crop of the ingredient/nutrition/document panel, run native OCR, and batch-review the candidate text.",private_panel_crop_path; ocr_lines; corrected_text; reviewer; manual_verified,1,0
ball_park_franks,Ball Park Franks,2010s bridge,ball_park_franks__2010s__683__2,upcfoodsearch.com,panel_source_candidate,https://upcfoodsearch.com/food-products/hot-dogs/054500193526/,low,panel_capture_needed,source_page_capture_blocked_no_network,not_ready_for_ocr,ocr_skipped_no_image,0,spark_packet,packet_ready,needs_source_review,"Capture a private crop of the ingredient/nutrition/document panel, run native OCR, and batch-review the candidate text.",private_panel_crop_path; ocr_lines; corrected_text; reviewer; manual_verified,1,0
bisquick_original,Bisquick Original Pancake and Baking Mix,2010s bridge,bisquick_original__2010s__701__1,upcitemdb.com,panel_source_candidate,https://www.upcitemdb.com/upc/16000420403,low,panel_capture_needed,source_page_capture_blocked_no_network,not_ready_for_ocr,ocr_skipped_no_image,0,spark_packet,packet_ready,needs_source_review,"Capture a private crop of the ingredient/nutrition/document panel, run native OCR, and batch-review the candidate text.",private_panel_crop_path; ocr_lines; corrected_text; reviewer; manual_verified,1,0
cheetos_crunchy,Cheetos Crunchy,2010s bridge,cheetos_crunchy__2010s__483__1,customer.vaneerden.com,panel_source_candidate,https://customer.vaneerden.com/Product_PDF/035453.pdf,low,panel_capture_needed,source_page_capture_blocked_no_network,not_ready_for_ocr,ocr_skipped_no_image,0,spark_packet,packet_ready,needs_source_review,"Capture a private crop of the ingredient/nutrition/document panel, run native OCR, and batch-review the candidate text.",private_panel_crop_path; ocr_lines; corrected_text; reviewer; manual_verified,1,0
chips_ahoy_original,Chips Ahoy! Original Cookies,2010s bridge,chips_ahoy_original__2010s__448__3,upcfoodsearch.com,panel_source_candidate,https://upcfoodsearch.com/food-products/chocolate-chip-cookies/044000032197/,low,panel_capture_needed,source_page_capture_blocked_no_network,not_ready_for_ocr,ocr_skipped_no_image,0,spark_packet,packet_ready,needs_source_review,"Capture a private crop of the ingredient/nutrition/document panel, run native OCR, and batch-review the candidate text.",private_panel_crop_path; ocr_lines; corrected_text; reviewer; manual_verified,1,0
cinnamon_toast_crunch,Cinnamon Toast Crunch,2010s bridge,cinnamon_toast_crunch__2010s__512__1,district.schoolnutritionandfitness.com,panel_source_candidate,https://district.schoolnutritionandfitness.com/santaclaritavsfsa/files/labels/Breakfast/Cinnamon_Toast_Crunch_Cereal_200838.pdf,low,panel_capture_needed,source_page_capture_blocked_no_network,not_ready_for_ocr,ocr_skipped_no_image,0,spark_packet,packet_ready,needs_source_review,"Capture a private crop of the ingredient/nutrition/document panel, run native OCR, and batch-review the candidate text.",private_panel_crop_path; ocr_lines; corrected_text; reviewer; manual_verified,1,0
dominos_hand_tossed_pepperoni,Domino's Hand Tossed Pepperoni Pizza,2010s bridge,dominos_hand_tossed_pepperoni__2010s__785__1,dominos.com,panel_source_candidate,https://www.dominos.com/assets/derived/pdf/DominosNutritionGuide.pdf,low,panel_capture_needed,source_page_capture_blocked_no_network,not_ready_for_ocr,ocr_skipped_no_image,0,spark_packet,packet_ready,needs_source_review,"Capture a private crop of the ingredient/nutrition/document panel, run native OCR, and batch-review the candidate text.",private_panel_crop_path; ocr_lines; corrected_text; reviewer; manual_verified,1,0
dr_pepper_original,Dr Pepper Original,2010s bridge,dr_pepper_original__2010s__661__1,sasinc.com,panel_source_candidate,https://www.sasinc.com/wp-content/uploads/2021/09/Pepsico.pdf,low,panel_capture_needed,source_page_capture_blocked_no_network,not_ready_for_ocr,ocr_skipped_no_image,0,spark_packet,packet_ready,needs_source_review,"Capture a private crop of the ingredient/nutrition/document panel, run native OCR, and batch-review the candidate text.",private_panel_crop_path; ocr_lines; corrected_text; reviewer; manual_verified,1,0
dunkin_glazed_donut,Dunkin' Glazed Donut,2000s bridge,dunkin_glazed_donut__2000s__801__1,fastfoodingredients.com,panel_source_candidate,https://www.fastfoodingredients.com/2008/05/03/dunkin-donuts-glazed-munchkin/,low,panel_capture_needed,source_page_capture_blocked_no_network,not_ready_for_ocr,ocr_skipped_no_image,0,spark_packet,packet_ready,needs_source_review,"Capture a private crop of the ingredient/nutrition/document panel, run native OCR, and batch-review the candidate text.",private_panel_crop_path; ocr_lines; corrected_text; reviewer; manual_verified,1,0
eggo_homestyle_waffles,Eggo Homestyle Waffles,2010s bridge,eggo_homestyle_waffles__2010s__775__1,upcitemdb.com,panel_source_candidate,https://www.upcitemdb.com/upc/38000017148,low,panel_capture_needed,source_page_capture_blocked_no_network,not_ready_for_ocr,ocr_skipped_no_image,0,spark_packet,packet_ready,needs_source_review,"Capture a private crop of the ingredient/nutrition/document panel, run native OCR, and batch-review the candidate text.",private_panel_crop_path; ocr_lines; corrected_text; reviewer; manual_verified,1,0
fig_newtons,Fig Newtons,2010s bridge,fig_newtons__2010s__59__1,walmart.com,panel_source_candidate,https://www.walmart.com/ip/13281445,low,panel_capture_needed,source_page_capture_blocked_no_network,not_ready_for_ocr,ocr_skipped_no_image,0,spark_packet,packet_ready,needs_source_review,"Capture a private crop of the ingredient/nutrition/document panel, run native OCR, and batch-review the candidate text.",private_panel_crop_path; ocr_lines; corrected_text; reviewer; manual_verified,1,0
frenchs_yellow_mustard,French's Classic Yellow Mustard,2010s bridge,frenchs_yellow_mustard__2010s__682__2,upcfoodsearch.com,panel_source_candidate,https://upcfoodsearch.com/food-products/mustard/041500000312/,low,panel_capture_needed,source_page_capture_blocked_no_network,not_ready_for_ocr,ocr_skipped_no_image,0,spark_packet,packet_ready,needs_source_review,"Capture a private crop of the ingredient/nutrition/document panel, run native OCR, and batch-review the candidate text.",private_panel_crop_path; ocr_lines; corrected_text; reviewer; manual_verified,1,0
hidden_valley_ranch_original,Hidden Valley Original Ranch,2000s bridge,hidden_valley_ranch_original__2000s__454__1,upcfoodsearch.com,panel_source_candidate,https://upcfoodsearch.com/food-products/ranch-dressing/071100000214/,low,panel_capture_needed,source_page_capture_blocked_no_network,not_ready_for_ocr,ocr_skipped_no_image,0,spark_packet,packet_ready,needs_source_review,"Capture a private crop of the ingredient/nutrition/document panel, run native OCR, and batch-review the candidate text.",private_panel_crop_path; ocr_lines; corrected_text; reviewer; manual_verified,1,0
hidden_valley_ranch_original,Hidden Valley Original Ranch,2010s bridge,hidden_valley_ranch_original__2010s__454__1,upcfoodsearch.com,panel_source_candidate,https://upcfoodsearch.com/food-products/ranch-dressing/071100000214/,low,panel_capture_needed,source_page_capture_blocked_no_network,not_ready_for_ocr,ocr_skipped_no_image,0,spark_packet,packet_ready,needs_source_review,"Capture a private crop of the ingredient/nutrition/document panel, run native OCR, and batch-review the candidate text.",private_panel_crop_path; ocr_lines; corrected_text; reviewer; manual_verified,1,0
hormel_chili_no_beans,Hormel Chili No Beans,2010s bridge,hormel_chili_no_beans__2010s__677__1,upcfoodsearch.com,panel_source_candidate,https://upcfoodsearch.com/food-products/canned-chili/037600241939/,low,panel_capture_needed,source_page_capture_blocked_no_network,not_ready_for_ocr,ocr_skipped_no_image,0,spark_packet,packet_ready,needs_source_review,"Capture a private crop of the ingredient/nutrition/document panel, run native OCR, and batch-review the candidate text.",private_panel_crop_path; ocr_lines; corrected_text; reviewer; manual_verified,1,0
twinkies,Hostess Twinkies,2010s bridge,twinkies__2010s__15__1,upcfoodsearch.com,panel_source_candidate,https://upcfoodsearch.com/food-products/other-pastries/045000001008/,low,panel_capture_needed,source_page_capture_blocked_no_network,not_ready_for_ocr,ocr_skipped_no_image,0,spark_packet,packet_ready,needs_source_review,"Capture a private crop of the ingredient/nutrition/document panel, run native OCR, and batch-review the candidate text.",private_panel_crop_path; ocr_lines; corrected_text; reviewer; manual_verified,1,0
hot_pockets_pepperoni_pizza,Hot Pockets Pepperoni Pizza,2010s bridge,hot_pockets_pepperoni_pizza__2010s__84__1,walmart.com,panel_source_candidate,https://www.walmart.com/ip/49866144,low,panel_capture_needed,source_page_capture_blocked_no_network,not_ready_for_ocr,ocr_skipped_no_image,0,spark_packet,packet_ready,needs_source_review,"Capture a private crop of the ingredient/nutrition/document panel, run native OCR, and batch-review the candidate text.",private_panel_crop_path; ocr_lines; corrected_text; reviewer; manual_verified,1,0
kfc_famous_bowl,KFC Famous Bowl,2010s bridge,kfc_famous_bowl__2010s__700__1,docslib.org,panel_source_candidate,https://docslib.org/doc/513747/kfc-ingredients-pdf,low,panel_capture_needed,source_page_capture_blocked_no_network,not_ready_for_ocr,ocr_skipped_no_image,0,spark_packet,packet_ready,needs_source_review,"Capture a private crop of the ingredient/nutrition/document panel, run native OCR, and batch-review the candidate text.",private_panel_crop_path; ocr_lines; corrected_text; reviewer; manual_verified,1,0
kfc_original_recipe_chicken,KFC Original Recipe Chicken,2010s bridge,kfc_original_recipe_chicken__2010s__765__1,docslib.org,panel_source_candidate,https://docslib.org/doc/513747/kfc-ingredients-pdf,low,panel_capture_needed,source_page_capture_blocked_no_network,not_ready_for_ocr,ocr_skipped_no_image,0,spark_packet,packet_ready,needs_source_review,"Capture a private crop of the ingredient/nutrition/document panel, run native OCR, and batch-review the candidate text.",private_panel_crop_path; ocr_lines; corrected_text; reviewer; manual_verified,1,0
kit_kat_bar,Kit Kat Bar,2010s bridge,kit_kat_bar__2010s__906__1,webstaurantstore.com,panel_source_candidate,https://www.webstaurantstore.com/documents/nutrition/403340007695.pdf,low,panel_capture_needed,source_page_capture_blocked_no_network,not_ready_for_ocr,ocr_skipped_no_image,0,spark_packet,packet_ready,needs_source_review,"Capture a private crop of the ingredient/nutrition/document panel, run native OCR, and batch-review the candidate text.",private_panel_crop_path; ocr_lines; corrected_text; reviewer; manual_verified,1,0
lays_classic,Lay's Classic Potato Chips,2010s bridge,lays_classic__2010s__27__1,lays.backend.headless.majestic.dev,panel_source_candidate,https://lays.backend.headless.majestic.dev/products/lays-classic-potato-chips,low,panel_capture_needed,source_page_capture_blocked_no_network,not_ready_for_ocr,ocr_skipped_no_image,0,spark_packet,packet_ready,needs_source_review,"Capture a private crop of the ingredient/nutrition/document panel, run native OCR, and batch-review the candidate text.",private_panel_crop_path; ocr_lines; corrected_text; reviewer; manual_verified,1,0
lean_cuisine_salisbury_steak,Lean Cuisine Salisbury Steak,2010s bridge,lean_cuisine_salisbury_steak__2010s__678__1,upcfoodsearch.com,panel_source_candidate,https://upcfoodsearch.com/food-products/frozen-meat-based-meals/013800166197/,low,panel_capture_needed,source_page_capture_blocked_no_network,not_ready_for_ocr,ocr_skipped_no_image,0,spark_packet,packet_ready,needs_source_review,"Capture a private crop of the ingredient/nutrition/document panel, run native OCR, and batch-review the candidate text.",private_panel_crop_path; ocr_lines; corrected_text; reviewer; manual_verified,1,0
lucky_charms,Lucky Charms,2010s bridge,lucky_charms__2010s__902__1,district.schoolnutritionandfitness.com,panel_source_candidate,https://district.schoolnutritionandfitness.com/mentorpsfoodservice/files/SpecSheets/ES/Cereal%2C_Lucky_Charms%2C_WG_ES.pdf,low,panel_capture_needed,source_page_capture_blocked_no_network,not_ready_for_ocr,ocr_skipped_no_image,0,spark_packet,packet_ready,needs_source_review,"Capture a private crop of the ingredient/nutrition/document panel, run native OCR, and batch-review the candidate text.",private_panel_crop_path; ocr_lines; corrected_text; reviewer; manual_verified,1,0
mcdonalds_world_famous_fries,McDonald's World Famous Fries,2000s bridge,mcdonalds_world_famous_fries__2000s__653__2,canceredinstitute.org,panel_source_candidate,https://www.canceredinstitute.org/uploads/2/3/8/8/23883109/mcdonalds_ingredientslist.pdf,low,panel_capture_needed,source_page_capture_blocked_no_network,not_ready_for_ocr,ocr_skipped_no_image,0,spark_packet,packet_ready,needs_source_review,"Capture a private crop of the ingredient/nutrition/document panel, run native OCR, and batch-review the candidate text.",private_panel_crop_path; ocr_lines; corrected_text; reviewer; manual_verified,1,0
mcdonalds_world_famous_fries,McDonald's World Famous Fries,2010s bridge,mcdonalds_world_famous_fries__2010s__653__1,canceredinstitute.org,panel_source_candidate,https://www.canceredinstitute.org/uploads/2/3/8/8/23883109/mcdonalds_ingredientslist.pdf,low,panel_capture_needed,source_page_capture_blocked_no_network,not_ready_for_ocr,ocr_skipped_no_image,0,spark_packet,packet_ready,needs_source_review,"Capture a private crop of the ingredient/nutrition/document panel, run native OCR, and batch-review the candidate text.",private_panel_crop_path; ocr_lines; corrected_text; reviewer; manual_verified,1,0
nilla_wafers,Nilla Wafers,2000s bridge,nilla_wafers__2000s__865__1,directionsforme.org,panel_source_candidate,https://www.directionsforme.org/product/6135,low,panel_capture_needed,source_page_capture_blocked_no_network,not_ready_for_ocr,ocr_skipped_no_image,0,spark_packet,packet_ready,needs_source_review,"Capture a private crop of the ingredient/nutrition/document panel, run native OCR, and batch-review the candidate text.",private_panel_crop_path; ocr_lines; corrected_text; reviewer; manual_verified,1,0
nilla_wafers,Nilla Wafers,2010s bridge,nilla_wafers__2010s__865__1,directionsforme.org,panel_source_candidate,https://www.directionsforme.org/product/6135,low,panel_capture_needed,source_page_capture_blocked_no_network,not_ready_for_ocr,ocr_skipped_no_image,0,spark_packet,packet_ready,needs_source_review,"Capture a private crop of the ingredient/nutrition/document panel, run native OCR, and batch-review the candidate text.",private_panel_crop_path; ocr_lines; corrected_text; reviewer; manual_verified,1,0
nutella_hazelnut_spread,Nutella Hazelnut Spread,1980s or earlier lead,nutella_hazelnut_spread__1980s_or_earlier__1034__1,superbrands.co.il,panel_source_candidate,https://superbrands.co.il/pdf/2011/nutella_en.pdf,low,panel_capture_needed,source_page_capture_blocked_no_network,not_ready_for_ocr,ocr_skipped_no_image,0,spark_packet,packet_ready,needs_source_review,"Capture a private crop of the ingredient/nutrition/document panel, run native OCR, and batch-review the candidate text.",private_panel_crop_path; ocr_lines; corrected_text; reviewer; manual_verified,1,0
philadelphia_cream_cheese_original,Philadelphia Original Cream Cheese,2010s bridge,philadelphia_cream_cheese_original__2010s__211__1,flickr.com,panel_source_candidate,https://www.flickr.com/photos/disneywizard/4282861742/in/photostream/,low,panel_capture_needed,source_page_capture_blocked_no_network,not_ready_for_ocr,ocr_skipped_no_image,0,spark_packet,packet_ready,needs_source_review,"Capture a private crop of the ingredient/nutrition/document panel, run native OCR, and batch-review the candidate text.",private_panel_crop_path; ocr_lines; corrected_text; reviewer; manual_verified,1,0
pillsbury_crescent_rolls,Pillsbury Crescent Rolls,2010s bridge,pillsbury_crescent_rolls__2010s__694__1,upcitemdb.com,panel_source_candidate,https://www.upcitemdb.com/upc/18000004157,low,panel_capture_needed,source_page_capture_blocked_no_network,not_ready_for_ocr,ocr_skipped_no_image,0,spark_packet,packet_ready,needs_source_review,"Capture a private crop of the ingredient/nutrition/document panel, run native OCR, and batch-review the candidate text.",private_panel_crop_path; ocr_lines; corrected_text; reviewer; manual_verified,1,0
pillsbury_toaster_strudel_strawberry,Pillsbury Toaster Strudel Strawberry,2000s bridge,pillsbury_toaster_strudel_strawberry__2000s__675__1,bcscan.com,panel_source_candidate,https://www.bcscan.com/itemdetail.php?ean=0018000655205,low,panel_capture_needed,source_page_capture_blocked_no_network,not_ready_for_ocr,ocr_skipped_no_image,0,spark_packet,packet_ready,needs_source_review,"Capture a private crop of the ingredient/nutrition/document panel, run native OCR, and batch-review the candidate text.",private_panel_crop_path; ocr_lines; corrected_text; reviewer; manual_verified,1,0
pillsbury_toaster_strudel_strawberry,Pillsbury Toaster Strudel Strawberry,2010s bridge,pillsbury_toaster_strudel_strawberry__2010s__676__1,upcfoodsearch.com,panel_source_candidate,https://upcfoodsearch.com/food-products/other-frozen-breakfast-products/018000426980/,low,panel_capture_needed,source_page_capture_blocked_no_network,not_ready_for_ocr,ocr_skipped_no_image,0,spark_packet,packet_ready,needs_source_review,"Capture a private crop of the ingredient/nutrition/document panel, run native OCR, and batch-review the candidate text.",private_panel_crop_path; ocr_lines; corrected_text; reviewer; manual_verified,1,0
pizza_hut_original_pan_pepperoni,Pizza Hut Original Pan Pepperoni Pizza,2000s bridge,pizza_hut_original_pan_pepperoni__2000s__655__1,yumpu.com,panel_source_candidate,https://www.yumpu.com/en/document/view/2176122/ingredient-statement-july-2004-pizza-hut,low,panel_capture_needed,source_page_capture_blocked_no_network,not_ready_for_ocr,ocr_skipped_no_image,0,spark_packet,packet_ready,needs_source_review,"Capture a private crop of the ingredient/nutrition/document panel, run native OCR, and batch-review the candidate text.",private_panel_crop_path; ocr_lines; corrected_text; reviewer; manual_verified,1,0
pizza_hut_original_pan_pepperoni,Pizza Hut Original Pan Pepperoni Pizza,2010s bridge,pizza_hut_original_pan_pepperoni__2010s__656__1,district.schoolnutritionandfitness.com,panel_source_candidate,https://district.schoolnutritionandfitness.com/webstercentralsd/files/Specs2/PizzaEntrees/Pizza_Hut_School_Lunch_Ingredient_Statement.pdf,low,panel_capture_needed,source_page_capture_blocked_no_network,not_ready_for_ocr,ocr_skipped_no_image,0,spark_packet,packet_ready,needs_source_review,"Capture a private crop of the ingredient/nutrition/document panel, run native OCR, and batch-review the candidate text.",private_panel_crop_path; ocr_lines; corrected_text; reviewer; manual_verified,1,0
popeyes_chicken_sandwich,Popeyes Chicken Sandwich,2010s bridge,popeyes_chicken_sandwich__2010s__718__1,biorganic.blog,panel_source_candidate,https://biorganic.blog/wp-content/uploads/2018/06/Popeyes-ingredients.pdf,low,panel_capture_needed,source_page_capture_blocked_no_network,not_ready_for_ocr,ocr_skipped_no_image,0,spark_packet,packet_ready,needs_source_review,"Capture a private crop of the ingredient/nutrition/document panel, run native OCR, and batch-review the candidate text.",private_panel_crop_path; ocr_lines; corrected_text; reviewer; manual_verified,1,0
grape_nuts,Post Grape-Nuts,2010s bridge,grape_nuts__2010s__939__1,ewg.org,panel_source_candidate,https://www.ewg.org/foodscores/products/884912105318-GrapeNutstheOriginalCereal,low,panel_capture_needed,source_page_capture_blocked_no_network,not_ready_for_ocr,ocr_skipped_no_image,0,spark_packet,packet_ready,needs_source_review,"Capture a private crop of the ingredient/nutrition/document panel, run native OCR, and batch-review the candidate text.",private_panel_crop_path; ocr_lines; corrected_text; reviewer; manual_verified,1,0
pringles_original,Pringles Original Crisps,2000s bridge,pringles_original__2000s__999__1,aircanada.com,panel_source_candidate,https://www.aircanada.com/content/dam/aircanada/portal/documents/PDF/en/nutritional_info_allergie/PringlesIngredientsNutritionalAllergenEN.pdf,low,panel_capture_needed,source_page_capture_blocked_no_network,not_ready_for_ocr,ocr_skipped_no_image,0,spark_packet,packet_ready,needs_source_review,"Capture a private crop of the ingredient/nutrition/document panel, run native OCR, and batch-review the candidate text.",private_panel_crop_path; ocr_lines; corrected_text; reviewer; manual_verified,1,0
pringles_original,Pringles Original Crisps,2010s bridge,pringles_original__2010s__999__2,aircanada.com,panel_source_candidate,https://www.aircanada.com/content/dam/aircanada/portal/documents/PDF/en/nutritional_info_allergie/PringlesIngredientsNutritionalAllergenEN.pdf,low,panel_capture_needed,source_page_capture_blocked_no_network,not_ready_for_ocr,ocr_skipped_no_image,0,spark_packet,packet_ready,needs_source_review,"Capture a private crop of the ingredient/nutrition/document panel, run native OCR, and batch-review the candidate text.",private_panel_crop_path; ocr_lines; corrected_text; reviewer; manual_verified,1,0
quaker_old_fashioned_oats,Quaker Old Fashioned Oats,2010s bridge,quaker_old_fashioned_oats__2010s__933__1,upcfoodsearch.com,panel_source_candidate,https://upcfoodsearch.com/food-products/hot-oatmeal-cereal/030000010402/,low,panel_capture_needed,source_page_capture_blocked_no_network,not_ready_for_ocr,ocr_skipped_no_image,0,spark_packet,packet_ready,needs_source_review,"Capture a private crop of the ingredient/nutrition/document panel, run native OCR, and batch-review the candidate text.",private_panel_crop_path; ocr_lines; corrected_text; reviewer; manual_verified,1,0
ritz_original_crackers,Ritz Original Crackers,2000s bridge,ritz_original_crackers__2000s__446__1,foodrepo.org,panel_source_candidate,https://www.foodrepo.org/en/products/55269,low,panel_capture_needed,source_page_capture_blocked_no_network,not_ready_for_ocr,ocr_skipped_no_image,0,spark_packet,packet_ready,needs_source_review,"Capture a private crop of the ingredient/nutrition/document panel, run native OCR, and batch-review the candidate text.",private_panel_crop_path; ocr_lines; corrected_text; reviewer; manual_verified,1,0
ritz_original_crackers,Ritz Original Crackers,2010s bridge,ritz_original_crackers__2010s__446__2,foodrepo.org,panel_source_candidate,https://www.foodrepo.org/en/products/55269,low,panel_capture_needed,source_page_capture_blocked_no_network,not_ready_for_ocr,ocr_skipped_no_image,0,spark_packet,packet_ready,needs_source_review,"Capture a private crop of the ingredient/nutrition/document panel, run native OCR, and batch-review the candidate text.",private_panel_crop_path; ocr_lines; corrected_text; reviewer; manual_verified,1,0
doritos_nacho_cheese,Doritos Nacho Cheese,1980s or earlier,doritos_nacho_cheese_evidence_0,flickr.com,secondary_context_only,https://www.flickr.com/photos/jasonliebigstuff/3496903865,low,readable_panel_photo_needed,source_page_capture_blocked_no_network,not_ready_for_ocr,ocr_skipped_no_image,0,spark_packet,packet_ready,needs_source_review,Use the listed product/source receipt for identity only; search or capture a readable ingredient/nutrition panel before OCR.,private_panel_crop_path; ocr_lines; corrected_text; reviewer; manual_verified,1,0
heinz_tomato_ketchup,Heinz Tomato Ketchup,1980s or earlier,heinz_tomato_ketchup_evidence_1,flickr.com,secondary_context_only,https://www.flickr.com/photos/36878773%40N07/3782511003,low,readable_panel_photo_needed,source_page_capture_blocked_no_network,not_ready_for_ocr,ocr_skipped_no_image,0,spark_packet,packet_ready,needs_source_review,Use the listed product/source receipt for identity only; search or capture a readable ingredient/nutrition panel before OCR.,private_panel_crop_path; ocr_lines; corrected_text; reviewer; manual_verified,1,0
kraft_macaroni_and_cheese_original,Kraft Macaroni & Cheese Original,1980s or earlier,kraft_macaroni_and_cheese_original_evidence_0,flickr.com,secondary_context_only,https://www.flickr.com/photos/jasonliebigstuff/6175679516,low,readable_panel_photo_needed,source_page_capture_blocked_no_network,not_ready_for_ocr,ocr_skipped_no_image,0,spark_packet,packet_ready,needs_source_review,Use the listed product/source receipt for identity only; search or capture a readable ingredient/nutrition panel before OCR.,private_panel_crop_path; ocr_lines; corrected_text; reviewer; manual_verified,1,0
mcdonalds_big_mac,McDonald's Big Mac,1980s or earlier,mcdonalds_big_mac_evidence_0,flickr.com,secondary_context_only,https://www.flickr.com/photos/jasonliebigstuff/4714969880,low,readable_panel_photo_needed,source_page_capture_blocked_no_network,not_ready_for_ocr,ocr_skipped_no_image,0,spark_packet,packet_ready,needs_source_review,Use the listed product/source receipt for identity only; search or capture a readable ingredient/nutrition panel before OCR.,private_panel_crop_path; ocr_lines; corrected_text; reviewer; manual_verified,1,0
mcdonalds_chicken_mcnuggets,McDonald's Chicken McNuggets,1980s or earlier,mcdonalds_chicken_mcnuggets_evidence_0,flickr.com,secondary_context_only,https://www.flickr.com/photos/jasonliebigstuff/6781604892/,low,readable_panel_photo_needed,source_page_capture_blocked_no_network,not_ready_for_ocr,ocr_skipped_no_image,0,spark_packet,packet_ready,needs_source_review,Use the listed product/source receipt for identity only; search or capture a readable ingredient/nutrition panel before OCR.,private_panel_crop_path; ocr_lines; corrected_text; reviewer; manual_verified,1,0
poptarts_frosted_strawberry,Pop-Tarts Frosted Strawberry,1980s or earlier,poptarts_frosted_strawberry_evidence_0,flickr.com,secondary_context_only,https://www.flickr.com/photos/25692985%40N07/4198259897,low,readable_panel_photo_needed,source_page_capture_blocked_no_network,not_ready_for_ocr,ocr_skipped_no_image,0,spark_packet,packet_ready,needs_source_review,Use the listed product/source receipt for identity only; search or capture a readable ingredient/nutrition panel before OCR.,private_panel_crop_path; ocr_lines; corrected_text; reviewer; manual_verified,1,0
campbells_tomato_soup,Campbell's Condensed Tomato Soup,2010s bridge,campbells_tomato_soup_evidence_6,commons.wikimedia.org,secondary_context_only,https://commons.wikimedia.org/wiki/Category%3ACampbell%27s_Condensed_Tomato_Soup,low,readable_panel_photo_needed,source_page_capture_blocked_no_network,not_ready_for_ocr,ocr_skipped_no_image,0,spark_packet,packet_ready,needs_source_review,Use the listed product/source receipt for identity only; search or capture a readable ingredient/nutrition panel before OCR.,private_panel_crop_path; ocr_lines; corrected_text; reviewer; manual_verified,1,0
cheerios_original,Cheerios Original,2000s bridge,cheerios_original_evidence_7,americanhistory.si.edu,secondary_context_only,https://americanhistory.si.edu/collections/search/object/nmah_1348223,low,readable_panel_photo_needed,source_page_capture_blocked_no_network,not_ready_for_ocr,ocr_skipped_no_image,0,spark_packet,packet_ready,needs_source_review,Use the listed product/source receipt for identity only; search or capture a readable ingredient/nutrition panel before OCR.,private_panel_crop_path; ocr_lines; corrected_text; reviewer; manual_verified,1,0
coca_cola_classic,Coca-Cola Classic,2000s bridge,coca_cola_classic_evidence_2,flickr.com,secondary_context_only,https://www.flickr.com/photos/jasonliebigstuff/3267332145/,low,readable_panel_photo_needed,source_page_capture_blocked_no_network,not_ready_for_ocr,ocr_skipped_no_image,0,spark_packet,packet_ready,needs_source_review,Use the listed product/source receipt for identity only; search or capture a readable ingredient/nutrition panel before OCR.,private_panel_crop_path; ocr_lines; corrected_text; reviewer; manual_verified,1,0
coca_cola_classic,Coca-Cola Classic,2010s bridge,coca_cola_classic_evidence_5,flickr.com,secondary_context_only,https://www.flickr.com/photos/skatepunk69/4985996111/,low,readable_panel_photo_needed,source_page_capture_blocked_no_network,not_ready_for_ocr,ocr_skipped_no_image,0,spark_packet,packet_ready,needs_source_review,Use the listed product/source receipt for identity only; search or capture a readable ingredient/nutrition panel before OCR.,private_panel_crop_path; ocr_lines; corrected_text; reviewer; manual_verified,1,0
doritos_nacho_cheese,Doritos Nacho Cheese,2000s bridge,doritos_nacho_cheese_evidence_6,commons.wikimedia.org,secondary_context_only,https://commons.wikimedia.org/wiki/File%3ADoritos_bag.jpg,low,readable_panel_photo_needed,source_page_capture_blocked_no_network,not_ready_for_ocr,ocr_skipped_no_image,0,spark_packet,packet_ready,needs_source_review,Use the listed product/source receipt for identity only; search or capture a readable ingredient/nutrition panel before OCR.,private_panel_crop_path; ocr_lines; corrected_text; reviewer; manual_verified,1,0
heinz_tomato_ketchup,Heinz Tomato Ketchup,2000s bridge,heinz_tomato_ketchup_evidence_5,flickr.com,secondary_context_only,https://flickr.com/photos/scotteh/3399348449,low,readable_panel_photo_needed,source_page_capture_blocked_no_network,not_ready_for_ocr,ocr_skipped_no_image,0,spark_packet,packet_ready,needs_source_review,Use the listed product/source receipt for identity only; search or capture a readable ingredient/nutrition panel before OCR.,private_panel_crop_path; ocr_lines; corrected_text; reviewer; manual_verified,1,0
kraft_macaroni_and_cheese_original,Kraft Macaroni & Cheese Original,2010s bridge,kraft_macaroni_and_cheese_original_evidence_7,flickr.com,secondary_context_only,https://www.flickr.com/photos/jasonliebigstuff/7994363814/,low,readable_panel_photo_needed,source_page_capture_blocked_no_network,not_ready_for_ocr,ocr_skipped_no_image,0,spark_packet,packet_ready,needs_source_review,Use the listed product/source receipt for identity only; search or capture a readable ingredient/nutrition panel before OCR.,private_panel_crop_path; ocr_lines; corrected_text; reviewer; manual_verified,1,0
oreo_original_chocolate_sandwich_cookies,Oreo Original Chocolate Sandwich Cookies,2000s package bridge,flickr_oreo_harley_2000,flickr.com,secondary_context_only,https://www.flickr.com/photos/jasonliebigstuff/6823913378,low,readable_panel_photo_needed,source_page_capture_blocked_no_network,not_ready_for_ocr,ocr_skipped_no_image,0,spark_packet,packet_ready,needs_source_review,Use the listed product/source receipt for identity only; search or capture a readable ingredient/nutrition panel before OCR.,private_panel_crop_path; ocr_lines; corrected_text; reviewer; manual_verified,1,0
poptarts_frosted_strawberry,Pop-Tarts Frosted Strawberry,2000s bridge,poptarts_frosted_strawberry_evidence_2,flickr.com,secondary_context_only,https://www.flickr.com/photos/jasonliebigstuff/5204205477,low,readable_panel_photo_needed,source_page_capture_blocked_no_network,not_ready_for_ocr,ocr_skipped_no_image,0,spark_packet,packet_ready,needs_source_review,Use the listed product/source receipt for identity only; search or capture a readable ingredient/nutrition panel before OCR.,private_panel_crop_path; ocr_lines; corrected_text; reviewer; manual_verified,1,0
