run_id,evidence_id,product_id,product_name,vintage_label,source_domain,source_url,source_title,source_type,proof_lane,proof_lane_rank,ocr_gap_category,ocr_priority,capture_strategy,crop_target,ocr_expected_surface,image_map_keys,local_private_image_path,processed_private_image_path,panel_crop_note,rights_review_status,publication_image_policy,candidate_only,manual_verified
panel-capture-v1,cheerios_original_evidence_1,cheerios_original,Cheerios Original,Earliest bounded chapter,flickr.com,https://www.flickr.com/photos/25692985%40N07/3523833856,1985 General Mills Cheerios Cereal Box Back - Flickr,panel_source_candidate,,,panel_capture_needed,high,panel_crop,Crop the ingredient statement panel with enough surrounding package context to preserve SKU/date cues.,ingredient_panel,cheerios_original_evidence_1;cheerios_original:cheerios_original_evidence_1;https://www.flickr.com/photos/25692985%40N07/3523833856,,,,rights_review_needed,source_link_only_no_public_image,1,0
panel-capture-v1,coca_cola_classic_evidence_1,coca_cola_classic,Coca-Cola Classic,Earliest bounded chapter,flickr.com,https://www.flickr.com/photos/studioz7/29453244726,1960s Coca-Cola syrup label collector photo,panel_source_candidate,,,panel_capture_needed,high,panel_crop,Crop the ingredient statement panel with enough surrounding package context to preserve SKU/date cues.,ingredient_panel,coca_cola_classic_evidence_1;coca_cola_classic:coca_cola_classic_evidence_1;https://www.flickr.com/photos/studioz7/29453244726,,,,rights_review_needed,source_link_only_no_public_image,1,0
panel-capture-v1,flickr_oreo_1993,oreo_original_chocolate_sandwich_cookies,Oreo Original Chocolate Sandwich Cookies,1993 label candidate,flickr.com,https://www.flickr.com/photos/jasonliebigstuff/6823914204,Nabisco - Oreo - 6-pack cookie pack - 1993 - Flickr,panel_source_candidate,,,panel_capture_needed,high,panel_crop,"Crop the ingredient and nutrition panel together; include serving size, net weight, and manufacturer/distributor text if visible.",ingredient_or_nutrition_panel,flickr_oreo_1993;oreo_original_chocolate_sandwich_cookies:flickr_oreo_1993;https://www.flickr.com/photos/jasonliebigstuff/6823914204,,,,rights_review_needed,source_link_only_no_public_image,1,0
panel-capture-v1,campbells_tomato_soup_evidence_7,campbells_tomato_soup,Campbell's Condensed Tomato Soup,Current anchor,campbells.com,https://www.campbells.com/products/condensed/tomato-soup/,Campbell's Condensed Tomato Soup 10.75 oz current product page,panel_source_candidate,,,panel_capture_needed,high,panel_crop,Crop the ingredient statement panel with enough surrounding package context to preserve SKU/date cues.,ingredient_panel,campbells_tomato_soup_evidence_7;campbells_tomato_soup:campbells_tomato_soup_evidence_7;https://www.campbells.com/products/condensed/tomato-soup/,,,,rights_review_needed,source_link_only_no_public_image,1,0
panel-capture-v1,cheerios_original_evidence_8,cheerios_original,Cheerios Original,Current anchor,cheerios.com,https://www.cheerios.com/products/original-cheerios,Original Cheerios - Cheerios,panel_source_candidate,,,panel_capture_needed,high,panel_crop,Crop the ingredient statement panel with enough surrounding package context to preserve SKU/date cues.,ingredient_panel,cheerios_original_evidence_8;cheerios_original:cheerios_original_evidence_8;https://www.cheerios.com/products/original-cheerios,,,,rights_review_needed,source_link_only_no_public_image,1,0
panel-capture-v1,coca_cola_classic_evidence_6,coca_cola_classic,Coca-Cola Classic,Current anchor,coca-cola.com,https://www.coca-cola.com/us/en/brands/coca-cola/products/original?redirect=true,Coca-Cola Original Soda current US product page,panel_source_candidate,,,panel_capture_needed,high,panel_crop,"Crop the ingredient and nutrition panel together; include serving size, net weight, and manufacturer/distributor text if visible.",ingredient_or_nutrition_panel,coca_cola_classic_evidence_6;coca_cola_classic:coca_cola_classic_evidence_6;https://www.coca-cola.com/us/en/brands/coca-cola/products/original?redirect=true,,,,rights_review_needed,source_link_only_no_public_image,1,0
panel-capture-v1,doritos_nacho_cheese_evidence_7,doritos_nacho_cheese,Doritos Nacho Cheese,Current anchor,heb.com,https://www.heb.com/product-detail/doritos-nacho-cheese-flavored-tortilla-chips/1530760,Doritos Nacho Cheese Flavored Tortilla Chips - H-E-B,panel_source_candidate,,,panel_capture_needed,high,panel_crop,Crop the ingredient statement panel with enough surrounding package context to preserve SKU/date cues.,ingredient_panel,doritos_nacho_cheese_evidence_7;doritos_nacho_cheese:doritos_nacho_cheese_evidence_7;https://www.heb.com/product-detail/doritos-nacho-cheese-flavored-tortilla-chips/1530760,,,,rights_review_needed,source_link_only_no_public_image,1,0
panel-capture-v1,heinz_tomato_ketchup_evidence_6,heinz_tomato_ketchup,Heinz Tomato Ketchup,Current anchor,walmart.com,https://www.walmart.com/ip/20971263,Heinz Tomato Ketchup 14 oz bottle Walmart page,panel_source_candidate,,,panel_capture_needed,high,panel_crop,Crop the ingredient statement panel with enough surrounding package context to preserve SKU/date cues.,ingredient_panel,heinz_tomato_ketchup_evidence_6;heinz_tomato_ketchup:heinz_tomato_ketchup_evidence_6;https://www.walmart.com/ip/20971263,,,,rights_review_needed,source_link_only_no_public_image,1,0
panel-capture-v1,kraft_macaroni_and_cheese_original_evidence_8,kraft_macaroni_and_cheese_original,Kraft Macaroni & Cheese Original,Current anchor,walmart.com,https://www.walmart.com/ip/1178903502,"Kraft Mac and Cheese, Original Flavor, 7.25 oz - Walmart",panel_source_candidate,,,panel_capture_needed,high,panel_crop,Crop the ingredient statement panel with enough surrounding package context to preserve SKU/date cues.,ingredient_panel,kraft_macaroni_and_cheese_original_evidence_8;kraft_macaroni_and_cheese_original:kraft_macaroni_and_cheese_original_evidence_8;https://www.walmart.com/ip/1178903502,,,,rights_review_needed,source_link_only_no_public_image,1,0
panel-capture-v1,mcdonalds_big_mac_evidence_1,mcdonalds_big_mac,McDonald's Big Mac,Earliest bounded chapter,grist.org,https://grist.org/wp-content/uploads/2010/07/nutritionfacts.pdf,McDonald's USA Nutrition Facts for Popular Menu Items PDF mirror,panel_source_candidate,,,panel_capture_needed,high,document_text_extract,"Crop the ingredient and nutrition panel together; include serving size, net weight, and manufacturer/distributor text if visible.",ingredient_or_nutrition_panel,mcdonalds_big_mac_evidence_1;mcdonalds_big_mac:mcdonalds_big_mac_evidence_1;https://grist.org/wp-content/uploads/2010/07/nutritionfacts.pdf,,,,rights_review_needed,source_link_only_no_public_image,1,0
panel-capture-v1,mcdonalds_big_mac_evidence_5,mcdonalds_big_mac,McDonald's Big Mac,Current anchor,mcdonalds.com,https://www.mcdonalds.com/us/es-us/product/big-mac.html,Big Mac - McDonald's US Spanish product page,panel_source_candidate,,,panel_capture_needed,high,document_text_extract,"Capture the ingredient, allergen, nutrition, or disclosure document block for this product/vintage slot.",document_text,mcdonalds_big_mac_evidence_5;mcdonalds_big_mac:mcdonalds_big_mac_evidence_5;https://www.mcdonalds.com/us/es-us/product/big-mac.html,,,,rights_review_needed,source_link_only_no_public_image,1,0
panel-capture-v1,mcdonalds_chicken_mcnuggets_evidence_2,mcdonalds_chicken_mcnuggets,McDonald's Chicken McNuggets,Earliest bounded chapter,grist.org,https://grist.org/wp-content/uploads/2010/07/nutritionfacts.pdf,McDonald's USA Nutrition Facts for Popular Menu Items PDF mirror - McNuggets rows,panel_source_candidate,,,panel_capture_needed,high,document_text_extract,"Crop the ingredient and nutrition panel together; include serving size, net weight, and manufacturer/distributor text if visible.",ingredient_or_nutrition_panel,mcdonalds_chicken_mcnuggets_evidence_2;mcdonalds_chicken_mcnuggets:mcdonalds_chicken_mcnuggets_evidence_2;https://grist.org/wp-content/uploads/2010/07/nutritionfacts.pdf,,,,rights_review_needed,source_link_only_no_public_image,1,0
panel-capture-v1,mcdonalds_chicken_mcnuggets_evidence_7,mcdonalds_chicken_mcnuggets,McDonald's Chicken McNuggets,Current anchor,mcdonalds.com,https://www.mcdonalds.com/us/en-us/product/chicken-mcnuggets-4-piece.html,4 Piece Chicken McNuggets with All White Meat Chicken - McDonald's,panel_source_candidate,,,panel_capture_needed,high,document_text_extract,"Capture the ingredient, allergen, nutrition, or disclosure document block for this product/vintage slot.",document_text,mcdonalds_chicken_mcnuggets_evidence_7;mcdonalds_chicken_mcnuggets:mcdonalds_chicken_mcnuggets_evidence_7;https://www.mcdonalds.com/us/en-us/product/chicken-mcnuggets-4-piece.html,,,,rights_review_needed,source_link_only_no_public_image,1,0
panel-capture-v1,smartlabel_oreo_143,oreo_original_chocolate_sandwich_cookies,Oreo Original Chocolate Sandwich Cookies,Current SKU anchor,smartlabel.mondelez.info,https://smartlabel.mondelez.info/00044000033262-0001-en-US/index.html,Nabisco Oreo Sandwich Cookies 14.3 oz - SmartLabel,panel_source_candidate,,,panel_capture_needed,high,document_text_extract,"Capture the ingredient, allergen, nutrition, or disclosure document block for this product/vintage slot.",document_text,smartlabel_oreo_143;oreo_original_chocolate_sandwich_cookies:smartlabel_oreo_143;https://smartlabel.mondelez.info/00044000033262-0001-en-US/index.html,,,,rights_review_needed,source_link_only_no_public_image,1,0
panel-capture-v1,poptarts_frosted_strawberry_evidence_7,poptarts_frosted_strawberry,Pop-Tarts Frosted Strawberry,Current anchor,smartlabel.kelloggs.com,https://smartlabel.kelloggs.com/Product/Index/038000317316,Frosted Strawberry Pop-Tarts - SmartLabel,panel_source_candidate,,,panel_capture_needed,high,document_text_extract,"Capture the ingredient, allergen, nutrition, or disclosure document block for this product/vintage slot.",document_text,poptarts_frosted_strawberry_evidence_7;poptarts_frosted_strawberry:poptarts_frosted_strawberry_evidence_7;https://smartlabel.kelloggs.com/Product/Index/038000317316,,,,rights_review_needed,source_link_only_no_public_image,1,0
panel-capture-v1,campbells_tomato_soup_evidence_5,campbells_tomato_soup,Campbell's Condensed Tomato Soup,1980s or earlier,ingredientinspector.org,https://www.ingredientinspector.org/home/campbells-tomato-soup-ingredients,Ingredient Inspector Campbell's Tomato Soup ingredients article,panel_source_candidate,,,panel_capture_needed,high,panel_crop,Crop the ingredient statement panel with enough surrounding package context to preserve SKU/date cues.,ingredient_panel,campbells_tomato_soup_evidence_5;campbells_tomato_soup:campbells_tomato_soup_evidence_5;https://www.ingredientinspector.org/home/campbells-tomato-soup-ingredients,,,,rights_review_needed,source_link_only_no_public_image,1,0
panel-capture-v1,cheerios_original_evidence_1,cheerios_original,Cheerios Original,1980s or earlier,flickr.com,https://www.flickr.com/photos/25692985%40N07/3523833856,1985 General Mills Cheerios Cereal Box Back - Flickr,panel_source_candidate,,,panel_capture_needed,high,panel_crop,Crop the ingredient statement panel with enough surrounding package context to preserve SKU/date cues.,ingredient_panel,cheerios_original_evidence_1;cheerios_original:cheerios_original_evidence_1;https://www.flickr.com/photos/25692985%40N07/3523833856,,,,rights_review_needed,source_link_only_no_public_image,1,0
panel-capture-v1,coca_cola_classic_evidence_1,coca_cola_classic,Coca-Cola Classic,1980s or earlier,flickr.com,https://www.flickr.com/photos/studioz7/29453244726,1960s Coca-Cola syrup label collector photo,panel_source_candidate,,,panel_capture_needed,high,panel_crop,Crop the ingredient statement panel with enough surrounding package context to preserve SKU/date cues.,ingredient_panel,coca_cola_classic_evidence_1;coca_cola_classic:coca_cola_classic_evidence_1;https://www.flickr.com/photos/studioz7/29453244726,,,,rights_review_needed,source_link_only_no_public_image,1,0
panel-capture-v1,flickr_oreo_1960s,oreo_original_chocolate_sandwich_cookies,Oreo Original Chocolate Sandwich Cookies,1950s-1960s package lead,flickr.com,https://www.flickr.com/photos/jasonliebigstuff/4635007453,"Nabisco Oreo Creme Sandwich cello package, 1950s-1960s - Flickr",panel_source_candidate,,,panel_capture_needed,high,panel_crop,"Find a source-attributable ingredient, nutrition, allergen, SmartLabel, or product-disclosure panel.",source_discovery,flickr_oreo_1960s;oreo_original_chocolate_sandwich_cookies:flickr_oreo_1960s;https://www.flickr.com/photos/jasonliebigstuff/4635007453,,,,rights_review_needed,source_link_only_no_public_image,1,0
panel-capture-v1,doritos_nacho_cheese_evidence_7,doritos_nacho_cheese,Doritos Nacho Cheese,2010s bridge,heb.com,https://www.heb.com/product-detail/doritos-nacho-cheese-flavored-tortilla-chips/1530760,Doritos Nacho Cheese Flavored Tortilla Chips - H-E-B,panel_source_candidate,,,panel_capture_needed,high,panel_crop,Crop the ingredient statement panel with enough surrounding package context to preserve SKU/date cues.,ingredient_panel,doritos_nacho_cheese_evidence_7;doritos_nacho_cheese:doritos_nacho_cheese_evidence_7;https://www.heb.com/product-detail/doritos-nacho-cheese-flavored-tortilla-chips/1530760,,,,rights_review_needed,source_link_only_no_public_image,1,0
panel-capture-v1,mcdonalds_big_mac_evidence_4,mcdonalds_big_mac,McDonald's Big Mac,2000s bridge,canceredinstitute.org,https://www.canceredinstitute.org/uploads/2/3/8/8/23883109/mcdonalds_ingredientslist.pdf,McDonald's USA Ingredients Listing for Popular Menu Items PDF mirror,panel_source_candidate,,,panel_capture_needed,high,document_text_extract,"Capture the ingredient, allergen, nutrition, or disclosure document block for this product/vintage slot.",document_text,mcdonalds_big_mac_evidence_4;mcdonalds_big_mac:mcdonalds_big_mac_evidence_4;https://www.canceredinstitute.org/uploads/2/3/8/8/23883109/mcdonalds_ingredientslist.pdf,,,,rights_review_needed,source_link_only_no_public_image,1,0
panel-capture-v1,mcdonalds_big_mac_evidence_4,mcdonalds_big_mac,McDonald's Big Mac,2010s bridge,canceredinstitute.org,https://www.canceredinstitute.org/uploads/2/3/8/8/23883109/mcdonalds_ingredientslist.pdf,McDonald's USA Ingredients Listing for Popular Menu Items PDF mirror,panel_source_candidate,,,panel_capture_needed,high,document_text_extract,"Capture the ingredient, allergen, nutrition, or disclosure document block for this product/vintage slot.",document_text,mcdonalds_big_mac_evidence_4;mcdonalds_big_mac:mcdonalds_big_mac_evidence_4;https://www.canceredinstitute.org/uploads/2/3/8/8/23883109/mcdonalds_ingredientslist.pdf,,,,rights_review_needed,source_link_only_no_public_image,1,0
panel-capture-v1,mcdonalds_chicken_mcnuggets_evidence_4,mcdonalds_chicken_mcnuggets,McDonald's Chicken McNuggets,2000s bridge,s3.amazonaws.com,https://s3.amazonaws.com/saveoneverything_assets/pdfs/1376490717-mcdonalds-ingredientslist.pdf,McDonald's USA Ingredients Listing for Popular Menu Items - archived PDF mirror,panel_source_candidate,,,panel_capture_needed,high,document_text_extract,"Capture the ingredient, allergen, nutrition, or disclosure document block for this product/vintage slot.",document_text,mcdonalds_chicken_mcnuggets_evidence_4;mcdonalds_chicken_mcnuggets:mcdonalds_chicken_mcnuggets_evidence_4;https://s3.amazonaws.com/saveoneverything_assets/pdfs/1376490717-mcdonalds-ingredientslist.pdf,,,,rights_review_needed,source_link_only_no_public_image,1,0
panel-capture-v1,mcdonalds_chicken_mcnuggets_evidence_4,mcdonalds_chicken_mcnuggets,McDonald's Chicken McNuggets,2010s bridge,s3.amazonaws.com,https://s3.amazonaws.com/saveoneverything_assets/pdfs/1376490717-mcdonalds-ingredientslist.pdf,McDonald's USA Ingredients Listing for Popular Menu Items - archived PDF mirror,panel_source_candidate,,,panel_capture_needed,high,document_text_extract,"Capture the ingredient, allergen, nutrition, or disclosure document block for this product/vintage slot.",document_text,mcdonalds_chicken_mcnuggets_evidence_4;mcdonalds_chicken_mcnuggets:mcdonalds_chicken_mcnuggets_evidence_4;https://s3.amazonaws.com/saveoneverything_assets/pdfs/1376490717-mcdonalds-ingredientslist.pdf,,,,rights_review_needed,source_link_only_no_public_image,1,0
panel-capture-v1,ewg_oreo_winter_2010,oreo_original_chocolate_sandwich_cookies,Oreo Original Chocolate Sandwich Cookies,2010s label bridge,ewg.org,https://www.ewg.org/foodscores/products/044000081034-OreoChocolateSandwichCookiesOriginalWinter/,"EWG Food Scores - Oreo Chocolate Sandwich Cookies, Original, Winter",panel_source_candidate,,,panel_capture_needed,high,panel_crop,Crop the ingredient statement panel with enough surrounding package context to preserve SKU/date cues.,ingredient_panel,ewg_oreo_winter_2010;oreo_original_chocolate_sandwich_cookies:ewg_oreo_winter_2010;https://www.ewg.org/foodscores/products/044000081034-OreoChocolateSandwichCookiesOriginalWinter/,,,,rights_review_needed,source_link_only_no_public_image,1,0
panel-capture-v1,poptarts_frosted_strawberry_evidence_6,poptarts_frosted_strawberry,Pop-Tarts Frosted Strawberry,2010s bridge,foodrepo.org,https://www.foodrepo.org/en/products/47947,Kellogg's Pop-Tarts Frosted Strawberry 58.6 oz - FoodRepo,panel_source_candidate,,,panel_capture_needed,high,panel_crop,Crop the ingredient statement panel with enough surrounding package context to preserve SKU/date cues.,ingredient_panel,poptarts_frosted_strawberry_evidence_6;poptarts_frosted_strawberry:poptarts_frosted_strawberry_evidence_6;https://www.foodrepo.org/en/products/47947,,,,rights_review_needed,source_link_only_no_public_image,1,0
panel-capture-v1,campbells_tomato_soup_evidence_0,campbells_tomato_soup,Campbell's Condensed Tomato Soup,Earliest bounded chapter,flickr.com,https://www.flickr.com/photos/pennstate_harrisburg_archives/29079862112/in/album-72157719415160219/,"Campbell's Tomato Soup, 1947 (Canning) - Penn State Harrisburg Flickr album",secondary_context_only,,,readable_panel_photo_needed,high,source_page_review,Crop the ingredient statement panel with enough surrounding package context to preserve SKU/date cues.,ingredient_panel,campbells_tomato_soup_evidence_0;campbells_tomato_soup:campbells_tomato_soup_evidence_0;https://www.flickr.com/photos/pennstate_harrisburg_archives/29079862112/in/album-72157719415160219/,,,,rights_review_needed,source_link_only_no_public_image,1,0
panel-capture-v1,cheerios_original_evidence_5,cheerios_original,Cheerios Original,1990s bridge,theimaginaryworld.com,https://theimaginaryworld.com/cbarch.html,Cereal Box Backs Archive - The Imaginary World,secondary_context_only,,,readable_panel_photo_needed,high,source_page_review,Crop the ingredient statement panel with enough surrounding package context to preserve SKU/date cues.,ingredient_panel,cheerios_original_evidence_5;cheerios_original:cheerios_original_evidence_5;https://theimaginaryworld.com/cbarch.html,,,,rights_review_needed,source_link_only_no_public_image,1,0
panel-capture-v1,coca_cola_classic_evidence_4,coca_cola_classic,Coca-Cola Classic,1990s bridge,flickr.com,https://www.flickr.com/photos/therog77/3200756272/,1990 Coca-Cola MagiCan - Flickr,secondary_context_only,,,readable_panel_photo_needed,high,source_page_review,Crop the ingredient statement panel with enough surrounding package context to preserve SKU/date cues.,ingredient_panel,coca_cola_classic_evidence_4;coca_cola_classic:coca_cola_classic_evidence_4;https://www.flickr.com/photos/therog77/3200756272/,,,,rights_review_needed,source_link_only_no_public_image,1,0
panel-capture-v1,doritos_nacho_cheese_evidence_0,doritos_nacho_cheese,Doritos Nacho Cheese,Earliest bounded chapter,flickr.com,https://www.flickr.com/photos/jasonliebigstuff/3496903865,"Frito-Lay Doritos Nacho Cheese Flavor 1-ounce bag, 1970s - Flickr",secondary_context_only,,,readable_panel_photo_needed,high,source_page_review,"Review the source for back/side-panel imagery; if no readable panel exists, keep this as secondary identity context and hunt for panel proof.",package_identity_then_panel_hunt,doritos_nacho_cheese_evidence_0;doritos_nacho_cheese:doritos_nacho_cheese_evidence_0;https://www.flickr.com/photos/jasonliebigstuff/3496903865,,,,rights_review_needed,source_link_only_no_public_image,1,0
panel-capture-v1,doritos_nacho_cheese_evidence_1,doritos_nacho_cheese,Doritos Nacho Cheese,1990s bridge,flickr.com,https://www.flickr.com/photos/jasonliebigstuff/4319728854/,Frito-Lay - Doritos Big Grab - chip snack bag - Toy Story - 1995,secondary_context_only,,,readable_panel_photo_needed,high,source_page_review,Crop the ingredient statement panel with enough surrounding package context to preserve SKU/date cues.,ingredient_panel,doritos_nacho_cheese_evidence_1;doritos_nacho_cheese:doritos_nacho_cheese_evidence_1;https://www.flickr.com/photos/jasonliebigstuff/4319728854/,,,,rights_review_needed,source_link_only_no_public_image,1,0
panel-capture-v1,heinz_tomato_ketchup_evidence_0,heinz_tomato_ketchup,Heinz Tomato Ketchup,Earliest bounded chapter,laurelleaffarm.com,https://laurelleaffarm.com/item-pages/antique-bottles/old-heinz-ketchup-bottles.htm,Old Heinz Ketchup Bottles with Labels - Laurel Leaf Farm,secondary_context_only,,,readable_panel_photo_needed,high,source_page_review,Crop the ingredient statement panel with enough surrounding package context to preserve SKU/date cues.,ingredient_panel,heinz_tomato_ketchup_evidence_0;heinz_tomato_ketchup:heinz_tomato_ketchup_evidence_0;https://laurelleaffarm.com/item-pages/antique-bottles/old-heinz-ketchup-bottles.htm,,,,rights_review_needed,source_link_only_no_public_image,1,0
panel-capture-v1,kraft_macaroni_and_cheese_original_evidence_0,kraft_macaroni_and_cheese_original,Kraft Macaroni & Cheese Original,Earliest bounded chapter,flickr.com,https://www.flickr.com/photos/jasonliebigstuff/6175679516,"Kraft Dinner Macaroni-and-Cheese box, 1940s maybe 1950s - Flickr",secondary_context_only,,,readable_panel_photo_needed,high,source_page_review,Crop the ingredient statement panel with enough surrounding package context to preserve SKU/date cues.,ingredient_panel,kraft_macaroni_and_cheese_original_evidence_0;kraft_macaroni_and_cheese_original:kraft_macaroni_and_cheese_original_evidence_0;https://www.flickr.com/photos/jasonliebigstuff/6175679516,,,,rights_review_needed,source_link_only_no_public_image,1,0
panel-capture-v1,kraft_macaroni_and_cheese_original_evidence_1,kraft_macaroni_and_cheese_original,Kraft Macaroni & Cheese Original,1990s bridge,flickr.com,https://www.flickr.com/photos/25692985%40N07/8404786724,1998 Kraft Macaroni & Cheese Charlie Brown Christmas Peanuts box - Flickr,secondary_context_only,,,readable_panel_photo_needed,high,source_page_review,Crop the ingredient statement panel with enough surrounding package context to preserve SKU/date cues.,ingredient_panel,kraft_macaroni_and_cheese_original_evidence_1;kraft_macaroni_and_cheese_original:kraft_macaroni_and_cheese_original_evidence_1;https://www.flickr.com/photos/25692985%40N07/8404786724,,,,rights_review_needed,source_link_only_no_public_image,1,0
panel-capture-v1,mcdonalds_big_mac_evidence_3,mcdonalds_big_mac,McDonald's Big Mac,1990s bridge,flickr.com,https://www.flickr.com/photos/jasonliebigstuff/16377543110,"McDonald's Big Mac styrofoam restaurant packaging, circa 1990s - Flickr",secondary_context_only,,,readable_panel_photo_needed,high,source_page_review,"Capture the ingredient, allergen, nutrition, or disclosure document block for this product/vintage slot.",document_text,mcdonalds_big_mac_evidence_3;mcdonalds_big_mac:mcdonalds_big_mac_evidence_3;https://www.flickr.com/photos/jasonliebigstuff/16377543110,,,,rights_review_needed,source_link_only_no_public_image,1,0
panel-capture-v1,poptarts_frosted_strawberry_evidence_0,poptarts_frosted_strawberry,Pop-Tarts Frosted Strawberry,Earliest bounded chapter,flickr.com,https://www.flickr.com/photos/25692985%40N07/4198259897,1980 Kellogg's Frosted Pop-Tarts Box Milton the Toaster - Flickr,secondary_context_only,,,readable_panel_photo_needed,high,source_page_review,Crop the ingredient statement panel with enough surrounding package context to preserve SKU/date cues.,ingredient_panel,poptarts_frosted_strawberry_evidence_0;poptarts_frosted_strawberry:poptarts_frosted_strawberry_evidence_0;https://www.flickr.com/photos/25692985%40N07/4198259897,,,,rights_review_needed,source_link_only_no_public_image,1,0
panel-capture-v1,7up_original__earliest_verified_label__273__1,7up_original,7UP Original,Earliest label hunt,flickr.com,https://www.flickr.com/photos/jasonliebigstuff/548698222,"Unrolled Can Flat - 7UP, 1970s - Jason Liebig Flickr",panel_source_candidate,,,panel_capture_needed,low,panel_crop,Crop the ingredient statement panel with enough surrounding package context to preserve SKU/date cues.,ingredient_panel,7up_original__earliest_verified_label__273__1;7up_original:7up_original__earliest_verified_label__273__1;https://www.flickr.com/photos/jasonliebigstuff/548698222,,,,rights_review_needed,source_link_only_no_public_image,1,0
panel-capture-v1,capn_crunch_original__1990s__440__2,capn_crunch_original,Cap'n Crunch Original,1990s bridge,underunderstood.com,https://underunderstood.com/podcast/episode/capn-crunch-smaller/,The Incredible Shrinking Cap'n - Underunderstood,panel_source_candidate,,,panel_capture_needed,low,panel_crop,Crop the ingredient statement panel with enough surrounding package context to preserve SKU/date cues.,ingredient_panel,capn_crunch_original__1990s__440__2;capn_crunch_original:capn_crunch_original__1990s__440__2;https://underunderstood.com/podcast/episode/capn-crunch-smaller/,,,,rights_review_needed,source_link_only_no_public_image,1,0
panel-capture-v1,capn_crunch_original__earliest_verified_label__440__7,capn_crunch_original,Cap'n Crunch Original,Earliest label hunt,underunderstood.com,https://underunderstood.com/podcast/episode/capn-crunch-smaller/,The Incredible Shrinking Cap'n - Underunderstood,panel_source_candidate,,,panel_capture_needed,low,panel_crop,Crop the ingredient statement panel with enough surrounding package context to preserve SKU/date cues.,ingredient_panel,capn_crunch_original__earliest_verified_label__440__7;capn_crunch_original:capn_crunch_original__earliest_verified_label__440__7;https://underunderstood.com/podcast/episode/capn-crunch-smaller/,,,,rights_review_needed,source_link_only_no_public_image,1,0
panel-capture-v1,chips_ahoy_original__earliest_verified_label__448__3,chips_ahoy_original,Chips Ahoy! Original Cookies,Earliest label hunt,upcfoodsearch.com,https://upcfoodsearch.com/food-products/chocolate-chip-cookies/044000032197/,"Nabisco Chips Ahoy! Cookies Original, UPC 044000032197 - UPC Food Search",panel_source_candidate,,,panel_capture_needed,low,panel_crop,Crop the ingredient statement panel with enough surrounding package context to preserve SKU/date cues.,ingredient_panel,chips_ahoy_original__earliest_verified_label__448__3;chips_ahoy_original:chips_ahoy_original__earliest_verified_label__448__3;https://upcfoodsearch.com/food-products/chocolate-chip-cookies/044000032197/,,,,rights_review_needed,source_link_only_no_public_image,1,0
panel-capture-v1,cinnamon_toast_crunch__earliest_verified_label__512__4,cinnamon_toast_crunch,Cinnamon Toast Crunch,Earliest label hunt,district.schoolnutritionandfitness.com,https://district.schoolnutritionandfitness.com/santaclaritavsfsa/files/labels/Breakfast/Cinnamon_Toast_Crunch_Cereal_200838.pdf,Cinnamon Toast Crunch cereal school nutrition PDF printed 03/21/2013,panel_source_candidate,,,panel_capture_needed,low,document_text_extract,"Crop the ingredient and nutrition panel together; include serving size, net weight, and manufacturer/distributor text if visible.",ingredient_or_nutrition_panel,cinnamon_toast_crunch__earliest_verified_label__512__4;cinnamon_toast_crunch:cinnamon_toast_crunch__earliest_verified_label__512__4;https://district.schoolnutritionandfitness.com/santaclaritavsfsa/files/labels/Breakfast/Cinnamon_Toast_Crunch_Cereal_200838.pdf,,,,rights_review_needed,source_link_only_no_public_image,1,0
panel-capture-v1,dinty_moore_beef_stew__earliest_verified_label__1059__2,dinty_moore_beef_stew,Dinty Moore Beef Stew,Earliest label hunt,flickr.com,https://www.flickr.com/photos/jasonliebigstuff/24195451113/,"Hormel Dinty Moore beef stew 1 1/2 pound can label, 1968 - Jason Liebig Flickr",panel_source_candidate,,,panel_capture_needed,low,panel_crop,Crop the ingredient statement panel with enough surrounding package context to preserve SKU/date cues.,ingredient_panel,dinty_moore_beef_stew__earliest_verified_label__1059__2;dinty_moore_beef_stew:dinty_moore_beef_stew__earliest_verified_label__1059__2;https://www.flickr.com/photos/jasonliebigstuff/24195451113/,,,,rights_review_needed,source_link_only_no_public_image,1,0
panel-capture-v1,dominos_hand_tossed_pepperoni__earliest_verified_label__785__2,dominos_hand_tossed_pepperoni,Domino's Hand Tossed Pepperoni Pizza,Earliest label hunt,dominos.com,https://www.dominos.com/assets/derived/pdf/DominosNutritionGuide.pdf,"Domino's Nutrition Guide PDF, January 2015",panel_source_candidate,,,panel_capture_needed,low,document_text_extract,"Crop the ingredient and nutrition panel together; include serving size, net weight, and manufacturer/distributor text if visible.",ingredient_or_nutrition_panel,dominos_hand_tossed_pepperoni__earliest_verified_label__785__2;dominos_hand_tossed_pepperoni:dominos_hand_tossed_pepperoni__earliest_verified_label__785__2;https://www.dominos.com/assets/derived/pdf/DominosNutritionGuide.pdf,,,,rights_review_needed,source_link_only_no_public_image,1,0
panel-capture-v1,dunkin_glazed_donut__earliest_verified_label__801__1,dunkin_glazed_donut,Dunkin' Glazed Donut,Earliest label hunt,fastfoodingredients.com,https://www.fastfoodingredients.com/2008/05/03/dunkin-donuts-glazed-munchkin/,"Fast Food Ingredients Dunkin' Donuts Glazed Munchkin transcript, 2008",panel_source_candidate,,,panel_capture_needed,low,panel_crop,Crop the ingredient statement panel with enough surrounding package context to preserve SKU/date cues.,ingredient_panel,dunkin_glazed_donut__earliest_verified_label__801__1;dunkin_glazed_donut:dunkin_glazed_donut__earliest_verified_label__801__1;https://www.fastfoodingredients.com/2008/05/03/dunkin-donuts-glazed-munchkin/,,,,rights_review_needed,source_link_only_no_public_image,1,0
panel-capture-v1,gatorade_lemon_lime__earliest_verified_label__191__1,gatorade_lemon_lime,Gatorade Lemon-Lime,Earliest label hunt,flickr.com,https://www.flickr.com/photos/jasonliebigstuff/24471957900,"Stokely Van Camp Gatorade Thirst Quencher 32 oz bottle label, 1960s - Jason Liebig Flickr",panel_source_candidate,,,panel_capture_needed,low,panel_crop,Crop the ingredient statement panel with enough surrounding package context to preserve SKU/date cues.,ingredient_panel,gatorade_lemon_lime__earliest_verified_label__191__1;gatorade_lemon_lime:gatorade_lemon_lime__earliest_verified_label__191__1;https://www.flickr.com/photos/jasonliebigstuff/24471957900,,,,rights_review_needed,source_link_only_no_public_image,1,0
panel-capture-v1,hidden_valley_ranch_original__earliest_verified_label__454__2,hidden_valley_ranch_original,Hidden Valley Original Ranch,Earliest label hunt,upcfoodsearch.com,https://upcfoodsearch.com/food-products/ranch-dressing/071100000214/,"Hidden Valley Ranch Dressing & Topping Original, UPC 071100000214 - UPC Food Search",panel_source_candidate,,,panel_capture_needed,low,panel_crop,Crop the ingredient statement panel with enough surrounding package context to preserve SKU/date cues.,ingredient_panel,hidden_valley_ranch_original__earliest_verified_label__454__2;hidden_valley_ranch_original:hidden_valley_ranch_original__earliest_verified_label__454__2;https://upcfoodsearch.com/food-products/ranch-dressing/071100000214/,,,,rights_review_needed,source_link_only_no_public_image,1,0
panel-capture-v1,honey_nut_cheerios__1990s__370__1,honey_nut_cheerios,Honey Nut Cheerios,1990s bridge,flickr.com,https://www.flickr.com/photos/jasonliebigstuff/3214563110,"Honey Nut Cheerios McDonald's Mac Tonight box back, 1990 - Flickr",panel_source_candidate,,,panel_capture_needed,low,document_text_extract,Crop the ingredient statement panel with enough surrounding package context to preserve SKU/date cues.,ingredient_panel,honey_nut_cheerios__1990s__370__1;honey_nut_cheerios:honey_nut_cheerios__1990s__370__1;https://www.flickr.com/photos/jasonliebigstuff/3214563110,,,,rights_review_needed,source_link_only_no_public_image,1,0
panel-capture-v1,honey_nut_cheerios__earliest_verified_label__370__1,honey_nut_cheerios,Honey Nut Cheerios,Earliest label hunt,flickr.com,https://www.flickr.com/photos/jasonliebigstuff/3214563110,"Honey Nut Cheerios McDonald's Mac Tonight box back, 1990 - Flickr",panel_source_candidate,,,panel_capture_needed,low,document_text_extract,Crop the ingredient statement panel with enough surrounding package context to preserve SKU/date cues.,ingredient_panel,honey_nut_cheerios__earliest_verified_label__370__1;honey_nut_cheerios:honey_nut_cheerios__earliest_verified_label__370__1;https://www.flickr.com/photos/jasonliebigstuff/3214563110,,,,rights_review_needed,source_link_only_no_public_image,1,0
panel-capture-v1,hormel_chili_no_beans__earliest_verified_label__677__1,hormel_chili_no_beans,Hormel Chili No Beans,Earliest label hunt,upcfoodsearch.com,https://upcfoodsearch.com/food-products/canned-chili/037600241939/,Hormel Chili No Beans UPC Food Search record,panel_source_candidate,,,panel_capture_needed,low,panel_crop,Crop the ingredient statement panel with enough surrounding package context to preserve SKU/date cues.,ingredient_panel,hormel_chili_no_beans__earliest_verified_label__677__1;hormel_chili_no_beans:hormel_chili_no_beans__earliest_verified_label__677__1;https://upcfoodsearch.com/food-products/canned-chili/037600241939/,,,,rights_review_needed,source_link_only_no_public_image,1,0
panel-capture-v1,jello_strawberry_gelatin__earliest_verified_label__185__1,jello_strawberry_gelatin,Jell-O Strawberry Gelatin,Earliest label hunt,flickr.com,https://www.flickr.com/photos/jasonliebigstuff/2629782517,"General Foods Jell-O Wild Strawberry Gelatin Dessert box file flat, August 1 1969 - Flickr",panel_source_candidate,,,panel_capture_needed,low,panel_crop,Crop the ingredient statement panel with enough surrounding package context to preserve SKU/date cues.,ingredient_panel,jello_strawberry_gelatin__earliest_verified_label__185__1;jello_strawberry_gelatin:jello_strawberry_gelatin__earliest_verified_label__185__1;https://www.flickr.com/photos/jasonliebigstuff/2629782517,,,,rights_review_needed,source_link_only_no_public_image,1,0
panel-capture-v1,froot_loops__1990s__330__1,froot_loops,Kellogg's Froot Loops,1990s bridge,flickr.com,https://www.flickr.com/photos/25692985%40N07/3502316339,1990 Kellogg's Froot Loops Cereal Box Back - Flickr,panel_source_candidate,,,panel_capture_needed,low,panel_crop,Crop the ingredient statement panel with enough surrounding package context to preserve SKU/date cues.,ingredient_panel,froot_loops__1990s__330__1;froot_loops:froot_loops__1990s__330__1;https://www.flickr.com/photos/25692985%40N07/3502316339,,,,rights_review_needed,source_link_only_no_public_image,1,0
panel-capture-v1,froot_loops__earliest_verified_label__330__1,froot_loops,Kellogg's Froot Loops,Earliest label hunt,flickr.com,https://www.flickr.com/photos/25692985%40N07/3502316339,1990 Kellogg's Froot Loops Cereal Box Back - Flickr,panel_source_candidate,,,panel_capture_needed,low,panel_crop,Crop the ingredient statement panel with enough surrounding package context to preserve SKU/date cues.,ingredient_panel,froot_loops__earliest_verified_label__330__1;froot_loops:froot_loops__earliest_verified_label__330__1;https://www.flickr.com/photos/25692985%40N07/3502316339,,,,rights_review_needed,source_link_only_no_public_image,1,0
panel-capture-v1,frosted_flakes__1990s__405__1,frosted_flakes,Kellogg's Frosted Flakes,1990s bridge,flickr.com,https://www.flickr.com/photos/25692985%40N07/3544406888,"Kellogg's Frosted Flakes Cereal Box Back, Early 1990's - Flickr",panel_source_candidate,,,panel_capture_needed,low,panel_crop,Crop the ingredient statement panel with enough surrounding package context to preserve SKU/date cues.,ingredient_panel,frosted_flakes__1990s__405__1;frosted_flakes:frosted_flakes__1990s__405__1;https://www.flickr.com/photos/25692985%40N07/3544406888,,,,rights_review_needed,source_link_only_no_public_image,1,0
panel-capture-v1,frosted_flakes__earliest_verified_label__405__1,frosted_flakes,Kellogg's Frosted Flakes,Earliest label hunt,flickr.com,https://www.flickr.com/photos/25692985%40N07/3544406888,"Kellogg's Frosted Flakes Cereal Box Back, Early 1990's - Flickr",panel_source_candidate,,,panel_capture_needed,low,panel_crop,Crop the ingredient statement panel with enough surrounding package context to preserve SKU/date cues.,ingredient_panel,frosted_flakes__earliest_verified_label__405__1;frosted_flakes:frosted_flakes__earliest_verified_label__405__1;https://www.flickr.com/photos/25692985%40N07/3544406888,,,,rights_review_needed,source_link_only_no_public_image,1,0
panel-capture-v1,kfc_famous_bowl__earliest_verified_label__700__1,kfc_famous_bowl,KFC Famous Bowl,Earliest label hunt,docslib.org,https://docslib.org/doc/513747/kfc-ingredients-pdf,KFC Ingredients PDF mirror with July 17 2012 ingredient list,panel_source_candidate,,,panel_capture_needed,low,document_text_extract,"Capture the ingredient, allergen, nutrition, or disclosure document block for this product/vintage slot.",document_text,kfc_famous_bowl__earliest_verified_label__700__1;kfc_famous_bowl:kfc_famous_bowl__earliest_verified_label__700__1;https://docslib.org/doc/513747/kfc-ingredients-pdf,,,,rights_review_needed,source_link_only_no_public_image,1,0
panel-capture-v1,kfc_original_recipe_chicken__earliest_verified_label__765__2,kfc_original_recipe_chicken,KFC Original Recipe Chicken,Earliest label hunt,docslib.org,https://docslib.org/doc/513747/kfc-ingredients-pdf,"KFC ingredient list PDF mirror, July 17 2012",panel_source_candidate,,,panel_capture_needed,low,document_text_extract,"Capture the ingredient, allergen, nutrition, or disclosure document block for this product/vintage slot.",document_text,kfc_original_recipe_chicken__earliest_verified_label__765__2;kfc_original_recipe_chicken:kfc_original_recipe_chicken__earliest_verified_label__765__2;https://docslib.org/doc/513747/kfc-ingredients-pdf,,,,rights_review_needed,source_link_only_no_public_image,1,0
panel-capture-v1,lucky_charms__earliest_verified_label__276__3,lucky_charms,Lucky Charms,Earliest label hunt,flickr.com,https://www.flickr.com/photos/neatocoolville/423218445,"Lucky Charms Box Character Cutouts Back, 1980 - Flickr",panel_source_candidate,,,panel_capture_needed,low,panel_crop,Crop the ingredient statement panel with enough surrounding package context to preserve SKU/date cues.,ingredient_panel,lucky_charms__earliest_verified_label__276__3;lucky_charms:lucky_charms__earliest_verified_label__276__3;https://www.flickr.com/photos/neatocoolville/423218445,,,,rights_review_needed,source_link_only_no_public_image,1,0
panel-capture-v1,pillsbury_toaster_strudel_strawberry__earliest_verified_label__675__1,pillsbury_toaster_strudel_strawberry,Pillsbury Toaster Strudel Strawberry,Earliest label hunt,bcscan.com,https://www.bcscan.com/itemdetail.php?ean=0018000655205,Pillsbury Toaster Strudel Strawberry BCScan item record,panel_source_candidate,,,panel_capture_needed,low,panel_crop,Crop the ingredient statement panel with enough surrounding package context to preserve SKU/date cues.,ingredient_panel,pillsbury_toaster_strudel_strawberry__earliest_verified_label__675__1;pillsbury_toaster_strudel_strawberry:pillsbury_toaster_strudel_strawberry__earliest_verified_label__675__1;https://www.bcscan.com/itemdetail.php?ean=0018000655205,,,,rights_review_needed,source_link_only_no_public_image,1,0
panel-capture-v1,pizza_hut_original_pan_pepperoni__earliest_verified_label__655__1,pizza_hut_original_pan_pepperoni,Pizza Hut Original Pan Pepperoni Pizza,Earliest label hunt,yumpu.com,https://www.yumpu.com/en/document/view/2176122/ingredient-statement-july-2004-pizza-hut,Pizza Hut Ingredient Statement July 2004 document view,panel_source_candidate,,,panel_capture_needed,low,document_text_extract,"Capture the ingredient, allergen, nutrition, or disclosure document block for this product/vintage slot.",document_text,pizza_hut_original_pan_pepperoni__earliest_verified_label__655__1;pizza_hut_original_pan_pepperoni:pizza_hut_original_pan_pepperoni__earliest_verified_label__655__1;https://www.yumpu.com/en/document/view/2176122/ingredient-statement-july-2004-pizza-hut,,,,rights_review_needed,source_link_only_no_public_image,1,0
panel-capture-v1,ritz_original_crackers__earliest_verified_label__401__2,ritz_original_crackers,Ritz Original Crackers,Earliest label hunt,flickr.com,https://www.flickr.com/photos/25692985%40N07/3780750883/,1975 Nabisco Ritz Crackers Box Back - Flickr,panel_source_candidate,,,panel_capture_needed,low,panel_crop,Crop the ingredient statement panel with enough surrounding package context to preserve SKU/date cues.,ingredient_panel,ritz_original_crackers__earliest_verified_label__401__2;ritz_original_crackers:ritz_original_crackers__earliest_verified_label__401__2;https://www.flickr.com/photos/25692985%40N07/3780750883/,,,,rights_review_needed,source_link_only_no_public_image,1,0
panel-capture-v1,spam_classic__earliest_verified_label__733__1,spam_classic,SPAM Classic,Earliest label hunt,spam.com,https://www.spam.com/what-is-spam-brand,SPAM Brand official product ingredients and history page,panel_source_candidate,,,panel_capture_needed,low,panel_crop,Crop the ingredient statement panel with enough surrounding package context to preserve SKU/date cues.,ingredient_panel,spam_classic__earliest_verified_label__733__1;spam_classic:spam_classic__earliest_verified_label__733__1;https://www.spam.com/what-is-spam-brand,,,,rights_review_needed,source_link_only_no_public_image,1,0
panel-capture-v1,sprite_original__earliest_verified_label__417__1,sprite_original,Sprite Original,Earliest label hunt,flickr.com,https://www.flickr.com/photos/jasonliebigstuff/581987504,Sprite Can - Unrolled Flat - 1960's - Flickr,panel_source_candidate,,,panel_capture_needed,low,panel_crop,Crop the ingredient statement panel with enough surrounding package context to preserve SKU/date cues.,ingredient_panel,sprite_original__earliest_verified_label__417__1;sprite_original:sprite_original__earliest_verified_label__417__1;https://www.flickr.com/photos/jasonliebigstuff/581987504,,,,rights_review_needed,source_link_only_no_public_image,1,0
panel-capture-v1,stouffers_lasagna_meat_sauce__earliest_verified_label__681__1,stouffers_lasagna_meat_sauce,Stouffer's Lasagna with Meat & Sauce,Earliest label hunt,upcfoodsearch.com,https://upcfoodsearch.com/food-products/frozen-complete-meals/013800232601/,Stouffer's Large Family Size Lasagna With Meat & Sauce UPC Food Search record,panel_source_candidate,,,panel_capture_needed,low,panel_crop,Crop the ingredient statement panel with enough surrounding package context to preserve SKU/date cues.,ingredient_panel,stouffers_lasagna_meat_sauce__earliest_verified_label__681__1;stouffers_lasagna_meat_sauce:stouffers_lasagna_meat_sauce__earliest_verified_label__681__1;https://upcfoodsearch.com/food-products/frozen-complete-meals/013800232601/,,,,rights_review_needed,source_link_only_no_public_image,1,0
panel-capture-v1,taco_bell_bean_burrito__earliest_verified_label__798__1,taco_bell_bean_burrito,Taco Bell Bean Burrito,Earliest label hunt,fastfoodingredients.com,https://www.fastfoodingredients.com/2008/02/14/taco-bell-bean-burrito/,"Fast Food Ingredients Taco Bell Bean Burrito transcript, 2008",panel_source_candidate,,,panel_capture_needed,low,panel_crop,Crop the ingredient statement panel with enough surrounding package context to preserve SKU/date cues.,ingredient_panel,taco_bell_bean_burrito__earliest_verified_label__798__1;taco_bell_bean_burrito:taco_bell_bean_burrito__earliest_verified_label__798__1;https://www.fastfoodingredients.com/2008/02/14/taco-bell-bean-burrito/,,,,rights_review_needed,source_link_only_no_public_image,1,0
panel-capture-v1,tang_orange__earliest_verified_label__580__1,tang_orange,Tang Orange Drink Mix,Earliest label hunt,flickr.com,https://www.flickr.com/photos/jasonliebigstuff/2629548371,"General Foods Tang label file copy, December 1971 Flickr photo",panel_source_candidate,,,panel_capture_needed,low,panel_crop,Crop the ingredient statement panel with enough surrounding package context to preserve SKU/date cues.,ingredient_panel,tang_orange__earliest_verified_label__580__1;tang_orange:tang_orange__earliest_verified_label__580__1;https://www.flickr.com/photos/jasonliebigstuff/2629548371,,,,rights_review_needed,source_link_only_no_public_image,1,0
panel-capture-v1,trix_cereal__earliest_verified_label__208__1,trix_cereal,Trix Cereal,Earliest label hunt,flickr.com,https://www.flickr.com/photos/jasonliebigstuff/2037147592/,"General Mills Trix Cereal Box with Back Panel, 1978 - Flickr",panel_source_candidate,,,panel_capture_needed,low,panel_crop,Crop the ingredient statement panel with enough surrounding package context to preserve SKU/date cues.,ingredient_panel,trix_cereal__earliest_verified_label__208__1;trix_cereal:trix_cereal__earliest_verified_label__208__1;https://www.flickr.com/photos/jasonliebigstuff/2037147592/,,,,rights_review_needed,source_link_only_no_public_image,1,0
panel-capture-v1,twizzlers_strawberry__earliest_verified_label__687__1,twizzlers_strawberry,Twizzlers Strawberry Twists,Earliest label hunt,upcfoodsearch.com,https://upcfoodsearch.com/food-products/other-flavored-soft/034000531042/,Twizzlers Strawberry Twists Candy UPC Food Search record,panel_source_candidate,,,panel_capture_needed,low,panel_crop,Crop the ingredient statement panel with enough surrounding package context to preserve SKU/date cues.,ingredient_panel,twizzlers_strawberry__earliest_verified_label__687__1;twizzlers_strawberry:twizzlers_strawberry__earliest_verified_label__687__1;https://upcfoodsearch.com/food-products/other-flavored-soft/034000531042/,,,,rights_review_needed,source_link_only_no_public_image,1,0
panel-capture-v1,velveeta_shells_and_cheese__earliest_verified_label__680__1,velveeta_shells_and_cheese,Velveeta Shells & Cheese,Earliest label hunt,upcfoodsearch.com,https://upcfoodsearch.com/food-products/pasta-side-mixes/021000045129/,Velveeta Shells & Cheese Original UPC Food Search record,panel_source_candidate,,,panel_capture_needed,low,panel_crop,Crop the ingredient statement panel with enough surrounding package context to preserve SKU/date cues.,ingredient_panel,velveeta_shells_and_cheese__earliest_verified_label__680__1;velveeta_shells_and_cheese:velveeta_shells_and_cheese__earliest_verified_label__680__1;https://upcfoodsearch.com/food-products/pasta-side-mixes/021000045129/,,,,rights_review_needed,source_link_only_no_public_image,1,0
panel-capture-v1,wheaties__earliest_verified_label__638__1,wheaties,Wheaties,Earliest label hunt,flickr.com,https://www.flickr.com/photos/jasonliebigstuff/4729777211,"General Mills Wheaties cereal box front and back panels, 1960s - Flickr",panel_source_candidate,,,panel_capture_needed,low,panel_crop,Crop the ingredient statement panel with enough surrounding package context to preserve SKU/date cues.,ingredient_panel,wheaties__earliest_verified_label__638__1;wheaties:wheaties__earliest_verified_label__638__1;https://www.flickr.com/photos/jasonliebigstuff/4729777211,,,,rights_review_needed,source_link_only_no_public_image,1,0
panel-capture-v1,7up_original__current_2020s__263__1,7up_original,7UP Original,Current SKU anchor,7up.com,https://www.7up.com/en/products/7up?bvstate=pg%3A2%2Fct,Original 7UP Product Page - 7UP,panel_source_candidate,,,panel_capture_needed,low,panel_crop,Crop the ingredient statement panel with enough surrounding package context to preserve SKU/date cues.,ingredient_panel,7up_original__current_2020s__263__1;7up_original:7up_original__current_2020s__263__1;https://www.7up.com/en/products/7up?bvstate=pg%3A2%2Fct,,,,rights_review_needed,source_link_only_no_public_image,1,0
panel-capture-v1,ball_park_franks__current_2020s__916__11,ball_park_franks,Ball Park Franks,Current SKU anchor,foodforkidsnevada.org,https://foodforkidsnevada.org/wp-content/uploads/2025/07/Ball-Park-Franks.pdf,Ball Park Franks foodservice PDF hosted by Food for Kids Nevada,panel_source_candidate,,,panel_capture_needed,low,document_text_extract,"Capture the ingredient, allergen, nutrition, or disclosure document block for this product/vintage slot.",document_text,ball_park_franks__current_2020s__916__11;ball_park_franks:ball_park_franks__current_2020s__916__11;https://foodforkidsnevada.org/wp-content/uploads/2025/07/Ball-Park-Franks.pdf,,,,rights_review_needed,source_link_only_no_public_image,1,0
panel-capture-v1,banquet_chicken_pot_pie__current_2020s__130__1,banquet_chicken_pot_pie,Banquet Chicken Pot Pie,Current SKU anchor,walmart.com,https://www.walmart.com/ip/10794554,Banquet Chicken Pot Pie 7 oz Walmart page,panel_source_candidate,,,panel_capture_needed,low,panel_crop,Crop the ingredient statement panel with enough surrounding package context to preserve SKU/date cues.,ingredient_panel,banquet_chicken_pot_pie__current_2020s__130__1;banquet_chicken_pot_pie:banquet_chicken_pot_pie__current_2020s__130__1;https://www.walmart.com/ip/10794554,,,,rights_review_needed,source_link_only_no_public_image,1,0
panel-capture-v1,betty_crocker_super_moist_yellow_cake_mix__current_2020s__100__1,betty_crocker_super_moist_yellow_cake_mix,Betty Crocker Super Moist Yellow Cake Mix,Current SKU anchor,bettycrocker.com,https://www.bettycrocker.com/products/betty-crocker-baking-and-cake-mixes/yellow,"Betty Crocker Favorites Super Moist Yellow Cake Mix, 13.25 oz - BettyCrocker.com",panel_source_candidate,,,panel_capture_needed,low,panel_crop,Crop the ingredient statement panel with enough surrounding package context to preserve SKU/date cues.,ingredient_panel,betty_crocker_super_moist_yellow_cake_mix__current_2020s__100__1;betty_crocker_super_moist_yellow_cake_mix:betty_crocker_super_moist_yellow_cake_mix__current_2020s__100__1;https://www.bettycrocker.com/products/betty-crocker-baking-and-cake-mixes/yellow,,,,rights_review_needed,source_link_only_no_public_image,1,0
panel-capture-v1,bisquick_original__current_2020s__701__3,bisquick_original,Bisquick Original Pancake and Baking Mix,Current SKU anchor,upcitemdb.com,https://www.upcitemdb.com/upc/16000420403,Bisquick Original Pancake and Baking Mix UPCItemDB record,panel_source_candidate,,,panel_capture_needed,low,panel_crop,Crop the ingredient statement panel with enough surrounding package context to preserve SKU/date cues.,ingredient_panel,bisquick_original__current_2020s__701__3;bisquick_original:bisquick_original__current_2020s__701__3;https://www.upcitemdb.com/upc/16000420403,,,,rights_review_needed,source_link_only_no_public_image,1,0
panel-capture-v1,butterfinger_bar__current_2020s__525__1,butterfinger_bar,Butterfinger Bar,Current SKU anchor,kroger.com,https://www.kroger.com/p/butterfinger-candy-bar/0002800020203,Butterfinger Candy Bar 1.9 oz Kroger page,panel_source_candidate,,,panel_capture_needed,low,panel_crop,Crop the ingredient statement panel with enough surrounding package context to preserve SKU/date cues.,ingredient_panel,butterfinger_bar__current_2020s__525__1;butterfinger_bar:butterfinger_bar__current_2020s__525__1;https://www.kroger.com/p/butterfinger-candy-bar/0002800020203,,,,rights_review_needed,source_link_only_no_public_image,1,0
panel-capture-v1,campbells_chicken_noodle_soup__current_2020s__530__2,campbells_chicken_noodle_soup,Campbell's Chicken Noodle Soup,Current SKU anchor,campbellsfoodservice.com,https://www.campbellsfoodservice.com/product/chicken-noodle-soup-2/?product-pdf=_,Campbell's Condensed Chicken Noodle Soup 10.75 oz can 48 pack Foodservice PDF,panel_source_candidate,,,panel_capture_needed,low,document_text_extract,"Capture the ingredient, allergen, nutrition, or disclosure document block for this product/vintage slot.",document_text,campbells_chicken_noodle_soup__current_2020s__530__2;campbells_chicken_noodle_soup:campbells_chicken_noodle_soup__current_2020s__530__2;https://www.campbellsfoodservice.com/product/chicken-noodle-soup-2/?product-pdf=_,,,,rights_review_needed,source_link_only_no_public_image,1,0
panel-capture-v1,capn_crunch_original__current_2020s__440__3,capn_crunch_original,Cap'n Crunch Original,Current SKU anchor,underunderstood.com,https://underunderstood.com/podcast/episode/capn-crunch-smaller/,The Incredible Shrinking Cap'n - Underunderstood,panel_source_candidate,,,panel_capture_needed,low,panel_crop,Crop the ingredient statement panel with enough surrounding package context to preserve SKU/date cues.,ingredient_panel,capn_crunch_original__current_2020s__440__3;capn_crunch_original:capn_crunch_original__current_2020s__440__3;https://underunderstood.com/podcast/episode/capn-crunch-smaller/,,,,rights_review_needed,source_link_only_no_public_image,1,0
panel-capture-v1,cheetos_crunchy__current_2020s__38__2,cheetos_crunchy,Cheetos Crunchy,Current SKU anchor,smartlabel.pepsico.info,https://smartlabel.pepsico.info/028400589501-0001-en-US/index.html,Cheetos Crunchy Cheese Flavored Snacks - SmartLabel,panel_source_candidate,,,panel_capture_needed,low,document_text_extract,"Capture the ingredient, allergen, nutrition, or disclosure document block for this product/vintage slot.",document_text,cheetos_crunchy__current_2020s__38__2;cheetos_crunchy:cheetos_crunchy__current_2020s__38__2;https://smartlabel.pepsico.info/028400589501-0001-en-US/index.html,,,,rights_review_needed,source_link_only_no_public_image,1,0
panel-capture-v1,cheez_it_original__current_2020s__22__4,cheez_it_original,Cheez-It Original Crackers,Current SKU anchor,smartlabel.kelloggs.com,https://smartlabel.kelloggs.com/Product/Index/024100106844,Cheez-It Original Snack Crackers - SmartLabel,panel_source_candidate,,,panel_capture_needed,low,document_text_extract,"Capture the ingredient, allergen, nutrition, or disclosure document block for this product/vintage slot.",document_text,cheez_it_original__current_2020s__22__4;cheez_it_original:cheez_it_original__current_2020s__22__4;https://smartlabel.kelloggs.com/Product/Index/024100106844,,,,rights_review_needed,source_link_only_no_public_image,1,0
panel-capture-v1,chef_boyardee_beefaroni__current_2020s__69__1,chef_boyardee_beefaroni,Chef Boyardee Beefaroni,Current SKU anchor,chefboyardee.com,https://www.chefboyardee.com/products/classics/beefaroni,Chef Boyardee Beefaroni - Chef Boyardee,panel_source_candidate,,,panel_capture_needed,low,panel_crop,Crop the ingredient statement panel with enough surrounding package context to preserve SKU/date cues.,ingredient_panel,chef_boyardee_beefaroni__current_2020s__69__1;chef_boyardee_beefaroni:chef_boyardee_beefaroni__current_2020s__69__1;https://www.chefboyardee.com/products/classics/beefaroni,,,,rights_review_needed,source_link_only_no_public_image,1,0
panel-capture-v1,chick_fil_a_chicken_sandwich__current_2020s__946__2,chick_fil_a_chicken_sandwich,Chick-fil-A Chicken Sandwich,Current SKU anchor,chick-fil-a.com,https://www.chick-fil-a.com/menu/entrees/chick-fil-a-chicken-sandwich/,Chick-fil-A Chicken Sandwich official menu page,panel_source_candidate,,,panel_capture_needed,low,panel_crop,"Capture the ingredient, allergen, nutrition, or disclosure document block for this product/vintage slot.",document_text,chick_fil_a_chicken_sandwich__current_2020s__946__2;chick_fil_a_chicken_sandwich:chick_fil_a_chicken_sandwich__current_2020s__946__2;https://www.chick-fil-a.com/menu/entrees/chick-fil-a-chicken-sandwich/,,,,rights_review_needed,source_link_only_no_public_image,1,0
panel-capture-v1,chips_ahoy_original__current_2020s__409__6,chips_ahoy_original,Chips Ahoy! Original Cookies,Current SKU anchor,upcitemdb.com,https://www.upcitemdb.com/upc/44000032197,UPC 044000032197 - Chips Ahoy! Original Chocolate Chip Cookies 13 oz - UPCitemdb,panel_source_candidate,,,panel_capture_needed,low,panel_crop,Crop the ingredient statement panel with enough surrounding package context to preserve SKU/date cues.,ingredient_panel,chips_ahoy_original__current_2020s__409__6;chips_ahoy_original:chips_ahoy_original__current_2020s__409__6;https://www.upcitemdb.com/upc/44000032197,,,,rights_review_needed,source_link_only_no_public_image,1,0
panel-capture-v1,cinnamon_toast_crunch__current_2020s__44__1,cinnamon_toast_crunch,Cinnamon Toast Crunch,Current SKU anchor,cinnamontoastcrunch.com,https://www.cinnamontoastcrunch.com/products/cinnamon-toast-crunch-cereal,Cinnamon Toast Crunch Cereal - Cinnamon Toast Crunch,panel_source_candidate,,,panel_capture_needed,low,panel_crop,Crop the ingredient statement panel with enough surrounding package context to preserve SKU/date cues.,ingredient_panel,cinnamon_toast_crunch__current_2020s__44__1;cinnamon_toast_crunch:cinnamon_toast_crunch__current_2020s__44__1;https://www.cinnamontoastcrunch.com/products/cinnamon-toast-crunch-cereal,,,,rights_review_needed,source_link_only_no_public_image,1,0
panel-capture-v1,cocoa_puffs__current_2020s__76__3,cocoa_puffs,Cocoa Puffs,Current SKU anchor,cvs.com,https://www.cvs.com/shop/ingredients/general-mills-cocoa-puffs-whole-grain-cereal-10-4-oz-prodid-558865,"General Mills Cocoa Puffs Whole Grain Cereal, 10.4 oz Ingredients - CVS",panel_source_candidate,,,panel_capture_needed,low,panel_crop,Crop the ingredient statement panel with enough surrounding package context to preserve SKU/date cues.,ingredient_panel,cocoa_puffs__current_2020s__76__3;cocoa_puffs:cocoa_puffs__current_2020s__76__3;https://www.cvs.com/shop/ingredients/general-mills-cocoa-puffs-whole-grain-cereal-10-4-oz-prodid-558865,,,,rights_review_needed,source_link_only_no_public_image,1,0
panel-capture-v1,cool_whip_original__current_2020s__118__4,cool_whip_original,Cool Whip Original,Current SKU anchor,kraftheinz.com,https://www.kraftheinz.com/cool-whip/products/00043000009604-original-whipped-topping,Cool Whip Original Whipped Topping - Kraft Heinz,panel_source_candidate,,,panel_capture_needed,low,panel_crop,Crop the ingredient statement panel with enough surrounding package context to preserve SKU/date cues.,ingredient_panel,cool_whip_original__current_2020s__118__4;cool_whip_original:cool_whip_original__current_2020s__118__4;https://www.kraftheinz.com/cool-whip/products/00043000009604-original-whipped-topping,,,,rights_review_needed,source_link_only_no_public_image,1,0
panel-capture-v1,dinty_moore_beef_stew__current_2020s__1058__5,dinty_moore_beef_stew,Dinty Moore Beef Stew,Current SKU anchor,smartlabel.hormelfoods.com,https://smartlabel.hormelfoods.com/product-info/00037600249348,Hormel SmartLabel DINTY MOORE Beef Stew page,panel_source_candidate,,,panel_capture_needed,low,document_text_extract,"Capture the ingredient, allergen, nutrition, or disclosure document block for this product/vintage slot.",document_text,dinty_moore_beef_stew__current_2020s__1058__5;dinty_moore_beef_stew:dinty_moore_beef_stew__current_2020s__1058__5;https://smartlabel.hormelfoods.com/product-info/00037600249348,,,,rights_review_needed,source_link_only_no_public_image,1,0
panel-capture-v1,dominos_hand_tossed_pepperoni__current_2020s__571__1,dominos_hand_tossed_pepperoni,Domino's Hand Tossed Pepperoni Pizza,Current SKU anchor,cache.dominos.com,https://cache.dominos.com/olo/6_164_0/assets/build/market/US/_en/pdf/DominosNutritionGuide.pdf,Domino's US Nutrition Guide PDF with Hand Tossed Pizza ingredient nutrition tables,panel_source_candidate,,,panel_capture_needed,low,document_text_extract,"Crop the ingredient and nutrition panel together; include serving size, net weight, and manufacturer/distributor text if visible.",ingredient_or_nutrition_panel,dominos_hand_tossed_pepperoni__current_2020s__571__1;dominos_hand_tossed_pepperoni:dominos_hand_tossed_pepperoni__current_2020s__571__1;https://cache.dominos.com/olo/6_164_0/assets/build/market/US/_en/pdf/DominosNutritionGuide.pdf,,,,rights_review_needed,source_link_only_no_public_image,1,0
panel-capture-v1,dr_pepper_original__current_2020s__52__4,dr_pepper_original,Dr Pepper Original,Current SKU anchor,kroger.com,https://www.kroger.com/p/dr-pepper/0007800008216,"Dr Pepper Soda Cans, 12 pk / 12 fl oz - Kroger",panel_source_candidate,,,panel_capture_needed,low,panel_crop,Crop the ingredient statement panel with enough surrounding package context to preserve SKU/date cues.,ingredient_panel,dr_pepper_original__current_2020s__52__4;dr_pepper_original:dr_pepper_original__current_2020s__52__4;https://www.kroger.com/p/dr-pepper/0007800008216,,,,rights_review_needed,source_link_only_no_public_image,1,0
panel-capture-v1,dunkin_glazed_donut__current_2020s__574__1,dunkin_glazed_donut,Dunkin' Glazed Donut,Current SKU anchor,dunkindonuts.com,https://www.dunkindonuts.com/content/dunkindonuts/en/menu/nutrition/nutrition_catalog.html.,Dunkin' Nutrition page with nutrition and allergen/ingredient PDF links,panel_source_candidate,,,panel_capture_needed,low,document_text_extract,"Crop the ingredient and nutrition panel together; include serving size, net weight, and manufacturer/distributor text if visible.",ingredient_or_nutrition_panel,dunkin_glazed_donut__current_2020s__574__1;dunkin_glazed_donut:dunkin_glazed_donut__current_2020s__574__1;https://www.dunkindonuts.com/content/dunkindonuts/en/menu/nutrition/nutrition_catalog.html.,,,,rights_review_needed,source_link_only_no_public_image,1,0
panel-capture-v1,eggo_homestyle_waffles__current_2020s__68__2,eggo_homestyle_waffles,Eggo Homestyle Waffles,Current SKU anchor,leggomyeggo.com,https://www.leggomyeggo.com/en-us/products/waffles/homestyle-waffles-product.html,Eggo Homestyle Waffles - Eggo,panel_source_candidate,,,panel_capture_needed,low,panel_crop,Crop the ingredient statement panel with enough surrounding package context to preserve SKU/date cues.,ingredient_panel,eggo_homestyle_waffles__current_2020s__68__2;eggo_homestyle_waffles:eggo_homestyle_waffles__current_2020s__68__2;https://www.leggomyeggo.com/en-us/products/waffles/homestyle-waffles-product.html,,,,rights_review_needed,source_link_only_no_public_image,1,0
panel-capture-v1,fig_newtons__current_2020s__58__4,fig_newtons,Fig Newtons,Current SKU anchor,smartlabel.mondelez.info,https://smartlabel.mondelez.info/044000078348-0001-en-US/index.html,Newtons Soft & Chewy Fig Fruit Chewy Cookies - SmartLabel,panel_source_candidate,,,panel_capture_needed,low,document_text_extract,"Capture the ingredient, allergen, nutrition, or disclosure document block for this product/vintage slot.",document_text,fig_newtons__current_2020s__58__4;fig_newtons:fig_newtons__current_2020s__58__4;https://smartlabel.mondelez.info/044000078348-0001-en-US/index.html,,,,rights_review_needed,source_link_only_no_public_image,1,0
panel-capture-v1,frenchs_yellow_mustard__current_2020s__702__4,frenchs_yellow_mustard,French's Classic Yellow Mustard,Current SKU anchor,upcitemdb.com,https://www.upcitemdb.com/upc/41500000312,French's Classic Yellow Mustard 20 oz UPCItemDB record,panel_source_candidate,,,panel_capture_needed,low,panel_crop,Crop the ingredient statement panel with enough surrounding package context to preserve SKU/date cues.,ingredient_panel,frenchs_yellow_mustard__current_2020s__702__4;frenchs_yellow_mustard:frenchs_yellow_mustard__current_2020s__702__4;https://www.upcitemdb.com/upc/41500000312,,,,rights_review_needed,source_link_only_no_public_image,1,0
panel-capture-v1,fritos_original__current_2020s__77__4,fritos_original,Fritos Original Corn Chips,Current SKU anchor,smartlabel.pepsico.info,https://smartlabel.pepsico.info/028400017206-0003-en-US/index.html,"Fritos, The Original, Corn Chips - SmartLabel",panel_source_candidate,,,panel_capture_needed,low,document_text_extract,"Capture the ingredient, allergen, nutrition, or disclosure document block for this product/vintage slot.",document_text,fritos_original__current_2020s__77__4;fritos_original:fritos_original__current_2020s__77__4;https://smartlabel.pepsico.info/028400017206-0003-en-US/index.html,,,,rights_review_needed,source_link_only_no_public_image,1,0
panel-capture-v1,gatorade_lemon_lime__current_2020s__81__3,gatorade_lemon_lime,Gatorade Lemon-Lime,Current SKU anchor,smartlabel.pepsico.info,https://smartlabel.pepsico.info/052000208054-0012-en-US/index.html,Gatorade Lemon-Lime Flavored Thirst Quencher - SmartLabel,panel_source_candidate,,,panel_capture_needed,low,document_text_extract,"Capture the ingredient, allergen, nutrition, or disclosure document block for this product/vintage slot.",document_text,gatorade_lemon_lime__current_2020s__81__3;gatorade_lemon_lime:gatorade_lemon_lime__current_2020s__81__3;https://smartlabel.pepsico.info/052000208054-0012-en-US/index.html,,,,rights_review_needed,source_link_only_no_public_image,1,0
panel-capture-v1,hamburger_helper_cheeseburger_macaroni__current_2020s__104__3,hamburger_helper_cheeseburger_macaroni,Hamburger Helper Cheeseburger Macaroni,Current SKU anchor,hamburgerhelper.com,https://www.hamburgerhelper.com/product/amburger-helper-cheeseburger-macaroni/,Hamburger Helper Cheeseburger Macaroni - Hamburger Helper,panel_source_candidate,,,panel_capture_needed,low,panel_crop,Crop the ingredient statement panel with enough surrounding package context to preserve SKU/date cues.,ingredient_panel,hamburger_helper_cheeseburger_macaroni__current_2020s__104__3;hamburger_helper_cheeseburger_macaroni:hamburger_helper_cheeseburger_macaroni__current_2020s__104__3;https://www.hamburgerhelper.com/product/amburger-helper-cheeseburger-macaroni/,,,,rights_review_needed,source_link_only_no_public_image,1,0
panel-capture-v1,hebrew_national_franks__current_2020s__133__3,hebrew_national_franks,Hebrew National Beef Franks,Current SKU anchor,walmart.com,https://www.walmart.com/ip/21289107,"Hebrew National Beef Franks, 34.1 oz, 20 Count - Walmart",panel_source_candidate,,,panel_capture_needed,low,panel_crop,Crop the ingredient statement panel with enough surrounding package context to preserve SKU/date cues.,ingredient_panel,hebrew_national_franks__current_2020s__133__3;hebrew_national_franks:hebrew_national_franks__current_2020s__133__3;https://www.walmart.com/ip/21289107,,,,rights_review_needed,source_link_only_no_public_image,1,0
panel-capture-v1,hellmanns_mayonnaise_real__current_2020s__608__4,hellmanns_mayonnaise_real,Hellmann's Real Mayonnaise,Current SKU anchor,webstaurantstore.com,https://www.webstaurantstore.com/documents/nutrition/10048001265544-68941199_pds_hellmann_s_real_mayonnaise_30_lbs_pail_062322.pdf,Hellmann's Real Mayonnaise 30 lb pail product data sheet PDF,panel_source_candidate,,,panel_capture_needed,low,document_text_extract,"Capture the ingredient, allergen, nutrition, or disclosure document block for this product/vintage slot.",document_text,hellmanns_mayonnaise_real__current_2020s__608__4;hellmanns_mayonnaise_real:hellmanns_mayonnaise_real__current_2020s__608__4;https://www.webstaurantstore.com/documents/nutrition/10048001265544-68941199_pds_hellmann_s_real_mayonnaise_30_lbs_pail_062322.pdf,,,,rights_review_needed,source_link_only_no_public_image,1,0
panel-capture-v1,hersheys_milk_chocolate_bar__current_2020s__25__1,hersheys_milk_chocolate_bar,Hershey's Milk Chocolate Bar,Current SKU anchor,smartlabel.hersheys.com,https://smartlabel.hersheys.com/034000290055-0051-en-US/index.html,"HERSHEY'S Milk Chocolate 6 full size bars 9.3 oz SmartLabel, updated 2024",panel_source_candidate,,,panel_capture_needed,low,document_text_extract,"Capture the ingredient, allergen, nutrition, or disclosure document block for this product/vintage slot.",document_text,hersheys_milk_chocolate_bar__current_2020s__25__1;hersheys_milk_chocolate_bar:hersheys_milk_chocolate_bar__current_2020s__25__1;https://smartlabel.hersheys.com/034000290055-0051-en-US/index.html,,,,rights_review_needed,source_link_only_no_public_image,1,0
panel-capture-v1,hidden_valley_ranch_original__current_2020s__95__3,hidden_valley_ranch_original,Hidden Valley Original Ranch,Current SKU anchor,hiddenvalley.com,https://www.hiddenvalley.com/products/bottled-dressings/original-ranch/original-ranch/,Hidden Valley Original Ranch Condiment & Salad Dressing - Hidden Valley,panel_source_candidate,,,panel_capture_needed,low,panel_crop,Crop the ingredient statement panel with enough surrounding package context to preserve SKU/date cues.,ingredient_panel,hidden_valley_ranch_original__current_2020s__95__3;hidden_valley_ranch_original:hidden_valley_ranch_original__current_2020s__95__3;https://www.hiddenvalley.com/products/bottled-dressings/original-ranch/original-ranch/,,,,rights_review_needed,source_link_only_no_public_image,1,0
panel-capture-v1,honey_nut_cheerios__current_2020s__32__2,honey_nut_cheerios,Honey Nut Cheerios,Current SKU anchor,evfoodservices.com,https://www.evfoodservices.com/info/Breakfast-Entrees/Honey_Nu_Cheerios_1oz_Nutrition.pdf,General Mills Honey Nut Cheerios 1 oz Nutrition PDF,panel_source_candidate,,,panel_capture_needed,low,document_text_extract,"Crop the ingredient and nutrition panel together; include serving size, net weight, and manufacturer/distributor text if visible.",ingredient_or_nutrition_panel,honey_nut_cheerios__current_2020s__32__2;honey_nut_cheerios:honey_nut_cheerios__current_2020s__32__2;https://www.evfoodservices.com/info/Breakfast-Entrees/Honey_Nu_Cheerios_1oz_Nutrition.pdf,,,,rights_review_needed,source_link_only_no_public_image,1,0
panel-capture-v1,hormel_chili_no_beans__current_2020s__894__3,hormel_chili_no_beans,Hormel Chili No Beans,Current SKU anchor,nutrition.hormelfoods.com,https://nutrition.hormelfoods.com/product-info/00037600165884,Hormel SmartLabel HORMEL Chili No Beans,panel_source_candidate,,,panel_capture_needed,low,document_text_extract,"Capture the ingredient, allergen, nutrition, or disclosure document block for this product/vintage slot.",document_text,hormel_chili_no_beans__current_2020s__894__3;hormel_chili_no_beans:hormel_chili_no_beans__current_2020s__894__3;https://nutrition.hormelfoods.com/product-info/00037600165884,,,,rights_review_needed,source_link_only_no_public_image,1,0
panel-capture-v1,hostess_cupcakes__current_2020s__74__4,hostess_cupcakes,Hostess CupCakes,Current SKU anchor,walmart.com,https://www.walmart.com/ip/35772686,"Hostess Chocolate CupCakes, 3.17 oz Sleeve - Walmart",panel_source_candidate,,,panel_capture_needed,low,panel_crop,Crop the ingredient statement panel with enough surrounding package context to preserve SKU/date cues.,ingredient_panel,hostess_cupcakes__current_2020s__74__4;hostess_cupcakes:hostess_cupcakes__current_2020s__74__4;https://www.walmart.com/ip/35772686,,,,rights_review_needed,source_link_only_no_public_image,1,0
panel-capture-v1,twinkies__current_2020s__16__2,twinkies,Hostess Twinkies,Current SKU anchor,kroger.com,https://www.kroger.com/p/hostess-twinkies-single-serve-chocolate-cakes/0088810901090,"Hostess Twinkies Single-Serve Chocolate Cakes, 2 ct / 2.7 oz - Kroger",panel_source_candidate,,,panel_capture_needed,low,panel_crop,Crop the ingredient statement panel with enough surrounding package context to preserve SKU/date cues.,ingredient_panel,twinkies__current_2020s__16__2;twinkies:twinkies__current_2020s__16__2;https://www.kroger.com/p/hostess-twinkies-single-serve-chocolate-cakes/0088810901090,,,,rights_review_needed,source_link_only_no_public_image,1,0
panel-capture-v1,hot_pockets_pepperoni_pizza__current_2020s__83__2,hot_pockets_pepperoni_pizza,Hot Pockets Pepperoni Pizza,Current SKU anchor,walmart.com,https://www.walmart.com/ip/14122459,"Hot Pockets Pepperoni Pizza Snacks, 54 oz 12 Pack - Walmart",panel_source_candidate,,,panel_capture_needed,low,panel_crop,Crop the ingredient statement panel with enough surrounding package context to preserve SKU/date cues.,ingredient_panel,hot_pockets_pepperoni_pizza__current_2020s__83__2;hot_pockets_pepperoni_pizza:hot_pockets_pepperoni_pizza__current_2020s__83__2;https://www.walmart.com/ip/14122459,,,,rights_review_needed,source_link_only_no_public_image,1,0
panel-capture-v1,jello_strawberry_gelatin__current_2020s__53__3,jello_strawberry_gelatin,Jell-O Strawberry Gelatin,Current SKU anchor,kroger.com,https://www.kroger.com/p/jello-strawberry-gelatin-dessert-mix-family-size-box/0004300020051,"Jell-O Strawberry Gelatin Dessert Mix, Family Size, 6 oz - Kroger",panel_source_candidate,,,panel_capture_needed,low,panel_crop,Crop the ingredient statement panel with enough surrounding package context to preserve SKU/date cues.,ingredient_panel,jello_strawberry_gelatin__current_2020s__53__3;jello_strawberry_gelatin:jello_strawberry_gelatin__current_2020s__53__3;https://www.kroger.com/p/jello-strawberry-gelatin-dessert-mix-family-size-box/0004300020051,,,,rights_review_needed,source_link_only_no_public_image,1,0
panel-capture-v1,jif_creamy_peanut_butter__current_2020s__60__3,jif_creamy_peanut_butter,Jif Creamy Peanut Butter,Current SKU anchor,jif.com,https://www.jif.com/products/creamy/creamy-peanut-butter,Jif Creamy Peanut Butter - Jif,panel_source_candidate,,,panel_capture_needed,low,panel_crop,Crop the ingredient statement panel with enough surrounding package context to preserve SKU/date cues.,ingredient_panel,jif_creamy_peanut_butter__current_2020s__60__3;jif_creamy_peanut_butter:jif_creamy_peanut_butter__current_2020s__60__3;https://www.jif.com/products/creamy/creamy-peanut-butter,,,,rights_review_needed,source_link_only_no_public_image,1,0
panel-capture-v1,corn_flakes__current_2020s__39__3,corn_flakes,Kellogg's Corn Flakes,Current SKU anchor,smartlabel.kelloggs.com,https://smartlabel.kelloggs.com/Product/Index/038000001305,Kellogg's Corn Flakes Original - SmartLabel,panel_source_candidate,,,panel_capture_needed,low,document_text_extract,"Capture the ingredient, allergen, nutrition, or disclosure document block for this product/vintage slot.",document_text,corn_flakes__current_2020s__39__3;corn_flakes:corn_flakes__current_2020s__39__3;https://smartlabel.kelloggs.com/Product/Index/038000001305,,,,rights_review_needed,source_link_only_no_public_image,1,0
panel-capture-v1,froot_loops__current_2020s__40__2,froot_loops,Kellogg's Froot Loops,Current SKU anchor,smartlabel.kelloggs.com,https://smartlabel.kelloggs.com/Product/Index/038000198645,Kellogg's Froot Loops Original - SmartLabel,panel_source_candidate,,,panel_capture_needed,low,document_text_extract,"Capture the ingredient, allergen, nutrition, or disclosure document block for this product/vintage slot.",document_text,froot_loops__current_2020s__40__2;froot_loops:froot_loops__current_2020s__40__2;https://smartlabel.kelloggs.com/Product/Index/038000198645,,,,rights_review_needed,source_link_only_no_public_image,1,0
panel-capture-v1,frosted_flakes__current_2020s__41__2,frosted_flakes,Kellogg's Frosted Flakes,Current SKU anchor,smartlabel.kelloggs.com,https://smartlabel.kelloggs.com/Product/Index/038000001299,Kellogg's Frosted Flakes Original - SmartLabel,panel_source_candidate,,,panel_capture_needed,low,document_text_extract,"Capture the ingredient, allergen, nutrition, or disclosure document block for this product/vintage slot.",document_text,frosted_flakes__current_2020s__41__2;frosted_flakes:frosted_flakes__current_2020s__41__2;https://smartlabel.kelloggs.com/Product/Index/038000001299,,,,rights_review_needed,source_link_only_no_public_image,1,0
panel-capture-v1,raisin_bran_kelloggs__current_2020s__111__3,raisin_bran_kelloggs,Kellogg's Raisin Bran,Current SKU anchor,smartlabel.wkkellogg.com,https://smartlabel.wkkellogg.com/Product/Index?gtin=00038000270840,Kellogg's Raisin Bran Original Cereal - SmartLabel,panel_source_candidate,,,panel_capture_needed,low,document_text_extract,"Capture the ingredient, allergen, nutrition, or disclosure document block for this product/vintage slot.",document_text,raisin_bran_kelloggs__current_2020s__111__3;raisin_bran_kelloggs:raisin_bran_kelloggs__current_2020s__111__3;https://smartlabel.wkkellogg.com/Product/Index?gtin=00038000270840,,,,rights_review_needed,source_link_only_no_public_image,1,0
panel-capture-v1,rice_krispies__current_2020s__55__3,rice_krispies,Kellogg's Rice Krispies,Current SKU anchor,smartlabel.wkkellogg.com,https://smartlabel.wkkellogg.com/Product/Index?gtin=00038000005657,Kellogg's Rice Krispies Cereal - SmartLabel,panel_source_candidate,,,panel_capture_needed,low,document_text_extract,"Capture the ingredient, allergen, nutrition, or disclosure document block for this product/vintage slot.",document_text,rice_krispies__current_2020s__55__3;rice_krispies:rice_krispies__current_2020s__55__3;https://smartlabel.wkkellogg.com/Product/Index?gtin=00038000005657,,,,rights_review_needed,source_link_only_no_public_image,1,0
panel-capture-v1,kfc_famous_bowl__current_2020s__581__1,kfc_famous_bowl,KFC Famous Bowl,Current SKU anchor,locations.kfc.com,https://locations.kfc.com/vt/rutland/153-s-main-st/delivery,KFC location delivery page with Famous Bowl product description,panel_source_candidate,,,panel_capture_needed,low,panel_crop,Crop the ingredient statement panel with enough surrounding package context to preserve SKU/date cues.,ingredient_panel,kfc_famous_bowl__current_2020s__581__1;kfc_famous_bowl:kfc_famous_bowl__current_2020s__581__1;https://locations.kfc.com/vt/rutland/153-s-main-st/delivery,,,,rights_review_needed,source_link_only_no_public_image,1,0
panel-capture-v1,kit_kat_bar__current_2020s__61__1,kit_kat_bar,Kit Kat Bar,Current SKU anchor,smartlabel.hersheys.com,https://smartlabel.hersheys.com/034000002467-0011-en-US/index.html,Kit Kat Crisp Wafer Bar in Milk Chocolate - SmartLabel,panel_source_candidate,,,panel_capture_needed,low,document_text_extract,"Capture the ingredient, allergen, nutrition, or disclosure document block for this product/vintage slot.",document_text,kit_kat_bar__current_2020s__61__1;kit_kat_bar:kit_kat_bar__current_2020s__61__1;https://smartlabel.hersheys.com/034000002467-0011-en-US/index.html,,,,rights_review_needed,source_link_only_no_public_image,1,0
panel-capture-v1,kool_aid_cherry__current_2020s__265__1,kool_aid_cherry,Kool-Aid Cherry Drink Mix,Current SKU anchor,walmart.com,https://www.walmart.com/ip/10292772,Kool-Aid Cherry Powdered Drink Mix 19 oz Canister - Walmart,panel_source_candidate,,,panel_capture_needed,low,panel_crop,Crop the ingredient statement panel with enough surrounding package context to preserve SKU/date cues.,ingredient_panel,kool_aid_cherry__current_2020s__265__1;kool_aid_cherry:kool_aid_cherry__current_2020s__265__1;https://www.walmart.com/ip/10292772,,,,rights_review_needed,source_link_only_no_public_image,1,0
panel-capture-v1,kraft_singles_american__current_2020s__78__4,kraft_singles_american,Kraft Singles American Cheese,Current SKU anchor,kraftheinz.com,https://www.kraftheinz.com/kraft-singles/products/00021000604739-singles-american-pasteurized-prepared-cheese-product-slices/,Kraft Singles American Slices - Kraft Heinz,panel_source_candidate,,,panel_capture_needed,low,panel_crop,Crop the ingredient statement panel with enough surrounding package context to preserve SKU/date cues.,ingredient_panel,kraft_singles_american__current_2020s__78__4;kraft_singles_american:kraft_singles_american__current_2020s__78__4;https://www.kraftheinz.com/kraft-singles/products/00021000604739-singles-american-pasteurized-prepared-cheese-product-slices/,,,,rights_review_needed,source_link_only_no_public_image,1,0
panel-capture-v1,lays_classic__current_2020s__28__2,lays_classic,Lay's Classic Potato Chips,Current SKU anchor,smartlabel.pepsico.info,https://smartlabel.pepsico.info/028400017145-0003-en-US/index.html,Lay's Classic Potato Chips - SmartLabel,panel_source_candidate,,,panel_capture_needed,low,document_text_extract,"Capture the ingredient, allergen, nutrition, or disclosure document block for this product/vintage slot.",document_text,lays_classic__current_2020s__28__2;lays_classic:lays_classic__current_2020s__28__2;https://smartlabel.pepsico.info/028400017145-0003-en-US/index.html,,,,rights_review_needed,source_link_only_no_public_image,1,0
panel-capture-v1,lean_cuisine_salisbury_steak__current_2020s__771__5,lean_cuisine_salisbury_steak,Lean Cuisine Salisbury Steak,Current SKU anchor,goodnes.com,https://www.goodnes.com/lean-cuisine/products/salisbury-steak-macaroni-cheese-meal/,Lean Cuisine Salisbury Steak with Macaroni and Cheese official product page,panel_source_candidate,,,panel_capture_needed,low,panel_crop,Crop the ingredient statement panel with enough surrounding package context to preserve SKU/date cues.,ingredient_panel,lean_cuisine_salisbury_steak__current_2020s__771__5;lean_cuisine_salisbury_steak:lean_cuisine_salisbury_steak__current_2020s__771__5;https://www.goodnes.com/lean-cuisine/products/salisbury-steak-macaroni-cheese-meal/,,,,rights_review_needed,source_link_only_no_public_image,1,0
panel-capture-v1,life_cereal_original__current_2020s__121__2,life_cereal_original,Life Cereal Original,Current SKU anchor,smartlabel.pepsico.info,https://smartlabel.pepsico.info/030000063545-0021-en-US/index.html,Quaker Life Original Multigrain Cereal - SmartLabel,panel_source_candidate,,,panel_capture_needed,low,document_text_extract,"Capture the ingredient, allergen, nutrition, or disclosure document block for this product/vintage slot.",document_text,life_cereal_original__current_2020s__121__2;life_cereal_original:life_cereal_original__current_2020s__121__2;https://smartlabel.pepsico.info/030000063545-0021-en-US/index.html,,,,rights_review_needed,source_link_only_no_public_image,1,0
panel-capture-v1,little_debbie_oatmeal_creme_pies__current_2020s__831__5,little_debbie_oatmeal_creme_pies,Little Debbie Oatmeal Creme Pies,Current SKU anchor,mckeefoodservice.com,https://mckeefoodservice.com/storage/app/media/Products/2026-spec-sheets/ld-dd-oatmeal-creme-pies-detail-sheet-1.pdf,Little Debbie Oatmeal Creme Pies Detail Sheet - McKee Foodservice,panel_source_candidate,,,panel_capture_needed,low,document_text_extract,Crop the ingredient statement panel with enough surrounding package context to preserve SKU/date cues.,ingredient_panel,little_debbie_oatmeal_creme_pies__current_2020s__831__5;little_debbie_oatmeal_creme_pies:little_debbie_oatmeal_creme_pies__current_2020s__831__5;https://mckeefoodservice.com/storage/app/media/Products/2026-spec-sheets/ld-dd-oatmeal-creme-pies-detail-sheet-1.pdf,,,,rights_review_needed,source_link_only_no_public_image,1,0
panel-capture-v1,little_debbie_swiss_rolls__current_2020s__107__1,little_debbie_swiss_rolls,Little Debbie Swiss Rolls,Current SKU anchor,walmart.com,https://www.walmart.com/ip/10295209,"Little Debbie Swiss Rolls, 13.31 oz, 12 count - Walmart",panel_source_candidate,,,panel_capture_needed,low,panel_crop,Crop the ingredient statement panel with enough surrounding package context to preserve SKU/date cues.,ingredient_panel,little_debbie_swiss_rolls__current_2020s__107__1;little_debbie_swiss_rolls:little_debbie_swiss_rolls__current_2020s__107__1;https://www.walmart.com/ip/10295209,,,,rights_review_needed,source_link_only_no_public_image,1,0
panel-capture-v1,lucky_charms__current_2020s__42__1,lucky_charms,Lucky Charms,Current SKU anchor,luckycharms.com,https://www.luckycharms.com/products/lucky-charms-original-cereal,Lucky Charms Original Cereal - Lucky Charms,panel_source_candidate,,,panel_capture_needed,low,panel_crop,Crop the ingredient statement panel with enough surrounding package context to preserve SKU/date cues.,ingredient_panel,lucky_charms__current_2020s__42__1;lucky_charms:lucky_charms__current_2020s__42__1;https://www.luckycharms.com/products/lucky-charms-original-cereal,,,,rights_review_needed,source_link_only_no_public_image,1,0
panel-capture-v1,mms_milk_chocolate__current_2020s__1082__1,mms_milk_chocolate,M&M's Milk Chocolate Candies,Current SKU anchor,walmart.com,https://www.walmart.com/ip/15430114556,"M&M'S Milk Chocolate Candy Family Size, 18 oz Bag - Walmart",panel_source_candidate,,,panel_capture_needed,low,panel_crop,Crop the ingredient statement panel with enough surrounding package context to preserve SKU/date cues.,ingredient_panel,mms_milk_chocolate__current_2020s__1082__1;mms_milk_chocolate:mms_milk_chocolate__current_2020s__1082__1;https://www.walmart.com/ip/15430114556,,,,rights_review_needed,source_link_only_no_public_image,1,0
panel-capture-v1,mcdonalds_world_famous_fries__current_2020s__498__1,mcdonalds_world_famous_fries,McDonald's World Famous Fries,Current SKU anchor,mcdonalds.com,https://www.mcdonalds.com/us/en-us/product/small-french-fries.html,McDonald's Small World Famous Fries official product page,panel_source_candidate,,,panel_capture_needed,low,document_text_extract,Crop the ingredient statement panel with enough surrounding package context to preserve SKU/date cues.,ingredient_panel,mcdonalds_world_famous_fries__current_2020s__498__1;mcdonalds_world_famous_fries:mcdonalds_world_famous_fries__current_2020s__498__1;https://www.mcdonalds.com/us/en-us/product/small-french-fries.html,,,,rights_review_needed,source_link_only_no_public_image,1,0
panel-capture-v1,mcdonalds_world_famous_fries__earliest_verified_label__650__3,mcdonalds_world_famous_fries,McDonald's World Famous Fries,Earliest label hunt,grist.org,https://grist.org/wp-content/uploads/2010/07/nutritionfacts.pdf,McDonald's USA Nutrition Facts for Popular Menu Items PDF mirror - fries rows,panel_source_candidate,,,panel_capture_needed,low,document_text_extract,"Crop the ingredient and nutrition panel together; include serving size, net weight, and manufacturer/distributor text if visible.",ingredient_or_nutrition_panel,mcdonalds_world_famous_fries__earliest_verified_label__650__3;mcdonalds_world_famous_fries:mcdonalds_world_famous_fries__earliest_verified_label__650__3;https://grist.org/wp-content/uploads/2010/07/nutritionfacts.pdf,,,,rights_review_needed,source_link_only_no_public_image,1,0
panel-capture-v1,milky_way_bar__current_2020s__927__5,milky_way_bar,Milky Way Bar,Current SKU anchor,target.com,https://www.target.com/p/-/A-87922432,Target Milky Way Chocolate Candy Bars 36 count 1.84 oz page,panel_source_candidate,,,panel_capture_needed,low,panel_crop,Crop the ingredient statement panel with enough surrounding package context to preserve SKU/date cues.,ingredient_panel,milky_way_bar__current_2020s__927__5;milky_way_bar:milky_way_bar__current_2020s__927__5;https://www.target.com/p/-/A-87922432,,,,rights_review_needed,source_link_only_no_public_image,1,0
panel-capture-v1,miracle_whip_original__current_2020s__955__3,miracle_whip_original,Miracle Whip Original,Current SKU anchor,kraftheinz.com,https://www.kraftheinz.com/miracle-whip/products/00021000647002-mayo-like-dressing,Miracle Whip Original Mayo-like Dressing official product page,panel_source_candidate,,,panel_capture_needed,low,panel_crop,Crop the ingredient statement panel with enough surrounding package context to preserve SKU/date cues.,ingredient_panel,miracle_whip_original__current_2020s__955__3;miracle_whip_original:miracle_whip_original__current_2020s__955__3;https://www.kraftheinz.com/miracle-whip/products/00021000647002-mayo-like-dressing,,,,rights_review_needed,source_link_only_no_public_image,1,0
panel-capture-v1,mountain_dew_original__current_2020s__34__3,mountain_dew_original,Mountain Dew Original,Current SKU anchor,smartlabel.pepsico.info,https://smartlabel.pepsico.info/012000809897-0001-en-US/index.html,"Mountain Dew, 12 fl oz can - SmartLabel",panel_source_candidate,,,panel_capture_needed,low,document_text_extract,"Capture the ingredient, allergen, nutrition, or disclosure document block for this product/vintage slot.",document_text,mountain_dew_original__current_2020s__34__3;mountain_dew_original:mountain_dew_original__current_2020s__34__3;https://smartlabel.pepsico.info/012000809897-0001-en-US/index.html,,,,rights_review_needed,source_link_only_no_public_image,1,0
panel-capture-v1,nilla_wafers__current_2020s__64__5,nilla_wafers,Nilla Wafers,Current SKU anchor,walmart.com,https://www.walmart.com/ip/17176262,"Nilla Wafers Mini Cookies, 11 oz - Walmart",panel_source_candidate,,,panel_capture_needed,low,panel_crop,Crop the ingredient statement panel with enough surrounding package context to preserve SKU/date cues.,ingredient_panel,nilla_wafers__current_2020s__64__5;nilla_wafers:nilla_wafers__current_2020s__64__5;https://www.walmart.com/ip/17176262,,,,rights_review_needed,source_link_only_no_public_image,1,0
panel-capture-v1,nutella_hazelnut_spread__current_2020s__878__5,nutella_hazelnut_spread,Nutella Hazelnut Spread,Current SKU anchor,vitcofoods.com,https://www.vitcofoods.com/productspecs/3298.pdf,Nutella foodservice product specification PDF,panel_source_candidate,,,panel_capture_needed,low,document_text_extract,"Capture the ingredient, allergen, nutrition, or disclosure document block for this product/vintage slot.",document_text,nutella_hazelnut_spread__current_2020s__878__5;nutella_hazelnut_spread:nutella_hazelnut_spread__current_2020s__878__5;https://www.vitcofoods.com/productspecs/3298.pdf,,,,rights_review_needed,source_link_only_no_public_image,1,0
panel-capture-v1,oscar_mayer_bologna__current_2020s__822__4,oscar_mayer_bologna,Oscar Mayer Bologna,Current SKU anchor,thefreshgrocer.com,https://www.thefreshgrocer.com/product/oscar-mayer-original-bologna-16-oz-id-00044700008577,Oscar Mayer Original Bologna 16 oz The Fresh Grocer page,panel_source_candidate,,,panel_capture_needed,low,panel_crop,Crop the ingredient statement panel with enough surrounding package context to preserve SKU/date cues.,ingredient_panel,oscar_mayer_bologna__current_2020s__822__4;oscar_mayer_bologna:oscar_mayer_bologna__current_2020s__822__4;https://www.thefreshgrocer.com/product/oscar-mayer-original-bologna-16-oz-id-00044700008577,,,,rights_review_needed,source_link_only_no_public_image,1,0
panel-capture-v1,oscar_mayer_wieners__current_2020s__110__2,oscar_mayer_wieners,Oscar Mayer Wieners,Current SKU anchor,oscarmayer.com,https://www.oscarmayer.com/products/00044700097014-classic-wieners-hot-dogs-mega-pack/,Oscar Mayer Classic Wieners Hot Dogs Mega Pack - Oscar Mayer,panel_source_candidate,,,panel_capture_needed,low,panel_crop,Crop the ingredient statement panel with enough surrounding package context to preserve SKU/date cues.,ingredient_panel,oscar_mayer_wieners__current_2020s__110__2;oscar_mayer_wieners:oscar_mayer_wieners__current_2020s__110__2;https://www.oscarmayer.com/products/00044700097014-classic-wieners-hot-dogs-mega-pack/,,,,rights_review_needed,source_link_only_no_public_image,1,0
panel-capture-v1,oscar_mayer_wieners__earliest_verified_label__791__1,oscar_mayer_wieners,Oscar Mayer Wieners,Earliest label hunt,in.gov,https://www.in.gov/health/food-protection/files/Kraft_Foods_Group_Inc_RECALL_Food.pdf,2014 Kraft Foods Oscar Mayer Classic Wieners recall notice with label context,panel_source_candidate,,,panel_capture_needed,low,document_text_extract,Crop the ingredient statement panel with enough surrounding package context to preserve SKU/date cues.,ingredient_panel,oscar_mayer_wieners__earliest_verified_label__791__1;oscar_mayer_wieners:oscar_mayer_wieners__earliest_verified_label__791__1;https://www.in.gov/health/food-protection/files/Kraft_Foods_Group_Inc_RECALL_Food.pdf,,,,rights_review_needed,source_link_only_no_public_image,1,0
panel-capture-v1,panera_broccoli_cheddar_soup__current_2020s__832__3,panera_broccoli_cheddar_soup,Panera Broccoli Cheddar Soup,Current SKU anchor,blountfinefoods.com,https://blountfinefoods.com/images/documents/nutritionals/Panera_16oz_Retail/Panera_16oz_BrocChed_69091.pdf,Panera Bread 16 oz retail Broccoli Cheddar Soup PDF - Blount Fine Foods,panel_source_candidate,,,panel_capture_needed,low,document_text_extract,"Capture the ingredient, allergen, nutrition, or disclosure document block for this product/vintage slot.",document_text,panera_broccoli_cheddar_soup__current_2020s__832__3;panera_broccoli_cheddar_soup:panera_broccoli_cheddar_soup__current_2020s__832__3;https://blountfinefoods.com/images/documents/nutritionals/Panera_16oz_Retail/Panera_16oz_BrocChed_69091.pdf,,,,rights_review_needed,source_link_only_no_public_image,1,0
panel-capture-v1,pearl_milling_pancake_mix_original__current_2020s__742__6,pearl_milling_pancake_mix_original,Pearl Milling Company Original Pancake Mix,Current SKU anchor,pearlmillingcompany.com,https://www.pearlmillingcompany.com/productos-esp/pancake_waffle_mixes/original_pancakes,Pearl Milling Company Original pancake and waffle mix page,panel_source_candidate,,,panel_capture_needed,low,panel_crop,Crop the ingredient statement panel with enough surrounding package context to preserve SKU/date cues.,ingredient_panel,pearl_milling_pancake_mix_original__current_2020s__742__6;pearl_milling_pancake_mix_original:pearl_milling_pancake_mix_original__current_2020s__742__6;https://www.pearlmillingcompany.com/productos-esp/pancake_waffle_mixes/original_pancakes,,,,rights_review_needed,source_link_only_no_public_image,1,0
panel-capture-v1,pepperidge_farm_goldfish_cheddar__current_2020s__47__4,pepperidge_farm_goldfish_cheddar,Pepperidge Farm Goldfish Cheddar,Current SKU anchor,pepperidgefarm.com,https://www.pepperidgefarm.com/product/goldfish-cheddar-crackers/,Goldfish Cheddar Crackers - Pepperidge Farm,panel_source_candidate,,,panel_capture_needed,low,panel_crop,Crop the ingredient statement panel with enough surrounding package context to preserve SKU/date cues.,ingredient_panel,pepperidge_farm_goldfish_cheddar__current_2020s__47__4;pepperidge_farm_goldfish_cheddar:pepperidge_farm_goldfish_cheddar__current_2020s__47__4;https://www.pepperidgefarm.com/product/goldfish-cheddar-crackers/,,,,rights_review_needed,source_link_only_no_public_image,1,0
panel-capture-v1,pepsi_cola__current_2020s__33__3,pepsi_cola,Pepsi Cola,Current SKU anchor,smartlabel.pepsico.info,https://smartlabel.pepsico.info/012000809941-0001-en-US/index.html,Pepsi Cola SmartLabel product record,panel_source_candidate,,,panel_capture_needed,low,document_text_extract,"Capture the ingredient, allergen, nutrition, or disclosure document block for this product/vintage slot.",document_text,pepsi_cola__current_2020s__33__3;pepsi_cola:pepsi_cola__current_2020s__33__3;https://smartlabel.pepsico.info/012000809941-0001-en-US/index.html,,,,rights_review_needed,source_link_only_no_public_image,1,0
panel-capture-v1,philadelphia_cream_cheese_original__current_2020s__1062__1,philadelphia_cream_cheese_original,Philadelphia Original Cream Cheese,Current SKU anchor,target.com,https://www.target.com/p/-/A-12958523,Philadelphia Original Cream Cheese 8 oz - Target,panel_source_candidate,,,panel_capture_needed,low,panel_crop,Crop the ingredient statement panel with enough surrounding package context to preserve SKU/date cues.,ingredient_panel,philadelphia_cream_cheese_original__current_2020s__1062__1;philadelphia_cream_cheese_original:philadelphia_cream_cheese_original__current_2020s__1062__1;https://www.target.com/p/-/A-12958523,,,,rights_review_needed,source_link_only_no_public_image,1,0
panel-capture-v1,pillsbury_crescent_rolls__current_2020s__692__5,pillsbury_crescent_rolls,Pillsbury Crescent Rolls,Current SKU anchor,go-upc.com,https://go-upc.com/search?q=018000287123,Pillsbury Value 2 Pack Original Crescent Rolls Go-UPC record,panel_source_candidate,,,panel_capture_needed,low,panel_crop,Crop the ingredient statement panel with enough surrounding package context to preserve SKU/date cues.,ingredient_panel,pillsbury_crescent_rolls__current_2020s__692__5;pillsbury_crescent_rolls:pillsbury_crescent_rolls__current_2020s__692__5;https://go-upc.com/search?q=018000287123,,,,rights_review_needed,source_link_only_no_public_image,1,0
panel-capture-v1,pillsbury_toaster_strudel_strawberry__current_2020s__136__1,pillsbury_toaster_strudel_strawberry,Pillsbury Toaster Strudel Strawberry,Current SKU anchor,pillsbury.com,https://www.pillsbury.com/products/toaster-strudel/pillsbury-toaster-strudel-pastries-mega-icing-strawberry,"Pillsbury Toaster Strudel Mega Icing Strawberry, 13.3 oz - Pillsbury",panel_source_candidate,,,panel_capture_needed,low,panel_crop,Crop the ingredient statement panel with enough surrounding package context to preserve SKU/date cues.,ingredient_panel,pillsbury_toaster_strudel_strawberry__current_2020s__136__1;pillsbury_toaster_strudel_strawberry:pillsbury_toaster_strudel_strawberry__current_2020s__136__1;https://www.pillsbury.com/products/toaster-strudel/pillsbury-toaster-strudel-pastries-mega-icing-strawberry,,,,rights_review_needed,source_link_only_no_public_image,1,0
panel-capture-v1,pizza_hut_original_pan_pepperoni__current_2020s__656__1,pizza_hut_original_pan_pepperoni,Pizza Hut Original Pan Pepperoni Pizza,Current SKU anchor,district.schoolnutritionandfitness.com,https://district.schoolnutritionandfitness.com/webstercentralsd/files/Specs2/PizzaEntrees/Pizza_Hut_School_Lunch_Ingredient_Statement.pdf,Pizza Hut School Lunch Ingredient Statement PDF,panel_source_candidate,,,panel_capture_needed,low,document_text_extract,"Capture the ingredient, allergen, nutrition, or disclosure document block for this product/vintage slot.",document_text,pizza_hut_original_pan_pepperoni__current_2020s__656__1;pizza_hut_original_pan_pepperoni:pizza_hut_original_pan_pepperoni__current_2020s__656__1;https://district.schoolnutritionandfitness.com/webstercentralsd/files/Specs2/PizzaEntrees/Pizza_Hut_School_Lunch_Ingredient_Statement.pdf,,,,rights_review_needed,source_link_only_no_public_image,1,0
panel-capture-v1,poptarts_brown_sugar_cinnamon__current_2020s__43__5,poptarts_brown_sugar_cinnamon,Pop-Tarts Frosted Brown Sugar Cinnamon,Current SKU anchor,smartlabel.kelloggs.com,https://smartlabel.kelloggs.com/Product/Index/038000317309,Frosted Brown Sugar Cinnamon Pop-Tarts - SmartLabel,panel_source_candidate,,,panel_capture_needed,low,document_text_extract,"Capture the ingredient, allergen, nutrition, or disclosure document block for this product/vintage slot.",document_text,poptarts_brown_sugar_cinnamon__current_2020s__43__5;poptarts_brown_sugar_cinnamon:poptarts_brown_sugar_cinnamon__current_2020s__43__5;https://smartlabel.kelloggs.com/Product/Index/038000317309,,,,rights_review_needed,source_link_only_no_public_image,1,0
panel-capture-v1,popeyes_chicken_sandwich__current_2020s__667__1,popeyes_chicken_sandwich,Popeyes Chicken Sandwich,Current SKU anchor,plk-use1-prod.sites.rbictg.com,https://plk-use1-prod.sites.rbictg.com/nutrition/PLK_US_Ingredient_Information.pdf,Popeyes US Ingredient Information PDF,panel_source_candidate,,,panel_capture_needed,low,document_text_extract,"Capture the ingredient, allergen, nutrition, or disclosure document block for this product/vintage slot.",document_text,popeyes_chicken_sandwich__current_2020s__667__1;popeyes_chicken_sandwich:popeyes_chicken_sandwich__current_2020s__667__1;https://plk-use1-prod.sites.rbictg.com/nutrition/PLK_US_Ingredient_Information.pdf,,,,rights_review_needed,source_link_only_no_public_image,1,0
panel-capture-v1,grape_nuts__current_2020s__120__2,grape_nuts,Post Grape-Nuts,Current SKU anchor,grapenuts.com,https://www.grapenuts.com/products/the-original/,Grape-Nuts The Original Cereal - Grape-Nuts,panel_source_candidate,,,panel_capture_needed,low,panel_crop,Crop the ingredient statement panel with enough surrounding package context to preserve SKU/date cues.,ingredient_panel,grape_nuts__current_2020s__120__2;grape_nuts:grape_nuts__current_2020s__120__2;https://www.grapenuts.com/products/the-original/,,,,rights_review_needed,source_link_only_no_public_image,1,0
panel-capture-v1,pringles_original__current_2020s__48__5,pringles_original,Pringles Original Crisps,Current SKU anchor,pringles.com,https://www.pringles.com/en-us/products/pringles-original-crisps.html,Pringles Original Crisps - Pringles,panel_source_candidate,,,panel_capture_needed,low,panel_crop,Crop the ingredient statement panel with enough surrounding package context to preserve SKU/date cues.,ingredient_panel,pringles_original__current_2020s__48__5;pringles_original:pringles_original__current_2020s__48__5;https://www.pringles.com/en-us/products/pringles-original-crisps.html,,,,rights_review_needed,source_link_only_no_public_image,1,0
panel-capture-v1,quaker_old_fashioned_oats__current_2020s__1091__3,quaker_old_fashioned_oats,Quaker Old Fashioned Oats,Current SKU anchor,smartlabel.pepsico.info,https://smartlabel.pepsico.info/030000010204-0004-en-US/index.html,"Quaker Old Fashioned Oats SmartLabel, 18 oz canister",panel_source_candidate,,,panel_capture_needed,low,document_text_extract,"Capture the ingredient, allergen, nutrition, or disclosure document block for this product/vintage slot.",document_text,quaker_old_fashioned_oats__current_2020s__1091__3;quaker_old_fashioned_oats:quaker_old_fashioned_oats__current_2020s__1091__3;https://smartlabel.pepsico.info/030000010204-0004-en-US/index.html,,,,rights_review_needed,source_link_only_no_public_image,1,0
panel-capture-v1,reeses_peanut_butter_cups__current_2020s__1052__4,reeses_peanut_butter_cups,Reese's Peanut Butter Cups,Current SKU anchor,smartlabel.hersheys.com,https://smartlabel.hersheys.com/00034000004409-0005#ingredients,Hershey SmartLabel Reese's Peanut Butter Cups ingredients page,panel_source_candidate,,,panel_capture_needed,low,document_text_extract,"Capture the ingredient, allergen, nutrition, or disclosure document block for this product/vintage slot.",document_text,reeses_peanut_butter_cups__current_2020s__1052__4;reeses_peanut_butter_cups:reeses_peanut_butter_cups__current_2020s__1052__4;https://smartlabel.hersheys.com/00034000004409-0005#ingredients,,,,rights_review_needed,source_link_only_no_public_image,1,0
panel-capture-v1,rice_krispies_treats_original__current_2020s__112__2,rice_krispies_treats_original,Rice Krispies Treats Original,Current SKU anchor,smartlabel.kelloggs.com,https://smartlabel.kelloggs.com/Product/Index/038000126710,Kellogg's Rice Krispies Treats Original Bars - SmartLabel,panel_source_candidate,,,panel_capture_needed,low,document_text_extract,"Capture the ingredient, allergen, nutrition, or disclosure document block for this product/vintage slot.",document_text,rice_krispies_treats_original__current_2020s__112__2;rice_krispies_treats_original:rice_krispies_treats_original__current_2020s__112__2;https://smartlabel.kelloggs.com/Product/Index/038000126710,,,,rights_review_needed,source_link_only_no_public_image,1,0
panel-capture-v1,ritz_original_crackers__current_2020s__30__2,ritz_original_crackers,Ritz Original Crackers,Current SKU anchor,smartlabel.mondelez.info,https://smartlabel.mondelez.info/044000031121-0001-en-US/index.html,"RITZ, The Original, Crackers, 10.3 oz - SmartLabel",panel_source_candidate,,,panel_capture_needed,low,document_text_extract,"Capture the ingredient, allergen, nutrition, or disclosure document block for this product/vintage slot.",document_text,ritz_original_crackers__current_2020s__30__2;ritz_original_crackers:ritz_original_crackers__current_2020s__30__2;https://smartlabel.mondelez.info/044000031121-0001-en-US/index.html,,,,rights_review_needed,source_link_only_no_public_image,1,0
panel-capture-v1,ruffles_original__current_2020s__79__3,ruffles_original,Ruffles Original Potato Chips,Current SKU anchor,smartlabel.pepsico.info,https://smartlabel.pepsico.info/028400020893-0003-en-US/index.html,"Ruffles, Original, Potato Chips - SmartLabel",panel_source_candidate,,,panel_capture_needed,low,document_text_extract,"Capture the ingredient, allergen, nutrition, or disclosure document block for this product/vintage slot.",document_text,ruffles_original__current_2020s__79__3;ruffles_original:ruffles_original__current_2020s__79__3;https://smartlabel.pepsico.info/028400020893-0003-en-US/index.html,,,,rights_review_needed,source_link_only_no_public_image,1,0
panel-capture-v1,skippy_creamy_peanut_butter__current_2020s__66__4,skippy_creamy_peanut_butter,Skippy Creamy Peanut Butter,Current SKU anchor,peanutbutter.com,https://www.peanutbutter.com/product/creamy-peanut-butter/,Skippy Creamy Peanut Butter - Skippy,panel_source_candidate,,,panel_capture_needed,low,panel_crop,Crop the ingredient statement panel with enough surrounding package context to preserve SKU/date cues.,ingredient_panel,skippy_creamy_peanut_butter__current_2020s__66__4;skippy_creamy_peanut_butter:skippy_creamy_peanut_butter__current_2020s__66__4;https://www.peanutbutter.com/product/creamy-peanut-butter/,,,,rights_review_needed,source_link_only_no_public_image,1,0
panel-capture-v1,skittles_original__current_2020s__113__1,skittles_original,Skittles Original,Current SKU anchor,skittles.com,https://www.skittles.com/products/skittles-original-fruity-candy-single-pack-217-oz-skittles-chewy,"SKITTLES Original Fruity Candy Single Pack, 2.17 oz - SKITTLES",panel_source_candidate,,,panel_capture_needed,low,panel_crop,Crop the ingredient statement panel with enough surrounding package context to preserve SKU/date cues.,ingredient_panel,skittles_original__current_2020s__113__1;skittles_original:skittles_original__current_2020s__113__1;https://www.skittles.com/products/skittles-original-fruity-candy-single-pack-217-oz-skittles-chewy,,,,rights_review_needed,source_link_only_no_public_image,1,0
panel-capture-v1,smuckers_strawberry_preserves__current_2020s__892__2,smuckers_strawberry_preserves,Smucker's Strawberry Preserves,Current SKU anchor,smuckerawayfromhome.com,https://www.smuckerawayfromhome.com/products-pdf/smucker-48-ounce-strawberry-preserves-6-count.pdf,Smucker's Strawberry Preserves 48 oz glass jar product PDF,panel_source_candidate,,,panel_capture_needed,low,document_text_extract,"Capture the ingredient, allergen, nutrition, or disclosure document block for this product/vintage slot.",document_text,smuckers_strawberry_preserves__current_2020s__892__2;smuckers_strawberry_preserves:smuckers_strawberry_preserves__current_2020s__892__2;https://www.smuckerawayfromhome.com/products-pdf/smucker-48-ounce-strawberry-preserves-6-count.pdf,,,,rights_review_needed,source_link_only_no_public_image,1,0
panel-capture-v1,snickers_bar__current_2020s__49__1,snickers_bar,Snickers Bar,Current SKU anchor,snickers.com,https://www.snickers.com/products/chocolate/snickers-singles-size-chocolate-candy-bar-186-oz,"SNICKERS Singles Size Chocolate Candy Bar, 1.86 oz - Snickers",panel_source_candidate,,,panel_capture_needed,low,panel_crop,Crop the ingredient statement panel with enough surrounding package context to preserve SKU/date cues.,ingredient_panel,snickers_bar__current_2020s__49__1;snickers_bar:snickers_bar__current_2020s__49__1;https://www.snickers.com/products/chocolate/snickers-singles-size-chocolate-candy-bar-186-oz,,,,rights_review_needed,source_link_only_no_public_image,1,0
panel-capture-v1,spaghettios_original__current_2020s__89__3,spaghettios_original,SpaghettiOs Original,Current SKU anchor,campbellsfoodservice.com,https://www.campbellsfoodservice.com/product/spaghettios-original/?product-pdf=_,SpaghettiOs Original Canned Pasta Foodservice PDF View - Campbell's,panel_source_candidate,,,panel_capture_needed,low,document_text_extract,"Capture the ingredient, allergen, nutrition, or disclosure document block for this product/vintage slot.",document_text,spaghettios_original__current_2020s__89__3;spaghettios_original:spaghettios_original__current_2020s__89__3;https://www.campbellsfoodservice.com/product/spaghettios-original/?product-pdf=_,,,,rights_review_needed,source_link_only_no_public_image,1,0
panel-capture-v1,spam_classic__current_2020s__67__7,spam_classic,SPAM Classic,Current SKU anchor,spam.com,https://www.spam.com/varieties/spam-classic,SPAM Classic - SPAM,panel_source_candidate,,,panel_capture_needed,low,panel_crop,Crop the ingredient statement panel with enough surrounding package context to preserve SKU/date cues.,ingredient_panel,spam_classic__current_2020s__67__7;spam_classic:spam_classic__current_2020s__67__7;https://www.spam.com/varieties/spam-classic,,,,rights_review_needed,source_link_only_no_public_image,1,0
panel-capture-v1,sprite_original__current_2020s__80__2,sprite_original,Sprite Original,Current SKU anchor,coca-cola.com,https://www.coca-cola.com/us/en/brands/sprite/products,"Sprite - Varieties, Nutrition Facts & Ingredients - Coca-Cola US",panel_source_candidate,,,panel_capture_needed,low,panel_crop,"Crop the ingredient and nutrition panel together; include serving size, net weight, and manufacturer/distributor text if visible.",ingredient_or_nutrition_panel,sprite_original__current_2020s__80__2;sprite_original:sprite_original__current_2020s__80__2;https://www.coca-cola.com/us/en/brands/sprite/products,,,,rights_review_needed,source_link_only_no_public_image,1,0
panel-capture-v1,starbucks_pumpkin_spice_latte__current_2020s__966__1,starbucks_pumpkin_spice_latte,Starbucks Pumpkin Spice Latte,Current SKU anchor,starbucks.co.uk,https://www.starbucks.co.uk/sites/starbucks-uk-pwa/files/2025-09/AUT25_UK_AllergenBook_CORE_BEVERAGE_v1509.pdf,Starbucks UK Autumn 2025 beverage allergen guide with Pumpkin Spice Latte rows,panel_source_candidate,,,panel_capture_needed,low,document_text_extract,"Capture the ingredient, allergen, nutrition, or disclosure document block for this product/vintage slot.",document_text,starbucks_pumpkin_spice_latte__current_2020s__966__1;starbucks_pumpkin_spice_latte:starbucks_pumpkin_spice_latte__current_2020s__966__1;https://www.starbucks.co.uk/sites/starbucks-uk-pwa/files/2025-09/AUT25_UK_AllergenBook_CORE_BEVERAGE_v1509.pdf,,,,rights_review_needed,source_link_only_no_public_image,1,0
panel-capture-v1,starbucks_pumpkin_spice_latte__earliest_verified_label__768__1,starbucks_pumpkin_spice_latte,Starbucks Pumpkin Spice Latte,Earliest label hunt,stories.starbucks.com,https://stories.starbucks.com/uploads/2023/08/PA082-Fall-Promo-PSL-20-Timeline-US-EN.pdf,Starbucks PSL 20th season timeline PDF,panel_source_candidate,,,panel_capture_needed,low,document_text_extract,"Crop the ingredient and nutrition panel together; include serving size, net weight, and manufacturer/distributor text if visible.",ingredient_or_nutrition_panel,starbucks_pumpkin_spice_latte__earliest_verified_label__768__1;starbucks_pumpkin_spice_latte:starbucks_pumpkin_spice_latte__earliest_verified_label__768__1;https://stories.starbucks.com/uploads/2023/08/PA082-Fall-Promo-PSL-20-Timeline-US-EN.pdf,,,,rights_review_needed,source_link_only_no_public_image,1,0
panel-capture-v1,starburst_original__current_2020s__689__4,starburst_original,Starburst Original,Current SKU anchor,healthscienceinsights.com,https://www.healthscienceinsights.com/en/tools/nutrition-facts/products/2109372-starburst-fruit-chews-original-original/,Starburst Original Fruit Chews branded food record,panel_source_candidate,,,panel_capture_needed,low,panel_crop,Crop the ingredient statement panel with enough surrounding package context to preserve SKU/date cues.,ingredient_panel,starburst_original__current_2020s__689__4;starburst_original:starburst_original__current_2020s__689__4;https://www.healthscienceinsights.com/en/tools/nutrition-facts/products/2109372-starburst-fruit-chews-original-original/,,,,rights_review_needed,source_link_only_no_public_image,1,0
panel-capture-v1,stouffers_lasagna_meat_sauce__current_2020s__453__4,stouffers_lasagna_meat_sauce,Stouffer's Lasagna with Meat & Sauce,Current SKU anchor,nestleprofessional.us,https://www.nestleprofessional.us/stouffers/stouffers-lasagna-meat-sauce-4-x-96-ounces-tray,Stouffer's Lasagna with Meat & Sauce 4 x 96 oz tray - Nestle Professional,panel_source_candidate,,,panel_capture_needed,low,panel_crop,Crop the ingredient statement panel with enough surrounding package context to preserve SKU/date cues.,ingredient_panel,stouffers_lasagna_meat_sauce__current_2020s__453__4;stouffers_lasagna_meat_sauce:stouffers_lasagna_meat_sauce__current_2020s__453__4;https://www.nestleprofessional.us/stouffers/stouffers-lasagna-meat-sauce-4-x-96-ounces-tray,,,,rights_review_needed,source_link_only_no_public_image,1,0
panel-capture-v1,subway_italian_bmt__current_2020s__570__1,subway_italian_bmt,Subway Italian B.M.T.,Current SKU anchor,subway.com,https://www.subway.com/en-US/MenuNutrition/Nutrition/NutritionGrid,"Subway US Nutrition and Allergies page with nutrition, allergy, and ingredient guide links",panel_source_candidate,,,panel_capture_needed,low,document_text_extract,"Crop the ingredient and nutrition panel together; include serving size, net weight, and manufacturer/distributor text if visible.",ingredient_or_nutrition_panel,subway_italian_bmt__current_2020s__570__1;subway_italian_bmt:subway_italian_bmt__current_2020s__570__1;https://www.subway.com/en-US/MenuNutrition/Nutrition/NutritionGrid,,,,rights_review_needed,source_link_only_no_public_image,1,0
panel-capture-v1,subway_tuna_sub__current_2020s__587__1,subway_tuna_sub,Subway Tuna Sub,Current SKU anchor,subway.com,https://www.subway.com/en-us/-/media/northamerica/usa/nutrition/nutritiondocuments/2025/us_ingredients_eng_1-23-25.pdf,Subway US Product Ingredient Guide January 2025 PDF,panel_source_candidate,,,panel_capture_needed,low,document_text_extract,"Capture the ingredient, allergen, nutrition, or disclosure document block for this product/vintage slot.",document_text,subway_tuna_sub__current_2020s__587__1;subway_tuna_sub:subway_tuna_sub__current_2020s__587__1;https://www.subway.com/en-us/-/media/northamerica/usa/nutrition/nutritiondocuments/2025/us_ingredients_eng_1-23-25.pdf,,,,rights_review_needed,source_link_only_no_public_image,1,0
panel-capture-v1,subway_tuna_sub__earliest_verified_label__803__1,subway_tuna_sub,Subway Tuna Sub,Earliest label hunt,cpb-us-e1.wpmucdn.com,https://cpb-us-e1.wpmucdn.com/sites.psu.edu/dist/9/18072/files/2015/10/Subway_NutritionFacts.pdf,"Subway U.S. Nutrition Information PDF mirror, August 2015",panel_source_candidate,,,panel_capture_needed,low,document_text_extract,"Crop the ingredient and nutrition panel together; include serving size, net weight, and manufacturer/distributor text if visible.",ingredient_or_nutrition_panel,subway_tuna_sub__earliest_verified_label__803__1;subway_tuna_sub:subway_tuna_sub__earliest_verified_label__803__1;https://cpb-us-e1.wpmucdn.com/sites.psu.edu/dist/9/18072/files/2015/10/Subway_NutritionFacts.pdf,,,,rights_review_needed,source_link_only_no_public_image,1,0
panel-capture-v1,sunchips_harvest_cheddar__current_2020s__127__5,sunchips_harvest_cheddar,SunChips Harvest Cheddar,Current SKU anchor,smartlabel.pepsico.info,https://smartlabel.pepsico.info/028400160001-0003-en-US/index.html,SunChips Harvest Cheddar Flavored Whole Grain Snacks - SmartLabel,panel_source_candidate,,,panel_capture_needed,low,document_text_extract,"Capture the ingredient, allergen, nutrition, or disclosure document block for this product/vintage slot.",document_text,sunchips_harvest_cheddar__current_2020s__127__5;sunchips_harvest_cheddar:sunchips_harvest_cheddar__current_2020s__127__5;https://smartlabel.pepsico.info/028400160001-0003-en-US/index.html,,,,rights_review_needed,source_link_only_no_public_image,1,0
panel-capture-v1,taco_bell_bean_burrito__current_2020s__709__1,taco_bell_bean_burrito,Taco Bell Bean Burrito,Current SKU anchor,tacobell.com,https://www.tacobell.com/nutrition/ingredients,Taco Bell Ingredient Statements page,panel_source_candidate,,,panel_capture_needed,low,panel_crop,Crop the ingredient statement panel with enough surrounding package context to preserve SKU/date cues.,ingredient_panel,taco_bell_bean_burrito__current_2020s__709__1;taco_bell_bean_burrito:taco_bell_bean_burrito__current_2020s__709__1;https://www.tacobell.com/nutrition/ingredients,,,,rights_review_needed,source_link_only_no_public_image,1,0
panel-capture-v1,taco_bell_crunchy_taco__current_2020s__1060__2,taco_bell_crunchy_taco,Taco Bell Crunchy Taco,Current SKU anchor,tacobell.com,https://www.tacobell.com/nutrition/allergen-info,Allergen Information | Taco Bell,panel_source_candidate,,,panel_capture_needed,low,panel_crop,"Capture the ingredient, allergen, nutrition, or disclosure document block for this product/vintage slot.",document_text,taco_bell_crunchy_taco__current_2020s__1060__2;taco_bell_crunchy_taco:taco_bell_crunchy_taco__current_2020s__1060__2;https://www.tacobell.com/nutrition/allergen-info,,,,rights_review_needed,source_link_only_no_public_image,1,0
panel-capture-v1,tang_orange__current_2020s__125__4,tang_orange,Tang Orange Drink Mix,Current SKU anchor,directionsforme.org,https://www.directionsforme.org/product/72807,"Tang Drink Mix, Zero Sugar, Orange - Directions for Me",panel_source_candidate,,,panel_capture_needed,low,panel_crop,Crop the ingredient statement panel with enough surrounding package context to preserve SKU/date cues.,ingredient_panel,tang_orange__current_2020s__125__4;tang_orange:tang_orange__current_2020s__125__4;https://www.directionsforme.org/product/72807,,,,rights_review_needed,source_link_only_no_public_image,1,0
panel-capture-v1,teddy_grahams_honey__current_2020s__841__4,teddy_grahams_honey,Teddy Grahams Honey,Current SKU anchor,smartlabel.mondelez.info,https://smartlabel.mondelez.info/00044000045586-0001-en-US/index.html,Nabisco Teddy Grahams Honey SmartLabel page,panel_source_candidate,,,panel_capture_needed,low,document_text_extract,"Capture the ingredient, allergen, nutrition, or disclosure document block for this product/vintage slot.",document_text,teddy_grahams_honey__current_2020s__841__4;teddy_grahams_honey:teddy_grahams_honey__current_2020s__841__4;https://smartlabel.mondelez.info/00044000045586-0001-en-US/index.html,,,,rights_review_needed,source_link_only_no_public_image,1,0
panel-capture-v1,tootsie_roll__current_2020s__922__3,tootsie_roll,Tootsie Roll,Current SKU anchor,tootsie.com,https://tootsie.com/qr/071720309315/,Tootsie Roll 36 count 2.25 oz bar QR label page,panel_source_candidate,,,panel_capture_needed,low,panel_crop,Crop the ingredient statement panel with enough surrounding package context to preserve SKU/date cues.,ingredient_panel,tootsie_roll__current_2020s__922__3;tootsie_roll:tootsie_roll__current_2020s__922__3;https://tootsie.com/qr/071720309315/,,,,rights_review_needed,source_link_only_no_public_image,1,0
panel-capture-v1,tostitos_original__current_2020s__90__4,tostitos_original,Tostitos Original Restaurant Style,Current SKU anchor,smartlabel.pepsico.info,https://smartlabel.pepsico.info/028400517997-0005-en-US/index.html?stylekey=tostitos-10,Tostitos Original Restaurant Style Tortilla Chips - SmartLabel,panel_source_candidate,,,panel_capture_needed,low,document_text_extract,"Capture the ingredient, allergen, nutrition, or disclosure document block for this product/vintage slot.",document_text,tostitos_original__current_2020s__90__4;tostitos_original:tostitos_original__current_2020s__90__4;https://smartlabel.pepsico.info/028400517997-0005-en-US/index.html?stylekey=tostitos-10,,,,rights_review_needed,source_link_only_no_public_image,1,0
panel-capture-v1,totinos_pizza_rolls__current_2020s__749__2,totinos_pizza_rolls,Totino's Pizza Rolls,Current SKU anchor,super1foods.com,https://www.super1foods.com/sm/pickup/rsid/617/product/totinos-pepperoni-pizza-rolls-0496-ounce-50-count-id-00042800109538,Totino's Pepperoni Pizza Rolls 50 count Super 1 Foods page,panel_source_candidate,,,panel_capture_needed,low,panel_crop,Crop the ingredient statement panel with enough surrounding package context to preserve SKU/date cues.,ingredient_panel,totinos_pizza_rolls__current_2020s__749__2;totinos_pizza_rolls:totinos_pizza_rolls__current_2020s__749__2;https://www.super1foods.com/sm/pickup/rsid/617/product/totinos-pepperoni-pizza-rolls-0496-ounce-50-count-id-00042800109538,,,,rights_review_needed,source_link_only_no_public_image,1,0
panel-capture-v1,triscuit_original__current_2020s__936__3,triscuit_original,Triscuit Original Crackers,Current SKU anchor,smartlabel.mondelez.info,https://smartlabel.mondelez.info/044000050986-0002-en-US/index.html,Triscuit Original Made with Sea Salt SmartLabel 8.5 oz page,panel_source_candidate,,,panel_capture_needed,low,document_text_extract,"Capture the ingredient, allergen, nutrition, or disclosure document block for this product/vintage slot.",document_text,triscuit_original__current_2020s__936__3;triscuit_original:triscuit_original__current_2020s__936__3;https://smartlabel.mondelez.info/044000050986-0002-en-US/index.html,,,,rights_review_needed,source_link_only_no_public_image,1,0
panel-capture-v1,trix_cereal__current_2020s__292__1,trix_cereal,Trix Cereal,Current SKU anchor,walmart.com,https://www.walmart.com/ip/21125856,"Trix Fruit Flavored Corn Puffs Cereal, 10.7 oz - Walmart",panel_source_candidate,,,panel_capture_needed,low,panel_crop,Crop the ingredient statement panel with enough surrounding package context to preserve SKU/date cues.,ingredient_panel,trix_cereal__current_2020s__292__1;trix_cereal:trix_cereal__current_2020s__292__1;https://www.walmart.com/ip/21125856,,,,rights_review_needed,source_link_only_no_public_image,1,0
panel-capture-v1,twix_bar__current_2020s__99__1,twix_bar,Twix Bar,Current SKU anchor,twix.com,https://www.twix.com/products/chocolate/twix-bar-bars,"TWIX Caramel Full Size Candy Bar, 1.79 oz - TWIX",panel_source_candidate,,,panel_capture_needed,low,panel_crop,Crop the ingredient statement panel with enough surrounding package context to preserve SKU/date cues.,ingredient_panel,twix_bar__current_2020s__99__1;twix_bar:twix_bar__current_2020s__99__1;https://www.twix.com/products/chocolate/twix-bar-bars,,,,rights_review_needed,source_link_only_no_public_image,1,0
panel-capture-v1,twizzlers_strawberry__current_2020s__139__4,twizzlers_strawberry,Twizzlers Strawberry Twists,Current SKU anchor,smartlabel.hersheys.com,https://smartlabel.hersheys.com/034000544028-0050-en-US/index.html?cname=00034000544028-0050,TWIZZLERS Twists Strawberry - SmartLabel,panel_source_candidate,,,panel_capture_needed,low,document_text_extract,"Capture the ingredient, allergen, nutrition, or disclosure document block for this product/vintage slot.",document_text,twizzlers_strawberry__current_2020s__139__4;twizzlers_strawberry:twizzlers_strawberry__current_2020s__139__4;https://smartlabel.hersheys.com/034000544028-0050-en-US/index.html?cname=00034000544028-0050,,,,rights_review_needed,source_link_only_no_public_image,1,0
panel-capture-v1,velveeta_shells_and_cheese__current_2020s__94__2,velveeta_shells_and_cheese,Velveeta Shells & Cheese,Current SKU anchor,walmart.com,https://www.walmart.com/ip/10295758,"Velveeta Shells and Cheese Original Mac N Cheese Dinner, 12 oz - Walmart",panel_source_candidate,,,panel_capture_needed,low,panel_crop,Crop the ingredient statement panel with enough surrounding package context to preserve SKU/date cues.,ingredient_panel,velveeta_shells_and_cheese__current_2020s__94__2;velveeta_shells_and_cheese:velveeta_shells_and_cheese__current_2020s__94__2;https://www.walmart.com/ip/10295758,,,,rights_review_needed,source_link_only_no_public_image,1,0
panel-capture-v1,wendys_chili__current_2020s__569__1,wendys_chili,Wendy's Chili,Current SKU anchor,order.wendys.com,https://order.wendys.com/us/en/national/menu/fries-sides/chili,Wendy's US Chili official order/menu page,panel_source_candidate,,,panel_capture_needed,low,panel_crop,"Capture the ingredient, allergen, nutrition, or disclosure document block for this product/vintage slot.",document_text,wendys_chili__current_2020s__569__1;wendys_chili:wendys_chili__current_2020s__569__1;https://order.wendys.com/us/en/national/menu/fries-sides/chili,,,,rights_review_needed,source_link_only_no_public_image,1,0
panel-capture-v1,wendys_daves_single__current_2020s__632__2,wendys_daves_single,Wendy's Dave's Single,Current SKU anchor,wendys.com,https://www.wendys.com/nutrition-allergens,Nutrition and Food Allergens | Wendy's,panel_source_candidate,,,panel_capture_needed,low,panel_crop,"Crop the ingredient and nutrition panel together; include serving size, net weight, and manufacturer/distributor text if visible.",ingredient_or_nutrition_panel,wendys_daves_single__current_2020s__632__2;wendys_daves_single:wendys_daves_single__current_2020s__632__2;https://www.wendys.com/nutrition-allergens,,,,rights_review_needed,source_link_only_no_public_image,1,0
panel-capture-v1,wheat_thins_original__current_2020s__56__3,wheat_thins_original,Wheat Thins Original,Current SKU anchor,kroger.com,https://www.kroger.com/p/wheat-thins-original-whole-grain-wheat-crackers/0004400006918,"Wheat Thins Original Whole Grain Wheat Crackers, 20 oz - Kroger",panel_source_candidate,,,panel_capture_needed,low,panel_crop,Crop the ingredient statement panel with enough surrounding package context to preserve SKU/date cues.,ingredient_panel,wheat_thins_original__current_2020s__56__3;wheat_thins_original:wheat_thins_original__current_2020s__56__3;https://www.kroger.com/p/wheat-thins-original-whole-grain-wheat-crackers/0004400006918,,,,rights_review_needed,source_link_only_no_public_image,1,0
panel-capture-v1,wheaties__current_2020s__116__2,wheaties,Wheaties,Current SKU anchor,wheaties.com,https://wheaties.com/nutrition,Wheaties Nutrition - Wheaties,panel_source_candidate,,,panel_capture_needed,low,panel_crop,"Crop the ingredient and nutrition panel together; include serving size, net weight, and manufacturer/distributor text if visible.",ingredient_or_nutrition_panel,wheaties__current_2020s__116__2;wheaties:wheaties__current_2020s__116__2;https://wheaties.com/nutrition,,,,rights_review_needed,source_link_only_no_public_image,1,0
panel-capture-v1,7up_original__1980s_or_earlier__273__1,7up_original,7UP Original,1980s or earlier lead,flickr.com,https://www.flickr.com/photos/jasonliebigstuff/548698222,"Unrolled Can Flat - 7UP, 1970s - Jason Liebig Flickr",panel_source_candidate,,,panel_capture_needed,low,panel_crop,Crop the ingredient statement panel with enough surrounding package context to preserve SKU/date cues.,ingredient_panel,7up_original__1980s_or_earlier__273__1;7up_original:7up_original__1980s_or_earlier__273__1;https://www.flickr.com/photos/jasonliebigstuff/548698222,,,,rights_review_needed,source_link_only_no_public_image,1,0
panel-capture-v1,capn_crunch_original__1980s_or_earlier__277__4,capn_crunch_original,Cap'n Crunch Original,1980s or earlier lead,flickr.com,https://www.flickr.com/photos/25692985%40N07/3461366520,1980 Quaker Cap'n Crunch Cereal Box Back - Flickr,panel_source_candidate,,,panel_capture_needed,low,panel_crop,Crop the ingredient statement panel with enough surrounding package context to preserve SKU/date cues.,ingredient_panel,capn_crunch_original__1980s_or_earlier__277__4;capn_crunch_original:capn_crunch_original__1980s_or_earlier__277__4;https://www.flickr.com/photos/25692985%40N07/3461366520,,,,rights_review_needed,source_link_only_no_public_image,1,0
panel-capture-v1,dinty_moore_beef_stew__1980s_or_earlier__1059__2,dinty_moore_beef_stew,Dinty Moore Beef Stew,1980s or earlier lead,flickr.com,https://www.flickr.com/photos/jasonliebigstuff/24195451113/,"Hormel Dinty Moore beef stew 1 1/2 pound can label, 1968 - Jason Liebig Flickr",panel_source_candidate,,,panel_capture_needed,low,panel_crop,Crop the ingredient statement panel with enough surrounding package context to preserve SKU/date cues.,ingredient_panel,dinty_moore_beef_stew__1980s_or_earlier__1059__2;dinty_moore_beef_stew:dinty_moore_beef_stew__1980s_or_earlier__1059__2;https://www.flickr.com/photos/jasonliebigstuff/24195451113/,,,,rights_review_needed,source_link_only_no_public_image,1,0
panel-capture-v1,jello_strawberry_gelatin__1980s_or_earlier__185__1,jello_strawberry_gelatin,Jell-O Strawberry Gelatin,1980s or earlier lead,flickr.com,https://www.flickr.com/photos/jasonliebigstuff/2629782517,"General Foods Jell-O Wild Strawberry Gelatin Dessert box file flat, August 1 1969 - Flickr",panel_source_candidate,,,panel_capture_needed,low,panel_crop,Crop the ingredient statement panel with enough surrounding package context to preserve SKU/date cues.,ingredient_panel,jello_strawberry_gelatin__1980s_or_earlier__185__1;jello_strawberry_gelatin:jello_strawberry_gelatin__1980s_or_earlier__185__1;https://www.flickr.com/photos/jasonliebigstuff/2629782517,,,,rights_review_needed,source_link_only_no_public_image,1,0
panel-capture-v1,froot_loops__1980s_or_earlier__435__2,froot_loops,Kellogg's Froot Loops,1980s or earlier lead,flickr.com,https://www.flickr.com/photos/bolio88/7323343912/,"1982 Froot Loops 3D Nose box/back, Flickr",panel_source_candidate,,,panel_capture_needed,low,panel_crop,Crop the ingredient statement panel with enough surrounding package context to preserve SKU/date cues.,ingredient_panel,froot_loops__1980s_or_earlier__435__2;froot_loops:froot_loops__1980s_or_earlier__435__2;https://www.flickr.com/photos/bolio88/7323343912/,,,,rights_review_needed,source_link_only_no_public_image,1,0
panel-capture-v1,frosted_flakes__1980s_or_earlier__478__1,frosted_flakes,Kellogg's Frosted Flakes,1980s or earlier lead,flickr.com,https://www.flickr.com/photos/25692985%40N07/3598792821,1985 Kellogg's Frosted Flakes Cereal Box Back - Flickr,panel_source_candidate,,,panel_capture_needed,low,panel_crop,Crop the ingredient statement panel with enough surrounding package context to preserve SKU/date cues.,ingredient_panel,frosted_flakes__1980s_or_earlier__478__1;frosted_flakes:frosted_flakes__1980s_or_earlier__478__1;https://www.flickr.com/photos/25692985%40N07/3598792821,,,,rights_review_needed,source_link_only_no_public_image,1,0
panel-capture-v1,lucky_charms__1980s_or_earlier__276__2,lucky_charms,Lucky Charms,1980s or earlier lead,flickr.com,https://www.flickr.com/photos/neatocoolville/423218445,"Lucky Charms Box Character Cutouts Back, 1980 - Flickr",panel_source_candidate,,,panel_capture_needed,low,panel_crop,Crop the ingredient statement panel with enough surrounding package context to preserve SKU/date cues.,ingredient_panel,lucky_charms__1980s_or_earlier__276__2;lucky_charms:lucky_charms__1980s_or_earlier__276__2;https://www.flickr.com/photos/neatocoolville/423218445,,,,rights_review_needed,source_link_only_no_public_image,1,0
panel-capture-v1,pillsbury_crescent_rolls__1980s_or_earlier__1035__2,pillsbury_crescent_rolls,Pillsbury Crescent Rolls,1980s or earlier lead,ingredientinspector.org,https://www.ingredientinspector.org/home/pillsbury-crescents-rolls-ingredients,Ingredient Inspector Pillsbury Crescent Rolls ingredients article,panel_source_candidate,,,panel_capture_needed,low,panel_crop,Crop the ingredient statement panel with enough surrounding package context to preserve SKU/date cues.,ingredient_panel,pillsbury_crescent_rolls__1980s_or_earlier__1035__2;pillsbury_crescent_rolls:pillsbury_crescent_rolls__1980s_or_earlier__1035__2;https://www.ingredientinspector.org/home/pillsbury-crescents-rolls-ingredients,,,,rights_review_needed,source_link_only_no_public_image,1,0
panel-capture-v1,spam_classic__1980s_or_earlier__1029__1,spam_classic,SPAM Classic,1980s or earlier lead,hormelfoods.com,https://www.hormelfoods.com/inspired/story/six-simple-ingredients/,Hormel Foods Six Simple Ingredients SPAM Classic story,panel_source_candidate,,,panel_capture_needed,low,panel_crop,Crop the ingredient statement panel with enough surrounding package context to preserve SKU/date cues.,ingredient_panel,spam_classic__1980s_or_earlier__1029__1;spam_classic:spam_classic__1980s_or_earlier__1029__1;https://www.hormelfoods.com/inspired/story/six-simple-ingredients/,,,,rights_review_needed,source_link_only_no_public_image,1,0
panel-capture-v1,sprite_original__1980s_or_earlier__417__1,sprite_original,Sprite Original,1980s or earlier lead,flickr.com,https://www.flickr.com/photos/jasonliebigstuff/581987504,Sprite Can - Unrolled Flat - 1960's - Flickr,panel_source_candidate,,,panel_capture_needed,low,panel_crop,Crop the ingredient statement panel with enough surrounding package context to preserve SKU/date cues.,ingredient_panel,sprite_original__1980s_or_earlier__417__1;sprite_original:sprite_original__1980s_or_earlier__417__1;https://www.flickr.com/photos/jasonliebigstuff/581987504,,,,rights_review_needed,source_link_only_no_public_image,1,0
panel-capture-v1,tang_orange__1980s_or_earlier__580__1,tang_orange,Tang Orange Drink Mix,1980s or earlier lead,flickr.com,https://www.flickr.com/photos/jasonliebigstuff/2629548371,"General Foods Tang label file copy, December 1971 Flickr photo",panel_source_candidate,,,panel_capture_needed,low,panel_crop,Crop the ingredient statement panel with enough surrounding package context to preserve SKU/date cues.,ingredient_panel,tang_orange__1980s_or_earlier__580__1;tang_orange:tang_orange__1980s_or_earlier__580__1;https://www.flickr.com/photos/jasonliebigstuff/2629548371,,,,rights_review_needed,source_link_only_no_public_image,1,0
panel-capture-v1,trix_cereal__1980s_or_earlier__208__1,trix_cereal,Trix Cereal,1980s or earlier lead,flickr.com,https://www.flickr.com/photos/jasonliebigstuff/2037147592/,"General Mills Trix Cereal Box with Back Panel, 1978 - Flickr",panel_source_candidate,,,panel_capture_needed,low,panel_crop,Crop the ingredient statement panel with enough surrounding package context to preserve SKU/date cues.,ingredient_panel,trix_cereal__1980s_or_earlier__208__1;trix_cereal:trix_cereal__1980s_or_earlier__208__1;https://www.flickr.com/photos/jasonliebigstuff/2037147592/,,,,rights_review_needed,source_link_only_no_public_image,1,0
panel-capture-v1,wheaties__1980s_or_earlier__638__1,wheaties,Wheaties,1980s or earlier lead,flickr.com,https://www.flickr.com/photos/jasonliebigstuff/4729777211,"General Mills Wheaties cereal box front and back panels, 1960s - Flickr",panel_source_candidate,,,panel_capture_needed,low,panel_crop,Crop the ingredient statement panel with enough surrounding package context to preserve SKU/date cues.,ingredient_panel,wheaties__1980s_or_earlier__638__1;wheaties:wheaties__1980s_or_earlier__638__1;https://www.flickr.com/photos/jasonliebigstuff/4729777211,,,,rights_review_needed,source_link_only_no_public_image,1,0
panel-capture-v1,burger_king_whopper__current_2020s__746__1,burger_king_whopper,Burger King Whopper,Current SKU anchor,help.bk.com,https://help.bk.com/hc/en-us/articles/36913083446935-Where-can-I-view-the-nutrition-and-allergen-information-for-Burger-King-menu-items,Burger King help page for nutrition and allergen information,panel_source_candidate,,,panel_capture_needed,low,document_text_extract,"Crop the ingredient and nutrition panel together; include serving size, net weight, and manufacturer/distributor text if visible.",ingredient_or_nutrition_panel,burger_king_whopper__current_2020s__746__1;burger_king_whopper:burger_king_whopper__current_2020s__746__1;https://help.bk.com/hc/en-us/articles/36913083446935-Where-can-I-view-the-nutrition-and-allergen-information-for-Burger-King-menu-items,,,,rights_review_needed,source_link_only_no_public_image,1,0
panel-capture-v1,chipotle_chicken_burrito__current_2020s__669__2,chipotle_chicken_burrito,Chipotle Chicken Burrito,Current SKU anchor,chipotle.com,https://www.chipotle.com/content/dam/chipotle/menu/nutrition/nutrition.pdf,Chipotle Nutrition PDF component rows,panel_source_candidate,,,panel_capture_needed,low,document_text_extract,"Crop the ingredient and nutrition panel together; include serving size, net weight, and manufacturer/distributor text if visible.",ingredient_or_nutrition_panel,chipotle_chicken_burrito__current_2020s__669__2;chipotle_chicken_burrito:chipotle_chicken_burrito__current_2020s__669__2;https://www.chipotle.com/content/dam/chipotle/menu/nutrition/nutrition.pdf,,,,rights_review_needed,source_link_only_no_public_image,1,0
panel-capture-v1,ball_park_franks__2010s__683__2,ball_park_franks,Ball Park Franks,2010s bridge,upcfoodsearch.com,https://upcfoodsearch.com/food-products/hot-dogs/054500193526/,Ball Park Classic Original Franks Chicken UPC Food Search record,panel_source_candidate,,,panel_capture_needed,low,panel_crop,Crop the ingredient statement panel with enough surrounding package context to preserve SKU/date cues.,ingredient_panel,ball_park_franks__2010s__683__2;ball_park_franks:ball_park_franks__2010s__683__2;https://upcfoodsearch.com/food-products/hot-dogs/054500193526/,,,,rights_review_needed,source_link_only_no_public_image,1,0
panel-capture-v1,bisquick_original__2010s__701__1,bisquick_original,Bisquick Original Pancake and Baking Mix,2010s bridge,upcitemdb.com,https://www.upcitemdb.com/upc/16000420403,Bisquick Original Pancake and Baking Mix UPCItemDB record,panel_source_candidate,,,panel_capture_needed,low,panel_crop,Crop the ingredient statement panel with enough surrounding package context to preserve SKU/date cues.,ingredient_panel,bisquick_original__2010s__701__1;bisquick_original:bisquick_original__2010s__701__1;https://www.upcitemdb.com/upc/16000420403,,,,rights_review_needed,source_link_only_no_public_image,1,0
panel-capture-v1,cheetos_crunchy__2010s__483__1,cheetos_crunchy,Cheetos Crunchy,2010s bridge,customer.vaneerden.com,https://customer.vaneerden.com/Product_PDF/035453.pdf,Cheetos Crunchy Cheese Snacks Fun Size .625 oz product PDF - Van Eerden,panel_source_candidate,,,panel_capture_needed,low,document_text_extract,"Capture the ingredient, allergen, nutrition, or disclosure document block for this product/vintage slot.",document_text,cheetos_crunchy__2010s__483__1;cheetos_crunchy:cheetos_crunchy__2010s__483__1;https://customer.vaneerden.com/Product_PDF/035453.pdf,,,,rights_review_needed,source_link_only_no_public_image,1,0
panel-capture-v1,chips_ahoy_original__2010s__448__3,chips_ahoy_original,Chips Ahoy! Original Cookies,2010s bridge,upcfoodsearch.com,https://upcfoodsearch.com/food-products/chocolate-chip-cookies/044000032197/,"Nabisco Chips Ahoy! Cookies Original, UPC 044000032197 - UPC Food Search",panel_source_candidate,,,panel_capture_needed,low,panel_crop,Crop the ingredient statement panel with enough surrounding package context to preserve SKU/date cues.,ingredient_panel,chips_ahoy_original__2010s__448__3;chips_ahoy_original:chips_ahoy_original__2010s__448__3;https://upcfoodsearch.com/food-products/chocolate-chip-cookies/044000032197/,,,,rights_review_needed,source_link_only_no_public_image,1,0
panel-capture-v1,cinnamon_toast_crunch__2010s__512__1,cinnamon_toast_crunch,Cinnamon Toast Crunch,2010s bridge,district.schoolnutritionandfitness.com,https://district.schoolnutritionandfitness.com/santaclaritavsfsa/files/labels/Breakfast/Cinnamon_Toast_Crunch_Cereal_200838.pdf,Cinnamon Toast Crunch cereal school nutrition PDF printed 03/21/2013,panel_source_candidate,,,panel_capture_needed,low,document_text_extract,"Crop the ingredient and nutrition panel together; include serving size, net weight, and manufacturer/distributor text if visible.",ingredient_or_nutrition_panel,cinnamon_toast_crunch__2010s__512__1;cinnamon_toast_crunch:cinnamon_toast_crunch__2010s__512__1;https://district.schoolnutritionandfitness.com/santaclaritavsfsa/files/labels/Breakfast/Cinnamon_Toast_Crunch_Cereal_200838.pdf,,,,rights_review_needed,source_link_only_no_public_image,1,0
panel-capture-v1,dominos_hand_tossed_pepperoni__2010s__785__1,dominos_hand_tossed_pepperoni,Domino's Hand Tossed Pepperoni Pizza,2010s bridge,dominos.com,https://www.dominos.com/assets/derived/pdf/DominosNutritionGuide.pdf,"Domino's Nutrition Guide PDF, January 2015",panel_source_candidate,,,panel_capture_needed,low,document_text_extract,"Crop the ingredient and nutrition panel together; include serving size, net weight, and manufacturer/distributor text if visible.",ingredient_or_nutrition_panel,dominos_hand_tossed_pepperoni__2010s__785__1;dominos_hand_tossed_pepperoni:dominos_hand_tossed_pepperoni__2010s__785__1;https://www.dominos.com/assets/derived/pdf/DominosNutritionGuide.pdf,,,,rights_review_needed,source_link_only_no_public_image,1,0
panel-capture-v1,dr_pepper_original__2010s__661__1,dr_pepper_original,Dr Pepper Original,2010s bridge,sasinc.com,https://www.sasinc.com/wp-content/uploads/2021/09/Pepsico.pdf,PepsiCo beverage nutrition PDF with Dr Pepper facts and ingredients,panel_source_candidate,,,panel_capture_needed,low,document_text_extract,"Crop the ingredient and nutrition panel together; include serving size, net weight, and manufacturer/distributor text if visible.",ingredient_or_nutrition_panel,dr_pepper_original__2010s__661__1;dr_pepper_original:dr_pepper_original__2010s__661__1;https://www.sasinc.com/wp-content/uploads/2021/09/Pepsico.pdf,,,,rights_review_needed,source_link_only_no_public_image,1,0
panel-capture-v1,dunkin_glazed_donut__2000s__801__1,dunkin_glazed_donut,Dunkin' Glazed Donut,2000s bridge,fastfoodingredients.com,https://www.fastfoodingredients.com/2008/05/03/dunkin-donuts-glazed-munchkin/,"Fast Food Ingredients Dunkin' Donuts Glazed Munchkin transcript, 2008",panel_source_candidate,,,panel_capture_needed,low,panel_crop,Crop the ingredient statement panel with enough surrounding package context to preserve SKU/date cues.,ingredient_panel,dunkin_glazed_donut__2000s__801__1;dunkin_glazed_donut:dunkin_glazed_donut__2000s__801__1;https://www.fastfoodingredients.com/2008/05/03/dunkin-donuts-glazed-munchkin/,,,,rights_review_needed,source_link_only_no_public_image,1,0
panel-capture-v1,eggo_homestyle_waffles__2010s__775__1,eggo_homestyle_waffles,Eggo Homestyle Waffles,2010s bridge,upcitemdb.com,https://www.upcitemdb.com/upc/38000017148,"UPCItemDB Eggo Mini Homestyle Waffles record, scanned 2019",panel_source_candidate,,,panel_capture_needed,low,panel_crop,Crop the ingredient statement panel with enough surrounding package context to preserve SKU/date cues.,ingredient_panel,eggo_homestyle_waffles__2010s__775__1;eggo_homestyle_waffles:eggo_homestyle_waffles__2010s__775__1;https://www.upcitemdb.com/upc/38000017148,,,,rights_review_needed,source_link_only_no_public_image,1,0
panel-capture-v1,fig_newtons__2010s__59__1,fig_newtons,Fig Newtons,2010s bridge,walmart.com,https://www.walmart.com/ip/13281445,"Nabisco Fig Newtons Cookies, 14 oz - Walmart",panel_source_candidate,,,panel_capture_needed,low,panel_crop,Crop the ingredient statement panel with enough surrounding package context to preserve SKU/date cues.,ingredient_panel,fig_newtons__2010s__59__1;fig_newtons:fig_newtons__2010s__59__1;https://www.walmart.com/ip/13281445,,,,rights_review_needed,source_link_only_no_public_image,1,0
panel-capture-v1,frenchs_yellow_mustard__2010s__682__2,frenchs_yellow_mustard,French's Classic Yellow Mustard,2010s bridge,upcfoodsearch.com,https://upcfoodsearch.com/food-products/mustard/041500000312/,French's Classic Yellow Squeeze Bottle Mustard UPC Food Search record,panel_source_candidate,,,panel_capture_needed,low,panel_crop,Crop the ingredient statement panel with enough surrounding package context to preserve SKU/date cues.,ingredient_panel,frenchs_yellow_mustard__2010s__682__2;frenchs_yellow_mustard:frenchs_yellow_mustard__2010s__682__2;https://upcfoodsearch.com/food-products/mustard/041500000312/,,,,rights_review_needed,source_link_only_no_public_image,1,0
panel-capture-v1,hidden_valley_ranch_original__2000s__454__1,hidden_valley_ranch_original,Hidden Valley Original Ranch,2000s bridge,upcfoodsearch.com,https://upcfoodsearch.com/food-products/ranch-dressing/071100000214/,"Hidden Valley Ranch Dressing & Topping Original, UPC 071100000214 - UPC Food Search",panel_source_candidate,,,panel_capture_needed,low,panel_crop,Crop the ingredient statement panel with enough surrounding package context to preserve SKU/date cues.,ingredient_panel,hidden_valley_ranch_original__2000s__454__1;hidden_valley_ranch_original:hidden_valley_ranch_original__2000s__454__1;https://upcfoodsearch.com/food-products/ranch-dressing/071100000214/,,,,rights_review_needed,source_link_only_no_public_image,1,0
panel-capture-v1,hidden_valley_ranch_original__2010s__454__1,hidden_valley_ranch_original,Hidden Valley Original Ranch,2010s bridge,upcfoodsearch.com,https://upcfoodsearch.com/food-products/ranch-dressing/071100000214/,"Hidden Valley Ranch Dressing & Topping Original, UPC 071100000214 - UPC Food Search",panel_source_candidate,,,panel_capture_needed,low,panel_crop,Crop the ingredient statement panel with enough surrounding package context to preserve SKU/date cues.,ingredient_panel,hidden_valley_ranch_original__2010s__454__1;hidden_valley_ranch_original:hidden_valley_ranch_original__2010s__454__1;https://upcfoodsearch.com/food-products/ranch-dressing/071100000214/,,,,rights_review_needed,source_link_only_no_public_image,1,0
panel-capture-v1,hormel_chili_no_beans__2010s__677__1,hormel_chili_no_beans,Hormel Chili No Beans,2010s bridge,upcfoodsearch.com,https://upcfoodsearch.com/food-products/canned-chili/037600241939/,Hormel Chili No Beans UPC Food Search record,panel_source_candidate,,,panel_capture_needed,low,panel_crop,Crop the ingredient statement panel with enough surrounding package context to preserve SKU/date cues.,ingredient_panel,hormel_chili_no_beans__2010s__677__1;hormel_chili_no_beans:hormel_chili_no_beans__2010s__677__1;https://upcfoodsearch.com/food-products/canned-chili/037600241939/,,,,rights_review_needed,source_link_only_no_public_image,1,0
panel-capture-v1,twinkies__2010s__15__1,twinkies,Hostess Twinkies,2010s bridge,upcfoodsearch.com,https://upcfoodsearch.com/food-products/other-pastries/045000001008/,Hostess Twinkies (045000001008) - UPC Food Search,panel_source_candidate,,,panel_capture_needed,low,panel_crop,Crop the ingredient statement panel with enough surrounding package context to preserve SKU/date cues.,ingredient_panel,twinkies__2010s__15__1;twinkies:twinkies__2010s__15__1;https://upcfoodsearch.com/food-products/other-pastries/045000001008/,,,,rights_review_needed,source_link_only_no_public_image,1,0
panel-capture-v1,hot_pockets_pepperoni_pizza__2010s__84__1,hot_pockets_pepperoni_pizza,Hot Pockets Pepperoni Pizza,2010s bridge,walmart.com,https://www.walmart.com/ip/49866144,"Hot Pockets Pepperoni Pizza Sandwiches, 13 ct Box - Walmart",panel_source_candidate,,,panel_capture_needed,low,panel_crop,Crop the ingredient statement panel with enough surrounding package context to preserve SKU/date cues.,ingredient_panel,hot_pockets_pepperoni_pizza__2010s__84__1;hot_pockets_pepperoni_pizza:hot_pockets_pepperoni_pizza__2010s__84__1;https://www.walmart.com/ip/49866144,,,,rights_review_needed,source_link_only_no_public_image,1,0
panel-capture-v1,kfc_famous_bowl__2010s__700__1,kfc_famous_bowl,KFC Famous Bowl,2010s bridge,docslib.org,https://docslib.org/doc/513747/kfc-ingredients-pdf,KFC Ingredients PDF mirror with July 17 2012 ingredient list,panel_source_candidate,,,panel_capture_needed,low,document_text_extract,"Capture the ingredient, allergen, nutrition, or disclosure document block for this product/vintage slot.",document_text,kfc_famous_bowl__2010s__700__1;kfc_famous_bowl:kfc_famous_bowl__2010s__700__1;https://docslib.org/doc/513747/kfc-ingredients-pdf,,,,rights_review_needed,source_link_only_no_public_image,1,0
panel-capture-v1,kfc_original_recipe_chicken__2010s__765__1,kfc_original_recipe_chicken,KFC Original Recipe Chicken,2010s bridge,docslib.org,https://docslib.org/doc/513747/kfc-ingredients-pdf,"KFC ingredient list PDF mirror, July 17 2012",panel_source_candidate,,,panel_capture_needed,low,document_text_extract,"Capture the ingredient, allergen, nutrition, or disclosure document block for this product/vintage slot.",document_text,kfc_original_recipe_chicken__2010s__765__1;kfc_original_recipe_chicken:kfc_original_recipe_chicken__2010s__765__1;https://docslib.org/doc/513747/kfc-ingredients-pdf,,,,rights_review_needed,source_link_only_no_public_image,1,0
panel-capture-v1,kit_kat_bar__2010s__906__1,kit_kat_bar,Kit Kat Bar,2010s bridge,webstaurantstore.com,https://www.webstaurantstore.com/documents/nutrition/403340007695.pdf,Kit Kat 1.5 oz foodservice product information PDF,panel_source_candidate,,,panel_capture_needed,low,document_text_extract,"Capture the ingredient, allergen, nutrition, or disclosure document block for this product/vintage slot.",document_text,kit_kat_bar__2010s__906__1;kit_kat_bar:kit_kat_bar__2010s__906__1;https://www.webstaurantstore.com/documents/nutrition/403340007695.pdf,,,,rights_review_needed,source_link_only_no_public_image,1,0
panel-capture-v1,lays_classic__2010s__27__1,lays_classic,Lay's Classic Potato Chips,2010s bridge,lays.backend.headless.majestic.dev,https://lays.backend.headless.majestic.dev/products/lays-classic-potato-chips,LAY'S Classic Potato Chips - brand backend product page,panel_source_candidate,,,panel_capture_needed,low,panel_crop,Crop the ingredient statement panel with enough surrounding package context to preserve SKU/date cues.,ingredient_panel,lays_classic__2010s__27__1;lays_classic:lays_classic__2010s__27__1;https://lays.backend.headless.majestic.dev/products/lays-classic-potato-chips,,,,rights_review_needed,source_link_only_no_public_image,1,0
panel-capture-v1,lean_cuisine_salisbury_steak__2010s__678__1,lean_cuisine_salisbury_steak,Lean Cuisine Salisbury Steak,2010s bridge,upcfoodsearch.com,https://upcfoodsearch.com/food-products/frozen-meat-based-meals/013800166197/,UPC Food Search Lean Cuisine Salisbury Steak record added 2019,panel_source_candidate,,,panel_capture_needed,low,panel_crop,Crop the ingredient statement panel with enough surrounding package context to preserve SKU/date cues.,ingredient_panel,lean_cuisine_salisbury_steak__2010s__678__1;lean_cuisine_salisbury_steak:lean_cuisine_salisbury_steak__2010s__678__1;https://upcfoodsearch.com/food-products/frozen-meat-based-meals/013800166197/,,,,rights_review_needed,source_link_only_no_public_image,1,0
panel-capture-v1,lucky_charms__2010s__902__1,lucky_charms,Lucky Charms,2010s bridge,district.schoolnutritionandfitness.com,https://district.schoolnutritionandfitness.com/mentorpsfoodservice/files/SpecSheets/ES/Cereal%2C_Lucky_Charms%2C_WG_ES.pdf,Lucky Charms school foodservice spec sheet PDF,panel_source_candidate,,,panel_capture_needed,low,document_text_extract,"Capture the ingredient, allergen, nutrition, or disclosure document block for this product/vintage slot.",document_text,lucky_charms__2010s__902__1;lucky_charms:lucky_charms__2010s__902__1;https://district.schoolnutritionandfitness.com/mentorpsfoodservice/files/SpecSheets/ES/Cereal%2C_Lucky_Charms%2C_WG_ES.pdf,,,,rights_review_needed,source_link_only_no_public_image,1,0
panel-capture-v1,mcdonalds_world_famous_fries__2000s__653__2,mcdonalds_world_famous_fries,McDonald's World Famous Fries,2000s bridge,canceredinstitute.org,https://www.canceredinstitute.org/uploads/2/3/8/8/23883109/mcdonalds_ingredientslist.pdf,McDonald's USA Ingredients Listing for Popular Menu Items PDF mirror - fries,panel_source_candidate,,,panel_capture_needed,low,document_text_extract,"Capture the ingredient, allergen, nutrition, or disclosure document block for this product/vintage slot.",document_text,mcdonalds_world_famous_fries__2000s__653__2;mcdonalds_world_famous_fries:mcdonalds_world_famous_fries__2000s__653__2;https://www.canceredinstitute.org/uploads/2/3/8/8/23883109/mcdonalds_ingredientslist.pdf,,,,rights_review_needed,source_link_only_no_public_image,1,0
panel-capture-v1,mcdonalds_world_famous_fries__2010s__653__1,mcdonalds_world_famous_fries,McDonald's World Famous Fries,2010s bridge,canceredinstitute.org,https://www.canceredinstitute.org/uploads/2/3/8/8/23883109/mcdonalds_ingredientslist.pdf,McDonald's USA Ingredients Listing for Popular Menu Items PDF mirror - fries,panel_source_candidate,,,panel_capture_needed,low,document_text_extract,"Capture the ingredient, allergen, nutrition, or disclosure document block for this product/vintage slot.",document_text,mcdonalds_world_famous_fries__2010s__653__1;mcdonalds_world_famous_fries:mcdonalds_world_famous_fries__2010s__653__1;https://www.canceredinstitute.org/uploads/2/3/8/8/23883109/mcdonalds_ingredientslist.pdf,,,,rights_review_needed,source_link_only_no_public_image,1,0
panel-capture-v1,nilla_wafers__2000s__865__1,nilla_wafers,Nilla Wafers,2000s bridge,directionsforme.org,https://www.directionsforme.org/product/6135,Nilla Wafers DirectionsForMe label page,panel_source_candidate,,,panel_capture_needed,low,panel_crop,Crop the ingredient statement panel with enough surrounding package context to preserve SKU/date cues.,ingredient_panel,nilla_wafers__2000s__865__1;nilla_wafers:nilla_wafers__2000s__865__1;https://www.directionsforme.org/product/6135,,,,rights_review_needed,source_link_only_no_public_image,1,0
panel-capture-v1,nilla_wafers__2010s__865__1,nilla_wafers,Nilla Wafers,2010s bridge,directionsforme.org,https://www.directionsforme.org/product/6135,Nilla Wafers DirectionsForMe label page,panel_source_candidate,,,panel_capture_needed,low,panel_crop,Crop the ingredient statement panel with enough surrounding package context to preserve SKU/date cues.,ingredient_panel,nilla_wafers__2010s__865__1;nilla_wafers:nilla_wafers__2010s__865__1;https://www.directionsforme.org/product/6135,,,,rights_review_needed,source_link_only_no_public_image,1,0
panel-capture-v1,nutella_hazelnut_spread__1980s_or_earlier__1034__1,nutella_hazelnut_spread,Nutella Hazelnut Spread,1980s or earlier lead,superbrands.co.il,https://superbrands.co.il/pdf/2011/nutella_en.pdf,Superbrands 2011 Nutella brand history PDF,panel_source_candidate,,,panel_capture_needed,low,document_text_extract,"Capture the ingredient, allergen, nutrition, or disclosure document block for this product/vintage slot.",document_text,nutella_hazelnut_spread__1980s_or_earlier__1034__1;nutella_hazelnut_spread:nutella_hazelnut_spread__1980s_or_earlier__1034__1;https://superbrands.co.il/pdf/2011/nutella_en.pdf,,,,rights_review_needed,source_link_only_no_public_image,1,0
panel-capture-v1,philadelphia_cream_cheese_original__2010s__211__1,philadelphia_cream_cheese_original,Philadelphia Original Cream Cheese,2010s bridge,flickr.com,https://www.flickr.com/photos/disneywizard/4282861742/in/photostream/,"Philadelphia Cream Cheese Regular Package Label, 2010 - Flickr",panel_source_candidate,,,panel_capture_needed,low,panel_crop,Crop the ingredient statement panel with enough surrounding package context to preserve SKU/date cues.,ingredient_panel,philadelphia_cream_cheese_original__2010s__211__1;philadelphia_cream_cheese_original:philadelphia_cream_cheese_original__2010s__211__1;https://www.flickr.com/photos/disneywizard/4282861742/in/photostream/,,,,rights_review_needed,source_link_only_no_public_image,1,0
panel-capture-v1,pillsbury_crescent_rolls__2010s__694__1,pillsbury_crescent_rolls,Pillsbury Crescent Rolls,2010s bridge,upcitemdb.com,https://www.upcitemdb.com/upc/18000004157,Pillsbury Butter Flake Crescent Rolls UPCItemDB record,panel_source_candidate,,,panel_capture_needed,low,panel_crop,Crop the ingredient statement panel with enough surrounding package context to preserve SKU/date cues.,ingredient_panel,pillsbury_crescent_rolls__2010s__694__1;pillsbury_crescent_rolls:pillsbury_crescent_rolls__2010s__694__1;https://www.upcitemdb.com/upc/18000004157,,,,rights_review_needed,source_link_only_no_public_image,1,0
panel-capture-v1,pillsbury_toaster_strudel_strawberry__2000s__675__1,pillsbury_toaster_strudel_strawberry,Pillsbury Toaster Strudel Strawberry,2000s bridge,bcscan.com,https://www.bcscan.com/itemdetail.php?ean=0018000655205,Pillsbury Toaster Strudel Strawberry BCScan item record,panel_source_candidate,,,panel_capture_needed,low,panel_crop,Crop the ingredient statement panel with enough surrounding package context to preserve SKU/date cues.,ingredient_panel,pillsbury_toaster_strudel_strawberry__2000s__675__1;pillsbury_toaster_strudel_strawberry:pillsbury_toaster_strudel_strawberry__2000s__675__1;https://www.bcscan.com/itemdetail.php?ean=0018000655205,,,,rights_review_needed,source_link_only_no_public_image,1,0
panel-capture-v1,pillsbury_toaster_strudel_strawberry__2010s__676__1,pillsbury_toaster_strudel_strawberry,Pillsbury Toaster Strudel Strawberry,2010s bridge,upcfoodsearch.com,https://upcfoodsearch.com/food-products/other-frozen-breakfast-products/018000426980/,Pillsbury Strawberry Toaster Strudel UPC Food Search record,panel_source_candidate,,,panel_capture_needed,low,panel_crop,Crop the ingredient statement panel with enough surrounding package context to preserve SKU/date cues.,ingredient_panel,pillsbury_toaster_strudel_strawberry__2010s__676__1;pillsbury_toaster_strudel_strawberry:pillsbury_toaster_strudel_strawberry__2010s__676__1;https://upcfoodsearch.com/food-products/other-frozen-breakfast-products/018000426980/,,,,rights_review_needed,source_link_only_no_public_image,1,0
panel-capture-v1,pizza_hut_original_pan_pepperoni__2000s__655__1,pizza_hut_original_pan_pepperoni,Pizza Hut Original Pan Pepperoni Pizza,2000s bridge,yumpu.com,https://www.yumpu.com/en/document/view/2176122/ingredient-statement-july-2004-pizza-hut,Pizza Hut Ingredient Statement July 2004 document view,panel_source_candidate,,,panel_capture_needed,low,document_text_extract,"Capture the ingredient, allergen, nutrition, or disclosure document block for this product/vintage slot.",document_text,pizza_hut_original_pan_pepperoni__2000s__655__1;pizza_hut_original_pan_pepperoni:pizza_hut_original_pan_pepperoni__2000s__655__1;https://www.yumpu.com/en/document/view/2176122/ingredient-statement-july-2004-pizza-hut,,,,rights_review_needed,source_link_only_no_public_image,1,0
panel-capture-v1,pizza_hut_original_pan_pepperoni__2010s__656__1,pizza_hut_original_pan_pepperoni,Pizza Hut Original Pan Pepperoni Pizza,2010s bridge,district.schoolnutritionandfitness.com,https://district.schoolnutritionandfitness.com/webstercentralsd/files/Specs2/PizzaEntrees/Pizza_Hut_School_Lunch_Ingredient_Statement.pdf,Pizza Hut School Lunch Ingredient Statement PDF,panel_source_candidate,,,panel_capture_needed,low,document_text_extract,"Capture the ingredient, allergen, nutrition, or disclosure document block for this product/vintage slot.",document_text,pizza_hut_original_pan_pepperoni__2010s__656__1;pizza_hut_original_pan_pepperoni:pizza_hut_original_pan_pepperoni__2010s__656__1;https://district.schoolnutritionandfitness.com/webstercentralsd/files/Specs2/PizzaEntrees/Pizza_Hut_School_Lunch_Ingredient_Statement.pdf,,,,rights_review_needed,source_link_only_no_public_image,1,0
panel-capture-v1,popeyes_chicken_sandwich__2010s__718__1,popeyes_chicken_sandwich,Popeyes Chicken Sandwich,2010s bridge,biorganic.blog,https://biorganic.blog/wp-content/uploads/2018/06/Popeyes-ingredients.pdf,Popeyes ingredients PDF mirror from 2018 URL path,panel_source_candidate,,,panel_capture_needed,low,document_text_extract,"Capture the ingredient, allergen, nutrition, or disclosure document block for this product/vintage slot.",document_text,popeyes_chicken_sandwich__2010s__718__1;popeyes_chicken_sandwich:popeyes_chicken_sandwich__2010s__718__1;https://biorganic.blog/wp-content/uploads/2018/06/Popeyes-ingredients.pdf,,,,rights_review_needed,source_link_only_no_public_image,1,0
panel-capture-v1,grape_nuts__2010s__939__1,grape_nuts,Post Grape-Nuts,2010s bridge,ewg.org,https://www.ewg.org/foodscores/products/884912105318-GrapeNutstheOriginalCereal,EWG Food Scores Grape-Nuts the Original Cereal package ingredient page,panel_source_candidate,,,panel_capture_needed,low,panel_crop,Crop the ingredient statement panel with enough surrounding package context to preserve SKU/date cues.,ingredient_panel,grape_nuts__2010s__939__1;grape_nuts:grape_nuts__2010s__939__1;https://www.ewg.org/foodscores/products/884912105318-GrapeNutstheOriginalCereal,,,,rights_review_needed,source_link_only_no_public_image,1,0
panel-capture-v1,pringles_original__2000s__999__1,pringles_original,Pringles Original Crisps,2000s bridge,aircanada.com,https://www.aircanada.com/content/dam/aircanada/portal/documents/PDF/en/nutritional_info_allergie/PringlesIngredientsNutritionalAllergenEN.pdf,"Air Canada Pringles ingredients, nutrition, and allergen PDF",panel_source_candidate,,,panel_capture_needed,low,document_text_extract,"Crop the ingredient and nutrition panel together; include serving size, net weight, and manufacturer/distributor text if visible.",ingredient_or_nutrition_panel,pringles_original__2000s__999__1;pringles_original:pringles_original__2000s__999__1;https://www.aircanada.com/content/dam/aircanada/portal/documents/PDF/en/nutritional_info_allergie/PringlesIngredientsNutritionalAllergenEN.pdf,,,,rights_review_needed,source_link_only_no_public_image,1,0
panel-capture-v1,pringles_original__2010s__999__2,pringles_original,Pringles Original Crisps,2010s bridge,aircanada.com,https://www.aircanada.com/content/dam/aircanada/portal/documents/PDF/en/nutritional_info_allergie/PringlesIngredientsNutritionalAllergenEN.pdf,"Air Canada Pringles ingredients, nutrition, and allergen PDF",panel_source_candidate,,,panel_capture_needed,low,document_text_extract,"Crop the ingredient and nutrition panel together; include serving size, net weight, and manufacturer/distributor text if visible.",ingredient_or_nutrition_panel,pringles_original__2010s__999__2;pringles_original:pringles_original__2010s__999__2;https://www.aircanada.com/content/dam/aircanada/portal/documents/PDF/en/nutritional_info_allergie/PringlesIngredientsNutritionalAllergenEN.pdf,,,,rights_review_needed,source_link_only_no_public_image,1,0
panel-capture-v1,quaker_old_fashioned_oats__2010s__933__1,quaker_old_fashioned_oats,Quaker Old Fashioned Oats,2010s bridge,upcfoodsearch.com,https://upcfoodsearch.com/food-products/hot-oatmeal-cereal/030000010402/,UPC Food Search Quaker Old Fashioned Oats UPC 030000010402 page,panel_source_candidate,,,panel_capture_needed,low,panel_crop,Crop the ingredient statement panel with enough surrounding package context to preserve SKU/date cues.,ingredient_panel,quaker_old_fashioned_oats__2010s__933__1;quaker_old_fashioned_oats:quaker_old_fashioned_oats__2010s__933__1;https://upcfoodsearch.com/food-products/hot-oatmeal-cereal/030000010402/,,,,rights_review_needed,source_link_only_no_public_image,1,0
panel-capture-v1,ritz_original_crackers__2000s__446__1,ritz_original_crackers,Ritz Original Crackers,2000s bridge,foodrepo.org,https://www.foodrepo.org/en/products/55269,NABISCO RITZ CRACKERS ORIGINAL 1X13.7 OZ - FoodRepo,panel_source_candidate,,,panel_capture_needed,low,panel_crop,Crop the ingredient statement panel with enough surrounding package context to preserve SKU/date cues.,ingredient_panel,ritz_original_crackers__2000s__446__1;ritz_original_crackers:ritz_original_crackers__2000s__446__1;https://www.foodrepo.org/en/products/55269,,,,rights_review_needed,source_link_only_no_public_image,1,0
panel-capture-v1,ritz_original_crackers__2010s__446__2,ritz_original_crackers,Ritz Original Crackers,2010s bridge,foodrepo.org,https://www.foodrepo.org/en/products/55269,NABISCO RITZ CRACKERS ORIGINAL 1X13.7 OZ - FoodRepo,panel_source_candidate,,,panel_capture_needed,low,panel_crop,Crop the ingredient statement panel with enough surrounding package context to preserve SKU/date cues.,ingredient_panel,ritz_original_crackers__2010s__446__2;ritz_original_crackers:ritz_original_crackers__2010s__446__2;https://www.foodrepo.org/en/products/55269,,,,rights_review_needed,source_link_only_no_public_image,1,0
panel-capture-v1,doritos_nacho_cheese_evidence_0,doritos_nacho_cheese,Doritos Nacho Cheese,1980s or earlier,flickr.com,https://www.flickr.com/photos/jasonliebigstuff/3496903865,"Frito-Lay Doritos Nacho Cheese Flavor 1-ounce bag, 1970s - Flickr",secondary_context_only,,,readable_panel_photo_needed,low,source_page_review,"Review the source for back/side-panel imagery; if no readable panel exists, keep this as secondary identity context and hunt for panel proof.",package_identity_then_panel_hunt,doritos_nacho_cheese_evidence_0;doritos_nacho_cheese:doritos_nacho_cheese_evidence_0;https://www.flickr.com/photos/jasonliebigstuff/3496903865,,,,rights_review_needed,source_link_only_no_public_image,1,0
panel-capture-v1,heinz_tomato_ketchup_evidence_1,heinz_tomato_ketchup,Heinz Tomato Ketchup,1980s or earlier,flickr.com,https://www.flickr.com/photos/36878773%40N07/3782511003,Heinz Ketchup 1932 advertisement - Flickr,secondary_context_only,,,readable_panel_photo_needed,low,source_page_review,Crop the ingredient statement panel with enough surrounding package context to preserve SKU/date cues.,ingredient_panel,heinz_tomato_ketchup_evidence_1;heinz_tomato_ketchup:heinz_tomato_ketchup_evidence_1;https://www.flickr.com/photos/36878773%40N07/3782511003,,,,rights_review_needed,source_link_only_no_public_image,1,0
panel-capture-v1,kraft_macaroni_and_cheese_original_evidence_0,kraft_macaroni_and_cheese_original,Kraft Macaroni & Cheese Original,1980s or earlier,flickr.com,https://www.flickr.com/photos/jasonliebigstuff/6175679516,"Kraft Dinner Macaroni-and-Cheese box, 1940s maybe 1950s - Flickr",secondary_context_only,,,readable_panel_photo_needed,low,source_page_review,Crop the ingredient statement panel with enough surrounding package context to preserve SKU/date cues.,ingredient_panel,kraft_macaroni_and_cheese_original_evidence_0;kraft_macaroni_and_cheese_original:kraft_macaroni_and_cheese_original_evidence_0;https://www.flickr.com/photos/jasonliebigstuff/6175679516,,,,rights_review_needed,source_link_only_no_public_image,1,0
panel-capture-v1,mcdonalds_big_mac_evidence_0,mcdonalds_big_mac,McDonald's Big Mac,1980s or earlier,flickr.com,https://www.flickr.com/photos/jasonliebigstuff/4714969880,McDonald's 1974 Big Mac box folded-up shots - Flickr,secondary_context_only,,,readable_panel_photo_needed,low,source_page_review,"Capture the ingredient, allergen, nutrition, or disclosure document block for this product/vintage slot.",document_text,mcdonalds_big_mac_evidence_0;mcdonalds_big_mac:mcdonalds_big_mac_evidence_0;https://www.flickr.com/photos/jasonliebigstuff/4714969880,,,,rights_review_needed,source_link_only_no_public_image,1,0
panel-capture-v1,mcdonalds_chicken_mcnuggets_evidence_0,mcdonalds_chicken_mcnuggets,McDonald's Chicken McNuggets,1980s or earlier,flickr.com,https://www.flickr.com/photos/jasonliebigstuff/6781604892/,McDonald's Chicken McNuggets 20-piece box - 1983-1985 collector photo,secondary_context_only,,,readable_panel_photo_needed,low,source_page_review,"Capture the ingredient, allergen, nutrition, or disclosure document block for this product/vintage slot.",document_text,mcdonalds_chicken_mcnuggets_evidence_0;mcdonalds_chicken_mcnuggets:mcdonalds_chicken_mcnuggets_evidence_0;https://www.flickr.com/photos/jasonliebigstuff/6781604892/,,,,rights_review_needed,source_link_only_no_public_image,1,0
panel-capture-v1,poptarts_frosted_strawberry_evidence_0,poptarts_frosted_strawberry,Pop-Tarts Frosted Strawberry,1980s or earlier,flickr.com,https://www.flickr.com/photos/25692985%40N07/4198259897,1980 Kellogg's Frosted Pop-Tarts Box Milton the Toaster - Flickr,secondary_context_only,,,readable_panel_photo_needed,low,source_page_review,Crop the ingredient statement panel with enough surrounding package context to preserve SKU/date cues.,ingredient_panel,poptarts_frosted_strawberry_evidence_0;poptarts_frosted_strawberry:poptarts_frosted_strawberry_evidence_0;https://www.flickr.com/photos/25692985%40N07/4198259897,,,,rights_review_needed,source_link_only_no_public_image,1,0
panel-capture-v1,campbells_tomato_soup_evidence_6,campbells_tomato_soup,Campbell's Condensed Tomato Soup,2010s bridge,commons.wikimedia.org,https://commons.wikimedia.org/wiki/Category%3ACampbell%27s_Condensed_Tomato_Soup,Wikimedia Commons Campbell's Condensed Tomato Soup category,secondary_context_only,,,readable_panel_photo_needed,low,source_page_review,Crop the ingredient statement panel with enough surrounding package context to preserve SKU/date cues.,ingredient_panel,campbells_tomato_soup_evidence_6;campbells_tomato_soup:campbells_tomato_soup_evidence_6;https://commons.wikimedia.org/wiki/Category%3ACampbell%27s_Condensed_Tomato_Soup,,,,rights_review_needed,source_link_only_no_public_image,1,0
panel-capture-v1,cheerios_original_evidence_7,cheerios_original,Cheerios Original,2000s bridge,americanhistory.si.edu,https://americanhistory.si.edu/collections/search/object/nmah_1348223,Cheerios Millennios Cereal Box - National Museum of American History,secondary_context_only,,,readable_panel_photo_needed,low,source_page_review,Crop the ingredient statement panel with enough surrounding package context to preserve SKU/date cues.,ingredient_panel,cheerios_original_evidence_7;cheerios_original:cheerios_original_evidence_7;https://americanhistory.si.edu/collections/search/object/nmah_1348223,,,,rights_review_needed,source_link_only_no_public_image,1,0
panel-capture-v1,coca_cola_classic_evidence_2,coca_cola_classic,Coca-Cola Classic,2000s bridge,flickr.com,https://www.flickr.com/photos/jasonliebigstuff/3267332145/,"Coca-Cola Classic aluminum bottle holiday design, 2009 - Flickr",secondary_context_only,,,readable_panel_photo_needed,low,source_page_review,Crop the ingredient statement panel with enough surrounding package context to preserve SKU/date cues.,ingredient_panel,coca_cola_classic_evidence_2;coca_cola_classic:coca_cola_classic_evidence_2;https://www.flickr.com/photos/jasonliebigstuff/3267332145/,,,,rights_review_needed,source_link_only_no_public_image,1,0
panel-capture-v1,coca_cola_classic_evidence_5,coca_cola_classic,Coca-Cola Classic,2010s bridge,flickr.com,https://www.flickr.com/photos/skatepunk69/4985996111/,"Coke Classic can, 2011 - Flickr",secondary_context_only,,,readable_panel_photo_needed,low,source_page_review,Crop the ingredient statement panel with enough surrounding package context to preserve SKU/date cues.,ingredient_panel,coca_cola_classic_evidence_5;coca_cola_classic:coca_cola_classic_evidence_5;https://www.flickr.com/photos/skatepunk69/4985996111/,,,,rights_review_needed,source_link_only_no_public_image,1,0
panel-capture-v1,doritos_nacho_cheese_evidence_6,doritos_nacho_cheese,Doritos Nacho Cheese,2000s bridge,commons.wikimedia.org,https://commons.wikimedia.org/wiki/File%3ADoritos_bag.jpg,Doritos bag - Wikimedia Commons,secondary_context_only,,,readable_panel_photo_needed,low,source_page_review,Crop the ingredient statement panel with enough surrounding package context to preserve SKU/date cues.,ingredient_panel,doritos_nacho_cheese_evidence_6;doritos_nacho_cheese:doritos_nacho_cheese_evidence_6;https://commons.wikimedia.org/wiki/File%3ADoritos_bag.jpg,,,,rights_review_needed,source_link_only_no_public_image,1,0
panel-capture-v1,heinz_tomato_ketchup_evidence_5,heinz_tomato_ketchup,Heinz Tomato Ketchup,2000s bridge,flickr.com,https://flickr.com/photos/scotteh/3399348449,Heinz Ketchup bottles old and new Flickr photo,secondary_context_only,,,readable_panel_photo_needed,low,source_page_review,Crop the ingredient statement panel with enough surrounding package context to preserve SKU/date cues.,ingredient_panel,heinz_tomato_ketchup_evidence_5;heinz_tomato_ketchup:heinz_tomato_ketchup_evidence_5;https://flickr.com/photos/scotteh/3399348449,,,,rights_review_needed,source_link_only_no_public_image,1,0
panel-capture-v1,kraft_macaroni_and_cheese_original_evidence_7,kraft_macaroni_and_cheese_original,Kraft Macaroni & Cheese Original,2010s bridge,flickr.com,https://www.flickr.com/photos/jasonliebigstuff/7994363814/,"Kraft Macaroni & Cheese Angry Birds Space boxes, 2012 - Flickr",secondary_context_only,,,readable_panel_photo_needed,low,source_page_review,Crop the ingredient statement panel with enough surrounding package context to preserve SKU/date cues.,ingredient_panel,kraft_macaroni_and_cheese_original_evidence_7;kraft_macaroni_and_cheese_original:kraft_macaroni_and_cheese_original_evidence_7;https://www.flickr.com/photos/jasonliebigstuff/7994363814/,,,,rights_review_needed,source_link_only_no_public_image,1,0
panel-capture-v1,flickr_oreo_harley_2000,oreo_original_chocolate_sandwich_cookies,Oreo Original Chocolate Sandwich Cookies,2000s package bridge,flickr.com,https://www.flickr.com/photos/jasonliebigstuff/6823913378,"Nabisco Oreo Win Harley-Davidson cookie box, 2000 - Flickr",secondary_context_only,,,readable_panel_photo_needed,low,source_page_review,Crop the ingredient statement panel with enough surrounding package context to preserve SKU/date cues.,ingredient_panel,flickr_oreo_harley_2000;oreo_original_chocolate_sandwich_cookies:flickr_oreo_harley_2000;https://www.flickr.com/photos/jasonliebigstuff/6823913378,,,,rights_review_needed,source_link_only_no_public_image,1,0
panel-capture-v1,poptarts_frosted_strawberry_evidence_2,poptarts_frosted_strawberry,Pop-Tarts Frosted Strawberry,2000s bridge,flickr.com,https://www.flickr.com/photos/jasonliebigstuff/5204205477,"Kellogg's Pop-Tarts Frosted Strawberry Box, 2002 - Flickr",secondary_context_only,,,readable_panel_photo_needed,low,source_page_review,Crop the ingredient statement panel with enough surrounding package context to preserve SKU/date cues.,ingredient_panel,poptarts_frosted_strawberry_evidence_2;poptarts_frosted_strawberry:poptarts_frosted_strawberry_evidence_2;https://www.flickr.com/photos/jasonliebigstuff/5204205477,,,,rights_review_needed,source_link_only_no_public_image,1,0
