batch_id,batch_product_id,row_number,product_id,product_name,evidence_id,source_url,source_owner,source_title,display_lane,public_display_decision,image_display_policy,rights_status,upgrade_priority,linked_vintages,linked_years,capture_strategy,crop_target,ocr_expected_surface,private_image_map_keys,allowed_public_output,success_criteria,next_action
pilot_capture_baaf233cff47b2,oreo_original_chocolate_sandwich_cookies,1,oreo_original_chocolate_sandwich_cookies,Oreo Original Chocolate Sandwich Cookies,flickr_oreo_1960s,https://www.flickr.com/photos/jasonliebigstuff/4635007453,www.flickr.com,"Nabisco Oreo Creme Sandwich cello package, 1950s-1960s - Flickr",panel_capture_needed,show_source_receipt_only,source_link_only_no_public_image,Collector photo; inspect license/rights before reuse.,140,1980s_or_earlier,1960,panel_crop,"ingredient/nutrition panel crop, including serving size and net-weight if visible",ingredient_or_nutrition_panel,flickr_oreo_1960s;oreo_original_chocolate_sandwich_cookies:flickr_oreo_1960s;https://www.flickr.com/photos/jasonliebigstuff/4635007453,"source receipt, hashes, OCR status, candidate text after review; no private image path and no external image embed","Private capture/crop exists, image-map key is populated, OCR can run, and source receipt remains public-safe.","Capture a private ingredient/nutrition panel crop, run native OCR, and keep the public page link-only until rights are clear."
pilot_capture_baaf233cff47b2,oreo_original_chocolate_sandwich_cookies,2,oreo_original_chocolate_sandwich_cookies,Oreo Original Chocolate Sandwich Cookies,flickr_oreo_1993,https://www.flickr.com/photos/jasonliebigstuff/6823914204,www.flickr.com,Nabisco - Oreo - 6-pack cookie pack - 1993 - Flickr,panel_capture_needed,show_source_receipt_only,source_link_only_no_public_image,Collector photo; inspect license/rights before reuse.,140,1990s,1993,panel_crop,"ingredient/nutrition panel crop, including serving size and net-weight if visible",ingredient_or_nutrition_panel,flickr_oreo_1993;oreo_original_chocolate_sandwich_cookies:flickr_oreo_1993;https://www.flickr.com/photos/jasonliebigstuff/6823914204,"source receipt, hashes, OCR status, candidate text after review; no private image path and no external image embed","Private capture/crop exists, image-map key is populated, OCR can run, and source receipt remains public-safe.","Capture a private ingredient/nutrition panel crop, run native OCR, and keep the public page link-only until rights are clear."
pilot_capture_baaf233cff47b2,oreo_original_chocolate_sandwich_cookies,3,oreo_original_chocolate_sandwich_cookies,Oreo Original Chocolate Sandwich Cookies,flickr_oreo_1960s_box,https://www.flickr.com/photos/jasonliebigstuff/4210393728,www.flickr.com,Nabisco - Oreo cookie package - 1960s - Flickr,panel_capture_needed,show_source_receipt_only,source_link_only_no_public_image,Collector photo; inspect license/rights before reuse.,126,1980s_or_earlier,1960,panel_crop,"ingredient/nutrition panel crop, including serving size and net-weight if visible",ingredient_or_nutrition_panel,flickr_oreo_1960s_box;oreo_original_chocolate_sandwich_cookies:flickr_oreo_1960s_box;https://www.flickr.com/photos/jasonliebigstuff/4210393728,"source receipt, hashes, OCR status, candidate text after review; no private image path and no external image embed","Private capture/crop exists, image-map key is populated, OCR can run, and source receipt remains public-safe.","Capture a private ingredient/nutrition panel crop, run native OCR, and keep the public page link-only until rights are clear."
pilot_capture_baaf233cff47b2,oreo_original_chocolate_sandwich_cookies,4,oreo_original_chocolate_sandwich_cookies,Oreo Original Chocolate Sandwich Cookies,packaging_digest_century,https://www.packagingdigest.com/packaging-design/oreo-celebrates-century-of-cookie-packaging,www.packagingdigest.com,Oreo celebrates century of cookie packaging - Packaging Digest,panel_capture_needed,show_source_receipt_only,source_link_only_no_public_image,Article citation; not ingredient-label evidence.,126,1980s_or_earlier,1960,panel_crop,"ingredient/nutrition panel crop, including serving size and net-weight if visible",ingredient_or_nutrition_panel,packaging_digest_century;oreo_original_chocolate_sandwich_cookies:packaging_digest_century;https://www.packagingdigest.com/packaging-design/oreo-celebrates-century-of-cookie-packaging,"source receipt, hashes, OCR status, candidate text after review; no private image path and no external image embed","Private capture/crop exists, image-map key is populated, OCR can run, and source receipt remains public-safe.","Capture a private ingredient/nutrition panel crop, run native OCR, and keep the public page link-only until rights are clear."
pilot_capture_baaf233cff47b2,oreo_original_chocolate_sandwich_cookies,5,oreo_original_chocolate_sandwich_cookies,Oreo Original Chocolate Sandwich Cookies,seattlepi_century,https://www.seattlepi.com/entertainment/article/a-century-of-oreos-3386488.php,www.seattlepi.com,A century of Oreos - SeattlePI,panel_capture_needed,show_source_receipt_only,source_link_only_no_public_image,Article citation; not ingredient-label evidence.,126,1980s_or_earlier,1960,panel_crop,"ingredient/nutrition panel crop, including serving size and net-weight if visible",ingredient_or_nutrition_panel,seattlepi_century;oreo_original_chocolate_sandwich_cookies:seattlepi_century;https://www.seattlepi.com/entertainment/article/a-century-of-oreos-3386488.php,"source receipt, hashes, OCR status, candidate text after review; no private image path and no external image embed","Private capture/crop exists, image-map key is populated, OCR can run, and source receipt remains public-safe.","Capture a private ingredient/nutrition panel crop, run native OCR, and keep the public page link-only until rights are clear."
pilot_capture_baaf233cff47b2,oreo_original_chocolate_sandwich_cookies,6,oreo_original_chocolate_sandwich_cookies,Oreo Original Chocolate Sandwich Cookies,ewg_oreo_current,https://www.ewg.org/foodscores/products/0044000051617-OreoChocolateOriginalFlavorSandwichCookies/,www.ewg.org,EWG Food Scores - Oreo Chocolate Original Flavor Sandwich Cookies,panel_capture_needed,show_source_receipt_only,source_link_only_no_public_image,External source; use as citation link.,110,current_2020s,2026,panel_crop,"ingredient/nutrition panel crop, including serving size and net-weight if visible",ingredient_or_nutrition_panel,ewg_oreo_current;oreo_original_chocolate_sandwich_cookies:ewg_oreo_current;https://www.ewg.org/foodscores/products/0044000051617-OreoChocolateOriginalFlavorSandwichCookies/,"source receipt, hashes, OCR status, candidate text after review; no private image path and no external image embed","Private capture/crop exists, image-map key is populated, OCR can run, and source receipt remains public-safe.","Capture a private ingredient/nutrition panel crop, run native OCR, and keep the public page link-only until rights are clear."
pilot_capture_baaf233cff47b2,oreo_original_chocolate_sandwich_cookies,7,oreo_original_chocolate_sandwich_cookies,Oreo Original Chocolate Sandwich Cookies,ewg_oreo_winter_2010,https://www.ewg.org/foodscores/products/044000081034-OreoChocolateSandwichCookiesOriginalWinter/,www.ewg.org,"EWG Food Scores - Oreo Chocolate Sandwich Cookies, Original, Winter",panel_capture_needed,show_source_receipt_only,source_link_only_no_public_image,External source; use as citation link.,110,2010s,2010,panel_crop,"ingredient/nutrition panel crop, including serving size and net-weight if visible",ingredient_or_nutrition_panel,ewg_oreo_winter_2010;oreo_original_chocolate_sandwich_cookies:ewg_oreo_winter_2010;https://www.ewg.org/foodscores/products/044000081034-OreoChocolateSandwichCookiesOriginalWinter/,"source receipt, hashes, OCR status, candidate text after review; no private image path and no external image embed","Private capture/crop exists, image-map key is populated, OCR can run, and source receipt remains public-safe.","Capture a private ingredient/nutrition panel crop, run native OCR, and keep the public page link-only until rights are clear."
pilot_capture_baaf233cff47b2,oreo_original_chocolate_sandwich_cookies,8,oreo_original_chocolate_sandwich_cookies,Oreo Original Chocolate Sandwich Cookies,kroger_oreo_current,https://www.kroger.com/p/nabisco-original-oreos/0004400003202,www.kroger.com,"OREO Chocolate Sandwich Cookies, 14.3 oz - Kroger",panel_capture_needed,show_source_receipt_only,source_link_only_no_public_image,External source; current-web evidence needs durable capture.,110,current_2020s,2026,panel_crop,"ingredient/nutrition panel crop, including serving size and net-weight if visible",ingredient_or_nutrition_panel,kroger_oreo_current;oreo_original_chocolate_sandwich_cookies:kroger_oreo_current;https://www.kroger.com/p/nabisco-original-oreos/0004400003202,"source receipt, hashes, OCR status, candidate text after review; no private image path and no external image embed","Private capture/crop exists, image-map key is populated, OCR can run, and source receipt remains public-safe.","Capture a private ingredient/nutrition panel crop, run native OCR, and keep the public page link-only until rights are clear."
pilot_capture_baaf233cff47b2,oreo_original_chocolate_sandwich_cookies,9,oreo_original_chocolate_sandwich_cookies,Oreo Original Chocolate Sandwich Cookies,smartlabel_oreo_143,https://smartlabel.mondelez.info/00044000033262-0001-en-US/index.html,smartlabel.mondelez.info,Nabisco Oreo Sandwich Cookies 14.3 oz - SmartLabel,panel_capture_needed,show_source_receipt_only,source_link_only_no_public_image,External source; rights note needed before reproducing imagery.,110,current_2020s,2026,panel_crop,"ingredient/nutrition panel crop, including serving size and net-weight if visible",ingredient_or_nutrition_panel,smartlabel_oreo_143;oreo_original_chocolate_sandwich_cookies:smartlabel_oreo_143;https://smartlabel.mondelez.info/00044000033262-0001-en-US/index.html,"source receipt, hashes, OCR status, candidate text after review; no private image path and no external image embed","Private capture/crop exists, image-map key is populated, OCR can run, and source receipt remains public-safe.","Capture a private ingredient/nutrition panel crop, run native OCR, and keep the public page link-only until rights are clear."
pilot_capture_baaf233cff47b2,oreo_original_chocolate_sandwich_cookies,10,oreo_original_chocolate_sandwich_cookies,Oreo Original Chocolate Sandwich Cookies,walmart_oreo_current,https://business.walmart.com/ip/Oreo-Original-Cookie-13-29-oz/16255757318,business.walmart.com,Oreo Original Cookie 13.29 oz - Walmart Business,panel_capture_needed,show_source_receipt_only,source_link_only_no_public_image,External source; current-web evidence needs durable capture.,110,current_2020s,2026,panel_crop,"ingredient/nutrition panel crop, including serving size and net-weight if visible",ingredient_or_nutrition_panel,walmart_oreo_current;oreo_original_chocolate_sandwich_cookies:walmart_oreo_current;https://business.walmart.com/ip/Oreo-Original-Cookie-13-29-oz/16255757318,"source receipt, hashes, OCR status, candidate text after review; no private image path and no external image embed","Private capture/crop exists, image-map key is populated, OCR can run, and source receipt remains public-safe.","Capture a private ingredient/nutrition panel crop, run native OCR, and keep the public page link-only until rights are clear."
pilot_capture_baaf233cff47b2,oreo_original_chocolate_sandwich_cookies,11,oreo_original_chocolate_sandwich_cookies,Oreo Original Chocolate Sandwich Cookies,flickr_oreo_nascar_2010,https://www.flickr.com/photos/jasonliebigstuff/4786235805,www.flickr.com,"Nabisco Oreo Nascar Edition cookie package, 2010 - Flickr",panel_capture_needed,show_source_receipt_only,source_link_only_no_public_image,Collector photo; inspect license/rights before reuse.,96,2010s,2010,panel_crop,"ingredient/nutrition panel crop, including serving size and net-weight if visible",ingredient_or_nutrition_panel,flickr_oreo_nascar_2010;oreo_original_chocolate_sandwich_cookies:flickr_oreo_nascar_2010;https://www.flickr.com/photos/jasonliebigstuff/4786235805,"source receipt, hashes, OCR status, candidate text after review; no private image path and no external image embed","Private capture/crop exists, image-map key is populated, OCR can run, and source receipt remains public-safe.","Capture a private ingredient/nutrition panel crop, run native OCR, and keep the public page link-only until rights are clear."
pilot_capture_baaf233cff47b2,oreo_original_chocolate_sandwich_cookies,12,oreo_original_chocolate_sandwich_cookies,Oreo Original Chocolate Sandwich Cookies,flickr_oreo_spring_2010,https://www.flickr.com/photos/jasonliebigstuff/4359618633,www.flickr.com,"Nabisco Oreo Spring edition cookie package, 2010 - Flickr",panel_capture_needed,show_source_receipt_only,source_link_only_no_public_image,Collector photo; inspect license/rights before reuse.,96,2010s,2010,panel_crop,"ingredient/nutrition panel crop, including serving size and net-weight if visible",ingredient_or_nutrition_panel,flickr_oreo_spring_2010;oreo_original_chocolate_sandwich_cookies:flickr_oreo_spring_2010;https://www.flickr.com/photos/jasonliebigstuff/4359618633,"source receipt, hashes, OCR status, candidate text after review; no private image path and no external image embed","Private capture/crop exists, image-map key is populated, OCR can run, and source receipt remains public-safe.","Capture a private ingredient/nutrition panel crop, run native OCR, and keep the public page link-only until rights are clear."
pilot_capture_46b8464314eee9,oreo_original_chocolate_sandwich_cookies,1,oreo_original_chocolate_sandwich_cookies,Oreo Original Chocolate Sandwich Cookies,flickr_oreo_uhoh_2002,https://www.flickr.com/photos/jasonliebigstuff/4777043511,www.flickr.com,"Nabisco Uh-Oh! Oreo cookies package, 2002-2003 - Flickr",panel_capture_needed,show_source_receipt_only,source_link_only_no_public_image,Collector photo; inspect license/rights before reuse.,96,2000s,2002,panel_crop,"ingredient/nutrition panel crop, including serving size and net-weight if visible",ingredient_or_nutrition_panel,flickr_oreo_uhoh_2002;oreo_original_chocolate_sandwich_cookies:flickr_oreo_uhoh_2002;https://www.flickr.com/photos/jasonliebigstuff/4777043511,"source receipt, hashes, OCR status, candidate text after review; no private image path and no external image embed","Private capture/crop exists, image-map key is populated, OCR can run, and source receipt remains public-safe.","Capture a private ingredient/nutrition panel crop, run native OCR, and keep the public page link-only until rights are clear."
pilot_capture_3f3514ad61bab2,oreo_original_chocolate_sandwich_cookies,1,oreo_original_chocolate_sandwich_cookies,Oreo Original Chocolate Sandwich Cookies,flickr_oreo_harley_2000,https://www.flickr.com/photos/jasonliebigstuff/6823913378,www.flickr.com,"Nabisco Oreo Win Harley-Davidson cookie box, 2000 - Flickr",source_page_capture_needed,show_source_receipt_only,source_link_only_no_public_image,Collector photo; inspect license/rights before reuse.,60,2000s,2002,source_page_screenshot,ingredient statement panel crop with enough surrounding package context for SKU/date review,ingredient_panel,flickr_oreo_harley_2000;oreo_original_chocolate_sandwich_cookies:flickr_oreo_harley_2000;https://www.flickr.com/photos/jasonliebigstuff/6823913378,"source receipt, hashes, OCR status, candidate text after review; no private image path and no external image embed","Private capture/crop exists, image-map key is populated, OCR can run, and source receipt remains public-safe.","Open the source page, classify the visible product/photo role, and decide whether a panel crop exists."
pilot_capture_39101575279870,doritos_nacho_cheese,1,doritos_nacho_cheese,Doritos Nacho Cheese,doritos_nacho_cheese_evidence_10,https://smartlabel.pepsico.info/028400017305-0007-en-US/index.html,smartlabel.pepsico.info,Doritos Nacho Cheese SmartLabel current page,panel_capture_needed,show_source_receipt_only,source_link_only_no_public_image,"External source; link for attribution, do not reproduce imagery without rights review.",110,current_2020s,2026,panel_crop,"ingredient/nutrition panel crop, including serving size and net-weight if visible",ingredient_or_nutrition_panel,doritos_nacho_cheese_evidence_10;doritos_nacho_cheese:doritos_nacho_cheese_evidence_10;https://smartlabel.pepsico.info/028400017305-0007-en-US/index.html,"source receipt, hashes, OCR status, candidate text after review; no private image path and no external image embed","Private capture/crop exists, image-map key is populated, OCR can run, and source receipt remains public-safe.","Capture a private ingredient/nutrition panel crop, run native OCR, and keep the public page link-only until rights are clear."
pilot_capture_39101575279870,doritos_nacho_cheese,2,doritos_nacho_cheese,Doritos Nacho Cheese,doritos_nacho_cheese_evidence_7,https://www.heb.com/product-detail/doritos-nacho-cheese-flavored-tortilla-chips/1530760,www.heb.com,Doritos Nacho Cheese Flavored Tortilla Chips - H-E-B,panel_capture_needed,show_source_receipt_only,source_link_only_no_public_image,"External source; link for attribution, do not reproduce imagery without rights review.",110,2010s;current_2020s,2015;2026,panel_crop,"ingredient/nutrition panel crop, including serving size and net-weight if visible",ingredient_or_nutrition_panel,doritos_nacho_cheese_evidence_7;doritos_nacho_cheese:doritos_nacho_cheese_evidence_7;https://www.heb.com/product-detail/doritos-nacho-cheese-flavored-tortilla-chips/1530760,"source receipt, hashes, OCR status, candidate text after review; no private image path and no external image embed","Private capture/crop exists, image-map key is populated, OCR can run, and source receipt remains public-safe.","Capture a private ingredient/nutrition panel crop, run native OCR, and keep the public page link-only until rights are clear."
pilot_capture_39101575279870,doritos_nacho_cheese,3,doritos_nacho_cheese,Doritos Nacho Cheese,doritos_nacho_cheese_evidence_8,https://wvww.gardengrocer.com/product/1762-doritos-tortilla-chips-nacho-cheese-975oz-bag,wvww.gardengrocer.com,Doritos Tortilla Chips Nacho Cheese 9.75oz Bag - Garden Grocer,panel_capture_needed,show_source_receipt_only,source_link_only_no_public_image,"External source; link for attribution, do not reproduce imagery without rights review.",110,current_2020s,2026,panel_crop,"ingredient/nutrition panel crop, including serving size and net-weight if visible",ingredient_or_nutrition_panel,doritos_nacho_cheese_evidence_8;doritos_nacho_cheese:doritos_nacho_cheese_evidence_8;https://wvww.gardengrocer.com/product/1762-doritos-tortilla-chips-nacho-cheese-975oz-bag,"source receipt, hashes, OCR status, candidate text after review; no private image path and no external image embed","Private capture/crop exists, image-map key is populated, OCR can run, and source receipt remains public-safe.","Capture a private ingredient/nutrition panel crop, run native OCR, and keep the public page link-only until rights are clear."
pilot_capture_39101575279870,doritos_nacho_cheese,4,doritos_nacho_cheese,Doritos Nacho Cheese,doritos_nacho_cheese_evidence_9,https://www.kroger.com/p/doritos-nacho-cheese-flavored-tortilla-chips/0002840033579,www.kroger.com,"Doritos Nacho Cheese Flavored Tortilla Chips, 10.5 oz - Kroger",panel_capture_needed,show_source_receipt_only,source_link_only_no_public_image,"External source; link for attribution, do not reproduce imagery without rights review.",110,current_2020s,2026,panel_crop,"ingredient/nutrition panel crop, including serving size and net-weight if visible",ingredient_or_nutrition_panel,doritos_nacho_cheese_evidence_9;doritos_nacho_cheese:doritos_nacho_cheese_evidence_9;https://www.kroger.com/p/doritos-nacho-cheese-flavored-tortilla-chips/0002840033579,"source receipt, hashes, OCR status, candidate text after review; no private image path and no external image embed","Private capture/crop exists, image-map key is populated, OCR can run, and source receipt remains public-safe.","Capture a private ingredient/nutrition panel crop, run native OCR, and keep the public page link-only until rights are clear."
pilot_capture_39101575279870,doritos_nacho_cheese,5,doritos_nacho_cheese,Doritos Nacho Cheese,doritos_nacho_cheese_evidence_0,https://www.flickr.com/photos/jasonliebigstuff/3496903865,www.flickr.com,"Frito-Lay Doritos Nacho Cheese Flavor 1-ounce bag, 1970s - Flickr",panel_capture_needed,show_source_receipt_only,source_link_only_no_public_image,"External source; link for attribution, do not reproduce imagery without rights review.",104,earliest_verified_label;1980s_or_earlier,1950;1985,panel_crop,"ingredient/nutrition panel crop, including serving size and net-weight if visible",ingredient_or_nutrition_panel,doritos_nacho_cheese_evidence_0;doritos_nacho_cheese:doritos_nacho_cheese_evidence_0;https://www.flickr.com/photos/jasonliebigstuff/3496903865,"source receipt, hashes, OCR status, candidate text after review; no private image path and no external image embed","Private capture/crop exists, image-map key is populated, OCR can run, and source receipt remains public-safe.","Capture a private ingredient/nutrition panel crop, run native OCR, and keep the public page link-only until rights are clear."
pilot_capture_39101575279870,doritos_nacho_cheese,6,doritos_nacho_cheese,Doritos Nacho Cheese,doritos_nacho_cheese_evidence_1,https://www.flickr.com/photos/jasonliebigstuff/4319728854/,www.flickr.com,Frito-Lay - Doritos Big Grab - chip snack bag - Toy Story - 1995,panel_capture_needed,show_source_receipt_only,source_link_only_no_public_image,"External source; link for attribution, do not reproduce imagery without rights review.",104,earliest_verified_label;1990s,1950;1995,panel_crop,"ingredient/nutrition panel crop, including serving size and net-weight if visible",ingredient_or_nutrition_panel,doritos_nacho_cheese_evidence_1;doritos_nacho_cheese:doritos_nacho_cheese_evidence_1;https://www.flickr.com/photos/jasonliebigstuff/4319728854/,"source receipt, hashes, OCR status, candidate text after review; no private image path and no external image embed","Private capture/crop exists, image-map key is populated, OCR can run, and source receipt remains public-safe.","Capture a private ingredient/nutrition panel crop, run native OCR, and keep the public page link-only until rights are clear."
pilot_capture_39101575279870,doritos_nacho_cheese,7,doritos_nacho_cheese,Doritos Nacho Cheese,doritos_nacho_cheese_evidence_2,https://www.flickr.com/photos/jasonliebigstuff/albums/72157617553330512/,www.flickr.com,"The Munktiki Collection with Doritos Nacho Cheese Flavor 1-ounce bag, 1970s - Flickr",panel_capture_needed,show_source_receipt_only,source_link_only_no_public_image,"External source; link for attribution, do not reproduce imagery without rights review.",104,earliest_verified_label;1980s_or_earlier,1950;1985,panel_crop,"ingredient/nutrition panel crop, including serving size and net-weight if visible",ingredient_or_nutrition_panel,doritos_nacho_cheese_evidence_2;doritos_nacho_cheese:doritos_nacho_cheese_evidence_2;https://www.flickr.com/photos/jasonliebigstuff/albums/72157617553330512/,"source receipt, hashes, OCR status, candidate text after review; no private image path and no external image embed","Private capture/crop exists, image-map key is populated, OCR can run, and source receipt remains public-safe.","Capture a private ingredient/nutrition panel crop, run native OCR, and keep the public page link-only until rights are clear."
pilot_capture_39101575279870,doritos_nacho_cheese,8,doritos_nacho_cheese,Doritos Nacho Cheese,doritos_nacho_cheese_evidence_3,https://www.flickr.com/photos/jasonliebigstuff/albums/72157613306936875/page3,www.flickr.com,"Candy & Snacks album with Doritos Star Wars Special Edition Nacho Cheesier Big Grab Bag, 1997 - Flickr",panel_capture_needed,show_source_receipt_only,source_link_only_no_public_image,"External source; link for attribution, do not reproduce imagery without rights review.",104,earliest_verified_label;1990s,1950;1995,panel_crop,"ingredient/nutrition panel crop, including serving size and net-weight if visible",ingredient_or_nutrition_panel,doritos_nacho_cheese_evidence_3;doritos_nacho_cheese:doritos_nacho_cheese_evidence_3;https://www.flickr.com/photos/jasonliebigstuff/albums/72157613306936875/page3,"source receipt, hashes, OCR status, candidate text after review; no private image path and no external image embed","Private capture/crop exists, image-map key is populated, OCR can run, and source receipt remains public-safe.","Capture a private ingredient/nutrition panel crop, run native OCR, and keep the public page link-only until rights are clear."
pilot_capture_39101575279870,doritos_nacho_cheese,9,doritos_nacho_cheese,Doritos Nacho Cheese,doritos_nacho_cheese_evidence_4,https://www.flickr.com/photos/jasonliebigstuff/4269595755,www.flickr.com,Frito-Lay Doritos Nacho Cheese Flavor 9/16-ounce snack-size bag - 1970s collector photo,panel_capture_needed,show_source_receipt_only,source_link_only_no_public_image,"External source; link for attribution, do not reproduce imagery without rights review.",104,1980s_or_earlier,1985,panel_crop,"ingredient/nutrition panel crop, including serving size and net-weight if visible",ingredient_or_nutrition_panel,doritos_nacho_cheese_evidence_4;doritos_nacho_cheese:doritos_nacho_cheese_evidence_4;https://www.flickr.com/photos/jasonliebigstuff/4269595755,"source receipt, hashes, OCR status, candidate text after review; no private image path and no external image embed","Private capture/crop exists, image-map key is populated, OCR can run, and source receipt remains public-safe.","Capture a private ingredient/nutrition panel crop, run native OCR, and keep the public page link-only until rights are clear."
pilot_capture_39101575279870,doritos_nacho_cheese,10,doritos_nacho_cheese,Doritos Nacho Cheese,doritos_nacho_cheese_evidence_5,https://www.flickr.com/photos/jasonliebigstuff/3496903865/,www.flickr.com,Frito-Lay Doritos Nacho Cheese Flavor 1-ounce bag - 1970s collector photo,panel_capture_needed,show_source_receipt_only,source_link_only_no_public_image,"External source; link for attribution, do not reproduce imagery without rights review.",104,1980s_or_earlier,1985,panel_crop,"ingredient/nutrition panel crop, including serving size and net-weight if visible",ingredient_or_nutrition_panel,doritos_nacho_cheese_evidence_5;doritos_nacho_cheese:doritos_nacho_cheese_evidence_5;https://www.flickr.com/photos/jasonliebigstuff/3496903865/,"source receipt, hashes, OCR status, candidate text after review; no private image path and no external image embed","Private capture/crop exists, image-map key is populated, OCR can run, and source receipt remains public-safe.","Capture a private ingredient/nutrition panel crop, run native OCR, and keep the public page link-only until rights are clear."
pilot_capture_39101575279870,doritos_nacho_cheese,11,doritos_nacho_cheese,Doritos Nacho Cheese,doritos_nacho_cheese_evidence_6,https://commons.wikimedia.org/wiki/File%3ADoritos_bag.jpg,commons.wikimedia.org,Doritos bag - Wikimedia Commons,panel_capture_needed,show_source_receipt_only,source_link_only_no_public_image,CC BY 2.0 per Wikimedia Commons file page result,96,2000s;2010s,2005;2015,panel_crop,"ingredient/nutrition panel crop, including serving size and net-weight if visible",ingredient_or_nutrition_panel,doritos_nacho_cheese_evidence_6;doritos_nacho_cheese:doritos_nacho_cheese_evidence_6;https://commons.wikimedia.org/wiki/File%3ADoritos_bag.jpg,"source receipt, hashes, OCR status, candidate text after review; no private image path and no external image embed","Private capture/crop exists, image-map key is populated, OCR can run, and source receipt remains public-safe.","Capture a private ingredient/nutrition panel crop, run native OCR, and keep the public page link-only until rights are clear."
pilot_capture_20b19a9528d311,cheerios_original,1,cheerios_original,Cheerios Original,cheerios_original_evidence_1,https://www.flickr.com/photos/25692985%40N07/3523833856,www.flickr.com,1985 General Mills Cheerios Cereal Box Back - Flickr,panel_capture_needed,show_source_receipt_only,source_link_only_no_public_image,All rights reserved,118,earliest_verified_label;1980s_or_earlier,1950;1985,panel_crop,"ingredient/nutrition panel crop, including serving size and net-weight if visible",ingredient_or_nutrition_panel,cheerios_original_evidence_1;cheerios_original:cheerios_original_evidence_1;https://www.flickr.com/photos/25692985%40N07/3523833856,"source receipt, hashes, OCR status, candidate text after review; no private image path and no external image embed","Private capture/crop exists, image-map key is populated, OCR can run, and source receipt remains public-safe.","Capture a private ingredient/nutrition panel crop, run native OCR, and keep the public page link-only until rights are clear."
pilot_capture_20b19a9528d311,cheerios_original,2,cheerios_original,Cheerios Original,cheerios_original_evidence_8,https://www.cheerios.com/products/original-cheerios,www.cheerios.com,Original Cheerios - Cheerios,panel_capture_needed,show_source_receipt_only,source_link_only_no_public_image,"External source; link for attribution, do not reproduce imagery without rights review.",110,current_2020s,2026,panel_crop,"ingredient/nutrition panel crop, including serving size and net-weight if visible",ingredient_or_nutrition_panel,cheerios_original_evidence_8;cheerios_original:cheerios_original_evidence_8;https://www.cheerios.com/products/original-cheerios,"source receipt, hashes, OCR status, candidate text after review; no private image path and no external image embed","Private capture/crop exists, image-map key is populated, OCR can run, and source receipt remains public-safe.","Capture a private ingredient/nutrition panel crop, run native OCR, and keep the public page link-only until rights are clear."
pilot_capture_20b19a9528d311,cheerios_original,3,cheerios_original,Cheerios Original,cheerios_original_evidence_0,https://www.flickr.com/photos/25692985%40N07/5938738892,www.flickr.com,1984 General Mills Cheerios Cereal Boxes - Flickr,panel_capture_needed,show_source_receipt_only,source_link_only_no_public_image,"External source; link for attribution, do not reproduce imagery without rights review.",104,earliest_verified_label;1980s_or_earlier,1950;1985,panel_crop,"ingredient/nutrition panel crop, including serving size and net-weight if visible",ingredient_or_nutrition_panel,cheerios_original_evidence_0;cheerios_original:cheerios_original_evidence_0;https://www.flickr.com/photos/25692985%40N07/5938738892,"source receipt, hashes, OCR status, candidate text after review; no private image path and no external image embed","Private capture/crop exists, image-map key is populated, OCR can run, and source receipt remains public-safe.","Capture a private ingredient/nutrition panel crop, run native OCR, and keep the public page link-only until rights are clear."
pilot_capture_20b19a9528d311,cheerios_original,4,cheerios_original,Cheerios Original,cheerios_original_evidence_2,https://www.flickr.com/photos/25692985%40N07/3523028765/,www.flickr.com,1985 General Mills Cheerios Cereal Box Front - Flickr,panel_capture_needed,show_source_receipt_only,source_link_only_no_public_image,All rights reserved,104,earliest_verified_label;1980s_or_earlier,1950;1985,panel_crop,"ingredient/nutrition panel crop, including serving size and net-weight if visible",ingredient_or_nutrition_panel,cheerios_original_evidence_2;cheerios_original:cheerios_original_evidence_2;https://www.flickr.com/photos/25692985%40N07/3523028765/,"source receipt, hashes, OCR status, candidate text after review; no private image path and no external image embed","Private capture/crop exists, image-map key is populated, OCR can run, and source receipt remains public-safe.","Capture a private ingredient/nutrition panel crop, run native OCR, and keep the public page link-only until rights are clear."
pilot_capture_20b19a9528d311,cheerios_original,5,cheerios_original,Cheerios Original,cheerios_original_evidence_3,https://www.flickr.com/photos/jasonliebigstuff/4350285509,www.flickr.com,"General Mills Cheerios cereal box Star Trek the Motion Picture, 1979 - Flickr",panel_capture_needed,show_source_receipt_only,source_link_only_no_public_image,"External source; link for attribution, do not reproduce imagery without rights review.",104,earliest_verified_label,1950,panel_crop,"ingredient/nutrition panel crop, including serving size and net-weight if visible",ingredient_or_nutrition_panel,cheerios_original_evidence_3;cheerios_original:cheerios_original_evidence_3;https://www.flickr.com/photos/jasonliebigstuff/4350285509,"source receipt, hashes, OCR status, candidate text after review; no private image path and no external image embed","Private capture/crop exists, image-map key is populated, OCR can run, and source receipt remains public-safe.","Capture a private ingredient/nutrition panel crop, run native OCR, and keep the public page link-only until rights are clear."
pilot_capture_20b19a9528d311,cheerios_original,6,cheerios_original,Cheerios Original,cheerios_original_evidence_4,https://www.flickr.com/photos/jasonliebigstuff/533392194,www.flickr.com,"Cheerios Box Around the World in 80 Days, FrontSide, 1973 - Flickr",panel_capture_needed,show_source_receipt_only,source_link_only_no_public_image,"External source; link for attribution, do not reproduce imagery without rights review.",104,1980s_or_earlier,1985,panel_crop,"ingredient/nutrition panel crop, including serving size and net-weight if visible",ingredient_or_nutrition_panel,cheerios_original_evidence_4;cheerios_original:cheerios_original_evidence_4;https://www.flickr.com/photos/jasonliebigstuff/533392194,"source receipt, hashes, OCR status, candidate text after review; no private image path and no external image embed","Private capture/crop exists, image-map key is populated, OCR can run, and source receipt remains public-safe.","Capture a private ingredient/nutrition panel crop, run native OCR, and keep the public page link-only until rights are clear."
pilot_capture_20b19a9528d311,cheerios_original,7,cheerios_original,Cheerios Original,cheerios_original_evidence_5,https://theimaginaryworld.com/cbarch.html,theimaginaryworld.com,Cereal Box Backs Archive - The Imaginary World,panel_capture_needed,show_source_receipt_only,source_link_only_no_public_image,"External source; link for attribution, do not reproduce imagery without rights review.",104,1990s,1995,panel_crop,"ingredient/nutrition panel crop, including serving size and net-weight if visible",ingredient_or_nutrition_panel,cheerios_original_evidence_5;cheerios_original:cheerios_original_evidence_5;https://theimaginaryworld.com/cbarch.html,"source receipt, hashes, OCR status, candidate text after review; no private image path and no external image embed","Private capture/crop exists, image-map key is populated, OCR can run, and source receipt remains public-safe.","Capture a private ingredient/nutrition panel crop, run native OCR, and keep the public page link-only until rights are clear."
pilot_capture_20b19a9528d311,cheerios_original,8,cheerios_original,Cheerios Original,cheerios_original_evidence_6,https://www.flickr.com/photos/jasonliebigstuff/albums/72157613304350260/,www.flickr.com,Jason Liebig McDonald's and fast-food album with Cheerios promotional box photos,panel_capture_needed,show_source_receipt_only,source_link_only_no_public_image,"External source; link for attribution, do not reproduce imagery without rights review.",104,1990s,1995,panel_crop,"ingredient/nutrition panel crop, including serving size and net-weight if visible",ingredient_or_nutrition_panel,cheerios_original_evidence_6;cheerios_original:cheerios_original_evidence_6;https://www.flickr.com/photos/jasonliebigstuff/albums/72157613304350260/,"source receipt, hashes, OCR status, candidate text after review; no private image path and no external image embed","Private capture/crop exists, image-map key is populated, OCR can run, and source receipt remains public-safe.","Capture a private ingredient/nutrition panel crop, run native OCR, and keep the public page link-only until rights are clear."
pilot_capture_20b19a9528d311,cheerios_original,9,cheerios_original,Cheerios Original,cheerios_original_evidence_7,https://americanhistory.si.edu/collections/search/object/nmah_1348223,americanhistory.si.edu,Cheerios Millennios Cereal Box - National Museum of American History,panel_capture_needed,show_source_receipt_only,source_link_only_no_public_image,"External source; link for attribution, do not reproduce imagery without rights review.",96,2000s,2005,panel_crop,"ingredient/nutrition panel crop, including serving size and net-weight if visible",ingredient_or_nutrition_panel,cheerios_original_evidence_7;cheerios_original:cheerios_original_evidence_7;https://americanhistory.si.edu/collections/search/object/nmah_1348223,"source receipt, hashes, OCR status, candidate text after review; no private image path and no external image embed","Private capture/crop exists, image-map key is populated, OCR can run, and source receipt remains public-safe.","Capture a private ingredient/nutrition panel crop, run native OCR, and keep the public page link-only until rights are clear."
pilot_capture_42290c8779ecdd,coca_cola_classic,1,coca_cola_classic,Coca-Cola Classic,coca_cola_classic_evidence_1,https://www.flickr.com/photos/studioz7/29453244726,www.flickr.com,1960s Coca-Cola syrup label collector photo,panel_capture_needed,show_source_receipt_only,source_link_only_no_public_image,"External source; link for attribution, do not reproduce imagery without rights review.",118,earliest_verified_label;1980s_or_earlier,1950;1985,panel_crop,"ingredient/nutrition panel crop, including serving size and net-weight if visible",ingredient_or_nutrition_panel,coca_cola_classic_evidence_1;coca_cola_classic:coca_cola_classic_evidence_1;https://www.flickr.com/photos/studioz7/29453244726,"source receipt, hashes, OCR status, candidate text after review; no private image path and no external image embed","Private capture/crop exists, image-map key is populated, OCR can run, and source receipt remains public-safe.","Capture a private ingredient/nutrition panel crop, run native OCR, and keep the public page link-only until rights are clear."
pilot_capture_42290c8779ecdd,coca_cola_classic,2,coca_cola_classic,Coca-Cola Classic,coca_cola_classic_evidence_6,https://www.coca-cola.com/us/en/brands/coca-cola/products/original?redirect=true,www.coca-cola.com,Coca-Cola Original Soda current US product page,panel_capture_needed,show_source_receipt_only,source_link_only_no_public_image,"External source; link for attribution, do not reproduce imagery without rights review.",110,current_2020s,2026,panel_crop,"ingredient/nutrition panel crop, including serving size and net-weight if visible",ingredient_or_nutrition_panel,coca_cola_classic_evidence_6;coca_cola_classic:coca_cola_classic_evidence_6;https://www.coca-cola.com/us/en/brands/coca-cola/products/original?redirect=true,"source receipt, hashes, OCR status, candidate text after review; no private image path and no external image embed","Private capture/crop exists, image-map key is populated, OCR can run, and source receipt remains public-safe.","Capture a private ingredient/nutrition panel crop, run native OCR, and keep the public page link-only until rights are clear."
pilot_capture_42290c8779ecdd,coca_cola_classic,3,coca_cola_classic,Coca-Cola Classic,coca_cola_classic_evidence_0,https://commons.wikimedia.org/wiki/File%3AOld_coca_cola_cans_1952.jpg,commons.wikimedia.org,Old Coca-Cola cans 1952 - Wikimedia Commons,panel_capture_needed,show_source_receipt_only,source_link_only_no_public_image,"External source; link for attribution, do not reproduce imagery without rights review.",104,earliest_verified_label;1980s_or_earlier,1950;1985,panel_crop,"ingredient/nutrition panel crop, including serving size and net-weight if visible",ingredient_or_nutrition_panel,coca_cola_classic_evidence_0;coca_cola_classic:coca_cola_classic_evidence_0;https://commons.wikimedia.org/wiki/File%3AOld_coca_cola_cans_1952.jpg,"source receipt, hashes, OCR status, candidate text after review; no private image path and no external image embed","Private capture/crop exists, image-map key is populated, OCR can run, and source receipt remains public-safe.","Capture a private ingredient/nutrition panel crop, run native OCR, and keep the public page link-only until rights are clear."
pilot_capture_42290c8779ecdd,coca_cola_classic,4,coca_cola_classic,Coca-Cola Classic,coca_cola_classic_evidence_2,https://www.flickr.com/photos/jasonliebigstuff/3267332145/,www.flickr.com,"Coca-Cola Classic aluminum bottle holiday design, 2009 - Flickr",panel_capture_needed,show_source_receipt_only,source_link_only_no_public_image,"External source; link for attribution, do not reproduce imagery without rights review.",104,earliest_verified_label;2000s,1950;2005,panel_crop,"ingredient/nutrition panel crop, including serving size and net-weight if visible",ingredient_or_nutrition_panel,coca_cola_classic_evidence_2;coca_cola_classic:coca_cola_classic_evidence_2;https://www.flickr.com/photos/jasonliebigstuff/3267332145/,"source receipt, hashes, OCR status, candidate text after review; no private image path and no external image embed","Private capture/crop exists, image-map key is populated, OCR can run, and source receipt remains public-safe.","Capture a private ingredient/nutrition panel crop, run native OCR, and keep the public page link-only until rights are clear."
pilot_capture_42290c8779ecdd,coca_cola_classic,5,coca_cola_classic,Coca-Cola Classic,coca_cola_classic_evidence_3,https://www.flickr.com/photos/roitberg/6351768138,www.flickr.com,2000 Coca-Cola Classic USA Christmas - Flickr,panel_capture_needed,show_source_receipt_only,source_link_only_no_public_image,"External source; link for attribution, do not reproduce imagery without rights review.",104,earliest_verified_label;2000s,1950;2005,panel_crop,"ingredient/nutrition panel crop, including serving size and net-weight if visible",ingredient_or_nutrition_panel,coca_cola_classic_evidence_3;coca_cola_classic:coca_cola_classic_evidence_3;https://www.flickr.com/photos/roitberg/6351768138,"source receipt, hashes, OCR status, candidate text after review; no private image path and no external image embed","Private capture/crop exists, image-map key is populated, OCR can run, and source receipt remains public-safe.","Capture a private ingredient/nutrition panel crop, run native OCR, and keep the public page link-only until rights are clear."
pilot_capture_42290c8779ecdd,coca_cola_classic,6,coca_cola_classic,Coca-Cola Classic,coca_cola_classic_evidence_4,https://www.flickr.com/photos/therog77/3200756272/,www.flickr.com,1990 Coca-Cola MagiCan - Flickr,panel_capture_needed,show_source_receipt_only,source_link_only_no_public_image,"External source; link for attribution, do not reproduce imagery without rights review.",104,1990s,1995,panel_crop,"ingredient/nutrition panel crop, including serving size and net-weight if visible",ingredient_or_nutrition_panel,coca_cola_classic_evidence_4;coca_cola_classic:coca_cola_classic_evidence_4;https://www.flickr.com/photos/therog77/3200756272/,"source receipt, hashes, OCR status, candidate text after review; no private image path and no external image embed","Private capture/crop exists, image-map key is populated, OCR can run, and source receipt remains public-safe.","Capture a private ingredient/nutrition panel crop, run native OCR, and keep the public page link-only until rights are clear."
pilot_capture_42290c8779ecdd,coca_cola_classic,7,coca_cola_classic,Coca-Cola Classic,coca_cola_classic_evidence_5,https://www.flickr.com/photos/skatepunk69/4985996111/,www.flickr.com,"Coke Classic can, 2011 - Flickr",panel_capture_needed,show_source_receipt_only,source_link_only_no_public_image,"External source; link for attribution, do not reproduce imagery without rights review.",96,2010s,2015,panel_crop,"ingredient/nutrition panel crop, including serving size and net-weight if visible",ingredient_or_nutrition_panel,coca_cola_classic_evidence_5;coca_cola_classic:coca_cola_classic_evidence_5;https://www.flickr.com/photos/skatepunk69/4985996111/,"source receipt, hashes, OCR status, candidate text after review; no private image path and no external image embed","Private capture/crop exists, image-map key is populated, OCR can run, and source receipt remains public-safe.","Capture a private ingredient/nutrition panel crop, run native OCR, and keep the public page link-only until rights are clear."
pilot_capture_4fe5d7c6cadd15,campbells_tomato_soup,1,campbells_tomato_soup,Campbell's Condensed Tomato Soup,campbells_tomato_soup_evidence_5,https://www.ingredientinspector.org/home/campbells-tomato-soup-ingredients,www.ingredientinspector.org,Ingredient Inspector Campbell's Tomato Soup ingredients article,panel_capture_needed,show_source_receipt_only,source_link_only_no_public_image,"External source; link for attribution, do not reproduce imagery without rights review.",118,1980s_or_earlier,1985,panel_crop,"ingredient/nutrition panel crop, including serving size and net-weight if visible",ingredient_or_nutrition_panel,campbells_tomato_soup_evidence_5;campbells_tomato_soup:campbells_tomato_soup_evidence_5;https://www.ingredientinspector.org/home/campbells-tomato-soup-ingredients,"source receipt, hashes, OCR status, candidate text after review; no private image path and no external image embed","Private capture/crop exists, image-map key is populated, OCR can run, and source receipt remains public-safe.","Capture a private ingredient/nutrition panel crop, run native OCR, and keep the public page link-only until rights are clear."
pilot_capture_4fe5d7c6cadd15,campbells_tomato_soup,2,campbells_tomato_soup,Campbell's Condensed Tomato Soup,campbells_tomato_soup_evidence_10,https://www.campbellsfoodservice.com/product/tomato-soup-2/?product-pdf=_,www.campbellsfoodservice.com,Campbell's Condensed Tomato Soup 23.2 oz family size product PDF,panel_capture_needed,show_source_receipt_only,source_link_only_no_public_image,"External source; link for attribution, do not reproduce imagery without rights review.",110,current_2020s,2026,panel_crop,"ingredient/nutrition panel crop, including serving size and net-weight if visible",ingredient_or_nutrition_panel,campbells_tomato_soup_evidence_10;campbells_tomato_soup:campbells_tomato_soup_evidence_10;https://www.campbellsfoodservice.com/product/tomato-soup-2/?product-pdf=_,"source receipt, hashes, OCR status, candidate text after review; no private image path and no external image embed","Private capture/crop exists, image-map key is populated, OCR can run, and source receipt remains public-safe.","Capture a private ingredient/nutrition panel crop, run native OCR, and keep the public page link-only until rights are clear."
pilot_capture_4fe5d7c6cadd15,campbells_tomato_soup,3,campbells_tomato_soup,Campbell's Condensed Tomato Soup,campbells_tomato_soup_evidence_7,https://www.campbells.com/products/condensed/tomato-soup/,www.campbells.com,Campbell's Condensed Tomato Soup 10.75 oz current product page,panel_capture_needed,show_source_receipt_only,source_link_only_no_public_image,"External source; link for attribution, do not reproduce imagery without rights review.",110,current_2020s,2026,panel_crop,"ingredient/nutrition panel crop, including serving size and net-weight if visible",ingredient_or_nutrition_panel,campbells_tomato_soup_evidence_7;campbells_tomato_soup:campbells_tomato_soup_evidence_7;https://www.campbells.com/products/condensed/tomato-soup/,"source receipt, hashes, OCR status, candidate text after review; no private image path and no external image embed","Private capture/crop exists, image-map key is populated, OCR can run, and source receipt remains public-safe.","Capture a private ingredient/nutrition panel crop, run native OCR, and keep the public page link-only until rights are clear."
pilot_capture_4fe5d7c6cadd15,campbells_tomato_soup,4,campbells_tomato_soup,Campbell's Condensed Tomato Soup,campbells_tomato_soup_evidence_8,https://www.campbells.com/products/condensed/family-size-tomato-soup/,www.campbells.com,Campbell's Tomato Soup current product page,panel_capture_needed,show_source_receipt_only,source_link_only_no_public_image,"External source; link for attribution, do not reproduce imagery without rights review.",110,current_2020s,2026,panel_crop,"ingredient/nutrition panel crop, including serving size and net-weight if visible",ingredient_or_nutrition_panel,campbells_tomato_soup_evidence_8;campbells_tomato_soup:campbells_tomato_soup_evidence_8;https://www.campbells.com/products/condensed/family-size-tomato-soup/,"source receipt, hashes, OCR status, candidate text after review; no private image path and no external image embed","Private capture/crop exists, image-map key is populated, OCR can run, and source receipt remains public-safe.","Capture a private ingredient/nutrition panel crop, run native OCR, and keep the public page link-only until rights are clear."
pilot_capture_4fe5d7c6cadd15,campbells_tomato_soup,5,campbells_tomato_soup,Campbell's Condensed Tomato Soup,campbells_tomato_soup_evidence_9,https://www.campbells.com/tomato-soup/,www.campbells.com,Tomato Soup - The Campbell's Company,panel_capture_needed,show_source_receipt_only,source_link_only_no_public_image,"External source; link for attribution, do not reproduce imagery without rights review.",110,current_2020s,2026,panel_crop,"ingredient/nutrition panel crop, including serving size and net-weight if visible",ingredient_or_nutrition_panel,campbells_tomato_soup_evidence_9;campbells_tomato_soup:campbells_tomato_soup_evidence_9;https://www.campbells.com/tomato-soup/,"source receipt, hashes, OCR status, candidate text after review; no private image path and no external image embed","Private capture/crop exists, image-map key is populated, OCR can run, and source receipt remains public-safe.","Capture a private ingredient/nutrition panel crop, run native OCR, and keep the public page link-only until rights are clear."
pilot_capture_4fe5d7c6cadd15,campbells_tomato_soup,6,campbells_tomato_soup,Campbell's Condensed Tomato Soup,campbells_tomato_soup_evidence_0,https://www.flickr.com/photos/pennstate_harrisburg_archives/29079862112/in/album-72157719415160219/,www.flickr.com,"Campbell's Tomato Soup, 1947 (Canning) - Penn State Harrisburg Flickr album",panel_capture_needed,show_source_receipt_only,source_link_only_no_public_image,"External source; link for attribution, do not reproduce imagery without rights review.",104,earliest_verified_label,1950,panel_crop,"ingredient/nutrition panel crop, including serving size and net-weight if visible",ingredient_or_nutrition_panel,campbells_tomato_soup_evidence_0;campbells_tomato_soup:campbells_tomato_soup_evidence_0;https://www.flickr.com/photos/pennstate_harrisburg_archives/29079862112/in/album-72157719415160219/,"source receipt, hashes, OCR status, candidate text after review; no private image path and no external image embed","Private capture/crop exists, image-map key is populated, OCR can run, and source receipt remains public-safe.","Capture a private ingredient/nutrition panel crop, run native OCR, and keep the public page link-only until rights are clear."
pilot_capture_4fe5d7c6cadd15,campbells_tomato_soup,7,campbells_tomato_soup,Campbell's Condensed Tomato Soup,campbells_tomato_soup_evidence_1,https://commons.wikimedia.org/wiki/File%3ACampbell%27s_Condensed_Tomato_Soup%2C_1905.jpg,commons.wikimedia.org,Wikimedia Commons Campbell's Condensed Tomato Soup 1905 file page,panel_capture_needed,show_source_receipt_only,source_link_only_no_public_image,"External source; link for attribution, do not reproduce imagery without rights review.",104,earliest_verified_label;1980s_or_earlier,1950;1985,panel_crop,"ingredient/nutrition panel crop, including serving size and net-weight if visible",ingredient_or_nutrition_panel,campbells_tomato_soup_evidence_1;campbells_tomato_soup:campbells_tomato_soup_evidence_1;https://commons.wikimedia.org/wiki/File%3ACampbell%27s_Condensed_Tomato_Soup%2C_1905.jpg,"source receipt, hashes, OCR status, candidate text after review; no private image path and no external image embed","Private capture/crop exists, image-map key is populated, OCR can run, and source receipt remains public-safe.","Capture a private ingredient/nutrition panel crop, run native OCR, and keep the public page link-only until rights are clear."
pilot_capture_4fe5d7c6cadd15,campbells_tomato_soup,8,campbells_tomato_soup,Campbell's Condensed Tomato Soup,campbells_tomato_soup_evidence_2,https://www.flickr.com/photos/library_of_congress/50251904946,www.flickr.com,Campbell's tomato soup poster - Library of Congress Flickr,panel_capture_needed,show_source_receipt_only,source_link_only_no_public_image,"External source; link for attribution, do not reproduce imagery without rights review.",104,earliest_verified_label,1950,panel_crop,"ingredient/nutrition panel crop, including serving size and net-weight if visible",ingredient_or_nutrition_panel,campbells_tomato_soup_evidence_2;campbells_tomato_soup:campbells_tomato_soup_evidence_2;https://www.flickr.com/photos/library_of_congress/50251904946,"source receipt, hashes, OCR status, candidate text after review; no private image path and no external image embed","Private capture/crop exists, image-map key is populated, OCR can run, and source receipt remains public-safe.","Capture a private ingredient/nutrition panel crop, run native OCR, and keep the public page link-only until rights are clear."
pilot_capture_4fe5d7c6cadd15,campbells_tomato_soup,9,campbells_tomato_soup,Campbell's Condensed Tomato Soup,campbells_tomato_soup_evidence_3,https://www.loc.gov/pictures/item/2020736882/,www.loc.gov,Campbell's soup cans - Library of Congress,panel_capture_needed,show_source_receipt_only,source_link_only_no_public_image,"External source; link for attribution, do not reproduce imagery without rights review.",104,earliest_verified_label;1980s_or_earlier,1950;1985,panel_crop,"ingredient/nutrition panel crop, including serving size and net-weight if visible",ingredient_or_nutrition_panel,campbells_tomato_soup_evidence_3;campbells_tomato_soup:campbells_tomato_soup_evidence_3;https://www.loc.gov/pictures/item/2020736882/,"source receipt, hashes, OCR status, candidate text after review; no private image path and no external image embed","Private capture/crop exists, image-map key is populated, OCR can run, and source receipt remains public-safe.","Capture a private ingredient/nutrition panel crop, run native OCR, and keep the public page link-only until rights are clear."
pilot_capture_4fe5d7c6cadd15,campbells_tomato_soup,10,campbells_tomato_soup,Campbell's Condensed Tomato Soup,campbells_tomato_soup_evidence_6,https://commons.wikimedia.org/wiki/Category%3ACampbell%27s_Condensed_Tomato_Soup,commons.wikimedia.org,Wikimedia Commons Campbell's Condensed Tomato Soup category,panel_capture_needed,show_source_receipt_only,source_link_only_no_public_image,"External source; link for attribution, do not reproduce imagery without rights review.",96,2010s,2015,panel_crop,"ingredient/nutrition panel crop, including serving size and net-weight if visible",ingredient_or_nutrition_panel,campbells_tomato_soup_evidence_6;campbells_tomato_soup:campbells_tomato_soup_evidence_6;https://commons.wikimedia.org/wiki/Category%3ACampbell%27s_Condensed_Tomato_Soup,"source receipt, hashes, OCR status, candidate text after review; no private image path and no external image embed","Private capture/crop exists, image-map key is populated, OCR can run, and source receipt remains public-safe.","Capture a private ingredient/nutrition panel crop, run native OCR, and keep the public page link-only until rights are clear."
pilot_capture_b59de1269c103c,campbells_tomato_soup,1,campbells_tomato_soup,Campbell's Condensed Tomato Soup,campbells_tomato_soup_evidence_4,https://www.artsbma.org/collection/campbells-tomato-soup-can-label-signed-by-andy-warhol-2/,www.artsbma.org,Birmingham Museum of Art Campbell's Tomato Soup can label artifact page,source_page_capture_needed,show_source_receipt_only,source_link_only_no_public_image,"External source; link for attribution, do not reproduce imagery without rights review.",68,1980s_or_earlier,1985,source_page_screenshot,ingredient statement panel crop with enough surrounding package context for SKU/date review,ingredient_panel,campbells_tomato_soup_evidence_4;campbells_tomato_soup:campbells_tomato_soup_evidence_4;https://www.artsbma.org/collection/campbells-tomato-soup-can-label-signed-by-andy-warhol-2/,"source receipt, hashes, OCR status, candidate text after review; no private image path and no external image embed","Private capture/crop exists, image-map key is populated, OCR can run, and source receipt remains public-safe.","Open the source page, classify the visible product/photo role, and decide whether a panel crop exists."
pilot_capture_bd08fd5c948ebc,heinz_tomato_ketchup,1,heinz_tomato_ketchup,Heinz Tomato Ketchup,heinz_tomato_ketchup_evidence_6,https://www.walmart.com/ip/20971263,www.walmart.com,Heinz Tomato Ketchup 14 oz bottle Walmart page,panel_capture_needed,show_source_receipt_only,source_link_only_no_public_image,"External source; link for attribution, do not reproduce imagery without rights review.",110,current_2020s,2026,panel_crop,"ingredient/nutrition panel crop, including serving size and net-weight if visible",ingredient_or_nutrition_panel,heinz_tomato_ketchup_evidence_6;heinz_tomato_ketchup:heinz_tomato_ketchup_evidence_6;https://www.walmart.com/ip/20971263,"source receipt, hashes, OCR status, candidate text after review; no private image path and no external image embed","Private capture/crop exists, image-map key is populated, OCR can run, and source receipt remains public-safe.","Capture a private ingredient/nutrition panel crop, run native OCR, and keep the public page link-only until rights are clear."
pilot_capture_bd08fd5c948ebc,heinz_tomato_ketchup,2,heinz_tomato_ketchup,Heinz Tomato Ketchup,heinz_tomato_ketchup_evidence_7,https://www.walmart.com/ip/19362103123,www.walmart.com,Heinz Tomato Ketchup 20 oz bottle Walmart page,panel_capture_needed,show_source_receipt_only,source_link_only_no_public_image,"External source; link for attribution, do not reproduce imagery without rights review.",110,current_2020s,2026,panel_crop,"ingredient/nutrition panel crop, including serving size and net-weight if visible",ingredient_or_nutrition_panel,heinz_tomato_ketchup_evidence_7;heinz_tomato_ketchup:heinz_tomato_ketchup_evidence_7;https://www.walmart.com/ip/19362103123,"source receipt, hashes, OCR status, candidate text after review; no private image path and no external image embed","Private capture/crop exists, image-map key is populated, OCR can run, and source receipt remains public-safe.","Capture a private ingredient/nutrition panel crop, run native OCR, and keep the public page link-only until rights are clear."
pilot_capture_bd08fd5c948ebc,heinz_tomato_ketchup,3,heinz_tomato_ketchup,Heinz Tomato Ketchup,heinz_tomato_ketchup_evidence_8,https://www.heinz.com/products/00013000006408-tomato-ketchup,www.heinz.com,Tomato Ketchup - Heinz,panel_capture_needed,show_source_receipt_only,source_link_only_no_public_image,"External source; link for attribution, do not reproduce imagery without rights review.",110,current_2020s,2026,panel_crop,"ingredient/nutrition panel crop, including serving size and net-weight if visible",ingredient_or_nutrition_panel,heinz_tomato_ketchup_evidence_8;heinz_tomato_ketchup:heinz_tomato_ketchup_evidence_8;https://www.heinz.com/products/00013000006408-tomato-ketchup,"source receipt, hashes, OCR status, candidate text after review; no private image path and no external image embed","Private capture/crop exists, image-map key is populated, OCR can run, and source receipt remains public-safe.","Capture a private ingredient/nutrition panel crop, run native OCR, and keep the public page link-only until rights are clear."
pilot_capture_bd08fd5c948ebc,heinz_tomato_ketchup,4,heinz_tomato_ketchup,Heinz Tomato Ketchup,heinz_tomato_ketchup_evidence_9,https://www.henderson-foodservice.com/productpdf/download/file/id/1366/name/Heinz_Tomato_Ketchup_%25282x4Ltr%2529.pdf/,www.henderson-foodservice.com,Heinz Tomato Ketchup 2x4L foodservice product PDF,panel_capture_needed,show_source_receipt_only,source_link_only_no_public_image,"External source; link for attribution, do not reproduce imagery without rights review.",110,current_2020s,2026,panel_crop,"ingredient/nutrition panel crop, including serving size and net-weight if visible",ingredient_or_nutrition_panel,heinz_tomato_ketchup_evidence_9;heinz_tomato_ketchup:heinz_tomato_ketchup_evidence_9;https://www.henderson-foodservice.com/productpdf/download/file/id/1366/name/Heinz_Tomato_Ketchup_%25282x4Ltr%2529.pdf/,"source receipt, hashes, OCR status, candidate text after review; no private image path and no external image embed","Private capture/crop exists, image-map key is populated, OCR can run, and source receipt remains public-safe.","Capture a private ingredient/nutrition panel crop, run native OCR, and keep the public page link-only until rights are clear."
pilot_capture_bd08fd5c948ebc,heinz_tomato_ketchup,5,heinz_tomato_ketchup,Heinz Tomato Ketchup,heinz_tomato_ketchup_evidence_0,https://laurelleaffarm.com/item-pages/antique-bottles/old-heinz-ketchup-bottles.htm,laurelleaffarm.com,Old Heinz Ketchup Bottles with Labels - Laurel Leaf Farm,panel_capture_needed,show_source_receipt_only,source_link_only_no_public_image,"External source; link for attribution, do not reproduce imagery without rights review.",104,earliest_verified_label,1950,panel_crop,"ingredient/nutrition panel crop, including serving size and net-weight if visible",ingredient_or_nutrition_panel,heinz_tomato_ketchup_evidence_0;heinz_tomato_ketchup:heinz_tomato_ketchup_evidence_0;https://laurelleaffarm.com/item-pages/antique-bottles/old-heinz-ketchup-bottles.htm,"source receipt, hashes, OCR status, candidate text after review; no private image path and no external image embed","Private capture/crop exists, image-map key is populated, OCR can run, and source receipt remains public-safe.","Capture a private ingredient/nutrition panel crop, run native OCR, and keep the public page link-only until rights are clear."
pilot_capture_bd08fd5c948ebc,heinz_tomato_ketchup,6,heinz_tomato_ketchup,Heinz Tomato Ketchup,heinz_tomato_ketchup_evidence_2,https://antiqueadvertising.com/free-antique-price-guide/ceramics-and-glass/heinz-ketchup-bottle/,antiqueadvertising.com,Heinz Ketchup Bottle - Antique Advertising,panel_capture_needed,show_source_receipt_only,source_link_only_no_public_image,"External source; link for attribution, do not reproduce imagery without rights review.",104,earliest_verified_label;1980s_or_earlier,1950;1985,panel_crop,"ingredient/nutrition panel crop, including serving size and net-weight if visible",ingredient_or_nutrition_panel,heinz_tomato_ketchup_evidence_2;heinz_tomato_ketchup:heinz_tomato_ketchup_evidence_2;https://antiqueadvertising.com/free-antique-price-guide/ceramics-and-glass/heinz-ketchup-bottle/,"source receipt, hashes, OCR status, candidate text after review; no private image path and no external image embed","Private capture/crop exists, image-map key is populated, OCR can run, and source receipt remains public-safe.","Capture a private ingredient/nutrition panel crop, run native OCR, and keep the public page link-only until rights are clear."
pilot_capture_bd08fd5c948ebc,heinz_tomato_ketchup,7,heinz_tomato_ketchup,Heinz Tomato Ketchup,heinz_tomato_ketchup_evidence_5,https://flickr.com/photos/scotteh/3399348449,flickr.com,Heinz Ketchup bottles old and new Flickr photo,panel_capture_needed,show_source_receipt_only,source_link_only_no_public_image,"External source; link for attribution, do not reproduce imagery without rights review.",96,2000s,2005,panel_crop,"ingredient/nutrition panel crop, including serving size and net-weight if visible",ingredient_or_nutrition_panel,heinz_tomato_ketchup_evidence_5;heinz_tomato_ketchup:heinz_tomato_ketchup_evidence_5;https://flickr.com/photos/scotteh/3399348449,"source receipt, hashes, OCR status, candidate text after review; no private image path and no external image embed","Private capture/crop exists, image-map key is populated, OCR can run, and source receipt remains public-safe.","Capture a private ingredient/nutrition panel crop, run native OCR, and keep the public page link-only until rights are clear."
pilot_capture_a25841e458dd1c,heinz_tomato_ketchup,1,heinz_tomato_ketchup,Heinz Tomato Ketchup,heinz_tomato_ketchup_evidence_1,https://www.flickr.com/photos/36878773%40N07/3782511003,www.flickr.com,Heinz Ketchup 1932 advertisement - Flickr,source_page_capture_needed,show_source_receipt_only,source_link_only_no_public_image,"External source; link for attribution, do not reproduce imagery without rights review.",68,earliest_verified_label;1980s_or_earlier,1950;1985,source_page_screenshot,ingredient statement panel crop with enough surrounding package context for SKU/date review,ingredient_panel,heinz_tomato_ketchup_evidence_1;heinz_tomato_ketchup:heinz_tomato_ketchup_evidence_1;https://www.flickr.com/photos/36878773%40N07/3782511003,"source receipt, hashes, OCR status, candidate text after review; no private image path and no external image embed","Private capture/crop exists, image-map key is populated, OCR can run, and source receipt remains public-safe.","Open the source page, classify the visible product/photo role, and decide whether a panel crop exists."
pilot_capture_a25841e458dd1c,heinz_tomato_ketchup,2,heinz_tomato_ketchup,Heinz Tomato Ketchup,heinz_tomato_ketchup_evidence_3,https://en.wikipedia.org/wiki/Heinz_Tomato_Ketchup,en.wikipedia.org,Heinz Tomato Ketchup - Wikipedia,source_page_capture_needed,show_source_receipt_only,source_link_only_no_public_image,"External source; link for attribution, do not reproduce imagery without rights review.",68,earliest_verified_label,1950,source_page_screenshot,ingredient statement panel crop with enough surrounding package context for SKU/date review,ingredient_panel,heinz_tomato_ketchup_evidence_3;heinz_tomato_ketchup:heinz_tomato_ketchup_evidence_3;https://en.wikipedia.org/wiki/Heinz_Tomato_Ketchup,"source receipt, hashes, OCR status, candidate text after review; no private image path and no external image embed","Private capture/crop exists, image-map key is populated, OCR can run, and source receipt remains public-safe.","Open the source page, classify the visible product/photo role, and decide whether a panel crop exists."
pilot_capture_a25841e458dd1c,heinz_tomato_ketchup,3,heinz_tomato_ketchup,Heinz Tomato Ketchup,heinz_tomato_ketchup_evidence_4,https://www.flickr.com/photos/51764518%40N02/12950473144/in/photostream/,www.flickr.com,Vintage Heinz Ketchup novelty bottle radio Flickr photo,source_page_capture_needed,show_source_receipt_only,source_link_only_no_public_image,"External source; link for attribution, do not reproduce imagery without rights review.",68,1980s_or_earlier,1985,source_page_screenshot,ingredient statement panel crop with enough surrounding package context for SKU/date review,ingredient_panel,heinz_tomato_ketchup_evidence_4;heinz_tomato_ketchup:heinz_tomato_ketchup_evidence_4;https://www.flickr.com/photos/51764518%40N02/12950473144/in/photostream/,"source receipt, hashes, OCR status, candidate text after review; no private image path and no external image embed","Private capture/crop exists, image-map key is populated, OCR can run, and source receipt remains public-safe.","Open the source page, classify the visible product/photo role, and decide whether a panel crop exists."
pilot_capture_be953f8f61736b,poptarts_frosted_strawberry,1,poptarts_frosted_strawberry,Pop-Tarts Frosted Strawberry,poptarts_frosted_strawberry_evidence_10,https://www.poptarts.com/en_US/products/all-flavors/pop-tarts-frosted-strawberry-product.html?bvstate=pg%3A15%2Fct%3Ar,www.poptarts.com,Frosted Strawberry Pop-Tarts current product page,panel_capture_needed,show_source_receipt_only,source_link_only_no_public_image,"External source; link for attribution, do not reproduce imagery without rights review.",110,current_2020s,2026,panel_crop,"ingredient/nutrition panel crop, including serving size and net-weight if visible",ingredient_or_nutrition_panel,poptarts_frosted_strawberry_evidence_10;poptarts_frosted_strawberry:poptarts_frosted_strawberry_evidence_10;https://www.poptarts.com/en_US/products/all-flavors/pop-tarts-frosted-strawberry-product.html?bvstate=pg%3A15%2Fct%3Ar,"source receipt, hashes, OCR status, candidate text after review; no private image path and no external image embed","Private capture/crop exists, image-map key is populated, OCR can run, and source receipt remains public-safe.","Capture a private ingredient/nutrition panel crop, run native OCR, and keep the public page link-only until rights are clear."
pilot_capture_be953f8f61736b,poptarts_frosted_strawberry,2,poptarts_frosted_strawberry,Pop-Tarts Frosted Strawberry,poptarts_frosted_strawberry_evidence_6,https://www.foodrepo.org/en/products/47947,www.foodrepo.org,Kellogg's Pop-Tarts Frosted Strawberry 58.6 oz - FoodRepo,panel_capture_needed,show_source_receipt_only,source_link_only_no_public_image,"External source; link for attribution, do not reproduce imagery without rights review.",110,2010s,2015,panel_crop,"ingredient/nutrition panel crop, including serving size and net-weight if visible",ingredient_or_nutrition_panel,poptarts_frosted_strawberry_evidence_6;poptarts_frosted_strawberry:poptarts_frosted_strawberry_evidence_6;https://www.foodrepo.org/en/products/47947,"source receipt, hashes, OCR status, candidate text after review; no private image path and no external image embed","Private capture/crop exists, image-map key is populated, OCR can run, and source receipt remains public-safe.","Capture a private ingredient/nutrition panel crop, run native OCR, and keep the public page link-only until rights are clear."
pilot_capture_be953f8f61736b,poptarts_frosted_strawberry,3,poptarts_frosted_strawberry,Pop-Tarts Frosted Strawberry,poptarts_frosted_strawberry_evidence_7,https://smartlabel.kelloggs.com/Product/Index/038000317316,smartlabel.kelloggs.com,Frosted Strawberry Pop-Tarts - SmartLabel,panel_capture_needed,show_source_receipt_only,source_link_only_no_public_image,"External source; link for attribution, do not reproduce imagery without rights review.",110,current_2020s,2026,panel_crop,"ingredient/nutrition panel crop, including serving size and net-weight if visible",ingredient_or_nutrition_panel,poptarts_frosted_strawberry_evidence_7;poptarts_frosted_strawberry:poptarts_frosted_strawberry_evidence_7;https://smartlabel.kelloggs.com/Product/Index/038000317316,"source receipt, hashes, OCR status, candidate text after review; no private image path and no external image embed","Private capture/crop exists, image-map key is populated, OCR can run, and source receipt remains public-safe.","Capture a private ingredient/nutrition panel crop, run native OCR, and keep the public page link-only until rights are clear."
pilot_capture_be953f8f61736b,poptarts_frosted_strawberry,4,poptarts_frosted_strawberry,Pop-Tarts Frosted Strawberry,poptarts_frosted_strawberry_evidence_8,https://www.poptarts.com/en_US/products/all-flavors/pop-tarts-frosted-strawberry-product.html,www.poptarts.com,Frosted Strawberry Pop-Tarts - Pop-Tarts,panel_capture_needed,show_source_receipt_only,source_link_only_no_public_image,"External source; link for attribution, do not reproduce imagery without rights review.",110,current_2020s,2026,panel_crop,"ingredient/nutrition panel crop, including serving size and net-weight if visible",ingredient_or_nutrition_panel,poptarts_frosted_strawberry_evidence_8;poptarts_frosted_strawberry:poptarts_frosted_strawberry_evidence_8;https://www.poptarts.com/en_US/products/all-flavors/pop-tarts-frosted-strawberry-product.html,"source receipt, hashes, OCR status, candidate text after review; no private image path and no external image embed","Private capture/crop exists, image-map key is populated, OCR can run, and source receipt remains public-safe.","Capture a private ingredient/nutrition panel crop, run native OCR, and keep the public page link-only until rights are clear."
pilot_capture_be953f8f61736b,poptarts_frosted_strawberry,5,poptarts_frosted_strawberry,Pop-Tarts Frosted Strawberry,poptarts_frosted_strawberry_evidence_9,https://www.walmart.com/ip/759722026,www.walmart.com,"Pop-Tarts Frosted Strawberry Toaster Pastries, 13.5 oz - Walmart",panel_capture_needed,show_source_receipt_only,source_link_only_no_public_image,"External source; link for attribution, do not reproduce imagery without rights review.",110,current_2020s,2026,panel_crop,"ingredient/nutrition panel crop, including serving size and net-weight if visible",ingredient_or_nutrition_panel,poptarts_frosted_strawberry_evidence_9;poptarts_frosted_strawberry:poptarts_frosted_strawberry_evidence_9;https://www.walmart.com/ip/759722026,"source receipt, hashes, OCR status, candidate text after review; no private image path and no external image embed","Private capture/crop exists, image-map key is populated, OCR can run, and source receipt remains public-safe.","Capture a private ingredient/nutrition panel crop, run native OCR, and keep the public page link-only until rights are clear."
pilot_capture_be953f8f61736b,poptarts_frosted_strawberry,6,poptarts_frosted_strawberry,Pop-Tarts Frosted Strawberry,poptarts_frosted_strawberry_evidence_0,https://www.flickr.com/photos/25692985%40N07/4198259897,www.flickr.com,1980 Kellogg's Frosted Pop-Tarts Box Milton the Toaster - Flickr,panel_capture_needed,show_source_receipt_only,source_link_only_no_public_image,"External source; link for attribution, do not reproduce imagery without rights review.",104,earliest_verified_label;1980s_or_earlier,1950;1985,panel_crop,"ingredient/nutrition panel crop, including serving size and net-weight if visible",ingredient_or_nutrition_panel,poptarts_frosted_strawberry_evidence_0;poptarts_frosted_strawberry:poptarts_frosted_strawberry_evidence_0;https://www.flickr.com/photos/25692985%40N07/4198259897,"source receipt, hashes, OCR status, candidate text after review; no private image path and no external image embed","Private capture/crop exists, image-map key is populated, OCR can run, and source receipt remains public-safe.","Capture a private ingredient/nutrition panel crop, run native OCR, and keep the public page link-only until rights are clear."
pilot_capture_be953f8f61736b,poptarts_frosted_strawberry,7,poptarts_frosted_strawberry,Pop-Tarts Frosted Strawberry,poptarts_frosted_strawberry_evidence_1,https://www.flickr.com/photos/jasonliebigstuff/3251907501,www.flickr.com,"Kellogg's Pop-Tarts Frosted Chocolate Fudge Box, 1974 - Flickr",panel_capture_needed,show_source_receipt_only,source_link_only_no_public_image,"External source; link for attribution, do not reproduce imagery without rights review.",104,earliest_verified_label;1980s_or_earlier,1950;1985,panel_crop,"ingredient/nutrition panel crop, including serving size and net-weight if visible",ingredient_or_nutrition_panel,poptarts_frosted_strawberry_evidence_1;poptarts_frosted_strawberry:poptarts_frosted_strawberry_evidence_1;https://www.flickr.com/photos/jasonliebigstuff/3251907501,"source receipt, hashes, OCR status, candidate text after review; no private image path and no external image embed","Private capture/crop exists, image-map key is populated, OCR can run, and source receipt remains public-safe.","Capture a private ingredient/nutrition panel crop, run native OCR, and keep the public page link-only until rights are clear."
pilot_capture_be953f8f61736b,poptarts_frosted_strawberry,8,poptarts_frosted_strawberry,Pop-Tarts Frosted Strawberry,poptarts_frosted_strawberry_evidence_2,https://www.flickr.com/photos/jasonliebigstuff/5204205477,www.flickr.com,"Kellogg's Pop-Tarts Frosted Strawberry Box, 2002 - Flickr",panel_capture_needed,show_source_receipt_only,source_link_only_no_public_image,"External source; link for attribution, do not reproduce imagery without rights review.",104,earliest_verified_label;2000s,1950;2005,panel_crop,"ingredient/nutrition panel crop, including serving size and net-weight if visible",ingredient_or_nutrition_panel,poptarts_frosted_strawberry_evidence_2;poptarts_frosted_strawberry:poptarts_frosted_strawberry_evidence_2;https://www.flickr.com/photos/jasonliebigstuff/5204205477,"source receipt, hashes, OCR status, candidate text after review; no private image path and no external image embed","Private capture/crop exists, image-map key is populated, OCR can run, and source receipt remains public-safe.","Capture a private ingredient/nutrition panel crop, run native OCR, and keep the public page link-only until rights are clear."
pilot_capture_be953f8f61736b,poptarts_frosted_strawberry,9,poptarts_frosted_strawberry,Pop-Tarts Frosted Strawberry,poptarts_frosted_strawberry_evidence_3,https://www.flickr.com/photos/neatocoolville/6315040319,www.flickr.com,"Spider-Man Pop-Tarts Box, 2002 - Flickr",panel_capture_needed,show_source_receipt_only,source_link_only_no_public_image,"External source; link for attribution, do not reproduce imagery without rights review.",104,earliest_verified_label;2000s,1950;2005,panel_crop,"ingredient/nutrition panel crop, including serving size and net-weight if visible",ingredient_or_nutrition_panel,poptarts_frosted_strawberry_evidence_3;poptarts_frosted_strawberry:poptarts_frosted_strawberry_evidence_3;https://www.flickr.com/photos/neatocoolville/6315040319,"source receipt, hashes, OCR status, candidate text after review; no private image path and no external image embed","Private capture/crop exists, image-map key is populated, OCR can run, and source receipt remains public-safe.","Capture a private ingredient/nutrition panel crop, run native OCR, and keep the public page link-only until rights are clear."
pilot_capture_be953f8f61736b,poptarts_frosted_strawberry,10,poptarts_frosted_strawberry,Pop-Tarts Frosted Strawberry,poptarts_frosted_strawberry_evidence_4,https://www.flickr.com/photos/jasonliebigstuff/4265469690,www.flickr.com,"Kellogg's Printed Fun Pop-Tarts Limited Edition College Football box, 2008 - Flickr",panel_capture_needed,show_source_receipt_only,source_link_only_no_public_image,"External source; link for attribution, do not reproduce imagery without rights review.",96,2000s,2005,panel_crop,"ingredient/nutrition panel crop, including serving size and net-weight if visible",ingredient_or_nutrition_panel,poptarts_frosted_strawberry_evidence_4;poptarts_frosted_strawberry:poptarts_frosted_strawberry_evidence_4;https://www.flickr.com/photos/jasonliebigstuff/4265469690,"source receipt, hashes, OCR status, candidate text after review; no private image path and no external image embed","Private capture/crop exists, image-map key is populated, OCR can run, and source receipt remains public-safe.","Capture a private ingredient/nutrition panel crop, run native OCR, and keep the public page link-only until rights are clear."
pilot_capture_be953f8f61736b,poptarts_frosted_strawberry,11,poptarts_frosted_strawberry,Pop-Tarts Frosted Strawberry,poptarts_frosted_strawberry_evidence_5,https://www.flickr.com/photos/jasonliebigstuff/3035962773,www.flickr.com,Kellogg's Pop-Tarts The Simpsons Wild Strawberry box - 2002 collector photo,panel_capture_needed,show_source_receipt_only,source_link_only_no_public_image,"External source; link for attribution, do not reproduce imagery without rights review.",96,2000s,2005,panel_crop,"ingredient/nutrition panel crop, including serving size and net-weight if visible",ingredient_or_nutrition_panel,poptarts_frosted_strawberry_evidence_5;poptarts_frosted_strawberry:poptarts_frosted_strawberry_evidence_5;https://www.flickr.com/photos/jasonliebigstuff/3035962773,"source receipt, hashes, OCR status, candidate text after review; no private image path and no external image embed","Private capture/crop exists, image-map key is populated, OCR can run, and source receipt remains public-safe.","Capture a private ingredient/nutrition panel crop, run native OCR, and keep the public page link-only until rights are clear."
pilot_capture_361c2525c714f6,kraft_macaroni_and_cheese_original,1,kraft_macaroni_and_cheese_original,Kraft Macaroni & Cheese Original,kraft_macaroni_and_cheese_original_evidence_10,https://giantfood.com/groceries/rice-pasta-beans/packaged-meals-sides/macaroni-cheese/macaroni-cheese-boxed/kraft-original-flavor-mac-cheese-dinner-725-oz-box.html,giantfood.com,"Kraft Original Flavor Mac & Cheese Dinner, 7.25 oz - Giant",panel_capture_needed,show_source_receipt_only,source_link_only_no_public_image,"External source; link for attribution, do not reproduce imagery without rights review.",110,current_2020s,2026,panel_crop,"ingredient/nutrition panel crop, including serving size and net-weight if visible",ingredient_or_nutrition_panel,kraft_macaroni_and_cheese_original_evidence_10;kraft_macaroni_and_cheese_original:kraft_macaroni_and_cheese_original_evidence_10;https://giantfood.com/groceries/rice-pasta-beans/packaged-meals-sides/macaroni-cheese/macaroni-cheese-boxed/kraft-original-flavor-mac-cheese-dinner-725-oz-box.html,"source receipt, hashes, OCR status, candidate text after review; no private image path and no external image embed","Private capture/crop exists, image-map key is populated, OCR can run, and source receipt remains public-safe.","Capture a private ingredient/nutrition panel crop, run native OCR, and keep the public page link-only until rights are clear."
pilot_capture_361c2525c714f6,kraft_macaroni_and_cheese_original,2,kraft_macaroni_and_cheese_original,Kraft Macaroni & Cheese Original,kraft_macaroni_and_cheese_original_evidence_11,https://www.super99.com/20113956-kraft-macaroni-and-cheese-original-156g,www.super99.com,Kraft Macaroni and Cheese Original 156g - Super 99,panel_capture_needed,show_source_receipt_only,source_link_only_no_public_image,"External source; link for attribution, do not reproduce imagery without rights review.",110,current_2020s,2026,panel_crop,"ingredient/nutrition panel crop, including serving size and net-weight if visible",ingredient_or_nutrition_panel,kraft_macaroni_and_cheese_original_evidence_11;kraft_macaroni_and_cheese_original:kraft_macaroni_and_cheese_original_evidence_11;https://www.super99.com/20113956-kraft-macaroni-and-cheese-original-156g,"source receipt, hashes, OCR status, candidate text after review; no private image path and no external image embed","Private capture/crop exists, image-map key is populated, OCR can run, and source receipt remains public-safe.","Capture a private ingredient/nutrition panel crop, run native OCR, and keep the public page link-only until rights are clear."
pilot_capture_361c2525c714f6,kraft_macaroni_and_cheese_original,3,kraft_macaroni_and_cheese_original,Kraft Macaroni & Cheese Original,kraft_macaroni_and_cheese_original_evidence_8,https://www.walmart.com/ip/1178903502,www.walmart.com,"Kraft Mac and Cheese, Original Flavor, 7.25 oz - Walmart",panel_capture_needed,show_source_receipt_only,source_link_only_no_public_image,"External source; link for attribution, do not reproduce imagery without rights review.",110,current_2020s,2026,panel_crop,"ingredient/nutrition panel crop, including serving size and net-weight if visible",ingredient_or_nutrition_panel,kraft_macaroni_and_cheese_original_evidence_8;kraft_macaroni_and_cheese_original:kraft_macaroni_and_cheese_original_evidence_8;https://www.walmart.com/ip/1178903502,"source receipt, hashes, OCR status, candidate text after review; no private image path and no external image embed","Private capture/crop exists, image-map key is populated, OCR can run, and source receipt remains public-safe.","Capture a private ingredient/nutrition panel crop, run native OCR, and keep the public page link-only until rights are clear."
pilot_capture_361c2525c714f6,kraft_macaroni_and_cheese_original,4,kraft_macaroni_and_cheese_original,Kraft Macaroni & Cheese Original,kraft_macaroni_and_cheese_original_evidence_9,https://www.walmart.com/ip/10295759,www.walmart.com,"Kraft Original Mac & Cheese Dinner, Family Size Value Pack, 14.5 oz Box - Walmart",panel_capture_needed,show_source_receipt_only,source_link_only_no_public_image,"External source; link for attribution, do not reproduce imagery without rights review.",110,current_2020s,2026,panel_crop,"ingredient/nutrition panel crop, including serving size and net-weight if visible",ingredient_or_nutrition_panel,kraft_macaroni_and_cheese_original_evidence_9;kraft_macaroni_and_cheese_original:kraft_macaroni_and_cheese_original_evidence_9;https://www.walmart.com/ip/10295759,"source receipt, hashes, OCR status, candidate text after review; no private image path and no external image embed","Private capture/crop exists, image-map key is populated, OCR can run, and source receipt remains public-safe.","Capture a private ingredient/nutrition panel crop, run native OCR, and keep the public page link-only until rights are clear."
pilot_capture_361c2525c714f6,kraft_macaroni_and_cheese_original,5,kraft_macaroni_and_cheese_original,Kraft Macaroni & Cheese Original,kraft_macaroni_and_cheese_original_evidence_0,https://www.flickr.com/photos/jasonliebigstuff/6175679516,www.flickr.com,"Kraft Dinner Macaroni-and-Cheese box, 1940s maybe 1950s - Flickr",panel_capture_needed,show_source_receipt_only,source_link_only_no_public_image,"External source; link for attribution, do not reproduce imagery without rights review.",104,earliest_verified_label;1980s_or_earlier,1950;1985,panel_crop,"ingredient/nutrition panel crop, including serving size and net-weight if visible",ingredient_or_nutrition_panel,kraft_macaroni_and_cheese_original_evidence_0;kraft_macaroni_and_cheese_original:kraft_macaroni_and_cheese_original_evidence_0;https://www.flickr.com/photos/jasonliebigstuff/6175679516,"source receipt, hashes, OCR status, candidate text after review; no private image path and no external image embed","Private capture/crop exists, image-map key is populated, OCR can run, and source receipt remains public-safe.","Capture a private ingredient/nutrition panel crop, run native OCR, and keep the public page link-only until rights are clear."
pilot_capture_361c2525c714f6,kraft_macaroni_and_cheese_original,6,kraft_macaroni_and_cheese_original,Kraft Macaroni & Cheese Original,kraft_macaroni_and_cheese_original_evidence_1,https://www.flickr.com/photos/25692985%40N07/8404786724,www.flickr.com,1998 Kraft Macaroni & Cheese Charlie Brown Christmas Peanuts box - Flickr,panel_capture_needed,show_source_receipt_only,source_link_only_no_public_image,"External source; link for attribution, do not reproduce imagery without rights review.",104,earliest_verified_label;1990s,1950;1995,panel_crop,"ingredient/nutrition panel crop, including serving size and net-weight if visible",ingredient_or_nutrition_panel,kraft_macaroni_and_cheese_original_evidence_1;kraft_macaroni_and_cheese_original:kraft_macaroni_and_cheese_original_evidence_1;https://www.flickr.com/photos/25692985%40N07/8404786724,"source receipt, hashes, OCR status, candidate text after review; no private image path and no external image embed","Private capture/crop exists, image-map key is populated, OCR can run, and source receipt remains public-safe.","Capture a private ingredient/nutrition panel crop, run native OCR, and keep the public page link-only until rights are clear."
pilot_capture_361c2525c714f6,kraft_macaroni_and_cheese_original,7,kraft_macaroni_and_cheese_original,Kraft Macaroni & Cheese Original,kraft_macaroni_and_cheese_original_evidence_2,https://www.ebay.com/itm/358501292533,www.ebay.com,Vintage Kraft Macaroni & Cheese Dinner The Cheesiest Original Flavor 7.25 oz - eBay,panel_capture_needed,show_source_receipt_only,source_link_only_no_public_image,"External source; link for attribution, do not reproduce imagery without rights review.",104,earliest_verified_label;1980s_or_earlier,1950;1985,panel_crop,"ingredient/nutrition panel crop, including serving size and net-weight if visible",ingredient_or_nutrition_panel,kraft_macaroni_and_cheese_original_evidence_2;kraft_macaroni_and_cheese_original:kraft_macaroni_and_cheese_original_evidence_2;https://www.ebay.com/itm/358501292533,"source receipt, hashes, OCR status, candidate text after review; no private image path and no external image embed","Private capture/crop exists, image-map key is populated, OCR can run, and source receipt remains public-safe.","Capture a private ingredient/nutrition panel crop, run native OCR, and keep the public page link-only until rights are clear."
pilot_capture_361c2525c714f6,kraft_macaroni_and_cheese_original,8,kraft_macaroni_and_cheese_original,Kraft Macaroni & Cheese Original,kraft_macaroni_and_cheese_original_evidence_3,https://www.flickr.com/photos/jasonliebigstuff/4052133216,www.flickr.com,"Kraft Spiral Macaroni & Cheese Dinner box, 1987 - Flickr",panel_capture_needed,show_source_receipt_only,source_link_only_no_public_image,"External source; link for attribution, do not reproduce imagery without rights review.",104,earliest_verified_label;1980s_or_earlier,1950;1985,panel_crop,"ingredient/nutrition panel crop, including serving size and net-weight if visible",ingredient_or_nutrition_panel,kraft_macaroni_and_cheese_original_evidence_3;kraft_macaroni_and_cheese_original:kraft_macaroni_and_cheese_original_evidence_3;https://www.flickr.com/photos/jasonliebigstuff/4052133216,"source receipt, hashes, OCR status, candidate text after review; no private image path and no external image embed","Private capture/crop exists, image-map key is populated, OCR can run, and source receipt remains public-safe.","Capture a private ingredient/nutrition panel crop, run native OCR, and keep the public page link-only until rights are clear."
pilot_capture_361c2525c714f6,kraft_macaroni_and_cheese_original,9,kraft_macaroni_and_cheese_original,Kraft Macaroni & Cheese Original,kraft_macaroni_and_cheese_original_evidence_4,https://www.flickr.com/photos/jasonliebigstuff/24398011379/,www.flickr.com,"Kraft Ghostbusters Macaroni & Cheese Dinner Box, 1989 - Flickr",panel_capture_needed,show_source_receipt_only,source_link_only_no_public_image,"External source; link for attribution, do not reproduce imagery without rights review.",104,1980s_or_earlier,1985,panel_crop,"ingredient/nutrition panel crop, including serving size and net-weight if visible",ingredient_or_nutrition_panel,kraft_macaroni_and_cheese_original_evidence_4;kraft_macaroni_and_cheese_original:kraft_macaroni_and_cheese_original_evidence_4;https://www.flickr.com/photos/jasonliebigstuff/24398011379/,"source receipt, hashes, OCR status, candidate text after review; no private image path and no external image embed","Private capture/crop exists, image-map key is populated, OCR can run, and source receipt remains public-safe.","Capture a private ingredient/nutrition panel crop, run native OCR, and keep the public page link-only until rights are clear."
pilot_capture_361c2525c714f6,kraft_macaroni_and_cheese_original,10,kraft_macaroni_and_cheese_original,Kraft Macaroni & Cheese Original,kraft_macaroni_and_cheese_original_evidence_5,https://americanhistory.si.edu/collections/object/nmah_1181820,americanhistory.si.edu,"Macaroni & Cheese box, Democratic National Convention, 1996 - National Museum of American History",panel_capture_needed,show_source_receipt_only,source_link_only_no_public_image,Usage Conditions Apply per Smithsonian record.,104,1990s,1995,panel_crop,"ingredient/nutrition panel crop, including serving size and net-weight if visible",ingredient_or_nutrition_panel,kraft_macaroni_and_cheese_original_evidence_5;kraft_macaroni_and_cheese_original:kraft_macaroni_and_cheese_original_evidence_5;https://americanhistory.si.edu/collections/object/nmah_1181820,"source receipt, hashes, OCR status, candidate text after review; no private image path and no external image embed","Private capture/crop exists, image-map key is populated, OCR can run, and source receipt remains public-safe.","Capture a private ingredient/nutrition panel crop, run native OCR, and keep the public page link-only until rights are clear."
pilot_capture_361c2525c714f6,kraft_macaroni_and_cheese_original,11,kraft_macaroni_and_cheese_original,Kraft Macaroni & Cheese Original,kraft_macaroni_and_cheese_original_evidence_6,https://americanhistory.si.edu/collections/object/nmah_1181156,americanhistory.si.edu,"Macaroni & Cheese box, Republican National Convention, 1996 - National Museum of American History",panel_capture_needed,show_source_receipt_only,source_link_only_no_public_image,Usage Conditions Apply per Smithsonian record.,104,1990s,1995,panel_crop,"ingredient/nutrition panel crop, including serving size and net-weight if visible",ingredient_or_nutrition_panel,kraft_macaroni_and_cheese_original_evidence_6;kraft_macaroni_and_cheese_original:kraft_macaroni_and_cheese_original_evidence_6;https://americanhistory.si.edu/collections/object/nmah_1181156,"source receipt, hashes, OCR status, candidate text after review; no private image path and no external image embed","Private capture/crop exists, image-map key is populated, OCR can run, and source receipt remains public-safe.","Capture a private ingredient/nutrition panel crop, run native OCR, and keep the public page link-only until rights are clear."
pilot_capture_361c2525c714f6,kraft_macaroni_and_cheese_original,12,kraft_macaroni_and_cheese_original,Kraft Macaroni & Cheese Original,kraft_macaroni_and_cheese_original_evidence_7,https://www.flickr.com/photos/jasonliebigstuff/7994363814/,www.flickr.com,"Kraft Macaroni & Cheese Angry Birds Space boxes, 2012 - Flickr",panel_capture_needed,show_source_receipt_only,source_link_only_no_public_image,"External source; link for attribution, do not reproduce imagery without rights review.",96,2010s,2015,panel_crop,"ingredient/nutrition panel crop, including serving size and net-weight if visible",ingredient_or_nutrition_panel,kraft_macaroni_and_cheese_original_evidence_7;kraft_macaroni_and_cheese_original:kraft_macaroni_and_cheese_original_evidence_7;https://www.flickr.com/photos/jasonliebigstuff/7994363814/,"source receipt, hashes, OCR status, candidate text after review; no private image path and no external image embed","Private capture/crop exists, image-map key is populated, OCR can run, and source receipt remains public-safe.","Capture a private ingredient/nutrition panel crop, run native OCR, and keep the public page link-only until rights are clear."
pilot_capture_1a231caae3ef64,mcdonalds_big_mac,1,mcdonalds_big_mac,McDonald's Big Mac,mcdonalds_big_mac_evidence_4,https://www.canceredinstitute.org/uploads/2/3/8/8/23883109/mcdonalds_ingredientslist.pdf,www.canceredinstitute.org,McDonald's USA Ingredients Listing for Popular Menu Items PDF mirror,panel_capture_needed,show_source_receipt_only,source_link_only_no_public_image,"External source; link for attribution, do not reproduce imagery without rights review.",110,2000s;2010s,2005;2015,panel_crop,"ingredient/nutrition panel crop, including serving size and net-weight if visible",ingredient_or_nutrition_panel,mcdonalds_big_mac_evidence_4;mcdonalds_big_mac:mcdonalds_big_mac_evidence_4;https://www.canceredinstitute.org/uploads/2/3/8/8/23883109/mcdonalds_ingredientslist.pdf,"source receipt, hashes, OCR status, candidate text after review; no private image path and no external image embed","Private capture/crop exists, image-map key is populated, OCR can run, and source receipt remains public-safe.","Capture a private ingredient/nutrition panel crop, run native OCR, and keep the public page link-only until rights are clear."
pilot_capture_1a231caae3ef64,mcdonalds_big_mac,2,mcdonalds_big_mac,McDonald's Big Mac,mcdonalds_big_mac_evidence_5,https://www.mcdonalds.com/us/es-us/product/big-mac.html,www.mcdonalds.com,Big Mac - McDonald's US Spanish product page,panel_capture_needed,show_source_receipt_only,source_link_only_no_public_image,"External source; link for attribution, do not reproduce imagery without rights review.",110,current_2020s,2026,panel_crop,"ingredient/nutrition panel crop, including serving size and net-weight if visible",ingredient_or_nutrition_panel,mcdonalds_big_mac_evidence_5;mcdonalds_big_mac:mcdonalds_big_mac_evidence_5;https://www.mcdonalds.com/us/es-us/product/big-mac.html,"source receipt, hashes, OCR status, candidate text after review; no private image path and no external image embed","Private capture/crop exists, image-map key is populated, OCR can run, and source receipt remains public-safe.","Capture a private ingredient/nutrition panel crop, run native OCR, and keep the public page link-only until rights are clear."
pilot_capture_1a231caae3ef64,mcdonalds_big_mac,3,mcdonalds_big_mac,McDonald's Big Mac,mcdonalds_big_mac_evidence_6,https://www.mcdonalds.com/us/en-us/product/big-mac.html,www.mcdonalds.com,McDonald's Big Mac product page with ingredient components,panel_capture_needed,show_source_receipt_only,source_link_only_no_public_image,"External source; link for attribution, do not reproduce imagery without rights review.",110,current_2020s,2026,panel_crop,"ingredient/nutrition panel crop, including serving size and net-weight if visible",ingredient_or_nutrition_panel,mcdonalds_big_mac_evidence_6;mcdonalds_big_mac:mcdonalds_big_mac_evidence_6;https://www.mcdonalds.com/us/en-us/product/big-mac.html,"source receipt, hashes, OCR status, candidate text after review; no private image path and no external image embed","Private capture/crop exists, image-map key is populated, OCR can run, and source receipt remains public-safe.","Capture a private ingredient/nutrition panel crop, run native OCR, and keep the public page link-only until rights are clear."
pilot_capture_1a231caae3ef64,mcdonalds_big_mac,4,mcdonalds_big_mac,McDonald's Big Mac,mcdonalds_big_mac_evidence_0,https://www.flickr.com/photos/jasonliebigstuff/4714969880,www.flickr.com,McDonald's 1974 Big Mac box folded-up shots - Flickr,panel_capture_needed,show_source_receipt_only,source_link_only_no_public_image,"External source; link for attribution, do not reproduce imagery without rights review.",104,earliest_verified_label;1980s_or_earlier,1950;1985,panel_crop,"ingredient/nutrition panel crop, including serving size and net-weight if visible",ingredient_or_nutrition_panel,mcdonalds_big_mac_evidence_0;mcdonalds_big_mac:mcdonalds_big_mac_evidence_0;https://www.flickr.com/photos/jasonliebigstuff/4714969880,"source receipt, hashes, OCR status, candidate text after review; no private image path and no external image embed","Private capture/crop exists, image-map key is populated, OCR can run, and source receipt remains public-safe.","Capture a private ingredient/nutrition panel crop, run native OCR, and keep the public page link-only until rights are clear."
pilot_capture_1a231caae3ef64,mcdonalds_big_mac,5,mcdonalds_big_mac,McDonald's Big Mac,mcdonalds_big_mac_evidence_2,https://www.flickr.com/photos/bolio88/5482432651,www.flickr.com,1975 McDonald's Big Mac styrofoam container - Flickr,panel_capture_needed,show_source_receipt_only,source_link_only_no_public_image,"External source; link for attribution, do not reproduce imagery without rights review.",104,earliest_verified_label;1980s_or_earlier,1950;1985,panel_crop,"ingredient/nutrition panel crop, including serving size and net-weight if visible",ingredient_or_nutrition_panel,mcdonalds_big_mac_evidence_2;mcdonalds_big_mac:mcdonalds_big_mac_evidence_2;https://www.flickr.com/photos/bolio88/5482432651,"source receipt, hashes, OCR status, candidate text after review; no private image path and no external image embed","Private capture/crop exists, image-map key is populated, OCR can run, and source receipt remains public-safe.","Capture a private ingredient/nutrition panel crop, run native OCR, and keep the public page link-only until rights are clear."
pilot_capture_1a231caae3ef64,mcdonalds_big_mac,6,mcdonalds_big_mac,McDonald's Big Mac,mcdonalds_big_mac_evidence_3,https://www.flickr.com/photos/jasonliebigstuff/16377543110,www.flickr.com,"McDonald's Big Mac styrofoam restaurant packaging, circa 1990s - Flickr",panel_capture_needed,show_source_receipt_only,source_link_only_no_public_image,"External source; link for attribution, do not reproduce imagery without rights review.",104,1990s,1995,panel_crop,"ingredient/nutrition panel crop, including serving size and net-weight if visible",ingredient_or_nutrition_panel,mcdonalds_big_mac_evidence_3;mcdonalds_big_mac:mcdonalds_big_mac_evidence_3;https://www.flickr.com/photos/jasonliebigstuff/16377543110,"source receipt, hashes, OCR status, candidate text after review; no private image path and no external image embed","Private capture/crop exists, image-map key is populated, OCR can run, and source receipt remains public-safe.","Capture a private ingredient/nutrition panel crop, run native OCR, and keep the public page link-only until rights are clear."
pilot_capture_6555b060f898a1,mcdonalds_big_mac,1,mcdonalds_big_mac,McDonald's Big Mac,mcdonalds_big_mac_evidence_1,https://grist.org/wp-content/uploads/2010/07/nutritionfacts.pdf,grist.org,McDonald's USA Nutrition Facts for Popular Menu Items PDF mirror,source_page_capture_needed,show_source_receipt_only,source_link_only_no_public_image,"External source; link for attribution, do not reproduce imagery without rights review.",68,earliest_verified_label;2000s;2010s,1950;2005;2015,source_page_screenshot,ingredient statement panel crop with enough surrounding package context for SKU/date review,ingredient_panel,mcdonalds_big_mac_evidence_1;mcdonalds_big_mac:mcdonalds_big_mac_evidence_1;https://grist.org/wp-content/uploads/2010/07/nutritionfacts.pdf,"source receipt, hashes, OCR status, candidate text after review; no private image path and no external image embed","Private capture/crop exists, image-map key is populated, OCR can run, and source receipt remains public-safe.","Open the source page, classify the visible product/photo role, and decide whether a panel crop exists."
pilot_capture_df6e6e895b5e78,mcdonalds_chicken_mcnuggets,1,mcdonalds_chicken_mcnuggets,McDonald's Chicken McNuggets,mcdonalds_chicken_mcnuggets_evidence_4,https://s3.amazonaws.com/saveoneverything_assets/pdfs/1376490717-mcdonalds-ingredientslist.pdf,s3.amazonaws.com,McDonald's USA Ingredients Listing for Popular Menu Items - archived PDF mirror,panel_capture_needed,show_source_receipt_only,source_link_only_no_public_image,"External source; link for attribution, do not reproduce imagery without rights review.",110,2000s;2010s,2005;2015,panel_crop,"ingredient/nutrition panel crop, including serving size and net-weight if visible",ingredient_or_nutrition_panel,mcdonalds_chicken_mcnuggets_evidence_4;mcdonalds_chicken_mcnuggets:mcdonalds_chicken_mcnuggets_evidence_4;https://s3.amazonaws.com/saveoneverything_assets/pdfs/1376490717-mcdonalds-ingredientslist.pdf,"source receipt, hashes, OCR status, candidate text after review; no private image path and no external image embed","Private capture/crop exists, image-map key is populated, OCR can run, and source receipt remains public-safe.","Capture a private ingredient/nutrition panel crop, run native OCR, and keep the public page link-only until rights are clear."
pilot_capture_df6e6e895b5e78,mcdonalds_chicken_mcnuggets,2,mcdonalds_chicken_mcnuggets,McDonald's Chicken McNuggets,mcdonalds_chicken_mcnuggets_evidence_5,https://www.canceredinstitute.org/uploads/2/3/8/8/23883109/mcdonalds_ingredientslist.pdf,www.canceredinstitute.org,McDonald's USA Ingredients Listing for Popular Menu Items PDF mirror - McNuggets,panel_capture_needed,show_source_receipt_only,source_link_only_no_public_image,"External source; link for attribution, do not reproduce imagery without rights review.",110,2000s;2010s,2005;2015,panel_crop,"ingredient/nutrition panel crop, including serving size and net-weight if visible",ingredient_or_nutrition_panel,mcdonalds_chicken_mcnuggets_evidence_5;mcdonalds_chicken_mcnuggets:mcdonalds_chicken_mcnuggets_evidence_5;https://www.canceredinstitute.org/uploads/2/3/8/8/23883109/mcdonalds_ingredientslist.pdf,"source receipt, hashes, OCR status, candidate text after review; no private image path and no external image embed","Private capture/crop exists, image-map key is populated, OCR can run, and source receipt remains public-safe.","Capture a private ingredient/nutrition panel crop, run native OCR, and keep the public page link-only until rights are clear."
pilot_capture_df6e6e895b5e78,mcdonalds_chicken_mcnuggets,3,mcdonalds_chicken_mcnuggets,McDonald's Chicken McNuggets,mcdonalds_chicken_mcnuggets_evidence_6,https://krissyowens.com/wp-content/uploads/2017/09/McDonalds-Allergen-Guide.pdf,krissyowens.com,McDonald's Allergen Guide PDF mirror,panel_capture_needed,show_source_receipt_only,source_link_only_no_public_image,"External source; link for attribution, do not reproduce imagery without rights review.",110,2010s,2015,panel_crop,"ingredient/nutrition panel crop, including serving size and net-weight if visible",ingredient_or_nutrition_panel,mcdonalds_chicken_mcnuggets_evidence_6;mcdonalds_chicken_mcnuggets:mcdonalds_chicken_mcnuggets_evidence_6;https://krissyowens.com/wp-content/uploads/2017/09/McDonalds-Allergen-Guide.pdf,"source receipt, hashes, OCR status, candidate text after review; no private image path and no external image embed","Private capture/crop exists, image-map key is populated, OCR can run, and source receipt remains public-safe.","Capture a private ingredient/nutrition panel crop, run native OCR, and keep the public page link-only until rights are clear."
pilot_capture_df6e6e895b5e78,mcdonalds_chicken_mcnuggets,4,mcdonalds_chicken_mcnuggets,McDonald's Chicken McNuggets,mcdonalds_chicken_mcnuggets_evidence_7,https://www.mcdonalds.com/us/en-us/product/chicken-mcnuggets-4-piece.html,www.mcdonalds.com,4 Piece Chicken McNuggets with All White Meat Chicken - McDonald's,panel_capture_needed,show_source_receipt_only,source_link_only_no_public_image,"External source; link for attribution, do not reproduce imagery without rights review.",110,current_2020s,2026,panel_crop,"ingredient/nutrition panel crop, including serving size and net-weight if visible",ingredient_or_nutrition_panel,mcdonalds_chicken_mcnuggets_evidence_7;mcdonalds_chicken_mcnuggets:mcdonalds_chicken_mcnuggets_evidence_7;https://www.mcdonalds.com/us/en-us/product/chicken-mcnuggets-4-piece.html,"source receipt, hashes, OCR status, candidate text after review; no private image path and no external image embed","Private capture/crop exists, image-map key is populated, OCR can run, and source receipt remains public-safe.","Capture a private ingredient/nutrition panel crop, run native OCR, and keep the public page link-only until rights are clear."
pilot_capture_df6e6e895b5e78,mcdonalds_chicken_mcnuggets,5,mcdonalds_chicken_mcnuggets,McDonald's Chicken McNuggets,mcdonalds_chicken_mcnuggets_evidence_8,https://www.mcdonalds.com/us/en-us/product/chicken-mcnuggets-50-piece.html,www.mcdonalds.com,McDonald's Chicken McNuggets 50 Piece official product page,panel_capture_needed,show_source_receipt_only,source_link_only_no_public_image,"External source; link for attribution, do not reproduce imagery without rights review.",110,current_2020s,2026,panel_crop,"ingredient/nutrition panel crop, including serving size and net-weight if visible",ingredient_or_nutrition_panel,mcdonalds_chicken_mcnuggets_evidence_8;mcdonalds_chicken_mcnuggets:mcdonalds_chicken_mcnuggets_evidence_8;https://www.mcdonalds.com/us/en-us/product/chicken-mcnuggets-50-piece.html,"source receipt, hashes, OCR status, candidate text after review; no private image path and no external image embed","Private capture/crop exists, image-map key is populated, OCR can run, and source receipt remains public-safe.","Capture a private ingredient/nutrition panel crop, run native OCR, and keep the public page link-only until rights are clear."
pilot_capture_df6e6e895b5e78,mcdonalds_chicken_mcnuggets,6,mcdonalds_chicken_mcnuggets,McDonald's Chicken McNuggets,mcdonalds_chicken_mcnuggets_evidence_0,https://www.flickr.com/photos/jasonliebigstuff/6781604892/,www.flickr.com,McDonald's Chicken McNuggets 20-piece box - 1983-1985 collector photo,panel_capture_needed,show_source_receipt_only,source_link_only_no_public_image,"External source; link for attribution, do not reproduce imagery without rights review.",104,earliest_verified_label;1980s_or_earlier,1950;1985,panel_crop,"ingredient/nutrition panel crop, including serving size and net-weight if visible",ingredient_or_nutrition_panel,mcdonalds_chicken_mcnuggets_evidence_0;mcdonalds_chicken_mcnuggets:mcdonalds_chicken_mcnuggets_evidence_0;https://www.flickr.com/photos/jasonliebigstuff/6781604892/,"source receipt, hashes, OCR status, candidate text after review; no private image path and no external image embed","Private capture/crop exists, image-map key is populated, OCR can run, and source receipt remains public-safe.","Capture a private ingredient/nutrition panel crop, run native OCR, and keep the public page link-only until rights are clear."
pilot_capture_df6e6e895b5e78,mcdonalds_chicken_mcnuggets,7,mcdonalds_chicken_mcnuggets,McDonald's Chicken McNuggets,mcdonalds_chicken_mcnuggets_evidence_1,https://www.flickr.com/photos/jasonliebigstuff/6927723645,www.flickr.com,"McDonald's Chicken McNuggets 9-piece box, later 1980s - Flickr",panel_capture_needed,show_source_receipt_only,source_link_only_no_public_image,All rights reserved per Flickr search result.,104,earliest_verified_label;1980s_or_earlier,1950;1985,panel_crop,"ingredient/nutrition panel crop, including serving size and net-weight if visible",ingredient_or_nutrition_panel,mcdonalds_chicken_mcnuggets_evidence_1;mcdonalds_chicken_mcnuggets:mcdonalds_chicken_mcnuggets_evidence_1;https://www.flickr.com/photos/jasonliebigstuff/6927723645,"source receipt, hashes, OCR status, candidate text after review; no private image path and no external image embed","Private capture/crop exists, image-map key is populated, OCR can run, and source receipt remains public-safe.","Capture a private ingredient/nutrition panel crop, run native OCR, and keep the public page link-only until rights are clear."
pilot_capture_df6e6e895b5e78,mcdonalds_chicken_mcnuggets,8,mcdonalds_chicken_mcnuggets,McDonald's Chicken McNuggets,mcdonalds_chicken_mcnuggets_evidence_3,https://www.flickr.com/photos/jasonliebigstuff/15944791963,www.flickr.com,McDonald's Chicken McNuggets styrofoam packaging - circa 1980s collector photo,panel_capture_needed,show_source_receipt_only,source_link_only_no_public_image,"External source; link for attribution, do not reproduce imagery without rights review.",104,1980s_or_earlier,1985,panel_crop,"ingredient/nutrition panel crop, including serving size and net-weight if visible",ingredient_or_nutrition_panel,mcdonalds_chicken_mcnuggets_evidence_3;mcdonalds_chicken_mcnuggets:mcdonalds_chicken_mcnuggets_evidence_3;https://www.flickr.com/photos/jasonliebigstuff/15944791963,"source receipt, hashes, OCR status, candidate text after review; no private image path and no external image embed","Private capture/crop exists, image-map key is populated, OCR can run, and source receipt remains public-safe.","Capture a private ingredient/nutrition panel crop, run native OCR, and keep the public page link-only until rights are clear."
pilot_capture_145e3fa3ff33ed,mcdonalds_chicken_mcnuggets,1,mcdonalds_chicken_mcnuggets,McDonald's Chicken McNuggets,mcdonalds_chicken_mcnuggets_evidence_2,https://grist.org/wp-content/uploads/2010/07/nutritionfacts.pdf,grist.org,McDonald's USA Nutrition Facts for Popular Menu Items PDF mirror - McNuggets rows,source_page_capture_needed,show_source_receipt_only,source_link_only_no_public_image,"External source; link for attribution, do not reproduce imagery without rights review.",68,earliest_verified_label;2000s;2010s,1950;2005;2015,source_page_screenshot,ingredient statement panel crop with enough surrounding package context for SKU/date review,ingredient_panel,mcdonalds_chicken_mcnuggets_evidence_2;mcdonalds_chicken_mcnuggets:mcdonalds_chicken_mcnuggets_evidence_2;https://grist.org/wp-content/uploads/2010/07/nutritionfacts.pdf,"source receipt, hashes, OCR status, candidate text after review; no private image path and no external image embed","Private capture/crop exists, image-map key is populated, OCR can run, and source receipt remains public-safe.","Open the source page, classify the visible product/photo role, and decide whether a panel crop exists."
