run_id,task_id,task_rank,task_priority_score,audit_status,evidence_id,product_id,product_name,vintage_label,source_domain,source_url,source_title,source_type,ocr_gap_category,ocr_priority,capture_strategy,crop_target,ocr_expected_surface,image_map_keys,key_count,private_template_fields_to_fill,rights_review_status,publication_image_policy,recommended_next_action,done_when,candidate_only,manual_verified
pilot-photo-capture-dry-run,capture_f546b418854320,1,155,no_private_path_supplied,campbells_tomato_soup_evidence_0,campbells_tomato_soup,Campbell's Condensed Tomato Soup,earliest_verified_label,www.flickr.com,https://www.flickr.com/photos/pennstate_harrisburg_archives/29079862112/in/album-72157719415160219/,"Campbell's Tomato Soup, 1947 (Canning) - Penn State Harrisburg Flickr album",panel_crop,panel_capture_needed,high,panel_crop,"ingredient/nutrition panel crop, including serving size and net-weight if visible",ingredient_or_nutrition_panel,campbells_tomato_soup_evidence_0;campbells_tomato_soup:campbells_tomato_soup_evidence_0;https://www.flickr.com/photos/pennstate_harrisburg_archives/29079862112/in/album-72157719415160219/,3,local_private_image_path or processed_private_image_path,"External source; link for attribution, do not reproduce imagery without rights review.",source_link_only_no_public_image,"Open source, capture a private panel crop, then fill the private template path.","A private crop path exists, audit_status becomes ready_for_capture, then native OCR can run.",1,0
pilot-photo-capture-dry-run,capture_659f3e6deda8ee,2,155,no_private_path_supplied,campbells_tomato_soup_evidence_1,campbells_tomato_soup,Campbell's Condensed Tomato Soup,earliest_verified_label;1980s_or_earlier,commons.wikimedia.org,https://commons.wikimedia.org/wiki/File%3ACampbell%27s_Condensed_Tomato_Soup%2C_1905.jpg,Wikimedia Commons Campbell's Condensed Tomato Soup 1905 file page,panel_crop,panel_capture_needed,high,panel_crop,"ingredient/nutrition panel crop, including serving size and net-weight if visible",ingredient_or_nutrition_panel,campbells_tomato_soup_evidence_1;campbells_tomato_soup:campbells_tomato_soup_evidence_1;https://commons.wikimedia.org/wiki/File%3ACampbell%27s_Condensed_Tomato_Soup%2C_1905.jpg,3,local_private_image_path or processed_private_image_path,"External source; link for attribution, do not reproduce imagery without rights review.",source_link_only_no_public_image,"Open source, capture a private panel crop, then fill the private template path.","A private crop path exists, audit_status becomes ready_for_capture, then native OCR can run.",1,0
pilot-photo-capture-dry-run,capture_c26057fc23c742,3,155,no_private_path_supplied,campbells_tomato_soup_evidence_10,campbells_tomato_soup,Campbell's Condensed Tomato Soup,current_2020s,www.campbellsfoodservice.com,https://www.campbellsfoodservice.com/product/tomato-soup-2/?product-pdf=_,Campbell's Condensed Tomato Soup 23.2 oz family size product PDF,panel_crop,panel_capture_needed,high,panel_crop,"ingredient/nutrition panel crop, including serving size and net-weight if visible",ingredient_or_nutrition_panel,campbells_tomato_soup_evidence_10;campbells_tomato_soup:campbells_tomato_soup_evidence_10;https://www.campbellsfoodservice.com/product/tomato-soup-2/?product-pdf=_,3,local_private_image_path or processed_private_image_path,"External source; link for attribution, do not reproduce imagery without rights review.",source_link_only_no_public_image,"Open source, capture a private panel crop, then fill the private template path.","A private crop path exists, audit_status becomes ready_for_capture, then native OCR can run.",1,0
pilot-photo-capture-dry-run,capture_b548c4fc76c641,4,155,no_private_path_supplied,campbells_tomato_soup_evidence_2,campbells_tomato_soup,Campbell's Condensed Tomato Soup,earliest_verified_label,www.flickr.com,https://www.flickr.com/photos/library_of_congress/50251904946,Campbell's tomato soup poster - Library of Congress Flickr,panel_crop,panel_capture_needed,high,panel_crop,"ingredient/nutrition panel crop, including serving size and net-weight if visible",ingredient_or_nutrition_panel,campbells_tomato_soup_evidence_2;campbells_tomato_soup:campbells_tomato_soup_evidence_2;https://www.flickr.com/photos/library_of_congress/50251904946,3,local_private_image_path or processed_private_image_path,"External source; link for attribution, do not reproduce imagery without rights review.",source_link_only_no_public_image,"Open source, capture a private panel crop, then fill the private template path.","A private crop path exists, audit_status becomes ready_for_capture, then native OCR can run.",1,0
pilot-photo-capture-dry-run,capture_ecbd812e5839ac,5,155,no_private_path_supplied,campbells_tomato_soup_evidence_3,campbells_tomato_soup,Campbell's Condensed Tomato Soup,earliest_verified_label;1980s_or_earlier,www.loc.gov,https://www.loc.gov/pictures/item/2020736882/,Campbell's soup cans - Library of Congress,panel_crop,panel_capture_needed,high,panel_crop,"ingredient/nutrition panel crop, including serving size and net-weight if visible",ingredient_or_nutrition_panel,campbells_tomato_soup_evidence_3;campbells_tomato_soup:campbells_tomato_soup_evidence_3;https://www.loc.gov/pictures/item/2020736882/,3,local_private_image_path or processed_private_image_path,"External source; link for attribution, do not reproduce imagery without rights review.",source_link_only_no_public_image,"Open source, capture a private panel crop, then fill the private template path.","A private crop path exists, audit_status becomes ready_for_capture, then native OCR can run.",1,0
pilot-photo-capture-dry-run,capture_06a30c4b924c21,6,155,no_private_path_supplied,campbells_tomato_soup_evidence_5,campbells_tomato_soup,Campbell's Condensed Tomato Soup,1980s_or_earlier,www.ingredientinspector.org,https://www.ingredientinspector.org/home/campbells-tomato-soup-ingredients,Ingredient Inspector Campbell's Tomato Soup ingredients article,panel_crop,panel_capture_needed,high,panel_crop,"ingredient/nutrition panel crop, including serving size and net-weight if visible",ingredient_or_nutrition_panel,campbells_tomato_soup_evidence_5;campbells_tomato_soup:campbells_tomato_soup_evidence_5;https://www.ingredientinspector.org/home/campbells-tomato-soup-ingredients,3,local_private_image_path or processed_private_image_path,"External source; link for attribution, do not reproduce imagery without rights review.",source_link_only_no_public_image,"Open source, capture a private panel crop, then fill the private template path.","A private crop path exists, audit_status becomes ready_for_capture, then native OCR can run.",1,0
pilot-photo-capture-dry-run,capture_5d08e290e3430e,7,155,no_private_path_supplied,campbells_tomato_soup_evidence_7,campbells_tomato_soup,Campbell's Condensed Tomato Soup,current_2020s,www.campbells.com,https://www.campbells.com/products/condensed/tomato-soup/,Campbell's Condensed Tomato Soup 10.75 oz current product page,panel_crop,panel_capture_needed,high,panel_crop,"ingredient/nutrition panel crop, including serving size and net-weight if visible",ingredient_or_nutrition_panel,campbells_tomato_soup_evidence_7;campbells_tomato_soup:campbells_tomato_soup_evidence_7;https://www.campbells.com/products/condensed/tomato-soup/,3,local_private_image_path or processed_private_image_path,"External source; link for attribution, do not reproduce imagery without rights review.",source_link_only_no_public_image,"Open source, capture a private panel crop, then fill the private template path.","A private crop path exists, audit_status becomes ready_for_capture, then native OCR can run.",1,0
pilot-photo-capture-dry-run,capture_131641428adb5b,8,155,no_private_path_supplied,campbells_tomato_soup_evidence_8,campbells_tomato_soup,Campbell's Condensed Tomato Soup,current_2020s,www.campbells.com,https://www.campbells.com/products/condensed/family-size-tomato-soup/,Campbell's Tomato Soup current product page,panel_crop,panel_capture_needed,high,panel_crop,"ingredient/nutrition panel crop, including serving size and net-weight if visible",ingredient_or_nutrition_panel,campbells_tomato_soup_evidence_8;campbells_tomato_soup:campbells_tomato_soup_evidence_8;https://www.campbells.com/products/condensed/family-size-tomato-soup/,3,local_private_image_path or processed_private_image_path,"External source; link for attribution, do not reproduce imagery without rights review.",source_link_only_no_public_image,"Open source, capture a private panel crop, then fill the private template path.","A private crop path exists, audit_status becomes ready_for_capture, then native OCR can run.",1,0
pilot-photo-capture-dry-run,capture_42a39d6280beb9,9,155,no_private_path_supplied,campbells_tomato_soup_evidence_9,campbells_tomato_soup,Campbell's Condensed Tomato Soup,current_2020s,www.campbells.com,https://www.campbells.com/tomato-soup/,Tomato Soup - The Campbell's Company,panel_crop,panel_capture_needed,high,panel_crop,"ingredient/nutrition panel crop, including serving size and net-weight if visible",ingredient_or_nutrition_panel,campbells_tomato_soup_evidence_9;campbells_tomato_soup:campbells_tomato_soup_evidence_9;https://www.campbells.com/tomato-soup/,3,local_private_image_path or processed_private_image_path,"External source; link for attribution, do not reproduce imagery without rights review.",source_link_only_no_public_image,"Open source, capture a private panel crop, then fill the private template path.","A private crop path exists, audit_status becomes ready_for_capture, then native OCR can run.",1,0
pilot-photo-capture-dry-run,capture_16289763884b27,10,155,no_private_path_supplied,cheerios_original_evidence_0,cheerios_original,Cheerios Original,earliest_verified_label;1980s_or_earlier,www.flickr.com,https://www.flickr.com/photos/25692985%40N07/5938738892,1984 General Mills Cheerios Cereal Boxes - Flickr,panel_crop,panel_capture_needed,high,panel_crop,"ingredient/nutrition panel crop, including serving size and net-weight if visible",ingredient_or_nutrition_panel,cheerios_original_evidence_0;cheerios_original:cheerios_original_evidence_0;https://www.flickr.com/photos/25692985%40N07/5938738892,3,local_private_image_path or processed_private_image_path,"External source; link for attribution, do not reproduce imagery without rights review.",source_link_only_no_public_image,"Open source, capture a private panel crop, then fill the private template path.","A private crop path exists, audit_status becomes ready_for_capture, then native OCR can run.",1,0
pilot-photo-capture-dry-run,capture_ae39b32695a414,11,155,no_private_path_supplied,cheerios_original_evidence_1,cheerios_original,Cheerios Original,earliest_verified_label;1980s_or_earlier,www.flickr.com,https://www.flickr.com/photos/25692985%40N07/3523833856,1985 General Mills Cheerios Cereal Box Back - Flickr,panel_crop,panel_capture_needed,high,panel_crop,"ingredient/nutrition panel crop, including serving size and net-weight if visible",ingredient_or_nutrition_panel,cheerios_original_evidence_1;cheerios_original:cheerios_original_evidence_1;https://www.flickr.com/photos/25692985%40N07/3523833856,3,local_private_image_path or processed_private_image_path,All rights reserved,source_link_only_no_public_image,"Open source, capture a private panel crop, then fill the private template path.","A private crop path exists, audit_status becomes ready_for_capture, then native OCR can run.",1,0
pilot-photo-capture-dry-run,capture_dcd172f10fe3d2,12,155,no_private_path_supplied,cheerios_original_evidence_2,cheerios_original,Cheerios Original,earliest_verified_label;1980s_or_earlier,www.flickr.com,https://www.flickr.com/photos/25692985%40N07/3523028765/,1985 General Mills Cheerios Cereal Box Front - Flickr,panel_crop,panel_capture_needed,high,panel_crop,"ingredient/nutrition panel crop, including serving size and net-weight if visible",ingredient_or_nutrition_panel,cheerios_original_evidence_2;cheerios_original:cheerios_original_evidence_2;https://www.flickr.com/photos/25692985%40N07/3523028765/,3,local_private_image_path or processed_private_image_path,All rights reserved,source_link_only_no_public_image,"Open source, capture a private panel crop, then fill the private template path.","A private crop path exists, audit_status becomes ready_for_capture, then native OCR can run.",1,0
pilot-photo-capture-dry-run,capture_a59c58c67fd931,13,155,no_private_path_supplied,cheerios_original_evidence_3,cheerios_original,Cheerios Original,earliest_verified_label,www.flickr.com,https://www.flickr.com/photos/jasonliebigstuff/4350285509,"General Mills Cheerios cereal box Star Trek the Motion Picture, 1979 - Flickr",panel_crop,panel_capture_needed,high,panel_crop,"ingredient/nutrition panel crop, including serving size and net-weight if visible",ingredient_or_nutrition_panel,cheerios_original_evidence_3;cheerios_original:cheerios_original_evidence_3;https://www.flickr.com/photos/jasonliebigstuff/4350285509,3,local_private_image_path or processed_private_image_path,"External source; link for attribution, do not reproduce imagery without rights review.",source_link_only_no_public_image,"Open source, capture a private panel crop, then fill the private template path.","A private crop path exists, audit_status becomes ready_for_capture, then native OCR can run.",1,0
pilot-photo-capture-dry-run,capture_c910180077f703,14,155,no_private_path_supplied,cheerios_original_evidence_4,cheerios_original,Cheerios Original,1980s_or_earlier,www.flickr.com,https://www.flickr.com/photos/jasonliebigstuff/533392194,"Cheerios Box Around the World in 80 Days, FrontSide, 1973 - Flickr",panel_crop,panel_capture_needed,high,panel_crop,"ingredient/nutrition panel crop, including serving size and net-weight if visible",ingredient_or_nutrition_panel,cheerios_original_evidence_4;cheerios_original:cheerios_original_evidence_4;https://www.flickr.com/photos/jasonliebigstuff/533392194,3,local_private_image_path or processed_private_image_path,"External source; link for attribution, do not reproduce imagery without rights review.",source_link_only_no_public_image,"Open source, capture a private panel crop, then fill the private template path.","A private crop path exists, audit_status becomes ready_for_capture, then native OCR can run.",1,0
pilot-photo-capture-dry-run,capture_df19c28731895c,15,155,no_private_path_supplied,cheerios_original_evidence_5,cheerios_original,Cheerios Original,1990s,theimaginaryworld.com,https://theimaginaryworld.com/cbarch.html,Cereal Box Backs Archive - The Imaginary World,panel_crop,panel_capture_needed,high,panel_crop,"ingredient/nutrition panel crop, including serving size and net-weight if visible",ingredient_or_nutrition_panel,cheerios_original_evidence_5;cheerios_original:cheerios_original_evidence_5;https://theimaginaryworld.com/cbarch.html,3,local_private_image_path or processed_private_image_path,"External source; link for attribution, do not reproduce imagery without rights review.",source_link_only_no_public_image,"Open source, capture a private panel crop, then fill the private template path.","A private crop path exists, audit_status becomes ready_for_capture, then native OCR can run.",1,0
pilot-photo-capture-dry-run,capture_73f77d974db8de,16,155,no_private_path_supplied,cheerios_original_evidence_6,cheerios_original,Cheerios Original,1990s,www.flickr.com,https://www.flickr.com/photos/jasonliebigstuff/albums/72157613304350260/,Jason Liebig McDonald's and fast-food album with Cheerios promotional box photos,panel_crop,panel_capture_needed,high,panel_crop,"ingredient/nutrition panel crop, including serving size and net-weight if visible",ingredient_or_nutrition_panel,cheerios_original_evidence_6;cheerios_original:cheerios_original_evidence_6;https://www.flickr.com/photos/jasonliebigstuff/albums/72157613304350260/,3,local_private_image_path or processed_private_image_path,"External source; link for attribution, do not reproduce imagery without rights review.",source_link_only_no_public_image,"Open source, capture a private panel crop, then fill the private template path.","A private crop path exists, audit_status becomes ready_for_capture, then native OCR can run.",1,0
pilot-photo-capture-dry-run,capture_4d7b389e0405a8,17,155,no_private_path_supplied,cheerios_original_evidence_8,cheerios_original,Cheerios Original,current_2020s,www.cheerios.com,https://www.cheerios.com/products/original-cheerios,Original Cheerios - Cheerios,panel_crop,panel_capture_needed,high,panel_crop,"ingredient/nutrition panel crop, including serving size and net-weight if visible",ingredient_or_nutrition_panel,cheerios_original_evidence_8;cheerios_original:cheerios_original_evidence_8;https://www.cheerios.com/products/original-cheerios,3,local_private_image_path or processed_private_image_path,"External source; link for attribution, do not reproduce imagery without rights review.",source_link_only_no_public_image,"Open source, capture a private panel crop, then fill the private template path.","A private crop path exists, audit_status becomes ready_for_capture, then native OCR can run.",1,0
pilot-photo-capture-dry-run,capture_6201aecc36f319,18,155,no_private_path_supplied,coca_cola_classic_evidence_0,coca_cola_classic,Coca-Cola Classic,earliest_verified_label;1980s_or_earlier,commons.wikimedia.org,https://commons.wikimedia.org/wiki/File%3AOld_coca_cola_cans_1952.jpg,Old Coca-Cola cans 1952 - Wikimedia Commons,panel_crop,panel_capture_needed,high,panel_crop,"ingredient/nutrition panel crop, including serving size and net-weight if visible",ingredient_or_nutrition_panel,coca_cola_classic_evidence_0;coca_cola_classic:coca_cola_classic_evidence_0;https://commons.wikimedia.org/wiki/File%3AOld_coca_cola_cans_1952.jpg,3,local_private_image_path or processed_private_image_path,"External source; link for attribution, do not reproduce imagery without rights review.",source_link_only_no_public_image,"Open source, capture a private panel crop, then fill the private template path.","A private crop path exists, audit_status becomes ready_for_capture, then native OCR can run.",1,0
pilot-photo-capture-dry-run,capture_a8184bc18298a0,19,155,no_private_path_supplied,coca_cola_classic_evidence_1,coca_cola_classic,Coca-Cola Classic,earliest_verified_label;1980s_or_earlier,www.flickr.com,https://www.flickr.com/photos/studioz7/29453244726,1960s Coca-Cola syrup label collector photo,panel_crop,panel_capture_needed,high,panel_crop,"ingredient/nutrition panel crop, including serving size and net-weight if visible",ingredient_or_nutrition_panel,coca_cola_classic_evidence_1;coca_cola_classic:coca_cola_classic_evidence_1;https://www.flickr.com/photos/studioz7/29453244726,3,local_private_image_path or processed_private_image_path,"External source; link for attribution, do not reproduce imagery without rights review.",source_link_only_no_public_image,"Open source, capture a private panel crop, then fill the private template path.","A private crop path exists, audit_status becomes ready_for_capture, then native OCR can run.",1,0
pilot-photo-capture-dry-run,capture_96a3c692a90dd5,20,155,no_private_path_supplied,coca_cola_classic_evidence_2,coca_cola_classic,Coca-Cola Classic,earliest_verified_label;2000s,www.flickr.com,https://www.flickr.com/photos/jasonliebigstuff/3267332145/,"Coca-Cola Classic aluminum bottle holiday design, 2009 - Flickr",panel_crop,panel_capture_needed,high,panel_crop,"ingredient/nutrition panel crop, including serving size and net-weight if visible",ingredient_or_nutrition_panel,coca_cola_classic_evidence_2;coca_cola_classic:coca_cola_classic_evidence_2;https://www.flickr.com/photos/jasonliebigstuff/3267332145/,3,local_private_image_path or processed_private_image_path,"External source; link for attribution, do not reproduce imagery without rights review.",source_link_only_no_public_image,"Open source, capture a private panel crop, then fill the private template path.","A private crop path exists, audit_status becomes ready_for_capture, then native OCR can run.",1,0
pilot-photo-capture-dry-run,capture_337dae86a93ecb,21,155,no_private_path_supplied,coca_cola_classic_evidence_3,coca_cola_classic,Coca-Cola Classic,earliest_verified_label;2000s,www.flickr.com,https://www.flickr.com/photos/roitberg/6351768138,2000 Coca-Cola Classic USA Christmas - Flickr,panel_crop,panel_capture_needed,high,panel_crop,"ingredient/nutrition panel crop, including serving size and net-weight if visible",ingredient_or_nutrition_panel,coca_cola_classic_evidence_3;coca_cola_classic:coca_cola_classic_evidence_3;https://www.flickr.com/photos/roitberg/6351768138,3,local_private_image_path or processed_private_image_path,"External source; link for attribution, do not reproduce imagery without rights review.",source_link_only_no_public_image,"Open source, capture a private panel crop, then fill the private template path.","A private crop path exists, audit_status becomes ready_for_capture, then native OCR can run.",1,0
pilot-photo-capture-dry-run,capture_886ca2d4d92611,22,155,no_private_path_supplied,coca_cola_classic_evidence_4,coca_cola_classic,Coca-Cola Classic,1990s,www.flickr.com,https://www.flickr.com/photos/therog77/3200756272/,1990 Coca-Cola MagiCan - Flickr,panel_crop,panel_capture_needed,high,panel_crop,"ingredient/nutrition panel crop, including serving size and net-weight if visible",ingredient_or_nutrition_panel,coca_cola_classic_evidence_4;coca_cola_classic:coca_cola_classic_evidence_4;https://www.flickr.com/photos/therog77/3200756272/,3,local_private_image_path or processed_private_image_path,"External source; link for attribution, do not reproduce imagery without rights review.",source_link_only_no_public_image,"Open source, capture a private panel crop, then fill the private template path.","A private crop path exists, audit_status becomes ready_for_capture, then native OCR can run.",1,0
pilot-photo-capture-dry-run,capture_190563a77e1189,23,155,no_private_path_supplied,coca_cola_classic_evidence_6,coca_cola_classic,Coca-Cola Classic,current_2020s,www.coca-cola.com,https://www.coca-cola.com/us/en/brands/coca-cola/products/original?redirect=true,Coca-Cola Original Soda current US product page,panel_crop,panel_capture_needed,high,panel_crop,"ingredient/nutrition panel crop, including serving size and net-weight if visible",ingredient_or_nutrition_panel,coca_cola_classic_evidence_6;coca_cola_classic:coca_cola_classic_evidence_6;https://www.coca-cola.com/us/en/brands/coca-cola/products/original?redirect=true,3,local_private_image_path or processed_private_image_path,"External source; link for attribution, do not reproduce imagery without rights review.",source_link_only_no_public_image,"Open source, capture a private panel crop, then fill the private template path.","A private crop path exists, audit_status becomes ready_for_capture, then native OCR can run.",1,0
pilot-photo-capture-dry-run,capture_ac9ae000de4be1,24,155,no_private_path_supplied,doritos_nacho_cheese_evidence_0,doritos_nacho_cheese,Doritos Nacho Cheese,earliest_verified_label;1980s_or_earlier,www.flickr.com,https://www.flickr.com/photos/jasonliebigstuff/3496903865,"Frito-Lay Doritos Nacho Cheese Flavor 1-ounce bag, 1970s - Flickr",panel_crop,panel_capture_needed,high,panel_crop,"ingredient/nutrition panel crop, including serving size and net-weight if visible",ingredient_or_nutrition_panel,doritos_nacho_cheese_evidence_0;doritos_nacho_cheese:doritos_nacho_cheese_evidence_0;https://www.flickr.com/photos/jasonliebigstuff/3496903865,3,local_private_image_path or processed_private_image_path,"External source; link for attribution, do not reproduce imagery without rights review.",source_link_only_no_public_image,"Open source, capture a private panel crop, then fill the private template path.","A private crop path exists, audit_status becomes ready_for_capture, then native OCR can run.",1,0
pilot-photo-capture-dry-run,capture_818ac4a480b584,25,155,no_private_path_supplied,doritos_nacho_cheese_evidence_1,doritos_nacho_cheese,Doritos Nacho Cheese,earliest_verified_label;1990s,www.flickr.com,https://www.flickr.com/photos/jasonliebigstuff/4319728854/,Frito-Lay - Doritos Big Grab - chip snack bag - Toy Story - 1995,panel_crop,panel_capture_needed,high,panel_crop,"ingredient/nutrition panel crop, including serving size and net-weight if visible",ingredient_or_nutrition_panel,doritos_nacho_cheese_evidence_1;doritos_nacho_cheese:doritos_nacho_cheese_evidence_1;https://www.flickr.com/photos/jasonliebigstuff/4319728854/,3,local_private_image_path or processed_private_image_path,"External source; link for attribution, do not reproduce imagery without rights review.",source_link_only_no_public_image,"Open source, capture a private panel crop, then fill the private template path.","A private crop path exists, audit_status becomes ready_for_capture, then native OCR can run.",1,0
pilot-photo-capture-dry-run,capture_df137e464e552a,26,155,no_private_path_supplied,doritos_nacho_cheese_evidence_10,doritos_nacho_cheese,Doritos Nacho Cheese,current_2020s,smartlabel.pepsico.info,https://smartlabel.pepsico.info/028400017305-0007-en-US/index.html,Doritos Nacho Cheese SmartLabel current page,panel_crop,panel_capture_needed,high,panel_crop,"ingredient/nutrition panel crop, including serving size and net-weight if visible",ingredient_or_nutrition_panel,doritos_nacho_cheese_evidence_10;doritos_nacho_cheese:doritos_nacho_cheese_evidence_10;https://smartlabel.pepsico.info/028400017305-0007-en-US/index.html,3,local_private_image_path or processed_private_image_path,"External source; link for attribution, do not reproduce imagery without rights review.",source_link_only_no_public_image,"Open source, capture a private panel crop, then fill the private template path.","A private crop path exists, audit_status becomes ready_for_capture, then native OCR can run.",1,0
pilot-photo-capture-dry-run,capture_aa55d29430beef,27,155,no_private_path_supplied,doritos_nacho_cheese_evidence_2,doritos_nacho_cheese,Doritos Nacho Cheese,earliest_verified_label;1980s_or_earlier,www.flickr.com,https://www.flickr.com/photos/jasonliebigstuff/albums/72157617553330512/,"The Munktiki Collection with Doritos Nacho Cheese Flavor 1-ounce bag, 1970s - Flickr",panel_crop,panel_capture_needed,high,panel_crop,"ingredient/nutrition panel crop, including serving size and net-weight if visible",ingredient_or_nutrition_panel,doritos_nacho_cheese_evidence_2;doritos_nacho_cheese:doritos_nacho_cheese_evidence_2;https://www.flickr.com/photos/jasonliebigstuff/albums/72157617553330512/,3,local_private_image_path or processed_private_image_path,"External source; link for attribution, do not reproduce imagery without rights review.",source_link_only_no_public_image,"Open source, capture a private panel crop, then fill the private template path.","A private crop path exists, audit_status becomes ready_for_capture, then native OCR can run.",1,0
pilot-photo-capture-dry-run,capture_4c64f923bee6c5,28,155,no_private_path_supplied,doritos_nacho_cheese_evidence_3,doritos_nacho_cheese,Doritos Nacho Cheese,earliest_verified_label;1990s,www.flickr.com,https://www.flickr.com/photos/jasonliebigstuff/albums/72157613306936875/page3,"Candy & Snacks album with Doritos Star Wars Special Edition Nacho Cheesier Big Grab Bag, 1997 - Flickr",panel_crop,panel_capture_needed,high,panel_crop,"ingredient/nutrition panel crop, including serving size and net-weight if visible",ingredient_or_nutrition_panel,doritos_nacho_cheese_evidence_3;doritos_nacho_cheese:doritos_nacho_cheese_evidence_3;https://www.flickr.com/photos/jasonliebigstuff/albums/72157613306936875/page3,3,local_private_image_path or processed_private_image_path,"External source; link for attribution, do not reproduce imagery without rights review.",source_link_only_no_public_image,"Open source, capture a private panel crop, then fill the private template path.","A private crop path exists, audit_status becomes ready_for_capture, then native OCR can run.",1,0
pilot-photo-capture-dry-run,capture_6a9523dfa3b87f,29,155,no_private_path_supplied,doritos_nacho_cheese_evidence_4,doritos_nacho_cheese,Doritos Nacho Cheese,1980s_or_earlier,www.flickr.com,https://www.flickr.com/photos/jasonliebigstuff/4269595755,Frito-Lay Doritos Nacho Cheese Flavor 9/16-ounce snack-size bag - 1970s collector photo,panel_crop,panel_capture_needed,high,panel_crop,"ingredient/nutrition panel crop, including serving size and net-weight if visible",ingredient_or_nutrition_panel,doritos_nacho_cheese_evidence_4;doritos_nacho_cheese:doritos_nacho_cheese_evidence_4;https://www.flickr.com/photos/jasonliebigstuff/4269595755,3,local_private_image_path or processed_private_image_path,"External source; link for attribution, do not reproduce imagery without rights review.",source_link_only_no_public_image,"Open source, capture a private panel crop, then fill the private template path.","A private crop path exists, audit_status becomes ready_for_capture, then native OCR can run.",1,0
pilot-photo-capture-dry-run,capture_685623a1dbc8e8,30,155,no_private_path_supplied,doritos_nacho_cheese_evidence_5,doritos_nacho_cheese,Doritos Nacho Cheese,1980s_or_earlier,www.flickr.com,https://www.flickr.com/photos/jasonliebigstuff/3496903865/,Frito-Lay Doritos Nacho Cheese Flavor 1-ounce bag - 1970s collector photo,panel_crop,panel_capture_needed,high,panel_crop,"ingredient/nutrition panel crop, including serving size and net-weight if visible",ingredient_or_nutrition_panel,doritos_nacho_cheese_evidence_5;doritos_nacho_cheese:doritos_nacho_cheese_evidence_5;https://www.flickr.com/photos/jasonliebigstuff/3496903865/,3,local_private_image_path or processed_private_image_path,"External source; link for attribution, do not reproduce imagery without rights review.",source_link_only_no_public_image,"Open source, capture a private panel crop, then fill the private template path.","A private crop path exists, audit_status becomes ready_for_capture, then native OCR can run.",1,0
pilot-photo-capture-dry-run,capture_40629491f0ba0c,31,155,no_private_path_supplied,doritos_nacho_cheese_evidence_7,doritos_nacho_cheese,Doritos Nacho Cheese,2010s;current_2020s,www.heb.com,https://www.heb.com/product-detail/doritos-nacho-cheese-flavored-tortilla-chips/1530760,Doritos Nacho Cheese Flavored Tortilla Chips - H-E-B,panel_crop,panel_capture_needed,high,panel_crop,"ingredient/nutrition panel crop, including serving size and net-weight if visible",ingredient_or_nutrition_panel,doritos_nacho_cheese_evidence_7;doritos_nacho_cheese:doritos_nacho_cheese_evidence_7;https://www.heb.com/product-detail/doritos-nacho-cheese-flavored-tortilla-chips/1530760,3,local_private_image_path or processed_private_image_path,"External source; link for attribution, do not reproduce imagery without rights review.",source_link_only_no_public_image,"Open source, capture a private panel crop, then fill the private template path.","A private crop path exists, audit_status becomes ready_for_capture, then native OCR can run.",1,0
pilot-photo-capture-dry-run,capture_4d97e8d2ad2f08,32,155,no_private_path_supplied,doritos_nacho_cheese_evidence_8,doritos_nacho_cheese,Doritos Nacho Cheese,current_2020s,wvww.gardengrocer.com,https://wvww.gardengrocer.com/product/1762-doritos-tortilla-chips-nacho-cheese-975oz-bag,Doritos Tortilla Chips Nacho Cheese 9.75oz Bag - Garden Grocer,panel_crop,panel_capture_needed,high,panel_crop,"ingredient/nutrition panel crop, including serving size and net-weight if visible",ingredient_or_nutrition_panel,doritos_nacho_cheese_evidence_8;doritos_nacho_cheese:doritos_nacho_cheese_evidence_8;https://wvww.gardengrocer.com/product/1762-doritos-tortilla-chips-nacho-cheese-975oz-bag,3,local_private_image_path or processed_private_image_path,"External source; link for attribution, do not reproduce imagery without rights review.",source_link_only_no_public_image,"Open source, capture a private panel crop, then fill the private template path.","A private crop path exists, audit_status becomes ready_for_capture, then native OCR can run.",1,0
pilot-photo-capture-dry-run,capture_a58ae3dd73ae91,33,155,no_private_path_supplied,doritos_nacho_cheese_evidence_9,doritos_nacho_cheese,Doritos Nacho Cheese,current_2020s,www.kroger.com,https://www.kroger.com/p/doritos-nacho-cheese-flavored-tortilla-chips/0002840033579,"Doritos Nacho Cheese Flavored Tortilla Chips, 10.5 oz - Kroger",panel_crop,panel_capture_needed,high,panel_crop,"ingredient/nutrition panel crop, including serving size and net-weight if visible",ingredient_or_nutrition_panel,doritos_nacho_cheese_evidence_9;doritos_nacho_cheese:doritos_nacho_cheese_evidence_9;https://www.kroger.com/p/doritos-nacho-cheese-flavored-tortilla-chips/0002840033579,3,local_private_image_path or processed_private_image_path,"External source; link for attribution, do not reproduce imagery without rights review.",source_link_only_no_public_image,"Open source, capture a private panel crop, then fill the private template path.","A private crop path exists, audit_status becomes ready_for_capture, then native OCR can run.",1,0
pilot-photo-capture-dry-run,capture_6033763c398867,34,155,no_private_path_supplied,heinz_tomato_ketchup_evidence_0,heinz_tomato_ketchup,Heinz Tomato Ketchup,earliest_verified_label,laurelleaffarm.com,https://laurelleaffarm.com/item-pages/antique-bottles/old-heinz-ketchup-bottles.htm,Old Heinz Ketchup Bottles with Labels - Laurel Leaf Farm,panel_crop,panel_capture_needed,high,panel_crop,"ingredient/nutrition panel crop, including serving size and net-weight if visible",ingredient_or_nutrition_panel,heinz_tomato_ketchup_evidence_0;heinz_tomato_ketchup:heinz_tomato_ketchup_evidence_0;https://laurelleaffarm.com/item-pages/antique-bottles/old-heinz-ketchup-bottles.htm,3,local_private_image_path or processed_private_image_path,"External source; link for attribution, do not reproduce imagery without rights review.",source_link_only_no_public_image,"Open source, capture a private panel crop, then fill the private template path.","A private crop path exists, audit_status becomes ready_for_capture, then native OCR can run.",1,0
pilot-photo-capture-dry-run,capture_047e988601bbb4,35,155,no_private_path_supplied,heinz_tomato_ketchup_evidence_2,heinz_tomato_ketchup,Heinz Tomato Ketchup,earliest_verified_label;1980s_or_earlier,antiqueadvertising.com,https://antiqueadvertising.com/free-antique-price-guide/ceramics-and-glass/heinz-ketchup-bottle/,Heinz Ketchup Bottle - Antique Advertising,panel_crop,panel_capture_needed,high,panel_crop,"ingredient/nutrition panel crop, including serving size and net-weight if visible",ingredient_or_nutrition_panel,heinz_tomato_ketchup_evidence_2;heinz_tomato_ketchup:heinz_tomato_ketchup_evidence_2;https://antiqueadvertising.com/free-antique-price-guide/ceramics-and-glass/heinz-ketchup-bottle/,3,local_private_image_path or processed_private_image_path,"External source; link for attribution, do not reproduce imagery without rights review.",source_link_only_no_public_image,"Open source, capture a private panel crop, then fill the private template path.","A private crop path exists, audit_status becomes ready_for_capture, then native OCR can run.",1,0
pilot-photo-capture-dry-run,capture_b35ea938a21787,36,155,no_private_path_supplied,heinz_tomato_ketchup_evidence_6,heinz_tomato_ketchup,Heinz Tomato Ketchup,current_2020s,www.walmart.com,https://www.walmart.com/ip/20971263,Heinz Tomato Ketchup 14 oz bottle Walmart page,panel_crop,panel_capture_needed,high,panel_crop,"ingredient/nutrition panel crop, including serving size and net-weight if visible",ingredient_or_nutrition_panel,heinz_tomato_ketchup_evidence_6;heinz_tomato_ketchup:heinz_tomato_ketchup_evidence_6;https://www.walmart.com/ip/20971263,3,local_private_image_path or processed_private_image_path,"External source; link for attribution, do not reproduce imagery without rights review.",source_link_only_no_public_image,"Open source, capture a private panel crop, then fill the private template path.","A private crop path exists, audit_status becomes ready_for_capture, then native OCR can run.",1,0
pilot-photo-capture-dry-run,capture_fa98858073dafb,37,155,no_private_path_supplied,heinz_tomato_ketchup_evidence_7,heinz_tomato_ketchup,Heinz Tomato Ketchup,current_2020s,www.walmart.com,https://www.walmart.com/ip/19362103123,Heinz Tomato Ketchup 20 oz bottle Walmart page,panel_crop,panel_capture_needed,high,panel_crop,"ingredient/nutrition panel crop, including serving size and net-weight if visible",ingredient_or_nutrition_panel,heinz_tomato_ketchup_evidence_7;heinz_tomato_ketchup:heinz_tomato_ketchup_evidence_7;https://www.walmart.com/ip/19362103123,3,local_private_image_path or processed_private_image_path,"External source; link for attribution, do not reproduce imagery without rights review.",source_link_only_no_public_image,"Open source, capture a private panel crop, then fill the private template path.","A private crop path exists, audit_status becomes ready_for_capture, then native OCR can run.",1,0
pilot-photo-capture-dry-run,capture_a73542a38232a2,38,155,no_private_path_supplied,heinz_tomato_ketchup_evidence_8,heinz_tomato_ketchup,Heinz Tomato Ketchup,current_2020s,www.heinz.com,https://www.heinz.com/products/00013000006408-tomato-ketchup,Tomato Ketchup - Heinz,panel_crop,panel_capture_needed,high,panel_crop,"ingredient/nutrition panel crop, including serving size and net-weight if visible",ingredient_or_nutrition_panel,heinz_tomato_ketchup_evidence_8;heinz_tomato_ketchup:heinz_tomato_ketchup_evidence_8;https://www.heinz.com/products/00013000006408-tomato-ketchup,3,local_private_image_path or processed_private_image_path,"External source; link for attribution, do not reproduce imagery without rights review.",source_link_only_no_public_image,"Open source, capture a private panel crop, then fill the private template path.","A private crop path exists, audit_status becomes ready_for_capture, then native OCR can run.",1,0
pilot-photo-capture-dry-run,capture_1246e7a632879d,39,155,no_private_path_supplied,heinz_tomato_ketchup_evidence_9,heinz_tomato_ketchup,Heinz Tomato Ketchup,current_2020s,www.henderson-foodservice.com,https://www.henderson-foodservice.com/productpdf/download/file/id/1366/name/Heinz_Tomato_Ketchup_%25282x4Ltr%2529.pdf/,Heinz Tomato Ketchup 2x4L foodservice product PDF,panel_crop,panel_capture_needed,high,panel_crop,"ingredient/nutrition panel crop, including serving size and net-weight if visible",ingredient_or_nutrition_panel,heinz_tomato_ketchup_evidence_9;heinz_tomato_ketchup:heinz_tomato_ketchup_evidence_9;https://www.henderson-foodservice.com/productpdf/download/file/id/1366/name/Heinz_Tomato_Ketchup_%25282x4Ltr%2529.pdf/,3,local_private_image_path or processed_private_image_path,"External source; link for attribution, do not reproduce imagery without rights review.",source_link_only_no_public_image,"Open source, capture a private panel crop, then fill the private template path.","A private crop path exists, audit_status becomes ready_for_capture, then native OCR can run.",1,0
pilot-photo-capture-dry-run,capture_1248c1787fc9e6,40,155,no_private_path_supplied,kraft_macaroni_and_cheese_original_evidence_0,kraft_macaroni_and_cheese_original,Kraft Macaroni & Cheese Original,earliest_verified_label;1980s_or_earlier,www.flickr.com,https://www.flickr.com/photos/jasonliebigstuff/6175679516,"Kraft Dinner Macaroni-and-Cheese box, 1940s maybe 1950s - Flickr",panel_crop,panel_capture_needed,high,panel_crop,"ingredient/nutrition panel crop, including serving size and net-weight if visible",ingredient_or_nutrition_panel,kraft_macaroni_and_cheese_original_evidence_0;kraft_macaroni_and_cheese_original:kraft_macaroni_and_cheese_original_evidence_0;https://www.flickr.com/photos/jasonliebigstuff/6175679516,3,local_private_image_path or processed_private_image_path,"External source; link for attribution, do not reproduce imagery without rights review.",source_link_only_no_public_image,"Open source, capture a private panel crop, then fill the private template path.","A private crop path exists, audit_status becomes ready_for_capture, then native OCR can run.",1,0
pilot-photo-capture-dry-run,capture_c532fa3682d27c,41,155,no_private_path_supplied,kraft_macaroni_and_cheese_original_evidence_1,kraft_macaroni_and_cheese_original,Kraft Macaroni & Cheese Original,earliest_verified_label;1990s,www.flickr.com,https://www.flickr.com/photos/25692985%40N07/8404786724,1998 Kraft Macaroni & Cheese Charlie Brown Christmas Peanuts box - Flickr,panel_crop,panel_capture_needed,high,panel_crop,"ingredient/nutrition panel crop, including serving size and net-weight if visible",ingredient_or_nutrition_panel,kraft_macaroni_and_cheese_original_evidence_1;kraft_macaroni_and_cheese_original:kraft_macaroni_and_cheese_original_evidence_1;https://www.flickr.com/photos/25692985%40N07/8404786724,3,local_private_image_path or processed_private_image_path,"External source; link for attribution, do not reproduce imagery without rights review.",source_link_only_no_public_image,"Open source, capture a private panel crop, then fill the private template path.","A private crop path exists, audit_status becomes ready_for_capture, then native OCR can run.",1,0
pilot-photo-capture-dry-run,capture_2f8a613af22c3f,42,155,no_private_path_supplied,kraft_macaroni_and_cheese_original_evidence_10,kraft_macaroni_and_cheese_original,Kraft Macaroni & Cheese Original,current_2020s,giantfood.com,https://giantfood.com/groceries/rice-pasta-beans/packaged-meals-sides/macaroni-cheese/macaroni-cheese-boxed/kraft-original-flavor-mac-cheese-dinner-725-oz-box.html,"Kraft Original Flavor Mac & Cheese Dinner, 7.25 oz - Giant",panel_crop,panel_capture_needed,high,panel_crop,"ingredient/nutrition panel crop, including serving size and net-weight if visible",ingredient_or_nutrition_panel,kraft_macaroni_and_cheese_original_evidence_10;kraft_macaroni_and_cheese_original:kraft_macaroni_and_cheese_original_evidence_10;https://giantfood.com/groceries/rice-pasta-beans/packaged-meals-sides/macaroni-cheese/macaroni-cheese-boxed/kraft-original-flavor-mac-cheese-dinner-725-oz-box.html,3,local_private_image_path or processed_private_image_path,"External source; link for attribution, do not reproduce imagery without rights review.",source_link_only_no_public_image,"Open source, capture a private panel crop, then fill the private template path.","A private crop path exists, audit_status becomes ready_for_capture, then native OCR can run.",1,0
pilot-photo-capture-dry-run,capture_1e1900308d7c7a,43,155,no_private_path_supplied,kraft_macaroni_and_cheese_original_evidence_11,kraft_macaroni_and_cheese_original,Kraft Macaroni & Cheese Original,current_2020s,www.super99.com,https://www.super99.com/20113956-kraft-macaroni-and-cheese-original-156g,Kraft Macaroni and Cheese Original 156g - Super 99,panel_crop,panel_capture_needed,high,panel_crop,"ingredient/nutrition panel crop, including serving size and net-weight if visible",ingredient_or_nutrition_panel,kraft_macaroni_and_cheese_original_evidence_11;kraft_macaroni_and_cheese_original:kraft_macaroni_and_cheese_original_evidence_11;https://www.super99.com/20113956-kraft-macaroni-and-cheese-original-156g,3,local_private_image_path or processed_private_image_path,"External source; link for attribution, do not reproduce imagery without rights review.",source_link_only_no_public_image,"Open source, capture a private panel crop, then fill the private template path.","A private crop path exists, audit_status becomes ready_for_capture, then native OCR can run.",1,0
pilot-photo-capture-dry-run,capture_a337000403a949,44,155,no_private_path_supplied,kraft_macaroni_and_cheese_original_evidence_2,kraft_macaroni_and_cheese_original,Kraft Macaroni & Cheese Original,earliest_verified_label;1980s_or_earlier,www.ebay.com,https://www.ebay.com/itm/358501292533,Vintage Kraft Macaroni & Cheese Dinner The Cheesiest Original Flavor 7.25 oz - eBay,panel_crop,panel_capture_needed,high,panel_crop,"ingredient/nutrition panel crop, including serving size and net-weight if visible",ingredient_or_nutrition_panel,kraft_macaroni_and_cheese_original_evidence_2;kraft_macaroni_and_cheese_original:kraft_macaroni_and_cheese_original_evidence_2;https://www.ebay.com/itm/358501292533,3,local_private_image_path or processed_private_image_path,"External source; link for attribution, do not reproduce imagery without rights review.",source_link_only_no_public_image,"Open source, capture a private panel crop, then fill the private template path.","A private crop path exists, audit_status becomes ready_for_capture, then native OCR can run.",1,0
pilot-photo-capture-dry-run,capture_221c615de63623,45,155,no_private_path_supplied,kraft_macaroni_and_cheese_original_evidence_3,kraft_macaroni_and_cheese_original,Kraft Macaroni & Cheese Original,earliest_verified_label;1980s_or_earlier,www.flickr.com,https://www.flickr.com/photos/jasonliebigstuff/4052133216,"Kraft Spiral Macaroni & Cheese Dinner box, 1987 - Flickr",panel_crop,panel_capture_needed,high,panel_crop,"ingredient/nutrition panel crop, including serving size and net-weight if visible",ingredient_or_nutrition_panel,kraft_macaroni_and_cheese_original_evidence_3;kraft_macaroni_and_cheese_original:kraft_macaroni_and_cheese_original_evidence_3;https://www.flickr.com/photos/jasonliebigstuff/4052133216,3,local_private_image_path or processed_private_image_path,"External source; link for attribution, do not reproduce imagery without rights review.",source_link_only_no_public_image,"Open source, capture a private panel crop, then fill the private template path.","A private crop path exists, audit_status becomes ready_for_capture, then native OCR can run.",1,0
pilot-photo-capture-dry-run,capture_e7726b283757a6,46,155,no_private_path_supplied,kraft_macaroni_and_cheese_original_evidence_4,kraft_macaroni_and_cheese_original,Kraft Macaroni & Cheese Original,1980s_or_earlier,www.flickr.com,https://www.flickr.com/photos/jasonliebigstuff/24398011379/,"Kraft Ghostbusters Macaroni & Cheese Dinner Box, 1989 - Flickr",panel_crop,panel_capture_needed,high,panel_crop,"ingredient/nutrition panel crop, including serving size and net-weight if visible",ingredient_or_nutrition_panel,kraft_macaroni_and_cheese_original_evidence_4;kraft_macaroni_and_cheese_original:kraft_macaroni_and_cheese_original_evidence_4;https://www.flickr.com/photos/jasonliebigstuff/24398011379/,3,local_private_image_path or processed_private_image_path,"External source; link for attribution, do not reproduce imagery without rights review.",source_link_only_no_public_image,"Open source, capture a private panel crop, then fill the private template path.","A private crop path exists, audit_status becomes ready_for_capture, then native OCR can run.",1,0
pilot-photo-capture-dry-run,capture_f7c52b178c5b60,47,155,no_private_path_supplied,kraft_macaroni_and_cheese_original_evidence_5,kraft_macaroni_and_cheese_original,Kraft Macaroni & Cheese Original,1990s,americanhistory.si.edu,https://americanhistory.si.edu/collections/object/nmah_1181820,"Macaroni & Cheese box, Democratic National Convention, 1996 - National Museum of American History",panel_crop,panel_capture_needed,high,panel_crop,"ingredient/nutrition panel crop, including serving size and net-weight if visible",ingredient_or_nutrition_panel,kraft_macaroni_and_cheese_original_evidence_5;kraft_macaroni_and_cheese_original:kraft_macaroni_and_cheese_original_evidence_5;https://americanhistory.si.edu/collections/object/nmah_1181820,3,local_private_image_path or processed_private_image_path,Usage Conditions Apply per Smithsonian record.,source_link_only_no_public_image,"Open source, capture a private panel crop, then fill the private template path.","A private crop path exists, audit_status becomes ready_for_capture, then native OCR can run.",1,0
pilot-photo-capture-dry-run,capture_955529cdf1ba07,48,155,no_private_path_supplied,kraft_macaroni_and_cheese_original_evidence_6,kraft_macaroni_and_cheese_original,Kraft Macaroni & Cheese Original,1990s,americanhistory.si.edu,https://americanhistory.si.edu/collections/object/nmah_1181156,"Macaroni & Cheese box, Republican National Convention, 1996 - National Museum of American History",panel_crop,panel_capture_needed,high,panel_crop,"ingredient/nutrition panel crop, including serving size and net-weight if visible",ingredient_or_nutrition_panel,kraft_macaroni_and_cheese_original_evidence_6;kraft_macaroni_and_cheese_original:kraft_macaroni_and_cheese_original_evidence_6;https://americanhistory.si.edu/collections/object/nmah_1181156,3,local_private_image_path or processed_private_image_path,Usage Conditions Apply per Smithsonian record.,source_link_only_no_public_image,"Open source, capture a private panel crop, then fill the private template path.","A private crop path exists, audit_status becomes ready_for_capture, then native OCR can run.",1,0
pilot-photo-capture-dry-run,capture_d83a451377a190,49,155,no_private_path_supplied,kraft_macaroni_and_cheese_original_evidence_8,kraft_macaroni_and_cheese_original,Kraft Macaroni & Cheese Original,current_2020s,www.walmart.com,https://www.walmart.com/ip/1178903502,"Kraft Mac and Cheese, Original Flavor, 7.25 oz - Walmart",panel_crop,panel_capture_needed,high,panel_crop,"ingredient/nutrition panel crop, including serving size and net-weight if visible",ingredient_or_nutrition_panel,kraft_macaroni_and_cheese_original_evidence_8;kraft_macaroni_and_cheese_original:kraft_macaroni_and_cheese_original_evidence_8;https://www.walmart.com/ip/1178903502,3,local_private_image_path or processed_private_image_path,"External source; link for attribution, do not reproduce imagery without rights review.",source_link_only_no_public_image,"Open source, capture a private panel crop, then fill the private template path.","A private crop path exists, audit_status becomes ready_for_capture, then native OCR can run.",1,0
pilot-photo-capture-dry-run,capture_56945676ddb5b8,50,155,no_private_path_supplied,kraft_macaroni_and_cheese_original_evidence_9,kraft_macaroni_and_cheese_original,Kraft Macaroni & Cheese Original,current_2020s,www.walmart.com,https://www.walmart.com/ip/10295759,"Kraft Original Mac & Cheese Dinner, Family Size Value Pack, 14.5 oz Box - Walmart",panel_crop,panel_capture_needed,high,panel_crop,"ingredient/nutrition panel crop, including serving size and net-weight if visible",ingredient_or_nutrition_panel,kraft_macaroni_and_cheese_original_evidence_9;kraft_macaroni_and_cheese_original:kraft_macaroni_and_cheese_original_evidence_9;https://www.walmart.com/ip/10295759,3,local_private_image_path or processed_private_image_path,"External source; link for attribution, do not reproduce imagery without rights review.",source_link_only_no_public_image,"Open source, capture a private panel crop, then fill the private template path.","A private crop path exists, audit_status becomes ready_for_capture, then native OCR can run.",1,0
pilot-photo-capture-dry-run,capture_7281cd3248a567,51,155,no_private_path_supplied,mcdonalds_big_mac_evidence_0,mcdonalds_big_mac,McDonald's Big Mac,earliest_verified_label;1980s_or_earlier,www.flickr.com,https://www.flickr.com/photos/jasonliebigstuff/4714969880,McDonald's 1974 Big Mac box folded-up shots - Flickr,panel_crop,panel_capture_needed,high,panel_crop,"ingredient/nutrition panel crop, including serving size and net-weight if visible",ingredient_or_nutrition_panel,mcdonalds_big_mac_evidence_0;mcdonalds_big_mac:mcdonalds_big_mac_evidence_0;https://www.flickr.com/photos/jasonliebigstuff/4714969880,3,local_private_image_path or processed_private_image_path,"External source; link for attribution, do not reproduce imagery without rights review.",source_link_only_no_public_image,"Open source, capture a private panel crop, then fill the private template path.","A private crop path exists, audit_status becomes ready_for_capture, then native OCR can run.",1,0
pilot-photo-capture-dry-run,capture_a2ae1804bee938,52,155,no_private_path_supplied,mcdonalds_big_mac_evidence_2,mcdonalds_big_mac,McDonald's Big Mac,earliest_verified_label;1980s_or_earlier,www.flickr.com,https://www.flickr.com/photos/bolio88/5482432651,1975 McDonald's Big Mac styrofoam container - Flickr,panel_crop,panel_capture_needed,high,panel_crop,"ingredient/nutrition panel crop, including serving size and net-weight if visible",ingredient_or_nutrition_panel,mcdonalds_big_mac_evidence_2;mcdonalds_big_mac:mcdonalds_big_mac_evidence_2;https://www.flickr.com/photos/bolio88/5482432651,3,local_private_image_path or processed_private_image_path,"External source; link for attribution, do not reproduce imagery without rights review.",source_link_only_no_public_image,"Open source, capture a private panel crop, then fill the private template path.","A private crop path exists, audit_status becomes ready_for_capture, then native OCR can run.",1,0
pilot-photo-capture-dry-run,capture_97cf20055fdf45,53,155,no_private_path_supplied,mcdonalds_big_mac_evidence_3,mcdonalds_big_mac,McDonald's Big Mac,1990s,www.flickr.com,https://www.flickr.com/photos/jasonliebigstuff/16377543110,"McDonald's Big Mac styrofoam restaurant packaging, circa 1990s - Flickr",panel_crop,panel_capture_needed,high,panel_crop,"ingredient/nutrition panel crop, including serving size and net-weight if visible",ingredient_or_nutrition_panel,mcdonalds_big_mac_evidence_3;mcdonalds_big_mac:mcdonalds_big_mac_evidence_3;https://www.flickr.com/photos/jasonliebigstuff/16377543110,3,local_private_image_path or processed_private_image_path,"External source; link for attribution, do not reproduce imagery without rights review.",source_link_only_no_public_image,"Open source, capture a private panel crop, then fill the private template path.","A private crop path exists, audit_status becomes ready_for_capture, then native OCR can run.",1,0
pilot-photo-capture-dry-run,capture_dcdb272401d931,54,155,no_private_path_supplied,mcdonalds_big_mac_evidence_4,mcdonalds_big_mac,McDonald's Big Mac,2000s;2010s,www.canceredinstitute.org,https://www.canceredinstitute.org/uploads/2/3/8/8/23883109/mcdonalds_ingredientslist.pdf,McDonald's USA Ingredients Listing for Popular Menu Items PDF mirror,panel_crop,panel_capture_needed,high,panel_crop,"ingredient/nutrition panel crop, including serving size and net-weight if visible",ingredient_or_nutrition_panel,mcdonalds_big_mac_evidence_4;mcdonalds_big_mac:mcdonalds_big_mac_evidence_4;https://www.canceredinstitute.org/uploads/2/3/8/8/23883109/mcdonalds_ingredientslist.pdf,3,local_private_image_path or processed_private_image_path,"External source; link for attribution, do not reproduce imagery without rights review.",source_link_only_no_public_image,"Open source, capture a private panel crop, then fill the private template path.","A private crop path exists, audit_status becomes ready_for_capture, then native OCR can run.",1,0
pilot-photo-capture-dry-run,capture_48cf470ffa0d94,55,155,no_private_path_supplied,mcdonalds_big_mac_evidence_5,mcdonalds_big_mac,McDonald's Big Mac,current_2020s,www.mcdonalds.com,https://www.mcdonalds.com/us/es-us/product/big-mac.html,Big Mac - McDonald's US Spanish product page,panel_crop,panel_capture_needed,high,panel_crop,"ingredient/nutrition panel crop, including serving size and net-weight if visible",ingredient_or_nutrition_panel,mcdonalds_big_mac_evidence_5;mcdonalds_big_mac:mcdonalds_big_mac_evidence_5;https://www.mcdonalds.com/us/es-us/product/big-mac.html,3,local_private_image_path or processed_private_image_path,"External source; link for attribution, do not reproduce imagery without rights review.",source_link_only_no_public_image,"Open source, capture a private panel crop, then fill the private template path.","A private crop path exists, audit_status becomes ready_for_capture, then native OCR can run.",1,0
pilot-photo-capture-dry-run,capture_9090eb8006ba96,56,155,no_private_path_supplied,mcdonalds_big_mac_evidence_6,mcdonalds_big_mac,McDonald's Big Mac,current_2020s,www.mcdonalds.com,https://www.mcdonalds.com/us/en-us/product/big-mac.html,McDonald's Big Mac product page with ingredient components,panel_crop,panel_capture_needed,high,panel_crop,"ingredient/nutrition panel crop, including serving size and net-weight if visible",ingredient_or_nutrition_panel,mcdonalds_big_mac_evidence_6;mcdonalds_big_mac:mcdonalds_big_mac_evidence_6;https://www.mcdonalds.com/us/en-us/product/big-mac.html,3,local_private_image_path or processed_private_image_path,"External source; link for attribution, do not reproduce imagery without rights review.",source_link_only_no_public_image,"Open source, capture a private panel crop, then fill the private template path.","A private crop path exists, audit_status becomes ready_for_capture, then native OCR can run.",1,0
pilot-photo-capture-dry-run,capture_a5a9c7b9be06b1,57,155,no_private_path_supplied,mcdonalds_chicken_mcnuggets_evidence_0,mcdonalds_chicken_mcnuggets,McDonald's Chicken McNuggets,earliest_verified_label;1980s_or_earlier,www.flickr.com,https://www.flickr.com/photos/jasonliebigstuff/6781604892/,McDonald's Chicken McNuggets 20-piece box - 1983-1985 collector photo,panel_crop,panel_capture_needed,high,panel_crop,"ingredient/nutrition panel crop, including serving size and net-weight if visible",ingredient_or_nutrition_panel,mcdonalds_chicken_mcnuggets_evidence_0;mcdonalds_chicken_mcnuggets:mcdonalds_chicken_mcnuggets_evidence_0;https://www.flickr.com/photos/jasonliebigstuff/6781604892/,3,local_private_image_path or processed_private_image_path,"External source; link for attribution, do not reproduce imagery without rights review.",source_link_only_no_public_image,"Open source, capture a private panel crop, then fill the private template path.","A private crop path exists, audit_status becomes ready_for_capture, then native OCR can run.",1,0
pilot-photo-capture-dry-run,capture_0393726348f100,58,155,no_private_path_supplied,mcdonalds_chicken_mcnuggets_evidence_1,mcdonalds_chicken_mcnuggets,McDonald's Chicken McNuggets,earliest_verified_label;1980s_or_earlier,www.flickr.com,https://www.flickr.com/photos/jasonliebigstuff/6927723645,"McDonald's Chicken McNuggets 9-piece box, later 1980s - Flickr",panel_crop,panel_capture_needed,high,panel_crop,"ingredient/nutrition panel crop, including serving size and net-weight if visible",ingredient_or_nutrition_panel,mcdonalds_chicken_mcnuggets_evidence_1;mcdonalds_chicken_mcnuggets:mcdonalds_chicken_mcnuggets_evidence_1;https://www.flickr.com/photos/jasonliebigstuff/6927723645,3,local_private_image_path or processed_private_image_path,All rights reserved per Flickr search result.,source_link_only_no_public_image,"Open source, capture a private panel crop, then fill the private template path.","A private crop path exists, audit_status becomes ready_for_capture, then native OCR can run.",1,0
pilot-photo-capture-dry-run,capture_eb286ba1cecff6,59,155,no_private_path_supplied,mcdonalds_chicken_mcnuggets_evidence_3,mcdonalds_chicken_mcnuggets,McDonald's Chicken McNuggets,1980s_or_earlier,www.flickr.com,https://www.flickr.com/photos/jasonliebigstuff/15944791963,McDonald's Chicken McNuggets styrofoam packaging - circa 1980s collector photo,panel_crop,panel_capture_needed,high,panel_crop,"ingredient/nutrition panel crop, including serving size and net-weight if visible",ingredient_or_nutrition_panel,mcdonalds_chicken_mcnuggets_evidence_3;mcdonalds_chicken_mcnuggets:mcdonalds_chicken_mcnuggets_evidence_3;https://www.flickr.com/photos/jasonliebigstuff/15944791963,3,local_private_image_path or processed_private_image_path,"External source; link for attribution, do not reproduce imagery without rights review.",source_link_only_no_public_image,"Open source, capture a private panel crop, then fill the private template path.","A private crop path exists, audit_status becomes ready_for_capture, then native OCR can run.",1,0
pilot-photo-capture-dry-run,capture_7df0ca7979168a,60,155,no_private_path_supplied,mcdonalds_chicken_mcnuggets_evidence_4,mcdonalds_chicken_mcnuggets,McDonald's Chicken McNuggets,2000s;2010s,s3.amazonaws.com,https://s3.amazonaws.com/saveoneverything_assets/pdfs/1376490717-mcdonalds-ingredientslist.pdf,McDonald's USA Ingredients Listing for Popular Menu Items - archived PDF mirror,panel_crop,panel_capture_needed,high,panel_crop,"ingredient/nutrition panel crop, including serving size and net-weight if visible",ingredient_or_nutrition_panel,mcdonalds_chicken_mcnuggets_evidence_4;mcdonalds_chicken_mcnuggets:mcdonalds_chicken_mcnuggets_evidence_4;https://s3.amazonaws.com/saveoneverything_assets/pdfs/1376490717-mcdonalds-ingredientslist.pdf,3,local_private_image_path or processed_private_image_path,"External source; link for attribution, do not reproduce imagery without rights review.",source_link_only_no_public_image,"Open source, capture a private panel crop, then fill the private template path.","A private crop path exists, audit_status becomes ready_for_capture, then native OCR can run.",1,0
pilot-photo-capture-dry-run,capture_a2fcd40090c64c,61,155,no_private_path_supplied,mcdonalds_chicken_mcnuggets_evidence_5,mcdonalds_chicken_mcnuggets,McDonald's Chicken McNuggets,2000s;2010s,www.canceredinstitute.org,https://www.canceredinstitute.org/uploads/2/3/8/8/23883109/mcdonalds_ingredientslist.pdf,McDonald's USA Ingredients Listing for Popular Menu Items PDF mirror - McNuggets,panel_crop,panel_capture_needed,high,panel_crop,"ingredient/nutrition panel crop, including serving size and net-weight if visible",ingredient_or_nutrition_panel,mcdonalds_chicken_mcnuggets_evidence_5;mcdonalds_chicken_mcnuggets:mcdonalds_chicken_mcnuggets_evidence_5;https://www.canceredinstitute.org/uploads/2/3/8/8/23883109/mcdonalds_ingredientslist.pdf,3,local_private_image_path or processed_private_image_path,"External source; link for attribution, do not reproduce imagery without rights review.",source_link_only_no_public_image,"Open source, capture a private panel crop, then fill the private template path.","A private crop path exists, audit_status becomes ready_for_capture, then native OCR can run.",1,0
pilot-photo-capture-dry-run,capture_d3176d0f7db074,62,155,no_private_path_supplied,mcdonalds_chicken_mcnuggets_evidence_6,mcdonalds_chicken_mcnuggets,McDonald's Chicken McNuggets,2010s,krissyowens.com,https://krissyowens.com/wp-content/uploads/2017/09/McDonalds-Allergen-Guide.pdf,McDonald's Allergen Guide PDF mirror,panel_crop,panel_capture_needed,high,panel_crop,"ingredient/nutrition panel crop, including serving size and net-weight if visible",ingredient_or_nutrition_panel,mcdonalds_chicken_mcnuggets_evidence_6;mcdonalds_chicken_mcnuggets:mcdonalds_chicken_mcnuggets_evidence_6;https://krissyowens.com/wp-content/uploads/2017/09/McDonalds-Allergen-Guide.pdf,3,local_private_image_path or processed_private_image_path,"External source; link for attribution, do not reproduce imagery without rights review.",source_link_only_no_public_image,"Open source, capture a private panel crop, then fill the private template path.","A private crop path exists, audit_status becomes ready_for_capture, then native OCR can run.",1,0
pilot-photo-capture-dry-run,capture_d861cadac7619b,63,155,no_private_path_supplied,mcdonalds_chicken_mcnuggets_evidence_7,mcdonalds_chicken_mcnuggets,McDonald's Chicken McNuggets,current_2020s,www.mcdonalds.com,https://www.mcdonalds.com/us/en-us/product/chicken-mcnuggets-4-piece.html,4 Piece Chicken McNuggets with All White Meat Chicken - McDonald's,panel_crop,panel_capture_needed,high,panel_crop,"ingredient/nutrition panel crop, including serving size and net-weight if visible",ingredient_or_nutrition_panel,mcdonalds_chicken_mcnuggets_evidence_7;mcdonalds_chicken_mcnuggets:mcdonalds_chicken_mcnuggets_evidence_7;https://www.mcdonalds.com/us/en-us/product/chicken-mcnuggets-4-piece.html,3,local_private_image_path or processed_private_image_path,"External source; link for attribution, do not reproduce imagery without rights review.",source_link_only_no_public_image,"Open source, capture a private panel crop, then fill the private template path.","A private crop path exists, audit_status becomes ready_for_capture, then native OCR can run.",1,0
pilot-photo-capture-dry-run,capture_439f9547bc9159,64,155,no_private_path_supplied,mcdonalds_chicken_mcnuggets_evidence_8,mcdonalds_chicken_mcnuggets,McDonald's Chicken McNuggets,current_2020s,www.mcdonalds.com,https://www.mcdonalds.com/us/en-us/product/chicken-mcnuggets-50-piece.html,McDonald's Chicken McNuggets 50 Piece official product page,panel_crop,panel_capture_needed,high,panel_crop,"ingredient/nutrition panel crop, including serving size and net-weight if visible",ingredient_or_nutrition_panel,mcdonalds_chicken_mcnuggets_evidence_8;mcdonalds_chicken_mcnuggets:mcdonalds_chicken_mcnuggets_evidence_8;https://www.mcdonalds.com/us/en-us/product/chicken-mcnuggets-50-piece.html,3,local_private_image_path or processed_private_image_path,"External source; link for attribution, do not reproduce imagery without rights review.",source_link_only_no_public_image,"Open source, capture a private panel crop, then fill the private template path.","A private crop path exists, audit_status becomes ready_for_capture, then native OCR can run.",1,0
pilot-photo-capture-dry-run,capture_d22a89a8845d85,65,155,no_private_path_supplied,ewg_oreo_current,oreo_original_chocolate_sandwich_cookies,Oreo Original Chocolate Sandwich Cookies,current_2020s,www.ewg.org,https://www.ewg.org/foodscores/products/0044000051617-OreoChocolateOriginalFlavorSandwichCookies/,EWG Food Scores - Oreo Chocolate Original Flavor Sandwich Cookies,panel_crop,panel_capture_needed,high,panel_crop,"ingredient/nutrition panel crop, including serving size and net-weight if visible",ingredient_or_nutrition_panel,ewg_oreo_current;oreo_original_chocolate_sandwich_cookies:ewg_oreo_current;https://www.ewg.org/foodscores/products/0044000051617-OreoChocolateOriginalFlavorSandwichCookies/,3,local_private_image_path or processed_private_image_path,External source; use as citation link.,source_link_only_no_public_image,"Open source, capture a private panel crop, then fill the private template path.","A private crop path exists, audit_status becomes ready_for_capture, then native OCR can run.",1,0
pilot-photo-capture-dry-run,capture_bd385453b50a40,66,155,no_private_path_supplied,ewg_oreo_winter_2010,oreo_original_chocolate_sandwich_cookies,Oreo Original Chocolate Sandwich Cookies,2010s,www.ewg.org,https://www.ewg.org/foodscores/products/044000081034-OreoChocolateSandwichCookiesOriginalWinter/,"EWG Food Scores - Oreo Chocolate Sandwich Cookies, Original, Winter",panel_crop,panel_capture_needed,high,panel_crop,"ingredient/nutrition panel crop, including serving size and net-weight if visible",ingredient_or_nutrition_panel,ewg_oreo_winter_2010;oreo_original_chocolate_sandwich_cookies:ewg_oreo_winter_2010;https://www.ewg.org/foodscores/products/044000081034-OreoChocolateSandwichCookiesOriginalWinter/,3,local_private_image_path or processed_private_image_path,External source; use as citation link.,source_link_only_no_public_image,"Open source, capture a private panel crop, then fill the private template path.","A private crop path exists, audit_status becomes ready_for_capture, then native OCR can run.",1,0
pilot-photo-capture-dry-run,capture_d83a75d8cc3092,67,155,no_private_path_supplied,flickr_oreo_1960s,oreo_original_chocolate_sandwich_cookies,Oreo Original Chocolate Sandwich Cookies,1980s_or_earlier,www.flickr.com,https://www.flickr.com/photos/jasonliebigstuff/4635007453,"Nabisco Oreo Creme Sandwich cello package, 1950s-1960s - Flickr",panel_crop,panel_capture_needed,high,panel_crop,"ingredient/nutrition panel crop, including serving size and net-weight if visible",ingredient_or_nutrition_panel,flickr_oreo_1960s;oreo_original_chocolate_sandwich_cookies:flickr_oreo_1960s;https://www.flickr.com/photos/jasonliebigstuff/4635007453,3,local_private_image_path or processed_private_image_path,Collector photo; inspect license/rights before reuse.,source_link_only_no_public_image,"Open source, capture a private panel crop, then fill the private template path.","A private crop path exists, audit_status becomes ready_for_capture, then native OCR can run.",1,0
pilot-photo-capture-dry-run,capture_1fae65e660f1bf,68,155,no_private_path_supplied,flickr_oreo_1960s_box,oreo_original_chocolate_sandwich_cookies,Oreo Original Chocolate Sandwich Cookies,1980s_or_earlier,www.flickr.com,https://www.flickr.com/photos/jasonliebigstuff/4210393728,Nabisco - Oreo cookie package - 1960s - Flickr,panel_crop,panel_capture_needed,high,panel_crop,"ingredient/nutrition panel crop, including serving size and net-weight if visible",ingredient_or_nutrition_panel,flickr_oreo_1960s_box;oreo_original_chocolate_sandwich_cookies:flickr_oreo_1960s_box;https://www.flickr.com/photos/jasonliebigstuff/4210393728,3,local_private_image_path or processed_private_image_path,Collector photo; inspect license/rights before reuse.,source_link_only_no_public_image,"Open source, capture a private panel crop, then fill the private template path.","A private crop path exists, audit_status becomes ready_for_capture, then native OCR can run.",1,0
pilot-photo-capture-dry-run,capture_d9184b3db5267a,69,155,no_private_path_supplied,flickr_oreo_1993,oreo_original_chocolate_sandwich_cookies,Oreo Original Chocolate Sandwich Cookies,1990s,www.flickr.com,https://www.flickr.com/photos/jasonliebigstuff/6823914204,Nabisco - Oreo - 6-pack cookie pack - 1993 - Flickr,panel_crop,panel_capture_needed,high,panel_crop,"ingredient/nutrition panel crop, including serving size and net-weight if visible",ingredient_or_nutrition_panel,flickr_oreo_1993;oreo_original_chocolate_sandwich_cookies:flickr_oreo_1993;https://www.flickr.com/photos/jasonliebigstuff/6823914204,3,local_private_image_path or processed_private_image_path,Collector photo; inspect license/rights before reuse.,source_link_only_no_public_image,"Open source, capture a private panel crop, then fill the private template path.","A private crop path exists, audit_status becomes ready_for_capture, then native OCR can run.",1,0
pilot-photo-capture-dry-run,capture_04c9ab67b5c45c,70,155,no_private_path_supplied,kroger_oreo_current,oreo_original_chocolate_sandwich_cookies,Oreo Original Chocolate Sandwich Cookies,current_2020s,www.kroger.com,https://www.kroger.com/p/nabisco-original-oreos/0004400003202,"OREO Chocolate Sandwich Cookies, 14.3 oz - Kroger",panel_crop,panel_capture_needed,high,panel_crop,"ingredient/nutrition panel crop, including serving size and net-weight if visible",ingredient_or_nutrition_panel,kroger_oreo_current;oreo_original_chocolate_sandwich_cookies:kroger_oreo_current;https://www.kroger.com/p/nabisco-original-oreos/0004400003202,3,local_private_image_path or processed_private_image_path,External source; current-web evidence needs durable capture.,source_link_only_no_public_image,"Open source, capture a private panel crop, then fill the private template path.","A private crop path exists, audit_status becomes ready_for_capture, then native OCR can run.",1,0
pilot-photo-capture-dry-run,capture_a13ca2f31f861c,71,155,no_private_path_supplied,packaging_digest_century,oreo_original_chocolate_sandwich_cookies,Oreo Original Chocolate Sandwich Cookies,1980s_or_earlier,www.packagingdigest.com,https://www.packagingdigest.com/packaging-design/oreo-celebrates-century-of-cookie-packaging,Oreo celebrates century of cookie packaging - Packaging Digest,panel_crop,panel_capture_needed,high,panel_crop,"ingredient/nutrition panel crop, including serving size and net-weight if visible",ingredient_or_nutrition_panel,packaging_digest_century;oreo_original_chocolate_sandwich_cookies:packaging_digest_century;https://www.packagingdigest.com/packaging-design/oreo-celebrates-century-of-cookie-packaging,3,local_private_image_path or processed_private_image_path,Article citation; not ingredient-label evidence.,source_link_only_no_public_image,"Open source, capture a private panel crop, then fill the private template path.","A private crop path exists, audit_status becomes ready_for_capture, then native OCR can run.",1,0
pilot-photo-capture-dry-run,capture_471adbd3471409,72,155,no_private_path_supplied,seattlepi_century,oreo_original_chocolate_sandwich_cookies,Oreo Original Chocolate Sandwich Cookies,1980s_or_earlier,www.seattlepi.com,https://www.seattlepi.com/entertainment/article/a-century-of-oreos-3386488.php,A century of Oreos - SeattlePI,panel_crop,panel_capture_needed,high,panel_crop,"ingredient/nutrition panel crop, including serving size and net-weight if visible",ingredient_or_nutrition_panel,seattlepi_century;oreo_original_chocolate_sandwich_cookies:seattlepi_century;https://www.seattlepi.com/entertainment/article/a-century-of-oreos-3386488.php,3,local_private_image_path or processed_private_image_path,Article citation; not ingredient-label evidence.,source_link_only_no_public_image,"Open source, capture a private panel crop, then fill the private template path.","A private crop path exists, audit_status becomes ready_for_capture, then native OCR can run.",1,0
pilot-photo-capture-dry-run,capture_260728fd0be056,73,155,no_private_path_supplied,smartlabel_oreo_143,oreo_original_chocolate_sandwich_cookies,Oreo Original Chocolate Sandwich Cookies,current_2020s,smartlabel.mondelez.info,https://smartlabel.mondelez.info/00044000033262-0001-en-US/index.html,Nabisco Oreo Sandwich Cookies 14.3 oz - SmartLabel,panel_crop,panel_capture_needed,high,panel_crop,"ingredient/nutrition panel crop, including serving size and net-weight if visible",ingredient_or_nutrition_panel,smartlabel_oreo_143;oreo_original_chocolate_sandwich_cookies:smartlabel_oreo_143;https://smartlabel.mondelez.info/00044000033262-0001-en-US/index.html,3,local_private_image_path or processed_private_image_path,External source; rights note needed before reproducing imagery.,source_link_only_no_public_image,"Open source, capture a private panel crop, then fill the private template path.","A private crop path exists, audit_status becomes ready_for_capture, then native OCR can run.",1,0
pilot-photo-capture-dry-run,capture_5bd389b8d61135,74,155,no_private_path_supplied,walmart_oreo_current,oreo_original_chocolate_sandwich_cookies,Oreo Original Chocolate Sandwich Cookies,current_2020s,business.walmart.com,https://business.walmart.com/ip/Oreo-Original-Cookie-13-29-oz/16255757318,Oreo Original Cookie 13.29 oz - Walmart Business,panel_crop,panel_capture_needed,high,panel_crop,"ingredient/nutrition panel crop, including serving size and net-weight if visible",ingredient_or_nutrition_panel,walmart_oreo_current;oreo_original_chocolate_sandwich_cookies:walmart_oreo_current;https://business.walmart.com/ip/Oreo-Original-Cookie-13-29-oz/16255757318,3,local_private_image_path or processed_private_image_path,External source; current-web evidence needs durable capture.,source_link_only_no_public_image,"Open source, capture a private panel crop, then fill the private template path.","A private crop path exists, audit_status becomes ready_for_capture, then native OCR can run.",1,0
pilot-photo-capture-dry-run,capture_9536daa10c5687,75,155,no_private_path_supplied,poptarts_frosted_strawberry_evidence_0,poptarts_frosted_strawberry,Pop-Tarts Frosted Strawberry,earliest_verified_label;1980s_or_earlier,www.flickr.com,https://www.flickr.com/photos/25692985%40N07/4198259897,1980 Kellogg's Frosted Pop-Tarts Box Milton the Toaster - Flickr,panel_crop,panel_capture_needed,high,panel_crop,"ingredient/nutrition panel crop, including serving size and net-weight if visible",ingredient_or_nutrition_panel,poptarts_frosted_strawberry_evidence_0;poptarts_frosted_strawberry:poptarts_frosted_strawberry_evidence_0;https://www.flickr.com/photos/25692985%40N07/4198259897,3,local_private_image_path or processed_private_image_path,"External source; link for attribution, do not reproduce imagery without rights review.",source_link_only_no_public_image,"Open source, capture a private panel crop, then fill the private template path.","A private crop path exists, audit_status becomes ready_for_capture, then native OCR can run.",1,0
pilot-photo-capture-dry-run,capture_071f7e2bd44556,76,155,no_private_path_supplied,poptarts_frosted_strawberry_evidence_1,poptarts_frosted_strawberry,Pop-Tarts Frosted Strawberry,earliest_verified_label;1980s_or_earlier,www.flickr.com,https://www.flickr.com/photos/jasonliebigstuff/3251907501,"Kellogg's Pop-Tarts Frosted Chocolate Fudge Box, 1974 - Flickr",panel_crop,panel_capture_needed,high,panel_crop,"ingredient/nutrition panel crop, including serving size and net-weight if visible",ingredient_or_nutrition_panel,poptarts_frosted_strawberry_evidence_1;poptarts_frosted_strawberry:poptarts_frosted_strawberry_evidence_1;https://www.flickr.com/photos/jasonliebigstuff/3251907501,3,local_private_image_path or processed_private_image_path,"External source; link for attribution, do not reproduce imagery without rights review.",source_link_only_no_public_image,"Open source, capture a private panel crop, then fill the private template path.","A private crop path exists, audit_status becomes ready_for_capture, then native OCR can run.",1,0
pilot-photo-capture-dry-run,capture_7a416359a29b7e,77,155,no_private_path_supplied,poptarts_frosted_strawberry_evidence_10,poptarts_frosted_strawberry,Pop-Tarts Frosted Strawberry,current_2020s,www.poptarts.com,https://www.poptarts.com/en_US/products/all-flavors/pop-tarts-frosted-strawberry-product.html?bvstate=pg%3A15%2Fct%3Ar,Frosted Strawberry Pop-Tarts current product page,panel_crop,panel_capture_needed,high,panel_crop,"ingredient/nutrition panel crop, including serving size and net-weight if visible",ingredient_or_nutrition_panel,poptarts_frosted_strawberry_evidence_10;poptarts_frosted_strawberry:poptarts_frosted_strawberry_evidence_10;https://www.poptarts.com/en_US/products/all-flavors/pop-tarts-frosted-strawberry-product.html?bvstate=pg%3A15%2Fct%3Ar,3,local_private_image_path or processed_private_image_path,"External source; link for attribution, do not reproduce imagery without rights review.",source_link_only_no_public_image,"Open source, capture a private panel crop, then fill the private template path.","A private crop path exists, audit_status becomes ready_for_capture, then native OCR can run.",1,0
pilot-photo-capture-dry-run,capture_7e8cf3f4df9dc4,78,155,no_private_path_supplied,poptarts_frosted_strawberry_evidence_2,poptarts_frosted_strawberry,Pop-Tarts Frosted Strawberry,earliest_verified_label;2000s,www.flickr.com,https://www.flickr.com/photos/jasonliebigstuff/5204205477,"Kellogg's Pop-Tarts Frosted Strawberry Box, 2002 - Flickr",panel_crop,panel_capture_needed,high,panel_crop,"ingredient/nutrition panel crop, including serving size and net-weight if visible",ingredient_or_nutrition_panel,poptarts_frosted_strawberry_evidence_2;poptarts_frosted_strawberry:poptarts_frosted_strawberry_evidence_2;https://www.flickr.com/photos/jasonliebigstuff/5204205477,3,local_private_image_path or processed_private_image_path,"External source; link for attribution, do not reproduce imagery without rights review.",source_link_only_no_public_image,"Open source, capture a private panel crop, then fill the private template path.","A private crop path exists, audit_status becomes ready_for_capture, then native OCR can run.",1,0
pilot-photo-capture-dry-run,capture_fa95bfc95d15d1,79,155,no_private_path_supplied,poptarts_frosted_strawberry_evidence_3,poptarts_frosted_strawberry,Pop-Tarts Frosted Strawberry,earliest_verified_label;2000s,www.flickr.com,https://www.flickr.com/photos/neatocoolville/6315040319,"Spider-Man Pop-Tarts Box, 2002 - Flickr",panel_crop,panel_capture_needed,high,panel_crop,"ingredient/nutrition panel crop, including serving size and net-weight if visible",ingredient_or_nutrition_panel,poptarts_frosted_strawberry_evidence_3;poptarts_frosted_strawberry:poptarts_frosted_strawberry_evidence_3;https://www.flickr.com/photos/neatocoolville/6315040319,3,local_private_image_path or processed_private_image_path,"External source; link for attribution, do not reproduce imagery without rights review.",source_link_only_no_public_image,"Open source, capture a private panel crop, then fill the private template path.","A private crop path exists, audit_status becomes ready_for_capture, then native OCR can run.",1,0
pilot-photo-capture-dry-run,capture_fbd33de6b4a388,80,155,no_private_path_supplied,poptarts_frosted_strawberry_evidence_6,poptarts_frosted_strawberry,Pop-Tarts Frosted Strawberry,2010s,www.foodrepo.org,https://www.foodrepo.org/en/products/47947,Kellogg's Pop-Tarts Frosted Strawberry 58.6 oz - FoodRepo,panel_crop,panel_capture_needed,high,panel_crop,"ingredient/nutrition panel crop, including serving size and net-weight if visible",ingredient_or_nutrition_panel,poptarts_frosted_strawberry_evidence_6;poptarts_frosted_strawberry:poptarts_frosted_strawberry_evidence_6;https://www.foodrepo.org/en/products/47947,3,local_private_image_path or processed_private_image_path,"External source; link for attribution, do not reproduce imagery without rights review.",source_link_only_no_public_image,"Open source, capture a private panel crop, then fill the private template path.","A private crop path exists, audit_status becomes ready_for_capture, then native OCR can run.",1,0
pilot-photo-capture-dry-run,capture_288da401b72894,81,155,no_private_path_supplied,poptarts_frosted_strawberry_evidence_7,poptarts_frosted_strawberry,Pop-Tarts Frosted Strawberry,current_2020s,smartlabel.kelloggs.com,https://smartlabel.kelloggs.com/Product/Index/038000317316,Frosted Strawberry Pop-Tarts - SmartLabel,panel_crop,panel_capture_needed,high,panel_crop,"ingredient/nutrition panel crop, including serving size and net-weight if visible",ingredient_or_nutrition_panel,poptarts_frosted_strawberry_evidence_7;poptarts_frosted_strawberry:poptarts_frosted_strawberry_evidence_7;https://smartlabel.kelloggs.com/Product/Index/038000317316,3,local_private_image_path or processed_private_image_path,"External source; link for attribution, do not reproduce imagery without rights review.",source_link_only_no_public_image,"Open source, capture a private panel crop, then fill the private template path.","A private crop path exists, audit_status becomes ready_for_capture, then native OCR can run.",1,0
pilot-photo-capture-dry-run,capture_3ea6cdaff6028e,82,155,no_private_path_supplied,poptarts_frosted_strawberry_evidence_8,poptarts_frosted_strawberry,Pop-Tarts Frosted Strawberry,current_2020s,www.poptarts.com,https://www.poptarts.com/en_US/products/all-flavors/pop-tarts-frosted-strawberry-product.html,Frosted Strawberry Pop-Tarts - Pop-Tarts,panel_crop,panel_capture_needed,high,panel_crop,"ingredient/nutrition panel crop, including serving size and net-weight if visible",ingredient_or_nutrition_panel,poptarts_frosted_strawberry_evidence_8;poptarts_frosted_strawberry:poptarts_frosted_strawberry_evidence_8;https://www.poptarts.com/en_US/products/all-flavors/pop-tarts-frosted-strawberry-product.html,3,local_private_image_path or processed_private_image_path,"External source; link for attribution, do not reproduce imagery without rights review.",source_link_only_no_public_image,"Open source, capture a private panel crop, then fill the private template path.","A private crop path exists, audit_status becomes ready_for_capture, then native OCR can run.",1,0
pilot-photo-capture-dry-run,capture_40ed803cb79283,83,155,no_private_path_supplied,poptarts_frosted_strawberry_evidence_9,poptarts_frosted_strawberry,Pop-Tarts Frosted Strawberry,current_2020s,www.walmart.com,https://www.walmart.com/ip/759722026,"Pop-Tarts Frosted Strawberry Toaster Pastries, 13.5 oz - Walmart",panel_crop,panel_capture_needed,high,panel_crop,"ingredient/nutrition panel crop, including serving size and net-weight if visible",ingredient_or_nutrition_panel,poptarts_frosted_strawberry_evidence_9;poptarts_frosted_strawberry:poptarts_frosted_strawberry_evidence_9;https://www.walmart.com/ip/759722026,3,local_private_image_path or processed_private_image_path,"External source; link for attribution, do not reproduce imagery without rights review.",source_link_only_no_public_image,"Open source, capture a private panel crop, then fill the private template path.","A private crop path exists, audit_status becomes ready_for_capture, then native OCR can run.",1,0
pilot-photo-capture-dry-run,capture_7faba4c9e8db88,84,120,no_private_path_supplied,campbells_tomato_soup_evidence_6,campbells_tomato_soup,Campbell's Condensed Tomato Soup,2010s,commons.wikimedia.org,https://commons.wikimedia.org/wiki/Category%3ACampbell%27s_Condensed_Tomato_Soup,Wikimedia Commons Campbell's Condensed Tomato Soup category,panel_crop,panel_capture_needed,medium,panel_crop,"ingredient/nutrition panel crop, including serving size and net-weight if visible",ingredient_or_nutrition_panel,campbells_tomato_soup_evidence_6;campbells_tomato_soup:campbells_tomato_soup_evidence_6;https://commons.wikimedia.org/wiki/Category%3ACampbell%27s_Condensed_Tomato_Soup,3,local_private_image_path or processed_private_image_path,"External source; link for attribution, do not reproduce imagery without rights review.",source_link_only_no_public_image,"Open source, capture a private panel crop, then fill the private template path.","A private crop path exists, audit_status becomes ready_for_capture, then native OCR can run.",1,0
pilot-photo-capture-dry-run,capture_2509ae3229410f,85,120,no_private_path_supplied,cheerios_original_evidence_7,cheerios_original,Cheerios Original,2000s,americanhistory.si.edu,https://americanhistory.si.edu/collections/search/object/nmah_1348223,Cheerios Millennios Cereal Box - National Museum of American History,panel_crop,panel_capture_needed,medium,panel_crop,"ingredient/nutrition panel crop, including serving size and net-weight if visible",ingredient_or_nutrition_panel,cheerios_original_evidence_7;cheerios_original:cheerios_original_evidence_7;https://americanhistory.si.edu/collections/search/object/nmah_1348223,3,local_private_image_path or processed_private_image_path,"External source; link for attribution, do not reproduce imagery without rights review.",source_link_only_no_public_image,"Open source, capture a private panel crop, then fill the private template path.","A private crop path exists, audit_status becomes ready_for_capture, then native OCR can run.",1,0
pilot-photo-capture-dry-run,capture_47a97982bc338a,86,120,no_private_path_supplied,coca_cola_classic_evidence_5,coca_cola_classic,Coca-Cola Classic,2010s,www.flickr.com,https://www.flickr.com/photos/skatepunk69/4985996111/,"Coke Classic can, 2011 - Flickr",panel_crop,panel_capture_needed,medium,panel_crop,"ingredient/nutrition panel crop, including serving size and net-weight if visible",ingredient_or_nutrition_panel,coca_cola_classic_evidence_5;coca_cola_classic:coca_cola_classic_evidence_5;https://www.flickr.com/photos/skatepunk69/4985996111/,3,local_private_image_path or processed_private_image_path,"External source; link for attribution, do not reproduce imagery without rights review.",source_link_only_no_public_image,"Open source, capture a private panel crop, then fill the private template path.","A private crop path exists, audit_status becomes ready_for_capture, then native OCR can run.",1,0
pilot-photo-capture-dry-run,capture_a35632e50b9b74,87,120,no_private_path_supplied,doritos_nacho_cheese_evidence_6,doritos_nacho_cheese,Doritos Nacho Cheese,2000s;2010s,commons.wikimedia.org,https://commons.wikimedia.org/wiki/File%3ADoritos_bag.jpg,Doritos bag - Wikimedia Commons,panel_crop,panel_capture_needed,medium,panel_crop,"ingredient/nutrition panel crop, including serving size and net-weight if visible",ingredient_or_nutrition_panel,doritos_nacho_cheese_evidence_6;doritos_nacho_cheese:doritos_nacho_cheese_evidence_6;https://commons.wikimedia.org/wiki/File%3ADoritos_bag.jpg,3,local_private_image_path or processed_private_image_path,CC BY 2.0 per Wikimedia Commons file page result,source_link_only_no_public_image,"Open source, capture a private panel crop, then fill the private template path.","A private crop path exists, audit_status becomes ready_for_capture, then native OCR can run.",1,0
pilot-photo-capture-dry-run,capture_847c9a36f8a0e6,88,120,no_private_path_supplied,heinz_tomato_ketchup_evidence_5,heinz_tomato_ketchup,Heinz Tomato Ketchup,2000s,flickr.com,https://flickr.com/photos/scotteh/3399348449,Heinz Ketchup bottles old and new Flickr photo,panel_crop,panel_capture_needed,medium,panel_crop,"ingredient/nutrition panel crop, including serving size and net-weight if visible",ingredient_or_nutrition_panel,heinz_tomato_ketchup_evidence_5;heinz_tomato_ketchup:heinz_tomato_ketchup_evidence_5;https://flickr.com/photos/scotteh/3399348449,3,local_private_image_path or processed_private_image_path,"External source; link for attribution, do not reproduce imagery without rights review.",source_link_only_no_public_image,"Open source, capture a private panel crop, then fill the private template path.","A private crop path exists, audit_status becomes ready_for_capture, then native OCR can run.",1,0
pilot-photo-capture-dry-run,capture_bba45b3627ed67,89,120,no_private_path_supplied,kraft_macaroni_and_cheese_original_evidence_7,kraft_macaroni_and_cheese_original,Kraft Macaroni & Cheese Original,2010s,www.flickr.com,https://www.flickr.com/photos/jasonliebigstuff/7994363814/,"Kraft Macaroni & Cheese Angry Birds Space boxes, 2012 - Flickr",panel_crop,panel_capture_needed,medium,panel_crop,"ingredient/nutrition panel crop, including serving size and net-weight if visible",ingredient_or_nutrition_panel,kraft_macaroni_and_cheese_original_evidence_7;kraft_macaroni_and_cheese_original:kraft_macaroni_and_cheese_original_evidence_7;https://www.flickr.com/photos/jasonliebigstuff/7994363814/,3,local_private_image_path or processed_private_image_path,"External source; link for attribution, do not reproduce imagery without rights review.",source_link_only_no_public_image,"Open source, capture a private panel crop, then fill the private template path.","A private crop path exists, audit_status becomes ready_for_capture, then native OCR can run.",1,0
pilot-photo-capture-dry-run,capture_eeb9a8a794fe6c,90,120,no_private_path_supplied,flickr_oreo_nascar_2010,oreo_original_chocolate_sandwich_cookies,Oreo Original Chocolate Sandwich Cookies,2010s,www.flickr.com,https://www.flickr.com/photos/jasonliebigstuff/4786235805,"Nabisco Oreo Nascar Edition cookie package, 2010 - Flickr",panel_crop,panel_capture_needed,medium,panel_crop,"ingredient/nutrition panel crop, including serving size and net-weight if visible",ingredient_or_nutrition_panel,flickr_oreo_nascar_2010;oreo_original_chocolate_sandwich_cookies:flickr_oreo_nascar_2010;https://www.flickr.com/photos/jasonliebigstuff/4786235805,3,local_private_image_path or processed_private_image_path,Collector photo; inspect license/rights before reuse.,source_link_only_no_public_image,"Open source, capture a private panel crop, then fill the private template path.","A private crop path exists, audit_status becomes ready_for_capture, then native OCR can run.",1,0
pilot-photo-capture-dry-run,capture_2d5d30556b8f79,91,120,no_private_path_supplied,flickr_oreo_spring_2010,oreo_original_chocolate_sandwich_cookies,Oreo Original Chocolate Sandwich Cookies,2010s,www.flickr.com,https://www.flickr.com/photos/jasonliebigstuff/4359618633,"Nabisco Oreo Spring edition cookie package, 2010 - Flickr",panel_crop,panel_capture_needed,medium,panel_crop,"ingredient/nutrition panel crop, including serving size and net-weight if visible",ingredient_or_nutrition_panel,flickr_oreo_spring_2010;oreo_original_chocolate_sandwich_cookies:flickr_oreo_spring_2010;https://www.flickr.com/photos/jasonliebigstuff/4359618633,3,local_private_image_path or processed_private_image_path,Collector photo; inspect license/rights before reuse.,source_link_only_no_public_image,"Open source, capture a private panel crop, then fill the private template path.","A private crop path exists, audit_status becomes ready_for_capture, then native OCR can run.",1,0
pilot-photo-capture-dry-run,capture_0371d1d8e503e1,92,120,no_private_path_supplied,flickr_oreo_uhoh_2002,oreo_original_chocolate_sandwich_cookies,Oreo Original Chocolate Sandwich Cookies,2000s,www.flickr.com,https://www.flickr.com/photos/jasonliebigstuff/4777043511,"Nabisco Uh-Oh! Oreo cookies package, 2002-2003 - Flickr",panel_crop,panel_capture_needed,medium,panel_crop,"ingredient/nutrition panel crop, including serving size and net-weight if visible",ingredient_or_nutrition_panel,flickr_oreo_uhoh_2002;oreo_original_chocolate_sandwich_cookies:flickr_oreo_uhoh_2002;https://www.flickr.com/photos/jasonliebigstuff/4777043511,3,local_private_image_path or processed_private_image_path,Collector photo; inspect license/rights before reuse.,source_link_only_no_public_image,"Open source, capture a private panel crop, then fill the private template path.","A private crop path exists, audit_status becomes ready_for_capture, then native OCR can run.",1,0
pilot-photo-capture-dry-run,capture_22ca13173677db,93,120,no_private_path_supplied,poptarts_frosted_strawberry_evidence_4,poptarts_frosted_strawberry,Pop-Tarts Frosted Strawberry,2000s,www.flickr.com,https://www.flickr.com/photos/jasonliebigstuff/4265469690,"Kellogg's Printed Fun Pop-Tarts Limited Edition College Football box, 2008 - Flickr",panel_crop,panel_capture_needed,medium,panel_crop,"ingredient/nutrition panel crop, including serving size and net-weight if visible",ingredient_or_nutrition_panel,poptarts_frosted_strawberry_evidence_4;poptarts_frosted_strawberry:poptarts_frosted_strawberry_evidence_4;https://www.flickr.com/photos/jasonliebigstuff/4265469690,3,local_private_image_path or processed_private_image_path,"External source; link for attribution, do not reproduce imagery without rights review.",source_link_only_no_public_image,"Open source, capture a private panel crop, then fill the private template path.","A private crop path exists, audit_status becomes ready_for_capture, then native OCR can run.",1,0
pilot-photo-capture-dry-run,capture_8792b8d0a72c0e,94,120,no_private_path_supplied,poptarts_frosted_strawberry_evidence_5,poptarts_frosted_strawberry,Pop-Tarts Frosted Strawberry,2000s,www.flickr.com,https://www.flickr.com/photos/jasonliebigstuff/3035962773,Kellogg's Pop-Tarts The Simpsons Wild Strawberry box - 2002 collector photo,panel_crop,panel_capture_needed,medium,panel_crop,"ingredient/nutrition panel crop, including serving size and net-weight if visible",ingredient_or_nutrition_panel,poptarts_frosted_strawberry_evidence_5;poptarts_frosted_strawberry:poptarts_frosted_strawberry_evidence_5;https://www.flickr.com/photos/jasonliebigstuff/3035962773,3,local_private_image_path or processed_private_image_path,"External source; link for attribution, do not reproduce imagery without rights review.",source_link_only_no_public_image,"Open source, capture a private panel crop, then fill the private template path.","A private crop path exists, audit_status becomes ready_for_capture, then native OCR can run.",1,0
pilot-photo-capture-dry-run,capture_00a4ea62aa93b4,95,109,no_private_path_supplied,campbells_tomato_soup_evidence_4,campbells_tomato_soup,Campbell's Condensed Tomato Soup,1980s_or_earlier,www.artsbma.org,https://www.artsbma.org/collection/campbells-tomato-soup-can-label-signed-by-andy-warhol-2/,Birmingham Museum of Art Campbell's Tomato Soup can label artifact page,source_page_screenshot,source_page_capture_needed,medium,source_page_screenshot,ingredient statement panel crop with enough surrounding package context for SKU/date review,ingredient_panel,campbells_tomato_soup_evidence_4;campbells_tomato_soup:campbells_tomato_soup_evidence_4;https://www.artsbma.org/collection/campbells-tomato-soup-can-label-signed-by-andy-warhol-2/,3,local_private_image_path or processed_private_image_path,"External source; link for attribution, do not reproduce imagery without rights review.",source_link_only_no_public_image,"Open source, capture a private panel crop, then fill the private template path.","A private crop path exists, audit_status becomes ready_for_capture, then native OCR can run.",1,0
pilot-photo-capture-dry-run,capture_6d20e000f28885,96,109,no_private_path_supplied,heinz_tomato_ketchup_evidence_1,heinz_tomato_ketchup,Heinz Tomato Ketchup,earliest_verified_label;1980s_or_earlier,www.flickr.com,https://www.flickr.com/photos/36878773%40N07/3782511003,Heinz Ketchup 1932 advertisement - Flickr,source_page_screenshot,source_page_capture_needed,medium,source_page_screenshot,ingredient statement panel crop with enough surrounding package context for SKU/date review,ingredient_panel,heinz_tomato_ketchup_evidence_1;heinz_tomato_ketchup:heinz_tomato_ketchup_evidence_1;https://www.flickr.com/photos/36878773%40N07/3782511003,3,local_private_image_path or processed_private_image_path,"External source; link for attribution, do not reproduce imagery without rights review.",source_link_only_no_public_image,"Open source, capture a private panel crop, then fill the private template path.","A private crop path exists, audit_status becomes ready_for_capture, then native OCR can run.",1,0
pilot-photo-capture-dry-run,capture_b37329fa1d18e8,97,109,no_private_path_supplied,heinz_tomato_ketchup_evidence_3,heinz_tomato_ketchup,Heinz Tomato Ketchup,earliest_verified_label,en.wikipedia.org,https://en.wikipedia.org/wiki/Heinz_Tomato_Ketchup,Heinz Tomato Ketchup - Wikipedia,source_page_screenshot,source_page_capture_needed,medium,source_page_screenshot,ingredient statement panel crop with enough surrounding package context for SKU/date review,ingredient_panel,heinz_tomato_ketchup_evidence_3;heinz_tomato_ketchup:heinz_tomato_ketchup_evidence_3;https://en.wikipedia.org/wiki/Heinz_Tomato_Ketchup,3,local_private_image_path or processed_private_image_path,"External source; link for attribution, do not reproduce imagery without rights review.",source_link_only_no_public_image,"Open source, capture a private panel crop, then fill the private template path.","A private crop path exists, audit_status becomes ready_for_capture, then native OCR can run.",1,0
pilot-photo-capture-dry-run,capture_74e78262f9a367,98,109,no_private_path_supplied,heinz_tomato_ketchup_evidence_4,heinz_tomato_ketchup,Heinz Tomato Ketchup,1980s_or_earlier,www.flickr.com,https://www.flickr.com/photos/51764518%40N02/12950473144/in/photostream/,Vintage Heinz Ketchup novelty bottle radio Flickr photo,source_page_screenshot,source_page_capture_needed,medium,source_page_screenshot,ingredient statement panel crop with enough surrounding package context for SKU/date review,ingredient_panel,heinz_tomato_ketchup_evidence_4;heinz_tomato_ketchup:heinz_tomato_ketchup_evidence_4;https://www.flickr.com/photos/51764518%40N02/12950473144/in/photostream/,3,local_private_image_path or processed_private_image_path,"External source; link for attribution, do not reproduce imagery without rights review.",source_link_only_no_public_image,"Open source, capture a private panel crop, then fill the private template path.","A private crop path exists, audit_status becomes ready_for_capture, then native OCR can run.",1,0
pilot-photo-capture-dry-run,capture_7fb6c6b8c823a9,99,109,no_private_path_supplied,mcdonalds_big_mac_evidence_1,mcdonalds_big_mac,McDonald's Big Mac,earliest_verified_label;2000s;2010s,grist.org,https://grist.org/wp-content/uploads/2010/07/nutritionfacts.pdf,McDonald's USA Nutrition Facts for Popular Menu Items PDF mirror,source_page_screenshot,source_page_capture_needed,medium,source_page_screenshot,ingredient statement panel crop with enough surrounding package context for SKU/date review,ingredient_panel,mcdonalds_big_mac_evidence_1;mcdonalds_big_mac:mcdonalds_big_mac_evidence_1;https://grist.org/wp-content/uploads/2010/07/nutritionfacts.pdf,3,local_private_image_path or processed_private_image_path,"External source; link for attribution, do not reproduce imagery without rights review.",source_link_only_no_public_image,"Open source, capture a private panel crop, then fill the private template path.","A private crop path exists, audit_status becomes ready_for_capture, then native OCR can run.",1,0
pilot-photo-capture-dry-run,capture_1621a5feb616f9,100,109,no_private_path_supplied,mcdonalds_chicken_mcnuggets_evidence_2,mcdonalds_chicken_mcnuggets,McDonald's Chicken McNuggets,earliest_verified_label;2000s;2010s,grist.org,https://grist.org/wp-content/uploads/2010/07/nutritionfacts.pdf,McDonald's USA Nutrition Facts for Popular Menu Items PDF mirror - McNuggets rows,source_page_screenshot,source_page_capture_needed,medium,source_page_screenshot,ingredient statement panel crop with enough surrounding package context for SKU/date review,ingredient_panel,mcdonalds_chicken_mcnuggets_evidence_2;mcdonalds_chicken_mcnuggets:mcdonalds_chicken_mcnuggets_evidence_2;https://grist.org/wp-content/uploads/2010/07/nutritionfacts.pdf,3,local_private_image_path or processed_private_image_path,"External source; link for attribution, do not reproduce imagery without rights review.",source_link_only_no_public_image,"Open source, capture a private panel crop, then fill the private template path.","A private crop path exists, audit_status becomes ready_for_capture, then native OCR can run.",1,0
pilot-photo-capture-dry-run,capture_d07d395a613cf7,101,109,no_private_path_supplied,flickr_oreo_harley_2000,oreo_original_chocolate_sandwich_cookies,Oreo Original Chocolate Sandwich Cookies,2000s,www.flickr.com,https://www.flickr.com/photos/jasonliebigstuff/6823913378,"Nabisco Oreo Win Harley-Davidson cookie box, 2000 - Flickr",source_page_screenshot,source_page_capture_needed,medium,source_page_screenshot,ingredient statement panel crop with enough surrounding package context for SKU/date review,ingredient_panel,flickr_oreo_harley_2000;oreo_original_chocolate_sandwich_cookies:flickr_oreo_harley_2000;https://www.flickr.com/photos/jasonliebigstuff/6823913378,3,local_private_image_path or processed_private_image_path,Collector photo; inspect license/rights before reuse.,source_link_only_no_public_image,"Open source, capture a private panel crop, then fill the private template path.","A private crop path exists, audit_status becomes ready_for_capture, then native OCR can run.",1,0
